Time (s),Position (mm)
0,4.71E-12
0.005,4.71E-12
0.01,4.71E-12
0.015,4.71E-12
0.02,4.71E-12
0.025,4.71E-12
0.03,4.71E-12
0.035,4.71E-12
0.04,4.71E-12
0.045,4.71E-12
0.05,4.71E-12
0.055,4.71E-12
0.06,4.71E-12
0.065,4.71E-12
0.07,4.71E-12
0.075,4.71E-12
0.08,4.71E-12
0.085,4.71E-12
0.09,4.71E-12
0.095,4.71E-12
0.1,4.71E-12
0.105,4.71E-12
0.11,4.71E-12
0.115,4.71E-12
0.12,4.71E-12
0.125,4.71E-12
0.13,4.71E-12
0.135,4.71E-12
0.14,4.71E-12
0.145,4.71E-12
0.15,4.71E-12
0.155,4.71E-12
0.16,4.71E-12
0.165,4.71E-12
0.17,4.71E-12
0.175,4.71E-12
0.18,4.71E-12
0.185,4.71E-12
0.19,1.96E-05
0.195,0.00026
0.2,0.001464
0.205,0.004908
0.21,0.011803
0.215,0.02291
0.22,0.038408
0.225,0.057974
0.23,0.080787
0.235,0.105774
0.24,0.131826
0.245,0.158078
0.25,0.184121
0.255,0.209794
0.26,0.235103
0.265,0.260183
0.27,0.285146
0.275,0.310027
0.28,0.33494
0.285,0.359958
0.29,0.38506
0.295,0.410196
0.3,0.435322
0.305,0.460412
0.31,0.48546
0.315,0.510474
0.32,0.535467
0.325,0.560481
0.33,0.585509
0.335,0.610521
0.34,0.635528
0.345,0.660578
0.35,0.685654
0.355,0.710711
0.36,0.735765
0.365,0.760867
0.37,0.786101
0.375,0.81138
0.38,0.836506
0.385,0.861448
0.39,0.886377
0.395,0.9114
0.4,0.936483
0.405,0.96149
0.41,0.986359
0.415,1.011205
0.42,1.036127
0.425,1.061107
0.43,1.086089
0.435,1.111056
0.44,1.136034
0.445,1.161095
0.45,1.186264
0.455,1.211488
0.46,1.236683
0.465,1.261698
0.47,1.286498
0.475,1.311241
0.48,1.336082
0.485,1.36109
0.49,1.386285
0.495,1.411543
0.5,1.436769
0.505,1.46186
0.51,1.486692
0.515,1.511442
0.52,1.536324
0.525,1.561238
0.53,1.586144
0.535,1.611139
0.54,1.636189
0.545,1.66121
0.55,1.686215
0.555,1.711282
0.56,1.736426
0.565,1.761605
0.57,1.78676
0.575,1.811748
0.58,1.836219
0.585,1.859592
0.59,1.881258
0.595,1.900766
0.6,1.917826
0.605,1.932426
0.61,1.944988
0.615,1.956273
0.62,1.966994
0.625,1.977494
0.63,1.987549
0.635,1.996535
0.64,2.003825
0.645,2.009203
0.65,2.012928
0.655,2.01551
0.66,2.017499
0.665,2.019347
0.67,2.021296
0.675,2.02341
0.68,2.025702
0.685,2.028165
0.69,2.030791
0.695,2.033556
0.7,2.036361
0.705,2.039113
0.71,2.041761
0.715,2.044308
0.72,2.046827
0.725,2.049571
0.73,2.053021
0.735,2.057474
0.74,2.062919
0.745,2.069125
0.75,2.075709
0.755,2.082313
0.76,2.088726
0.765,2.094965
0.77,2.101159
0.775,2.107404
0.78,2.113683
0.785,2.11997
0.79,2.126244
0.795,2.132448
0.8,2.138595
0.805,2.14476
0.81,2.150942
0.815,2.157093
0.82,2.163145
0.825,2.169078
0.83,2.175
0.835,2.180992
0.84,2.187079
0.845,2.193256
0.85,2.199504
0.855,2.205781
0.86,2.212071
0.865,2.218409
0.87,2.224776
0.875,2.231083
0.88,2.237224
0.885,2.243089
0.89,2.24868
0.895,2.254148
0.9,2.259635
0.905,2.265206
0.91,2.270856
0.915,2.276534
0.92,2.282154
0.925,2.287543
0.93,2.292569
0.935,2.297224
0.94,2.301551
0.945,2.305631
0.95,2.309551
0.955,2.313371
0.96,2.317187
0.965,2.32109
0.97,2.325124
0.975,2.329255
0.98,2.333448
0.985,2.33769
0.99,2.34192
0.995,2.346115
1,2.35029
1.005,2.354445
1.01,2.358603
1.015,2.362811
1.02,2.367087
1.025,2.371355
1.03,2.375497
1.035,2.379464
1.04,2.38328
1.045,2.386984
1.05,2.390618
1.055,2.394199
1.06,2.397737
1.065,2.4013
1.07,2.405009
1.075,2.408844
1.08,2.412713
1.085,2.416554
1.09,2.420316
1.095,2.42395
1.1,2.427474
1.105,2.430946
1.11,2.434431
1.115,2.437977
1.12,2.441611
1.125,2.445349
1.13,2.449194
1.135,2.453136
1.14,2.457105
1.145,2.460984
1.15,2.464679
1.155,2.468218
1.16,2.471678
1.165,2.475134
1.17,2.47867
1.175,2.482315
1.18,2.485996
1.185,2.489592
1.19,2.493041
1.195,2.496343
1.2,2.499542
1.205,2.50268
1.21,2.505805
1.215,2.508935
1.22,2.512064
1.225,2.515224
1.23,2.51844
1.235,2.521656
1.24,2.52477
1.245,2.527699
1.25,2.53041
1.255,2.532944
1.26,2.535389
1.265,2.53781
1.27,2.540209
1.275,2.542605
1.28,2.545021
1.285,2.547469
1.29,2.54996
1.295,2.552502
1.3,2.555083
1.305,2.557691
1.31,2.560313
1.315,2.562921
1.32,2.565478
1.325,2.567974
1.33,2.570402
1.335,2.57279
1.34,2.575173
1.345,2.577572
1.35,2.579965
1.355,2.582321
1.36,2.584685
1.365,2.587142
1.37,2.589711
1.375,2.59234
1.38,2.59496
1.385,2.597522
1.39,2.59998
1.395,2.602329
1.4,2.604618
1.405,2.606918
1.41,2.609259
1.415,2.611588
1.42,2.613869
1.425,2.616147
1.43,2.618448
1.435,2.620777
1.44,2.623157
1.445,2.625606
1.45,2.628095
1.455,2.630558
1.46,2.632951
1.465,2.635288
1.47,2.637604
1.475,2.639915
1.48,2.642203
1.485,2.644446
1.49,2.646635
1.495,2.648773
1.5,2.650877
1.505,2.652962
1.51,2.655029
1.515,2.657089
1.52,2.659144
1.525,2.66116
1.53,2.663113
1.535,2.664999
1.54,2.666842
1.545,2.668691
1.55,2.670614
1.555,2.672607
1.56,2.6746
1.565,2.676533
1.57,2.678399
1.575,2.680211
1.58,2.68198
1.585,2.683714
1.59,2.685414
1.595,2.687058
1.6,2.688657
1.605,2.690277
1.61,2.691971
1.615,2.693742
1.62,2.695558
1.625,2.697387
1.63,2.69923
1.635,2.701102
1.64,2.70297
1.645,2.704775
1.65,2.706491
1.655,2.708114
1.66,2.709652
1.665,2.711163
1.67,2.71271
1.675,2.714307
1.68,2.715954
1.685,2.717645
1.69,2.719335
1.695,2.721003
1.7,2.722646
1.705,2.724283
1.71,2.725939
1.715,2.72762
1.72,2.729314
1.725,2.731019
1.73,2.732727
1.735,2.734432
1.74,2.736139
1.745,2.737856
1.75,2.739579
1.755,2.741318
1.76,2.743111
1.765,2.744977
1.77,2.74687
1.775,2.748724
1.78,2.750496
1.785,2.752188
1.79,2.753818
1.795,2.755397
1.8,2.756921
1.805,2.758385
1.81,2.759796
1.815,2.761158
1.82,2.762463
1.825,2.763725
1.83,2.764968
1.835,2.766218
1.84,2.767487
1.845,2.768773
1.85,2.770067
1.855,2.771365
1.86,2.772668
1.865,2.77397
1.87,2.775269
1.875,2.776574
1.88,2.777895
1.885,2.779248
1.89,2.780647
1.895,2.782071
1.9,2.78348
1.905,2.784861
1.91,2.786225
1.915,2.787578
1.92,2.788908
1.925,2.790199
1.93,2.791454
1.935,2.792691
1.94,2.793926
1.945,2.795163
1.95,2.796399
1.955,2.797631
1.96,2.798871
1.965,2.800135
1.97,2.801412
1.975,2.802693
1.98,2.80397
1.985,2.805231
1.99,2.806475
1.995,2.807695
2,2.808889
2.005,2.810053
2.01,2.81117
2.015,2.812248
2.02,2.813337
2.025,2.814474
2.03,2.815673
2.035,2.816937
2.04,2.818291
2.045,2.819748
2.05,2.821245
2.055,2.822687
2.06,2.824031
2.065,2.825305
2.07,2.826557
2.075,2.827803
2.08,2.829033
2.085,2.830241
2.09,2.831427
2.095,2.832602
2.1,2.833772
2.105,2.834935
2.11,2.836086
2.115,2.83722
2.12,2.838333
2.125,2.839419
2.13,2.840484
2.135,2.841532
2.14,2.842565
2.145,2.843578
2.15,2.844578
2.155,2.845579
2.16,2.84661
2.165,2.847697
2.17,2.848822
2.175,2.849955
2.18,2.851059
2.185,2.852116
2.19,2.853135
2.195,2.854145
2.2,2.855151
2.205,2.856147
2.21,2.85712
2.215,2.858048
2.22,2.858928
2.225,2.85978
2.23,2.860631
2.235,2.861506
2.24,2.862422
2.245,2.863374
2.25,2.864356
2.255,2.865357
2.26,2.866362
2.265,2.867357
2.27,2.868337
2.275,2.869307
2.28,2.870274
2.285,2.871245
2.29,2.872232
2.295,2.873234
2.3,2.874243
2.305,2.875247
2.31,2.876246
2.315,2.877237
2.32,2.878217
2.325,2.879194
2.33,2.880177
2.335,2.881176
2.34,2.882204
2.345,2.883247
2.35,2.884284
2.355,2.885296
2.36,2.886295
2.365,2.887298
2.37,2.888303
2.375,2.88932
2.38,2.890384
2.385,2.891521
2.39,2.892697
2.395,2.893848
2.4,2.894936
2.405,2.895956
2.41,2.896915
2.415,2.897822
2.42,2.898681
2.425,2.899497
2.43,2.900272
2.435,2.90101
2.44,2.901717
2.445,2.902405
2.45,2.903087
2.455,2.90376
2.46,2.904433
2.465,2.905128
2.47,2.905856
2.475,2.906629
2.48,2.907456
2.485,2.908343
2.49,2.90927
2.495,2.910192
2.5,2.911065
2.505,2.911853
2.51,2.912541
2.515,2.913156
2.52,2.913758
2.525,2.914398
2.53,2.915103
2.535,2.915879
2.54,2.916712
2.545,2.917571
2.55,2.918432
2.555,2.919286
2.56,2.920121
2.565,2.920947
2.57,2.921786
2.575,2.922658
2.58,2.923559
2.585,2.924473
2.59,2.925376
2.595,2.926246
2.6,2.927065
2.605,2.927827
2.61,2.928533
2.615,2.929213
2.62,2.929921
2.625,2.930696
2.63,2.931526
2.635,2.932369
2.64,2.933185
2.645,2.933965
2.65,2.934736
2.655,2.935528
2.66,2.936368
2.665,2.937272
2.67,2.938233
2.675,2.939216
2.68,2.940177
2.685,2.941076
2.69,2.941892
2.695,2.942634
2.7,2.94332
2.705,2.943983
2.71,2.944645
2.715,2.945306
2.72,2.945954
2.725,2.946571
2.73,2.947149
2.735,2.947701
2.74,2.948258
2.745,2.94885
2.75,2.949487
2.755,2.950163
2.76,2.950867
2.765,2.951576
2.77,2.952261
2.775,2.952908
2.78,2.953524
2.785,2.954126
2.79,2.954737
2.795,2.95538
2.8,2.956066
2.805,2.956779
2.81,2.957499
2.815,2.958216
2.82,2.95892
2.825,2.959592
2.83,2.960232
2.835,2.960871
2.84,2.961533
2.845,2.96223
2.85,2.962976
2.855,2.963767
2.86,2.964592
2.865,2.965438
2.87,2.966272
2.875,2.967071
2.88,2.967826
2.885,2.968536
2.89,2.969216
2.895,2.96988
2.9,2.970538
2.905,2.971191
2.91,2.971832
2.915,2.972459
2.92,2.973071
2.925,2.973662
2.93,2.97422
2.935,2.974757
2.94,2.975302
2.945,2.975882
2.95,2.976496
2.955,2.977141
2.96,2.977817
2.965,2.978517
2.97,2.979234
2.975,2.979954
2.98,2.980665
2.985,2.981357
2.99,2.982018
2.995,2.982649
3,2.983258
3.005,2.983851
3.01,2.984431
3.015,2.985006
3.02,2.985587
3.025,2.986179
3.03,2.986783
3.035,2.98739
3.04,2.987989
3.045,2.988576
3.05,2.989161
3.055,2.989742
3.06,2.990315
3.065,2.99088
3.07,2.991434
3.075,2.991985
3.08,2.992538
3.085,2.993095
3.09,2.993654
3.095,2.994215
3.1,2.994779
3.105,2.995347
3.11,2.99592
3.115,2.996497
3.12,2.997085
3.125,2.997681
3.13,2.99827
3.135,2.998848
3.14,2.999422
3.145,3
3.15,3.000577
3.155,3.001151
3.16,3.001717
3.165,3.002261
3.17,3.002784
3.175,3.003303
3.18,3.003823
3.185,3.004352
3.19,3.00489
3.195,3.005433
3.2,3.005972
3.205,3.006507
3.21,3.007043
3.215,3.007591
3.22,3.008157
3.225,3.008745
3.23,3.00936
3.235,3.010008
3.24,3.010697
3.245,3.011403
3.25,3.012095
3.255,3.01276
3.26,3.013401
3.265,3.014018
3.27,3.01461
3.275,3.015175
3.28,3.015719
3.285,3.016243
3.29,3.016748
3.295,3.017247
3.3,3.017748
3.305,3.018263
3.31,3.018791
3.315,3.019327
3.32,3.019861
3.325,3.02038
3.33,3.020883
3.335,3.021381
3.34,3.021877
3.345,3.022367
3.35,3.022852
3.355,3.023327
3.36,3.023792
3.365,3.02425
3.37,3.0247
3.375,3.025139
3.38,3.025553
3.385,3.025934
3.39,3.026281
3.395,3.026607
3.4,3.026936
3.405,3.027295
3.41,3.027696
3.415,3.02814
3.42,3.028618
3.425,3.029128
3.43,3.02965
3.435,3.030167
3.44,3.030673
3.445,3.031169
3.45,3.03166
3.455,3.032152
3.46,3.032656
3.465,3.033179
3.47,3.03371
3.475,3.034236
3.48,3.034755
3.485,3.035268
3.49,3.035769
3.495,3.036262
3.5,3.036745
3.505,3.03722
3.51,3.037696
3.515,3.038179
3.52,3.038688
3.525,3.039247
3.53,3.039873
3.535,3.040557
3.54,3.04126
3.545,3.041938
3.55,3.042564
3.555,3.04313
3.56,3.043646
3.565,3.044132
3.57,3.044607
3.575,3.045086
3.58,3.045567
3.585,3.046041
3.59,3.046494
3.595,3.046926
3.6,3.047342
3.605,3.047754
3.61,3.048172
3.615,3.048597
3.62,3.049027
3.625,3.049457
3.63,3.049879
3.635,3.050284
3.64,3.050666
3.645,3.051021
3.65,3.051355
3.655,3.051649
3.66,3.051913
3.665,3.052153
3.67,3.052392
3.675,3.052656
3.68,3.052957
3.685,3.053297
3.69,3.053668
3.695,3.054059
3.7,3.054454
3.705,3.05485
3.71,3.055244
3.715,3.055638
3.72,3.056028
3.725,3.056421
3.73,3.056828
3.735,3.057253
3.74,3.057696
3.745,3.058153
3.75,3.058623
3.755,3.059105
3.76,3.059589
3.765,3.060062
3.77,3.060526
3.775,3.060976
3.78,3.06142
3.785,3.061868
3.79,3.062319
3.795,3.062782
3.8,3.063257
3.805,3.063724
3.81,3.064167
3.815,3.064587
3.82,3.064995
3.825,3.065405
3.83,3.065819
3.835,3.066239
3.84,3.066668
3.845,3.067107
3.85,3.067559
3.855,3.068018
3.86,3.068482
3.865,3.06895
3.87,3.069421
3.875,3.069893
3.88,3.070361
3.885,3.070808
3.89,3.07122
3.895,3.071602
3.9,3.071964
3.905,3.07232
3.91,3.072681
3.915,3.073058
3.92,3.073467
3.925,3.073902
3.93,3.074356
3.935,3.074829
3.94,3.075326
3.945,3.075821
3.95,3.076288
3.955,3.07671
3.96,3.07708
3.965,3.077411
3.97,3.077707
3.975,3.077983
3.98,3.078235
3.985,3.078481
3.99,3.078715
3.995,3.078952
4,3.079177
4.005,3.079396
4.01,3.079621
4.015,3.07987
4.02,3.080148
4.025,3.080453
4.03,3.080784
4.035,3.081132
4.04,3.081492
4.045,3.081859
4.05,3.082229
4.055,3.082601
4.06,3.082975
4.065,3.08335
4.07,3.083726
4.075,3.084101
4.08,3.084473
4.085,3.084852
4.09,3.085245
4.095,3.085644
4.1,3.086036
4.105,3.086408
4.11,3.086759
4.115,3.087093
4.12,3.087423
4.125,3.08776
4.13,3.088103
4.135,3.088452
4.14,3.088808
4.145,3.08917
4.15,3.089538
4.155,3.089912
4.16,3.090294
4.165,3.09068
4.17,3.091057
4.175,3.091434
4.18,3.091814
4.185,3.092194
4.19,3.092569
4.195,3.092932
4.2,3.093286
4.205,3.093635
4.21,3.093985
4.215,3.094339
4.22,3.094695
4.225,3.09506
4.23,3.095443
4.235,3.095848
4.24,3.096275
4.245,3.096712
4.25,3.09714
4.255,3.09754
4.26,3.097906
4.265,3.098216
4.27,3.098492
4.275,3.098763
4.28,3.099034
4.285,3.099316
4.29,3.099621
4.295,3.099938
4.3,3.100251
4.305,3.100565
4.31,3.100881
4.315,3.10118
4.32,3.101465
4.325,3.101731
4.33,3.101989
4.335,3.102231
4.34,3.102471
4.345,3.102698
4.35,3.102927
4.355,3.103153
4.36,3.103388
4.365,3.103641
4.37,3.103919
4.375,3.104219
4.38,3.104533
4.385,3.104855
4.39,3.10518
4.395,3.105499
4.4,3.105815
4.405,3.10612
4.41,3.10642
4.415,3.106717
4.42,3.10701
4.425,3.107307
4.43,3.107617
4.435,3.107939
4.44,3.108274
4.445,3.108615
4.45,3.108967
4.455,3.109324
4.46,3.109675
4.465,3.110007
4.47,3.11032
4.475,3.110614
4.48,3.110901
4.485,3.111195
4.49,3.111516
4.495,3.111864
4.5,3.112229
4.505,3.112599
4.51,3.112965
4.515,3.113327
4.52,3.113692
4.525,3.114062
4.53,3.114441
4.535,3.114829
4.54,3.115227
4.545,3.115631
4.55,3.116024
4.555,3.116391
4.56,3.116724
4.565,3.117023
4.57,3.117286
4.575,3.117531
4.58,3.117761
4.585,3.117995
4.59,3.118211
4.595,3.118417
4.6,3.118621
4.605,3.118806
4.61,3.118995
4.615,3.119198
4.62,3.119428
4.625,3.119676
4.63,3.119942
4.635,3.120218
4.64,3.120498
4.645,3.12078
4.65,3.121058
4.655,3.121339
4.66,3.121621
4.665,3.121908
4.67,3.122195
4.675,3.12248
4.68,3.122765
4.685,3.123046
4.69,3.123328
4.695,3.123607
4.7,3.123888
4.705,3.124167
4.71,3.124448
4.715,3.124728
4.72,3.125007
4.725,3.125286
4.73,3.125563
4.735,3.125842
4.74,3.126118
4.745,3.126397
4.75,3.126676
4.755,3.126958
4.76,3.127251
4.765,3.127554
4.77,3.127866
4.775,3.128171
4.78,3.128465
4.785,3.12874
4.79,3.129004
4.795,3.129268
4.8,3.129536
4.805,3.129818
4.81,3.130108
4.815,3.13041
4.82,3.130727
4.825,3.131042
4.83,3.131351
4.835,3.131647
4.84,3.131934
4.845,3.132205
4.85,3.132472
4.855,3.132749
4.86,3.133027
4.865,3.133306
4.87,3.13359
4.875,3.133885
4.88,3.134176
4.885,3.134462
4.89,3.134736
4.895,3.135004
4.9,3.135279
4.905,3.135554
4.91,3.135834
4.915,3.136106
4.92,3.136373
4.925,3.136641
4.93,3.136918
4.935,3.137185
4.94,3.13745
4.945,3.137697
4.95,3.13794
4.955,3.138172
4.96,3.138406
4.965,3.138637
4.97,3.138874
4.975,3.139116
4.98,3.139371
4.985,3.139641
4.99,3.139927
4.995,3.140231
5,3.140555
5.005,3.140894
5.01,3.141245
5.015,3.141603
5.02,3.141947
5.025,3.142259
5.03,3.14254
5.035,3.142783
5.04,3.143011
5.045,3.143224
5.05,3.143442
5.055,3.143665
5.06,3.143905
5.065,3.144149
5.07,3.144403
5.075,3.144651
5.08,3.144898
5.085,3.145136
5.09,3.145373
5.095,3.145612
5.1,3.145865
5.105,3.146113
5.11,3.146346
5.115,3.146572
5.12,3.146789
5.125,3.147012
5.13,3.147224
5.135,3.147438
5.14,3.147647
5.145,3.147852
5.15,3.148062
5.155,3.148254
5.16,3.148406
5.165,3.148545
5.17,3.148688
5.175,3.148823
5.18,3.148964
5.185,3.149125
5.19,3.149302
5.195,3.149506
5.2,3.149724
5.205,3.149962
5.21,3.150198
5.215,3.150438
5.22,3.150673
5.225,3.150916
5.23,3.151165
5.235,3.151429
5.24,3.151707
5.245,3.151991
5.25,3.152279
5.255,3.152561
5.26,3.152842
5.265,3.153118
5.27,3.153396
5.275,3.153678
5.28,3.153965
5.285,3.15426
5.29,3.154549
5.295,3.154835
5.3,3.15512
5.305,3.15541
5.31,3.155708
5.315,3.156007
5.32,3.156308
5.325,3.15661
5.33,3.156917
5.335,3.157235
5.34,3.157562
5.345,3.157894
5.35,3.158226
5.355,3.158552
5.36,3.158875
5.365,3.159162
5.37,3.15941
5.375,3.159633
5.38,3.15983
5.385,3.160028
5.39,3.160217
5.395,3.160409
5.4,3.160608
5.405,3.160796
5.41,3.160992
5.415,3.161185
5.42,3.16137
5.425,3.161564
5.43,3.161748
5.435,3.161933
5.44,3.162125
5.445,3.162297
5.45,3.162459
5.455,3.162628
5.46,3.162786
5.465,3.16291
5.47,3.162992
5.475,3.163063
5.48,3.16316
5.485,3.163276
5.49,3.16342
5.495,3.163594
5.5,3.163778
5.505,3.163982
5.51,3.164185
5.515,3.164375
5.52,3.164569
5.525,3.164759
5.53,3.164963
5.535,3.165178
5.54,3.165413
5.545,3.165656
5.55,3.165913
5.555,3.166172
5.56,3.166438
5.565,3.166699
5.57,3.166962
5.575,3.167228
5.58,3.167498
5.585,3.167774
5.59,3.168045
5.595,3.168306
5.6,3.168558
5.605,3.168798
5.61,3.169034
5.615,3.169256
5.62,3.16948
5.625,3.169719
5.63,3.169975
5.635,3.170228
5.64,3.170482
5.645,3.170718
5.65,3.170949
5.655,3.171176
5.66,3.171414
5.665,3.171649
5.67,3.171887
5.675,3.172121
5.68,3.172358
5.685,3.172593
5.69,3.17282
5.695,3.173047
5.7,3.173262
5.705,3.17348
5.71,3.173689
5.715,3.173895
5.72,3.174102
5.725,3.17429
5.73,3.174472
5.735,3.174655
5.74,3.174844
5.745,3.175049
5.75,3.175243
5.755,3.175428
5.76,3.175616
5.765,3.175794
5.77,3.175982
5.775,3.176172
5.78,3.176342
5.785,3.176513
5.79,3.176685
5.795,3.176836
5.8,3.176974
5.805,3.177125
5.81,3.177274
5.815,3.177432
5.82,3.177608
5.825,3.177783
5.83,3.177973
5.835,3.178167
5.84,3.178354
5.845,3.17855
5.85,3.178737
5.855,3.178923
5.86,3.179115
5.865,3.179298
5.87,3.17949
5.875,3.179682
5.88,3.179876
5.885,3.180079
5.89,3.180273
5.895,3.180473
5.9,3.180673
5.905,3.180877
5.91,3.181088
5.915,3.181286
5.92,3.181488
5.925,3.181685
5.93,3.181875
5.935,3.182073
5.94,3.182258
5.945,3.182438
5.95,3.182624
5.955,3.18282
5.96,3.183034
5.965,3.183241
5.97,3.183453
5.975,3.183661
5.98,3.183872
5.985,3.184087
5.99,3.184281
5.995,3.184465
6,3.184647
6.005,3.184824
6.01,3.185016
6.015,3.185206
6.02,3.185395
6.025,3.185595
6.03,3.185824
6.035,3.186076
6.04,3.186353
6.045,3.186648
6.05,3.186949
6.055,3.187239
6.06,3.187515
6.065,3.187751
6.07,3.187961
6.075,3.188155
6.08,3.18832
6.085,3.188445
6.09,3.188568
6.095,3.188702
6.1,3.188831
6.105,3.188971
6.11,3.189131
6.115,3.189287
6.12,3.189434
6.125,3.189596
6.13,3.189757
6.135,3.189925
6.14,3.190109
6.145,3.19028
6.15,3.190415
6.155,3.190534
6.16,3.190663
6.165,3.190793
6.17,3.190902
6.175,3.190978
6.18,3.191042
6.185,3.191135
6.19,3.191251
6.195,3.191363
6.2,3.191459
6.205,3.191573
6.21,3.191706
6.215,3.191837
6.22,3.19198
6.225,3.192141
6.23,3.192296
6.235,3.192441
6.24,3.1926
6.245,3.192764
6.25,3.192951
6.255,3.19315
6.26,3.19336
6.265,3.193579
6.27,3.193795
6.275,3.194017
6.28,3.194231
6.285,3.194449
6.29,3.194662
6.295,3.194873
6.3,3.195087
6.305,3.195291
6.31,3.1955
6.315,3.195706
6.32,3.195921
6.325,3.196136
6.33,3.196336
6.335,3.19654
6.34,3.19673
6.345,3.196907
6.35,3.197089
6.355,3.197261
6.36,3.19743
6.365,3.19761
6.37,3.197788
6.375,3.197981
6.38,3.198176
6.385,3.198348
6.39,3.198519
6.395,3.198689
6.4,3.198847
6.405,3.199016
6.41,3.19919
6.415,3.199355
6.42,3.199533
6.425,3.19971
6.43,3.199872
6.435,3.200041
6.44,3.20021
6.445,3.200362
6.45,3.200519
6.455,3.200683
6.46,3.200834
6.465,3.20099
6.47,3.201158
6.475,3.20132
6.48,3.201495
6.485,3.201677
6.49,3.201837
6.495,3.201983
6.5,3.202138
6.505,3.202287
6.51,3.202441
6.515,3.202612
6.52,3.202776
6.525,3.202921
6.53,3.203075
6.535,3.203231
6.54,3.203375
6.545,3.203533
6.55,3.203698
6.555,3.203863
6.56,3.204046
6.565,3.204226
6.57,3.204386
6.575,3.204552
6.58,3.204717
6.585,3.204864
6.59,3.205017
6.595,3.205179
6.6,3.205333
6.605,3.205498
6.61,3.205673
6.615,3.205855
6.62,3.206055
6.625,3.206249
6.63,3.206447
6.635,3.206647
6.64,3.206838
6.645,3.207037
6.65,3.207237
6.655,3.207454
6.66,3.207691
6.665,3.207949
6.67,3.208194
6.675,3.208424
6.68,3.20864
6.685,3.208821
6.69,3.208971
6.695,3.209124
6.7,3.209271
6.705,3.209392
6.71,3.209504
6.715,3.209636
6.72,3.209772
6.725,3.20989
6.73,3.210006
6.735,3.210141
6.74,3.21028
6.745,3.210397
6.75,3.21048
6.755,3.21056
6.76,3.210666
6.765,3.210784
6.77,3.210891
6.775,3.21097
6.78,3.211027
6.785,3.211109
6.79,3.211219
6.795,3.211334
6.8,3.21143
6.805,3.211494
6.81,3.211527
6.815,3.211548
6.82,3.21161
6.825,3.211712
6.83,3.211825
6.835,3.21193
6.84,3.212052
6.845,3.212193
6.85,3.212329
6.855,3.212469
6.86,3.212628
6.865,3.212786
6.87,3.212959
6.875,3.213144
6.88,3.213328
6.885,3.213526
6.89,3.21372
6.895,3.213918
6.9,3.214119
6.905,3.214303
6.91,3.214487
6.915,3.21467
6.92,3.214836
6.925,3.215006
6.93,3.21518
6.935,3.215346
6.94,3.215526
6.945,3.215706
6.95,3.215886
6.955,3.216076
6.96,3.216257
6.965,3.216433
6.97,3.216615
6.975,3.216786
6.98,3.216957
6.985,3.217137
6.99,3.217307
6.995,3.217486
7,3.21767
7.005,3.217842
7.01,3.218024
7.015,3.218205
7.02,3.218371
7.025,3.218547
7.03,3.21872
7.035,3.218879
7.04,3.21905
7.045,3.21922
7.05,3.219365
7.055,3.219497
7.06,3.219642
7.065,3.219784
7.07,3.219903
7.075,3.220023
7.08,3.220161
7.085,3.220298
7.09,3.22042
7.095,3.220556
7.1,3.220705
7.105,3.220842
7.11,3.220975
7.115,3.221125
7.12,3.221274
7.125,3.221415
7.13,3.221572
7.135,3.221733
7.14,3.221877
7.145,3.22203
7.15,3.22219
7.155,3.222336
7.16,3.222474
7.165,3.222627
7.17,3.222776
7.175,3.222924
7.18,3.223089
7.185,3.223253
7.19,3.223415
7.195,3.223591
7.2,3.223764
7.205,3.223947
7.21,3.224139
7.215,3.224312
7.22,3.224479
7.225,3.22465
7.23,3.224812
7.235,3.224983
7.24,3.225162
7.245,3.225341
7.25,3.225535
7.255,3.225723
7.26,3.225877
7.265,3.225994
7.27,3.226116
7.275,3.226245
7.28,3.226362
7.285,3.226451
7.29,3.226509
7.295,3.22658
7.3,3.226683
7.305,3.2268
7.31,3.226903
7.315,3.22698
7.32,3.227063
7.325,3.227174
7.33,3.227295
7.335,3.227401
7.34,3.227478
7.345,3.22752
7.35,3.227558
7.355,3.227635
7.36,3.227743
7.365,3.227854
7.37,3.227944
7.375,3.228017
7.38,3.228114
7.385,3.228233
7.39,3.22835
7.395,3.228459
7.4,3.228592
7.405,3.228736
7.41,3.228869
7.415,3.229014
7.42,3.229172
7.425,3.229319
7.43,3.229438
7.435,3.229559
7.44,3.229695
7.445,3.229825
7.45,3.229942
7.455,3.230078
7.46,3.230224
7.465,3.230359
7.47,3.230499
7.475,3.230655
7.48,3.230805
7.485,3.230957
7.49,3.231125
7.495,3.231285
7.5,3.231432
7.505,3.231592
7.51,3.23175
7.515,3.231906
7.52,3.232079
7.525,3.232249
7.53,3.232425
7.535,3.232612
7.54,3.232785
7.545,3.23294
7.55,3.233104
7.555,3.233261
7.56,3.233392
7.565,3.233514
7.57,3.233651
7.575,3.233789
7.58,3.233916
7.585,3.234062
7.59,3.234217
7.595,3.234362
7.6,3.23452
7.605,3.234687
7.61,3.234849
7.615,3.235027
7.62,3.235207
7.625,3.235392
7.63,3.23559
7.635,3.235782
7.64,3.235985
7.645,3.236184
7.65,3.236357
7.655,3.236527
7.66,3.236695
7.665,3.236842
7.67,3.236949
7.675,3.237012
7.68,3.237038
7.685,3.237063
7.69,3.237133
7.695,3.237238
7.7,3.237349
7.705,3.237441
7.71,3.237501
7.715,3.237538
7.72,3.237599
7.725,3.237698
7.73,3.237811
7.735,3.237912
7.74,3.237988
7.745,3.238078
7.75,3.238193
7.755,3.238315
7.76,3.238422
7.765,3.238543
7.77,3.238683
7.775,3.238819
7.78,3.238936
7.785,3.239065
7.79,3.239207
7.795,3.23934
7.8,3.239458
7.805,3.239593
7.81,3.239737
7.815,3.239865
7.82,3.239969
7.825,3.240087
7.83,3.24022
7.835,3.240353
7.84,3.240509
7.845,3.240679
7.85,3.240833
7.855,3.240962
7.86,3.241099
7.865,3.241241
7.87,3.241369
7.875,3.241505
7.88,3.241657
7.885,3.241809
7.89,3.241979
7.895,3.242159
7.9,3.242335
7.905,3.242522
7.91,3.242715
7.915,3.242926
7.92,3.243141
7.925,3.243325
7.93,3.243489
7.935,3.243652
7.94,3.243801
7.945,3.243917
7.95,3.243992
7.955,3.244057
7.96,3.24415
7.965,3.244263
7.97,3.244372
7.975,3.244456
7.98,3.244508
7.985,3.244531
7.99,3.244535
7.995,3.24457
8,3.244656
8.005,3.244771
8.01,3.244882
8.015,3.244966
8.02,3.245017
8.025,3.24505
8.03,3.245117
8.035,3.24522
8.04,3.245332
8.045,3.245427
8.05,3.245493
8.055,3.245526
8.06,3.245555
8.065,3.245626
8.07,3.245733
8.075,3.245845
8.08,3.245938
8.085,3.246013
8.09,3.24611
8.095,3.246229
8.1,3.246346
8.105,3.24644
8.11,3.246529
8.115,3.246642
8.12,3.246768
8.125,3.246882
8.13,3.246986
8.135,3.247111
8.14,3.247247
8.145,3.247375
8.15,3.247515
8.155,3.247671
8.16,3.247818
8.165,3.247959
8.17,3.248116
8.175,3.248269
8.18,3.248406
8.185,3.248553
8.19,3.248708
8.195,3.248848
8.2,3.248982
8.205,3.249131
8.21,3.249278
8.215,3.249409
8.22,3.249552
8.225,3.249705
8.23,3.249849
8.235,3.250007
8.24,3.250176
8.245,3.250331
8.25,3.250488
8.255,3.250656
8.26,3.250811
8.265,3.250967
8.27,3.251135
8.275,3.251293
8.28,3.251445
8.285,3.251609
8.29,3.251768
8.295,3.251905
8.3,3.252047
8.305,3.252198
8.31,3.252336
8.315,3.252441
8.32,3.252506
8.325,3.252549
8.33,3.252621
8.335,3.252726
8.34,3.252837
8.345,3.25293
8.35,3.252994
8.355,3.253034
8.36,3.253099
8.365,3.253201
8.37,3.253315
8.375,3.253415
8.38,3.253485
8.385,3.253523
8.39,3.253535
8.395,3.25353
8.4,3.253518
8.405,3.253515
8.41,3.253566
8.415,3.25367
8.42,3.253795
8.425,3.253907
8.43,3.253986
8.435,3.254029
8.44,3.254041
8.445,3.254037
8.45,3.254059
8.455,3.254138
8.46,3.254252
8.465,3.254367
8.47,3.254459
8.475,3.254553
8.48,3.254671
8.485,3.254796
8.49,3.25491
8.495,3.25504
8.5,3.255187
8.505,3.255327
8.51,3.255459
8.515,3.255607
8.52,3.255758
8.525,3.255889
8.53,3.256024
8.535,3.256173
8.54,3.256314
8.545,3.256433
8.55,3.256561
8.555,3.256702
8.56,3.256835
8.565,3.25696
8.57,3.257103
8.575,3.257251
8.58,3.257379
8.585,3.257478
8.59,3.257588
8.595,3.257715
8.6,3.257844
8.605,3.257997
8.61,3.258166
8.615,3.258322
8.62,3.258442
8.625,3.258549
8.63,3.258671
8.635,3.258796
8.64,3.258902
8.645,3.258989
8.65,3.259095
8.655,3.259221
8.66,3.259343
8.665,3.259448
8.67,3.259567
8.675,3.259704
8.68,3.259836
8.685,3.259977
8.69,3.260137
8.695,3.260291
8.7,3.260419
8.705,3.260549
8.71,3.26069
8.715,3.260824
8.72,3.260938
8.725,3.261063
8.73,3.261203
8.735,3.261335
8.74,3.261447
8.745,3.26157
8.75,3.261708
8.755,3.261838
8.76,3.261944
8.765,3.262057
8.77,3.262188
8.775,3.262318
8.78,3.262423
8.785,3.262493
8.79,3.262528
8.795,3.262536
8.8,3.262529
8.805,3.262516
8.81,3.262527
8.815,3.262599
8.82,3.262715
8.825,3.262838
8.83,3.262939
8.835,3.263005
8.84,3.263036
8.845,3.26304
8.85,3.263031
8.855,3.26302
8.86,3.263054
8.865,3.263147
8.87,3.263269
8.875,3.263385
8.88,3.263472
8.885,3.263539
8.89,3.26363
8.895,3.263743
8.9,3.263855
8.905,3.263944
8.91,3.264005
8.915,3.264076
8.92,3.26418
8.925,3.264297
8.93,3.264401
8.935,3.264477
8.94,3.264536
8.945,3.264624
8.95,3.264737
8.955,3.26485
8.96,3.264942
8.965,3.265003
8.97,3.265071
8.975,3.265171
8.98,3.265288
8.985,3.265394
8.99,3.265476
8.995,3.265569
9,3.265687
9.005,3.265811
9.01,3.265915
9.015,3.265999
9.02,3.266103
9.025,3.266226
9.03,3.266346
9.035,3.266441
9.04,3.266531
9.045,3.266645
9.05,3.266771
9.055,3.266884
9.06,3.266975
9.065,3.267081
9.07,3.267207
9.075,3.267332
9.08,3.267432
9.085,3.267522
9.09,3.267635
9.095,3.267762
9.1,3.267877
9.105,3.267966
9.11,3.268064
9.115,3.268185
9.12,3.26831
9.125,3.268415
9.13,3.268488
9.135,3.268558
9.14,3.268659
9.145,3.268776
9.15,3.268884
9.155,3.268966
9.16,3.269019
9.165,3.26909
9.17,3.269193
9.175,3.269309
9.18,3.26941
9.185,3.269482
9.19,3.26953
9.195,3.269601
9.2,3.269706
9.205,3.26982
9.21,3.269919
9.215,3.26999
9.22,3.270069
9.225,3.270177
9.23,3.270296
9.235,3.270401
9.24,3.270477
9.245,3.27054
9.25,3.270632
9.255,3.270747
9.26,3.270859
9.265,3.270948
9.27,3.271008
9.275,3.271076
9.28,3.271178
9.285,3.271294
9.29,3.271399
9.295,3.271478
9.3,3.271567
9.305,3.271683
9.31,3.271805
9.315,3.27191
9.32,3.271999
9.325,3.272109
9.33,3.272236
9.335,3.272356
9.34,3.27245
9.345,3.272539
9.35,3.272653
9.355,3.272779
9.36,3.27289
9.365,3.272979
9.37,3.273082
9.375,3.273207
9.38,3.273331
9.385,3.273431
9.39,3.273522
9.395,3.273637
9.4,3.273764
9.405,3.273879
9.41,3.273971
9.415,3.274076
9.42,3.274202
9.425,3.274327
9.43,3.274429
9.435,3.274498
9.44,3.274574
9.445,3.27468
9.45,3.274797
9.455,3.274902
9.46,3.274977
9.465,3.275035
9.47,3.275121
9.475,3.275234
9.48,3.275348
9.485,3.27544
9.49,3.275503
9.495,3.275573
9.5,3.275676
9.505,3.275793
9.51,3.275898
9.515,3.275975
9.52,3.276033
9.525,3.27612
9.53,3.276232
9.535,3.276346
9.54,3.276439
9.545,3.276501
9.55,3.27657
9.555,3.276672
9.56,3.276788
9.565,3.276894
9.57,3.276972
9.575,3.27703
9.58,3.277114
9.585,3.277225
9.59,3.277339
9.595,3.277434
9.6,3.277504
9.605,3.277593
9.61,3.277708
9.615,3.277826
9.62,3.277925
9.625,3.277993
9.63,3.278059
9.635,3.278156
9.64,3.278272
9.645,3.278381
9.65,3.278464
9.655,3.278545
9.66,3.278654
9.665,3.278776
9.67,3.278887
9.675,3.278969
9.68,3.279039
9.685,3.279138
9.69,3.279256
9.695,3.279368
9.7,3.279455
9.705,3.27953
9.71,3.279631
9.715,3.279752
9.72,3.279866
9.725,3.279954
9.73,3.280012
9.735,3.280084
9.74,3.280188
9.745,3.280303
9.75,3.280406
9.755,3.280479
9.76,3.28052
9.765,3.280534
9.77,3.28053
9.775,3.280519
9.78,3.280509
9.785,3.280539
9.79,3.28063
9.795,3.280753
9.8,3.280873
9.805,3.280964
9.81,3.281018
9.815,3.28104
9.82,3.281039
9.825,3.281026
9.83,3.281013
9.835,3.281033
9.84,3.281116
9.845,3.281236
9.85,3.281358
9.855,3.281454
9.86,3.281513
9.865,3.281539
9.87,3.28154
9.875,3.281528
9.88,3.281528
9.885,3.281586
9.89,3.281693
9.895,3.281816
9.9,3.281922
9.905,3.281994
9.91,3.282044
9.915,3.282119
9.92,3.282224
9.925,3.282335
9.93,3.282429
9.935,3.282493
9.94,3.282543
9.945,3.282625
9.95,3.282736
9.955,3.282849
9.96,3.282947
9.965,3.283061
9.97,3.283195
9.975,3.283326
9.98,3.283437
9.985,3.283557
9.99,3.283695
9.995,3.283826
10,3.283935
10.005,3.284049
10.01,3.284182
10.015,3.284314
10.02,3.284422
10.025,3.28453
10.03,3.284658
10.035,3.28479
10.04,3.284904
10.045,3.285015
10.05,3.285147
10.055,3.285283
10.06,3.285398
10.065,3.285495
10.07,3.285611
10.075,3.28574
10.08,3.28586
10.085,3.285961
10.09,3.286077
10.095,3.286211
10.1,3.286338
10.105,3.286438
10.11,3.286507
10.115,3.286585
10.12,3.286692
10.125,3.286809
10.13,3.28691
10.135,3.286982
10.14,3.287021
10.145,3.287054
10.15,3.287128
10.155,3.287234
10.16,3.287347
10.165,3.287439
10.17,3.2875
10.175,3.287531
10.18,3.28757
10.185,3.287653
10.19,3.287764
10.195,3.287873
10.2,3.287958
10.205,3.28801
10.21,3.288033
10.215,3.288035
10.22,3.288058
10.225,3.288136
10.23,3.288248
10.235,3.288362
10.24,3.288453
10.245,3.28851
10.25,3.288535
10.255,3.288537
10.26,3.288527
10.265,3.288513
10.27,3.288502
10.275,3.288496
10.28,3.288493
10.285,3.288494
10.29,3.288496
10.295,3.288498
10.3,3.2885
10.305,3.288515
10.31,3.288585
10.315,3.288699
10.32,3.288824
10.325,3.288929
10.33,3.288999
10.335,3.289033
10.34,3.28904
10.345,3.289032
10.35,3.289018
10.355,3.289005
10.36,3.288997
10.365,3.289014
10.37,3.289091
10.375,3.289211
10.38,3.289337
10.385,3.28944
10.39,3.289523
10.395,3.289627
10.4,3.289747
10.405,3.289861
10.41,3.289964
10.415,3.290089
10.42,3.290228
10.425,3.290356
10.43,3.290453
10.435,3.290541
10.44,3.290652
10.445,3.290775
10.45,3.290886
10.455,3.290987
10.46,3.29111
10.465,3.291246
10.47,3.291369
10.475,3.291465
10.48,3.291569
10.485,3.291694
10.49,3.291819
10.495,3.291926
10.5,3.29204
10.505,3.292175
10.51,3.292309
10.515,3.29242
10.52,3.292531
10.525,3.292661
10.53,3.292794
10.535,3.292914
10.54,3.29305
10.545,3.2932
10.55,3.293339
10.555,3.293477
10.56,3.293632
10.565,3.293791
10.57,3.293973
10.575,3.294163
10.58,3.294331
10.585,3.294452
10.59,3.294522
10.595,3.294549
10.6,3.294552
10.605,3.29459
10.61,3.294677
10.615,3.294789
10.62,3.294894
10.625,3.294973
10.63,3.295019
10.635,3.295036
10.64,3.295034
10.645,3.295022
10.65,3.29501
10.655,3.295
10.66,3.294995
10.665,3.294993
10.67,3.294995
10.675,3.294997
10.68,3.295018
10.685,3.295094
10.69,3.295212
10.695,3.295336
10.7,3.295438
10.705,3.295504
10.71,3.295535
10.715,3.29554
10.72,3.29553
10.725,3.295516
10.73,3.295504
10.735,3.295496
10.74,3.295493
10.745,3.295493
10.75,3.295495
10.755,3.295498
10.76,3.2955
10.765,3.295501
10.77,3.295501
10.775,3.295501
10.78,3.295501
10.785,3.2955
10.79,3.295512
10.795,3.295576
10.8,3.295688
10.805,3.295813
10.81,3.295921
10.815,3.295994
10.82,3.296032
10.825,3.296068
10.83,3.296144
10.835,3.29625
10.84,3.296381
10.845,3.296547
10.85,3.296723
10.855,3.2969
10.86,3.297089
10.865,3.297266
10.87,3.297414
10.875,3.297562
10.88,3.297714
10.885,3.297848
10.89,3.297967
10.895,3.298103
10.9,3.298245
10.905,3.298371
10.91,3.298488
10.915,3.298624
10.92,3.298765
10.925,3.298902
10.93,3.29906
10.935,3.299224
10.94,3.299365
10.945,3.299475
10.95,3.299591
10.955,3.299721
10.96,3.299843
10.965,3.299939
10.97,3.3
10.975,3.300029
10.98,3.300051
10.985,3.300116
10.99,3.300219
10.995,3.300333
11,3.30043
11.005,3.300495
11.01,3.300528
11.015,3.300536
11.02,3.300529
11.025,3.300517
11.03,3.300505
11.035,3.300497
11.04,3.300494
11.045,3.300494
11.05,3.300495
11.055,3.300498
11.06,3.300499
11.065,3.300501
11.07,3.300501
11.075,3.300501
11.08,3.300501
11.085,3.3005
11.09,3.3005
11.095,3.3005
11.1,3.3005
11.105,3.3005
11.11,3.3005
11.115,3.3005
11.12,3.3005
11.125,3.3005
11.13,3.3005
11.135,3.300501
11.14,3.300537
11.145,3.300628
11.15,3.300752
11.155,3.300871
11.16,3.300963
11.165,3.301017
11.17,3.301039
11.175,3.301038
11.18,3.301029
11.185,3.301055
11.19,3.301141
11.195,3.301259
11.2,3.301378
11.205,3.301513
11.21,3.301666
11.215,3.301812
11.22,3.301948
11.225,3.302099
11.23,3.302251
11.235,3.302381
11.24,3.302499
11.245,3.302633
11.25,3.30277
11.255,3.302889
11.26,3.302992
11.265,3.303115
11.27,3.303249
11.275,3.30337
11.28,3.303487
11.285,3.303623
11.29,3.303765
11.295,3.303888
11.3,3.303988
11.305,3.304104
11.31,3.304234
11.315,3.304355
11.32,3.304451
11.325,3.304549
11.33,3.304671
11.335,3.304798
11.34,3.304907
11.345,3.30499
11.35,3.305088
11.355,3.305209
11.36,3.30533
11.365,3.305429
11.37,3.305519
11.375,3.305633
11.38,3.305761
11.385,3.305877
11.39,3.305983
11.395,3.306112
11.4,3.30625
11.405,3.306373
11.41,3.306463
11.415,3.306516
11.42,3.306536
11.425,3.306535
11.43,3.306523
11.435,3.30651
11.44,3.3065
11.445,3.306494
11.45,3.306493
11.455,3.306494
11.46,3.306496
11.465,3.306499
11.47,3.3065
11.475,3.306501
11.48,3.306501
11.485,3.306501
11.49,3.3065
11.495,3.3065
11.5,3.3065
11.505,3.3065
11.51,3.3065
11.515,3.3065
11.52,3.306504
11.525,3.306552
11.53,3.306654
11.535,3.306779
11.54,3.306894
11.545,3.306978
11.55,3.307025
11.555,3.30704
11.56,3.307036
11.565,3.307023
11.57,3.307009
11.575,3.306999
11.58,3.306994
11.585,3.306993
11.59,3.306994
11.595,3.306997
11.6,3.307015
11.605,3.307088
11.61,3.307204
11.615,3.307329
11.62,3.307433
11.625,3.307501
11.63,3.307534
11.635,3.307545
11.64,3.307585
11.645,3.307673
11.65,3.307786
11.655,3.307892
11.66,3.307972
11.665,3.308043
11.67,3.308142
11.675,3.30826
11.68,3.308371
11.685,3.308457
11.69,3.308534
11.695,3.308638
11.7,3.308759
11.705,3.308872
11.71,3.308963
11.715,3.309063
11.72,3.309186
11.725,3.309312
11.73,3.309418
11.735,3.309497
11.74,3.309591
11.745,3.309709
11.75,3.309829
11.755,3.309927
11.76,3.309993
11.765,3.310033
11.77,3.310095
11.775,3.310194
11.78,3.310308
11.785,3.310409
11.79,3.310481
11.795,3.310521
11.8,3.310549
11.805,3.310614
11.81,3.310718
11.815,3.310831
11.82,3.310927
11.825,3.310997
11.83,3.311078
11.835,3.311187
11.84,3.311306
11.845,3.311409
11.85,3.311483
11.855,3.311557
11.86,3.31166
11.865,3.311779
11.87,3.311888
11.875,3.311968
11.88,3.312015
11.885,3.31206
11.89,3.312143
11.895,3.312253
11.9,3.312363
11.905,3.31245
11.91,3.312506
11.915,3.312531
11.92,3.312534
11.925,3.312525
11.93,3.312513
11.935,3.312502
11.94,3.312496
11.945,3.312494
11.95,3.312494
11.955,3.312496
11.96,3.312498
11.965,3.3125
11.97,3.312501
11.975,3.312501
11.98,3.312501
11.985,3.312501
11.99,3.3125
11.995,3.3125
12,3.3125
12.005,3.3125
12.01,3.3125
12.015,3.3125
12.02,3.3125
12.025,3.3125
12.03,3.3125
12.035,3.3125
12.04,3.312512
12.045,3.312578
12.05,3.312691
12.055,3.312816
12.06,3.312923
12.065,3.312996
12.07,3.313032
12.075,3.313041
12.08,3.313033
12.085,3.313019
12.09,3.313006
12.095,3.313024
12.1,3.313104
12.105,3.313225
12.11,3.313377
12.115,3.313563
12.12,3.313747
12.125,3.313904
12.13,3.314061
12.135,3.314218
12.14,3.314354
12.145,3.314459
12.15,3.314569
12.155,3.314697
12.16,3.314823
12.165,3.314927
12.17,3.315033
12.175,3.315162
12.18,3.315294
12.185,3.315425
12.19,3.315579
12.195,3.315737
12.2,3.315875
12.205,3.316007
12.21,3.316152
12.215,3.316294
12.22,3.316411
12.225,3.316525
12.23,3.316657
12.235,3.316792
12.24,3.316904
12.245,3.316985
12.25,3.31707
12.255,3.317181
12.26,3.317301
12.265,3.317405
12.27,3.317479
12.275,3.31753
12.28,3.317605
12.285,3.317711
12.29,3.317825
12.295,3.317923
12.3,3.31799
12.305,3.318025
12.31,3.318034
12.315,3.318029
12.32,3.318017
12.325,3.318006
12.33,3.317998
12.335,3.317994
12.34,3.317994
12.345,3.317995
12.35,3.317998
12.355,3.317999
12.36,3.318001
12.365,3.318001
12.37,3.318001
12.375,3.318002
12.38,3.318037
12.385,3.318128
12.39,3.318251
12.395,3.318371
12.4,3.318462
12.405,3.318517
12.41,3.318539
12.415,3.318538
12.42,3.318526
12.425,3.318512
12.43,3.318501
12.435,3.318495
12.44,3.318493
12.445,3.318494
12.45,3.318496
12.455,3.318498
12.46,3.3185
12.465,3.318501
12.47,3.318501
12.475,3.318501
12.48,3.318501
12.485,3.3185
12.49,3.3185
12.495,3.3185
12.5,3.3185
12.505,3.3185
12.51,3.3185
12.515,3.3185
12.52,3.3185
12.525,3.3185
12.53,3.3185
12.535,3.3185
12.54,3.318502
12.545,3.318539
12.55,3.318633
12.555,3.318757
12.56,3.318875
12.565,3.318965
12.57,3.319019
12.575,3.319039
12.58,3.319038
12.585,3.319026
12.59,3.319011
12.595,3.319
12.6,3.318994
12.605,3.318993
12.61,3.319
12.615,3.319057
12.62,3.319165
12.625,3.319292
12.63,3.319405
12.635,3.319486
12.64,3.319556
12.645,3.319654
12.65,3.319769
12.655,3.319889
12.66,3.320038
12.665,3.320201
12.67,3.320357
12.675,3.320526
12.68,3.320699
12.685,3.32085
12.69,3.32099
12.695,3.321141
12.7,3.321287
12.705,3.321406
12.71,3.321509
12.715,3.321631
12.72,3.321761
12.725,3.321889
12.73,3.322037
12.735,3.322197
12.74,3.322348
12.745,3.322509
12.75,3.322678
12.755,3.32283
12.76,3.322943
12.765,3.323011
12.77,3.32304
12.775,3.323041
12.78,3.323029
12.785,3.323037
12.79,3.323105
12.795,3.323218
12.8,3.323338
12.805,3.323438
12.81,3.323504
12.815,3.323535
12.82,3.32354
12.825,3.32353
12.83,3.323516
12.835,3.323504
12.84,3.323496
12.845,3.323493
12.85,3.323493
12.855,3.323495
12.86,3.323498
12.865,3.3235
12.87,3.323501
12.875,3.323501
12.88,3.323501
12.885,3.323501
12.89,3.3235
12.895,3.3235
12.9,3.3235
12.905,3.3235
12.91,3.3235
12.915,3.3235
12.92,3.3235
12.925,3.3235
12.93,3.3235
12.935,3.3235
12.94,3.3235
12.945,3.3235
12.95,3.323501
12.955,3.323538
12.96,3.323631
12.965,3.323754
12.97,3.323873
12.975,3.323964
12.98,3.324018
12.985,3.324039
12.99,3.324038
12.995,3.324026
13,3.324026
13.005,3.324085
13.01,3.324193
13.015,3.324316
13.02,3.324422
13.025,3.324496
13.03,3.324567
13.035,3.324667
13.04,3.324782
13.045,3.324888
13.05,3.324973
13.055,3.325074
13.06,3.325198
13.065,3.325323
13.07,3.325425
13.075,3.325509
13.08,3.325614
13.085,3.325737
13.09,3.325854
13.095,3.325947
13.1,3.326026
13.105,3.326131
13.11,3.326253
13.115,3.326367
13.12,3.326455
13.125,3.326517
13.13,3.326597
13.135,3.326707
13.14,3.326823
13.145,3.326922
13.15,3.327009
13.155,3.32712
13.16,3.327248
13.165,3.327366
13.17,3.327456
13.175,3.327511
13.18,3.327565
13.185,3.327654
13.19,3.327766
13.195,3.327874
13.2,3.327958
13.205,3.328009
13.21,3.328032
13.215,3.328033
13.22,3.328024
13.225,3.328033
13.23,3.328102
13.235,3.328214
13.24,3.328336
13.245,3.328437
13.25,3.328503
13.255,3.328534
13.26,3.32854
13.265,3.328531
13.27,3.328517
13.275,3.328504
13.28,3.328496
13.285,3.328493
13.29,3.328493
13.295,3.328495
13.3,3.328498
13.305,3.3285
13.31,3.328501
13.315,3.328501
13.32,3.328501
13.325,3.328501
13.33,3.3285
13.335,3.3285
13.34,3.3285
13.345,3.3285
13.35,3.3285
13.355,3.3285
13.36,3.3285
13.365,3.3285
13.37,3.3285
13.375,3.3285
13.38,3.3285
13.385,3.3285
13.39,3.3285
13.395,3.3285
13.4,3.3285
13.405,3.3285
13.41,3.328509
13.415,3.328569
13.42,3.328678
13.425,3.328804
13.43,3.328914
13.435,3.32899
13.44,3.32903
13.445,3.329041
13.45,3.329034
13.455,3.32902
13.46,3.329007
13.465,3.328998
13.47,3.328993
13.475,3.328993
13.48,3.328995
13.485,3.328997
13.49,3.328999
13.495,3.329001
13.5,3.329026
13.505,3.329107
13.51,3.329227
13.515,3.329349
13.52,3.329447
13.525,3.329509
13.53,3.329541
13.535,3.329593
13.54,3.329685
13.545,3.329796
13.55,3.329903
13.555,3.330025
13.56,3.330169
13.565,3.330311
13.57,3.330424
13.575,3.330509
13.58,3.330609
13.585,3.330728
13.59,3.330845
13.595,3.330943
13.6,3.331054
13.605,3.331186
13.61,3.331318
13.615,3.331424
13.62,3.331494
13.625,3.331534
13.63,3.331591
13.635,3.331686
13.64,3.331798
13.645,3.331901
13.65,3.331993
13.655,3.332108
13.66,3.33224
13.665,3.332362
13.67,3.332454
13.675,3.332527
13.68,3.332624
13.685,3.332741
13.69,3.332855
13.695,3.332946
13.7,3.333003
13.705,3.333029
13.71,3.333033
13.715,3.333025
13.72,3.333013
13.725,3.333003
13.73,3.333022
13.735,3.333102
13.74,3.333223
13.745,3.333347
13.75,3.333447
13.755,3.33351
13.76,3.333538
13.765,3.33354
13.77,3.33353
13.775,3.333515
13.78,3.333503
13.785,3.333495
13.79,3.333493
13.795,3.333493
13.8,3.333495
13.805,3.333498
13.81,3.3335
13.815,3.333501
13.82,3.333501
13.825,3.333501
13.83,3.333501
13.835,3.3335
13.84,3.3335
13.845,3.3335
13.85,3.3335
13.855,3.3335
13.86,3.3335
13.865,3.3335
13.87,3.3335
13.875,3.3335
13.88,3.3335
13.885,3.3335
13.89,3.3335
13.895,3.3335
13.9,3.3335
13.905,3.3335
13.91,3.333513
13.915,3.33358
13.92,3.333693
13.925,3.333818
13.93,3.333925
13.935,3.333997
13.94,3.334033
13.945,3.334041
13.95,3.334032
13.955,3.334018
13.96,3.334005
13.965,3.333997
13.97,3.333993
13.975,3.334005
13.98,3.334071
13.985,3.334186
13.99,3.334313
13.995,3.334422
14,3.334496
14.005,3.334549
14.01,3.334629
14.015,3.334737
14.02,3.334847
14.025,3.334938
14.03,3.335
14.035,3.335073
14.04,3.335178
14.045,3.335295
14.05,3.3354
14.055,3.335476
14.06,3.33553
14.065,3.335608
14.07,3.335717
14.075,3.335831
14.08,3.335927
14.085,3.335993
14.09,3.336036
14.095,3.336105
14.1,3.336209
14.105,3.336323
14.11,3.336421
14.115,3.336489
14.12,3.336525
14.125,3.336558
14.13,3.336633
14.135,3.336741
14.14,3.336853
14.145,3.336943
14.15,3.337003
14.155,3.337046
14.16,3.337121
14.165,3.337228
14.17,3.33734
14.175,3.337434
14.18,3.337499
14.185,3.337575
14.19,3.337681
14.195,3.337799
14.2,3.337904
14.205,3.337978
14.21,3.33802
14.215,3.338034
14.22,3.338031
14.225,3.338021
14.23,3.338048
14.235,3.338134
14.24,3.338254
14.245,3.338371
14.25,3.338462
14.255,3.338516
14.26,3.338538
14.265,3.338538
14.27,3.338526
14.275,3.338512
14.28,3.338501
14.285,3.338495
14.29,3.338493
14.295,3.338494
14.3,3.338496
14.305,3.338498
14.31,3.3385
14.315,3.338501
14.32,3.338501
14.325,3.338501
14.33,3.338501
14.335,3.3385
14.34,3.3385
14.345,3.3385
14.35,3.3385
14.355,3.3385
14.36,3.3385
14.365,3.3385
14.37,3.3385
14.375,3.3385
14.38,3.3385
14.385,3.338503
14.39,3.338546
14.395,3.338644
14.4,3.338769
14.405,3.338886
14.41,3.338972
14.415,3.339022
14.42,3.33904
14.425,3.339037
14.43,3.339024
14.435,3.33901
14.44,3.339
14.445,3.338994
14.45,3.338993
14.455,3.338994
14.46,3.338996
14.465,3.338999
14.47,3.339027
14.475,3.339112
14.48,3.339232
14.485,3.339354
14.49,3.339451
14.495,3.339511
14.5,3.339538
14.505,3.339572
14.51,3.33965
14.515,3.339758
14.52,3.339867
14.525,3.339953
14.53,3.340024
14.535,3.34012
14.54,3.340238
14.545,3.340353
14.55,3.340445
14.555,3.340503
14.56,3.340542
14.565,3.34061
14.57,3.340714
14.575,3.340827
14.58,3.340924
14.585,3.340991
14.59,3.341026
14.595,3.341062
14.6,3.341139
14.605,3.341248
14.61,3.341359
14.615,3.341448
14.62,3.341505
14.625,3.341546
14.63,3.341619
14.635,3.341724
14.64,3.341837
14.645,3.341931
14.65,3.341995
14.655,3.342027
14.66,3.342035
14.665,3.342028
14.67,3.34202
14.675,3.342057
14.68,3.342151
14.685,3.342273
14.69,3.342388
14.695,3.342473
14.7,3.342522
14.705,3.34254
14.71,3.342537
14.715,3.342524
14.72,3.34251
14.725,3.3425
14.73,3.342494
14.735,3.3425
14.74,3.342556
14.745,3.342665
14.75,3.342793
14.755,3.342906
14.76,3.342986
14.765,3.343029
14.77,3.343042
14.775,3.343035
14.78,3.343021
14.785,3.343008
14.79,3.342998
14.795,3.342993
14.8,3.343
14.805,3.343058
14.81,3.343168
14.815,3.343296
14.82,3.343409
14.825,3.343488
14.83,3.34353
14.835,3.343542
14.84,3.343535
14.845,3.343521
14.85,3.343507
14.855,3.343498
14.86,3.343493
14.865,3.343493
14.87,3.343494
14.875,3.343517
14.88,3.343595
14.885,3.343714
14.89,3.343839
14.895,3.34394
14.9,3.344005
14.905,3.344036
14.91,3.34404
14.915,3.34403
14.92,3.344016
14.925,3.344004
14.93,3.343996
14.935,3.343993
14.94,3.343993
14.945,3.343995
14.95,3.343998
14.955,3.344
14.96,3.344001
14.965,3.344001
14.97,3.344013
14.975,3.344079
14.98,3.344191
14.985,3.344316
14.99,3.344423
14.995,3.344495
15,3.344532
15.005,3.344541
15.01,3.344533
15.015,3.344519
15.02,3.344506
15.025,3.344497
15.03,3.344493
15.035,3.344493
15.04,3.344516
15.045,3.344595
15.05,3.344715
15.055,3.34484
15.06,3.344942
15.065,3.345007
15.07,3.345037
15.075,3.345063
15.08,3.345132
15.085,3.345237
15.09,3.345348
15.095,3.345439
15.1,3.3455
15.105,3.345548
15.11,3.345629
15.115,3.345738
15.12,3.34585
15.125,3.345941
15.13,3.346
15.135,3.346029
15.14,3.346034
15.145,3.346026
15.15,3.346017
15.155,3.34605
15.16,3.346141
15.165,3.346263
15.17,3.34638
15.175,3.346468
15.18,3.34652
15.185,3.34654
15.19,3.346538
15.195,3.346525
15.2,3.346523
15.205,3.346576
15.21,3.346683
15.215,3.346806
15.22,3.346915
15.225,3.346991
15.23,3.34703
15.235,3.347041
15.24,3.347034
15.245,3.34703
15.25,3.347079
15.255,3.347181
15.26,3.347302
15.265,3.34741
15.27,3.347487
15.275,3.347528
15.28,3.34754
15.285,3.347534
15.29,3.347521
15.295,3.347508
15.3,3.347527
15.305,3.347608
15.31,3.347729
15.315,3.347852
15.32,3.34795
15.325,3.348012
15.33,3.348038
15.335,3.34804
15.34,3.348044
15.345,3.3481
15.35,3.348203
15.355,3.348321
15.36,3.348423
15.365,3.348493
15.37,3.348529
15.375,3.348539
15.38,3.348532
15.385,3.348518
15.39,3.348506
15.395,3.348497
15.4,3.348494
15.405,3.348493
15.41,3.348495
15.415,3.348497
15.42,3.348499
15.425,3.348501
15.43,3.348501
15.435,3.348501
15.44,3.348501
15.445,3.3485
15.45,3.3485
15.455,3.3485
15.46,3.3485
15.465,3.3485
15.47,3.3485
15.475,3.3485
15.48,3.3485
15.485,3.348522
15.49,3.3486
15.495,3.348719
15.5,3.348842
15.505,3.348942
15.51,3.349007
15.515,3.349036
15.52,3.34904
15.525,3.34903
15.53,3.349016
15.535,3.349003
15.54,3.348996
15.545,3.348993
15.55,3.348993
15.555,3.348995
15.56,3.348998
15.565,3.349
15.57,3.349001
15.575,3.349001
15.58,3.349001
15.585,3.349001
15.59,3.349
15.595,3.349
15.6,3.349014
15.605,3.349084
15.61,3.349198
15.615,3.349323
15.62,3.349428
15.625,3.349499
15.63,3.349533
15.635,3.349541
15.64,3.349532
15.645,3.349518
15.65,3.349505
15.655,3.349508
15.66,3.349569
15.665,3.349681
15.67,3.349809
15.675,3.349919
15.68,3.349994
15.685,3.350043
15.69,3.350116
15.695,3.35022
15.7,3.350331
15.705,3.350426
15.71,3.35049
15.715,3.350529
15.72,3.350589
15.725,3.350687
15.73,3.350801
15.735,3.350904
15.74,3.350978
15.745,3.35102
15.75,3.351035
15.755,3.351031
15.76,3.351045
15.765,3.351114
15.77,3.351225
15.775,3.351343
15.78,3.351441
15.785,3.351504
15.79,3.351534
15.795,3.351547
15.8,3.351597
15.805,3.351692
15.81,3.351805
15.815,3.351908
15.82,3.351991
15.825,3.352092
15.83,3.352215
15.835,3.352336
15.84,3.352434
15.845,3.352498
15.85,3.352529
15.855,3.352535
15.86,3.352527
15.865,3.352523
15.87,3.352569
15.875,3.35267
15.88,3.352793
15.885,3.352904
15.89,3.352983
15.895,3.353027
15.9,3.35304
15.905,3.353035
15.91,3.353022
15.915,3.353008
15.92,3.352998
15.925,3.352994
15.93,3.352993
15.935,3.352994
15.94,3.352997
15.945,3.352999
15.95,3.353
15.955,3.353001
15.96,3.353001
15.965,3.353001
15.97,3.353
15.975,3.353
15.98,3.353
15.985,3.353
15.99,3.353
15.995,3.353027
16,3.353111
16.005,3.353231
16.01,3.353353
16.015,3.35345
16.02,3.353511
16.025,3.353537
16.03,3.353539
16.035,3.353528
16.04,3.353514
16.045,3.353502
16.05,3.353495
16.055,3.353493
16.06,3.353493
16.065,3.353496
16.07,3.353498
16.075,3.3535
16.08,3.353501
16.085,3.353501
16.09,3.353501
16.095,3.353501
16.1,3.3535
16.105,3.353501
16.11,3.353536
16.115,3.353628
16.12,3.353751
16.125,3.353871
16.13,3.353963
16.135,3.354017
16.14,3.354039
16.145,3.354038
16.15,3.354026
16.155,3.354012
16.16,3.354001
16.165,3.353994
16.17,3.353993
16.175,3.353994
16.18,3.353996
16.185,3.353998
16.19,3.354
16.195,3.354001
16.2,3.354001
16.205,3.354001
16.21,3.35401
16.215,3.354069
16.22,3.354178
16.225,3.354304
16.23,3.354414
16.235,3.35449
16.24,3.35453
16.245,3.354541
16.25,3.354534
16.255,3.35452
16.26,3.354507
16.265,3.354498
16.27,3.354493
16.275,3.354493
16.28,3.354495
16.285,3.354497
16.29,3.354499
16.295,3.354515
16.3,3.354585
16.305,3.354699
16.31,3.354824
16.315,3.354929
16.32,3.354999
16.325,3.355033
16.33,3.35504
16.335,3.355032
16.34,3.355018
16.345,3.355005
16.35,3.354997
16.355,3.355003
16.36,3.355064
16.365,3.355176
16.37,3.355304
16.375,3.355415
16.38,3.355492
16.385,3.355532
16.39,3.355557
16.395,3.35562
16.4,3.355721
16.405,3.355832
16.41,3.355928
16.415,3.35602
16.42,3.356137
16.425,3.356266
16.43,3.356382
16.435,3.356467
16.44,3.356526
16.445,3.356606
16.45,3.356714
16.455,3.356829
16.46,3.356925
16.465,3.356999
16.47,3.357092
16.475,3.35721
16.48,3.35733
16.485,3.35743
16.49,3.357536
16.495,3.357665
16.5,3.357797
16.505,3.357908
16.51,3.357984
16.515,3.358025
16.52,3.358037
16.525,3.358052
16.53,3.358117
16.535,3.358222
16.54,3.358337
16.545,3.358434
16.55,3.358499
16.555,3.358531
16.56,3.358537
16.565,3.358529
16.57,3.358516
16.575,3.358505
16.58,3.358497
16.585,3.358494
16.59,3.358494
16.595,3.358495
16.6,3.358498
16.605,3.3585
16.61,3.358501
16.615,3.358501
16.62,3.358501
16.625,3.358501
16.63,3.3585
16.635,3.3585
16.64,3.3585
16.645,3.3585
16.65,3.3585
16.655,3.3585
16.66,3.3585
16.665,3.3585
16.67,3.3585
16.675,3.3585
16.68,3.3585
16.685,3.3585
16.69,3.3585
16.695,3.3585
16.7,3.3585
16.705,3.3585
16.71,3.3585
16.715,3.3585
16.72,3.3585
16.725,3.3585
16.73,3.3585
16.735,3.3585
16.74,3.3585
16.745,3.3585
16.75,3.3585
16.755,3.3585
16.76,3.3585
16.765,3.3585
16.77,3.3585
16.775,3.3585
16.78,3.3585
16.785,3.3585
16.79,3.3585
16.795,3.3585
16.8,3.3585
16.805,3.3585
16.81,3.3585
16.815,3.3585
16.82,3.3585
16.825,3.3585
16.83,3.3585
16.835,3.3585
16.84,3.3585
16.845,3.3585
16.85,3.3585
16.855,3.3585
16.86,3.3585
16.865,3.3585
16.87,3.3585
16.875,3.3585
16.88,3.3585
16.885,3.3585
16.89,3.3585
16.895,3.3585
16.9,3.3585
16.905,3.3585
16.91,3.3585
16.915,3.3585
16.92,3.3585
16.925,3.358504
16.93,3.358551
16.935,3.358652
16.94,3.358795
16.945,3.358984
16.95,3.359185
16.955,3.359372
16.96,3.359565
16.965,3.359789
16.97,3.360033
16.975,3.360254
16.98,3.360439
16.985,3.360613
16.99,3.360772
16.995,3.360924
17,3.361091
17.005,3.361255
17.01,3.361393
17.015,3.361529
17.02,3.361676
17.025,3.361815
17.03,3.361925
17.035,3.362028
17.04,3.362151
17.045,3.362281
17.05,3.362394
17.055,3.362474
17.06,3.362519
17.065,3.362535
17.07,3.362532
17.075,3.36252
17.08,3.362509
17.085,3.36253
17.09,3.362614
17.095,3.362735
17.1,3.362857
17.105,3.362953
17.11,3.363013
17.115,3.363039
17.12,3.36304
17.125,3.363028
17.13,3.363014
17.135,3.363002
17.14,3.362995
17.145,3.362993
17.15,3.363
17.155,3.363058
17.16,3.363167
17.165,3.363294
17.17,3.363407
17.175,3.363487
17.18,3.363529
17.185,3.363541
17.19,3.363535
17.195,3.363521
17.2,3.363508
17.205,3.363498
17.21,3.363493
17.215,3.363493
17.22,3.363494
17.225,3.363497
17.23,3.363499
17.235,3.363501
17.24,3.363501
17.245,3.363501
17.25,3.363501
17.255,3.3635
17.26,3.3635
17.265,3.3635
17.27,3.3635
17.275,3.3635
17.28,3.3635
17.285,3.3635
17.29,3.3635
17.295,3.3635
17.3,3.3635
17.305,3.3635
17.31,3.3635
17.315,3.3635
17.32,3.3635
17.325,3.3635
17.33,3.3635
17.335,3.3635
17.34,3.3635
17.345,3.3635
17.35,3.3635
17.355,3.3635
17.36,3.3635
17.365,3.3635
17.37,3.3635
17.375,3.3635
17.38,3.3635
17.385,3.3635
17.39,3.3635
17.395,3.3635
17.4,3.3635
17.405,3.3635
17.41,3.3635
17.415,3.3635
17.42,3.3635
17.425,3.3635
17.43,3.3635
17.435,3.3635
17.44,3.3635
17.445,3.3635
17.45,3.3635
17.455,3.3635
17.46,3.3635
17.465,3.3635
17.47,3.3635
17.475,3.3635
17.48,3.3635
17.485,3.3635
17.49,3.3635
17.495,3.3635
17.5,3.3635
17.505,3.3635
17.51,3.3635
17.515,3.3635
17.52,3.3635
17.525,3.3635
17.53,3.3635
17.535,3.3635
17.54,3.3635
17.545,3.3635
17.55,3.363512
17.555,3.363576
17.56,3.363688
17.565,3.363818
17.57,3.363974
17.575,3.364148
17.58,3.364311
17.585,3.364435
17.59,3.364532
17.595,3.364643
17.6,3.364765
17.605,3.364887
17.61,3.365037
17.615,3.365199
17.62,3.365346
17.625,3.365457
17.63,3.365564
17.635,3.365687
17.64,3.365811
17.645,3.365914
17.65,3.365985
17.655,3.366026
17.66,3.366083
17.665,3.366178
17.67,3.366291
17.675,3.366396
17.68,3.366473
17.685,3.36652
17.69,3.366577
17.695,3.366672
17.7,3.366785
17.705,3.366891
17.71,3.366969
17.715,3.367017
17.72,3.367074
17.725,3.367167
17.73,3.367281
17.735,3.367387
17.74,3.367467
17.745,3.367514
17.75,3.367533
17.755,3.367532
17.76,3.367522
17.765,3.36751
17.77,3.3675
17.775,3.367495
17.78,3.367494
17.785,3.367495
17.79,3.367497
17.795,3.367499
17.8,3.3675
17.805,3.367501
17.81,3.367501
17.815,3.367501
17.82,3.3675
17.825,3.3675
17.83,3.3675
17.835,3.3675
17.84,3.3675
17.845,3.3675
17.85,3.3675
17.855,3.3675
17.86,3.3675
17.865,3.3675
17.87,3.3675
17.875,3.3675
17.88,3.3675
17.885,3.3675
17.89,3.3675
17.895,3.3675
17.9,3.3675
17.905,3.3675
17.91,3.3675
17.915,3.3675
17.92,3.3675
17.925,3.3675
17.93,3.3675
17.935,3.3675
17.94,3.3675
17.945,3.3675
17.95,3.3675
17.955,3.3675
17.96,3.3675
17.965,3.3675
17.97,3.3675
17.975,3.3675
17.98,3.3675
17.985,3.3675
17.99,3.3675
17.995,3.3675
18,3.3675
18.005,3.3675
18.01,3.3675
18.015,3.3675
18.02,3.3675
18.025,3.3675
18.03,3.3675
18.035,3.3675
18.04,3.3675
18.045,3.3675
18.05,3.3675
18.055,3.3675
18.06,3.3675
18.065,3.3675
18.07,3.3675
18.075,3.3675
18.08,3.3675
18.085,3.3675
18.09,3.3675
18.095,3.3675
18.1,3.3675
18.105,3.3675
18.11,3.367504
18.115,3.367551
18.12,3.367652
18.125,3.367777
18.13,3.367892
18.135,3.367976
18.14,3.368024
18.145,3.368045
18.15,3.36809
18.155,3.36818
18.16,3.368291
18.165,3.368395
18.17,3.368481
18.175,3.368585
18.18,3.36871
18.185,3.368834
18.19,3.368936
18.195,3.369043
18.2,3.369171
18.205,3.369302
18.21,3.369412
18.215,3.369491
18.22,3.369581
18.225,3.369695
18.23,3.369815
18.235,3.369916
18.24,3.369986
18.245,3.370023
18.25,3.370055
18.255,3.370127
18.26,3.370233
18.265,3.370346
18.27,3.370439
18.275,3.3705
18.28,3.370529
18.285,3.37055
18.29,3.370611
18.295,3.370713
18.3,3.370827
18.305,3.370925
18.31,3.370992
18.315,3.371027
18.32,3.371039
18.325,3.371077
18.33,3.371164
18.335,3.371277
18.34,3.371386
18.345,3.371468
18.35,3.371516
18.355,3.371535
18.36,3.371534
18.365,3.371523
18.37,3.37151
18.375,3.3715
18.38,3.371495
18.385,3.371493
18.39,3.371494
18.395,3.371496
18.4,3.371499
18.405,3.3715
18.41,3.371501
18.415,3.371501
18.42,3.371501
18.425,3.3715
18.43,3.3715
18.435,3.3715
18.44,3.3715
18.445,3.3715
18.45,3.3715
18.455,3.3715
18.46,3.3715
18.465,3.3715
18.47,3.3715
18.475,3.3715
18.48,3.3715
18.485,3.3715
18.49,3.3715
18.495,3.3715
18.5,3.3715
18.505,3.3715
18.51,3.3715
18.515,3.3715
18.52,3.3715
18.525,3.3715
18.53,3.3715
18.535,3.3715
18.54,3.3715
18.545,3.3715
18.55,3.3715
18.555,3.3715
18.56,3.3715
18.565,3.3715
18.57,3.3715
18.575,3.3715
18.58,3.3715
18.585,3.3715
18.59,3.3715
18.595,3.3715
18.6,3.3715
18.605,3.3715
18.61,3.3715
18.615,3.3715
18.62,3.3715
18.625,3.3715
18.63,3.3715
18.635,3.3715
18.64,3.3715
18.645,3.3715
18.65,3.3715
18.655,3.3715
18.66,3.3715
18.665,3.3715
18.67,3.3715
18.675,3.3715
18.68,3.3715
18.685,3.3715
18.69,3.3715
18.695,3.371506
18.7,3.37156
18.705,3.371666
18.71,3.371792
18.715,3.371904
18.72,3.371984
18.725,3.372027
18.73,3.372041
18.735,3.372056
18.74,3.372119
18.745,3.372224
18.75,3.372338
18.755,3.372449
18.76,3.372582
18.765,3.372728
18.77,3.37286
18.775,3.372958
18.78,3.373031
18.785,3.373126
18.79,3.373241
18.795,3.373354
18.8,3.373443
18.805,3.373501
18.81,3.373553
18.815,3.373639
18.82,3.373751
18.825,3.373862
18.83,3.37395
18.835,3.374006
18.84,3.374058
18.845,3.374144
18.85,3.374256
18.855,3.374366
18.86,3.374453
18.865,3.374507
18.87,3.374532
18.875,3.374566
18.88,3.374646
18.885,3.374756
18.89,3.374867
18.895,3.374954
18.9,3.375009
18.905,3.375033
18.91,3.375052
18.915,3.375115
18.92,3.375219
18.925,3.375332
18.93,3.375429
18.935,3.375495
18.94,3.375529
18.945,3.375536
18.95,3.375529
18.955,3.375517
18.96,3.375505
18.965,3.375497
18.97,3.375494
18.975,3.375494
18.98,3.375495
18.985,3.375498
18.99,3.375499
18.995,3.375501
19,3.375501
19.005,3.375501
19.01,3.375501
19.015,3.3755
19.02,3.3755
19.025,3.3755
19.03,3.3755
19.035,3.3755
19.04,3.3755
19.045,3.3755
19.05,3.3755
19.055,3.3755
19.06,3.3755
19.065,3.3755
19.07,3.3755
19.075,3.3755
19.08,3.3755
19.085,3.3755
19.09,3.3755
19.095,3.3755
19.1,3.3755
19.105,3.3755
19.11,3.3755
19.115,3.3755
19.12,3.3755
19.125,3.3755
19.13,3.3755
19.135,3.3755
19.14,3.3755
19.145,3.3755
19.15,3.3755
19.155,3.3755
19.16,3.3755
19.165,3.3755
19.17,3.3755
19.175,3.3755
19.18,3.3755
19.185,3.3755
19.19,3.3755
19.195,3.3755
19.2,3.3755
19.205,3.3755
19.21,3.3755
19.215,3.3755
19.22,3.3755
19.225,3.3755
19.23,3.3755
19.235,3.3755
19.24,3.3755
19.245,3.3755
19.25,3.3755
19.255,3.3755
19.26,3.3755
19.265,3.3755
19.27,3.3755
19.275,3.3755
19.28,3.3755
19.285,3.375512
19.29,3.375578
19.295,3.375691
19.3,3.375816
19.305,3.375923
19.31,3.375996
19.315,3.376032
19.32,3.376041
19.325,3.376049
19.33,3.376106
19.335,3.376209
19.34,3.376325
19.345,3.376425
19.35,3.376494
19.355,3.376529
19.36,3.376538
19.365,3.376531
19.37,3.376539
19.375,3.376604
19.38,3.376713
19.385,3.376833
19.39,3.376934
19.395,3.377001
19.4,3.377033
19.405,3.377039
19.41,3.377031
19.415,3.377017
19.42,3.377004
19.425,3.376996
19.43,3.37701
19.435,3.377083
19.44,3.377201
19.445,3.377328
19.45,3.377433
19.455,3.377502
19.46,3.377536
19.465,3.377541
19.47,3.377532
19.475,3.377517
19.48,3.377504
19.485,3.377496
19.49,3.377493
19.495,3.377493
19.5,3.377499
19.505,3.377547
19.51,3.377649
19.515,3.377775
19.52,3.377891
19.525,3.377976
19.53,3.378024
19.535,3.37804
19.54,3.378037
19.545,3.378023
19.55,3.378009
19.555,3.377999
19.56,3.377994
19.565,3.377996
19.57,3.378043
19.575,3.378146
19.58,3.378273
19.585,3.37839
19.59,3.378476
19.595,3.378525
19.6,3.378541
19.605,3.378537
19.61,3.378524
19.615,3.37851
19.62,3.378499
19.625,3.378494
19.63,3.378493
19.635,3.378494
19.64,3.378496
19.645,3.378513
19.65,3.378582
19.655,3.378697
19.66,3.378822
19.665,3.378928
19.67,3.378998
19.675,3.379033
19.68,3.37904
19.685,3.379032
19.69,3.379018
19.695,3.379005
19.7,3.378997
19.705,3.378993
19.71,3.378993
19.715,3.378995
19.72,3.379
19.725,3.379041
19.73,3.379138
19.735,3.379263
19.74,3.379381
19.745,3.379469
19.75,3.37952
19.755,3.37954
19.76,3.379537
19.765,3.379525
19.77,3.379511
19.775,3.3795
19.78,3.379494
19.785,3.379493
19.79,3.379507
19.795,3.379576
19.8,3.379692
19.805,3.379819
19.81,3.379926
19.815,3.379998
19.82,3.380033
19.825,3.380041
19.83,3.380033
19.835,3.380018
19.84,3.380005
19.845,3.379997
19.85,3.379993
19.855,3.379993
19.86,3.380006
19.865,3.380074
19.87,3.380188
19.875,3.380314
19.88,3.380422
19.885,3.380496
19.89,3.380532
19.895,3.380541
19.9,3.380533
19.905,3.380519
19.91,3.380506
19.915,3.380497
19.92,3.380493
19.925,3.380493
19.93,3.380495
19.935,3.380497
19.94,3.380505
19.945,3.380559
19.95,3.380665
19.955,3.38079
19.96,3.380903
19.965,3.380983
19.97,3.381027
19.975,3.38104
19.98,3.381035
19.985,3.381022
19.99,3.381008
19.995,3.380998
20,3.380994
20.005,3.380993
20.01,3.381012
20.015,3.381089
20.02,3.381207
20.025,3.381333
20.03,3.381437
20.035,3.381504
20.04,3.381536
20.045,3.381541
20.05,3.381531
20.055,3.381517
20.06,3.381504
20.065,3.381496
20.07,3.381493
20.075,3.381497
20.08,3.381547
20.085,3.381652
20.09,3.381779
20.095,3.381895
20.1,3.381979
20.105,3.382026
20.11,3.382041
20.115,3.382036
20.12,3.382023
20.125,3.382009
20.13,3.381999
20.135,3.381994
20.14,3.381999
20.145,3.382056
20.15,3.382165
20.155,3.382293
20.16,3.382407
20.165,3.382486
20.17,3.382529
20.175,3.382542
20.18,3.382535
20.185,3.382521
20.19,3.382508
20.195,3.382498
20.2,3.382493
20.205,3.382493
20.21,3.382495
20.215,3.382523
20.22,3.382608
20.225,3.382729
20.23,3.382852
20.235,3.38295
20.24,3.383011
20.245,3.383038
20.25,3.38304
20.255,3.383029
20.26,3.383014
20.265,3.383002
20.27,3.382995
20.275,3.382993
20.28,3.382993
20.285,3.382996
20.29,3.382998
20.295,3.383028
20.3,3.383114
20.305,3.383235
20.31,3.383357
20.315,3.383453
20.32,3.383512
20.325,3.383538
20.33,3.383539
20.335,3.383528
20.34,3.383514
20.345,3.383502
20.35,3.383495
20.355,3.383493
20.36,3.383493
20.365,3.383496
20.37,3.383502
20.375,3.383549
20.38,3.38365
20.385,3.383775
20.39,3.383891
20.395,3.383976
20.4,3.384024
20.405,3.38404
20.41,3.384036
20.415,3.384023
20.42,3.38401
20.425,3.383999
20.43,3.383994
20.435,3.383993
20.44,3.383994
20.445,3.384005
20.45,3.384066
20.455,3.384176
20.46,3.384303
20.465,3.384413
20.47,3.38449
20.475,3.38453
20.48,3.384541
20.485,3.384534
20.49,3.38452
20.495,3.384507
20.5,3.384498
20.505,3.384493
20.51,3.384493
20.515,3.384495
20.52,3.384497
20.525,3.384499
20.53,3.384501
20.535,3.384501
20.54,3.384513
20.545,3.384577
20.55,3.384689
20.555,3.384814
20.56,3.384921
20.565,3.384994
20.57,3.385032
20.575,3.385041
20.58,3.385033
20.585,3.385019
20.59,3.385006
20.595,3.384997
20.6,3.384993
20.605,3.384993
20.61,3.384995
20.615,3.384997
20.62,3.384999
20.625,3.385001
20.63,3.385001
20.635,3.385001
20.64,3.385001
20.645,3.385
20.65,3.385
20.655,3.385
20.66,3.385
20.665,3.385
20.67,3.385
20.675,3.385
20.68,3.385
20.685,3.385
20.69,3.385
20.695,3.385
20.7,3.385
20.705,3.385
20.71,3.385
20.715,3.385
20.72,3.385
20.725,3.385
20.73,3.385
20.735,3.385
20.74,3.385
20.745,3.385
20.75,3.385
20.755,3.385
20.76,3.385
20.765,3.385
20.77,3.385
20.775,3.384992
20.78,3.384935
20.785,3.384827
20.79,3.384701
20.795,3.38459
20.8,3.384512
20.805,3.384471
20.81,3.384459
20.815,3.384466
20.82,3.384479
20.825,3.384493
20.83,3.384502
20.835,3.384507
20.84,3.384507
20.845,3.384505
20.85,3.384503
20.855,3.384501
20.86,3.384499
20.865,3.384499
20.87,3.384499
20.875,3.384499
20.88,3.3845
20.885,3.3845
20.89,3.3845
20.895,3.3845
20.9,3.3845
20.905,3.3845
20.91,3.3845
20.915,3.3845
20.92,3.3845
20.925,3.3845
20.93,3.3845
20.935,3.38452
20.94,3.384596
20.945,3.384713
20.95,3.384837
20.955,3.384939
20.96,3.385005
20.965,3.385035
20.97,3.38504
20.975,3.38503
20.98,3.385016
20.985,3.385004
20.99,3.384996
20.995,3.384993
21,3.384993
21.005,3.384995
21.01,3.384998
21.015,3.385
21.02,3.385001
21.025,3.385001
21.03,3.385001
21.035,3.385001
21.04,3.385
21.045,3.385
21.05,3.385
21.055,3.385
21.06,3.385
21.065,3.385
21.07,3.385
21.075,3.385001
21.08,3.385033
21.085,3.385128
21.09,3.385304
21.095,3.385532
21.1,3.385786
21.105,3.386047
21.11,3.386275
21.115,3.386467
21.12,3.386652
21.125,3.386858
21.13,3.387078
21.135,3.387278
21.14,3.387427
21.145,3.387522
21.15,3.387612
21.155,3.387719
21.16,3.387828
21.165,3.38792
21.17,3.387987
21.175,3.388062
21.18,3.388169
21.185,3.38829
21.19,3.388398
21.195,3.388475
21.2,3.388519
21.205,3.388541
21.21,3.388591
21.215,3.388684
21.22,3.388797
21.225,3.388901
21.23,3.388977
21.235,3.38902
21.24,3.389035
21.245,3.389032
21.25,3.389021
21.255,3.389008
21.26,3.388999
21.265,3.388995
21.27,3.388993
21.275,3.388995
21.28,3.388997
21.285,3.388999
21.29,3.389
21.295,3.389001
21.3,3.389001
21.305,3.389001
21.31,3.389
21.315,3.389
21.32,3.389
21.325,3.389
21.33,3.389
21.335,3.389
21.34,3.389
21.345,3.389
21.35,3.389
21.355,3.389
21.36,3.389
21.365,3.389
21.37,3.389
21.375,3.389
21.38,3.389
21.385,3.389
21.39,3.389
21.395,3.389
21.4,3.389
21.405,3.389
21.41,3.389
21.415,3.389
21.42,3.389
21.425,3.389
21.43,3.389
21.435,3.389
21.44,3.389
21.445,3.389
21.45,3.389
21.455,3.389
21.46,3.389
21.465,3.389
21.47,3.389
21.475,3.389
21.48,3.389
21.485,3.389
21.49,3.389
21.495,3.389
21.5,3.389
21.505,3.389
21.51,3.389
21.515,3.389
21.52,3.389
21.525,3.389
21.53,3.389
21.535,3.389
21.54,3.389
21.545,3.389
21.55,3.389
21.555,3.389
21.56,3.389
21.565,3.389
21.57,3.389
21.575,3.389
21.58,3.389
21.585,3.389
21.59,3.389
21.595,3.389
21.6,3.389
21.605,3.389
21.61,3.389
21.615,3.389
21.62,3.389
21.625,3.389
21.63,3.389
21.635,3.389
21.64,3.389
21.645,3.389
21.65,3.389
21.655,3.389
21.66,3.389
21.665,3.389
21.67,3.389
21.675,3.389
21.68,3.389
21.685,3.389
21.69,3.389
21.695,3.389
21.7,3.389
21.705,3.389
21.71,3.389
21.715,3.389
21.72,3.389
21.725,3.389
21.73,3.389
21.735,3.389
21.74,3.389
21.745,3.389
21.75,3.389
21.755,3.389
21.76,3.389
21.765,3.389
21.77,3.389
21.775,3.389
21.78,3.389
21.785,3.389
21.79,3.389
21.795,3.389
21.8,3.389
21.805,3.389
21.81,3.389
21.815,3.389
21.82,3.389
21.825,3.389
21.83,3.389
21.835,3.389001
21.84,3.389035
21.845,3.389126
21.85,3.389249
21.855,3.389369
21.86,3.389461
21.865,3.389522
21.87,3.389598
21.875,3.389702
21.88,3.389816
21.885,3.389933
21.89,3.390078
21.895,3.390232
21.9,3.390369
21.905,3.390495
21.91,3.390636
21.915,3.390778
21.92,3.390897
21.925,3.391011
21.93,3.391144
21.935,3.391281
21.94,3.391397
21.945,3.391478
21.95,3.391522
21.955,3.391537
21.96,3.391537
21.965,3.391574
21.97,3.391664
21.975,3.39178
21.98,3.39189
21.985,3.391972
21.99,3.39202
21.995,3.39204
22,3.39208
22.005,3.392165
22.01,3.392277
22.015,3.392384
22.02,3.392466
22.025,3.392515
22.03,3.392534
22.035,3.392537
22.04,3.392572
22.045,3.39266
22.05,3.392775
22.055,3.392885
22.06,3.392969
22.065,3.393018
22.07,3.393037
22.075,3.393035
22.08,3.393024
22.085,3.393011
22.09,3.393
22.095,3.392995
22.1,3.392993
22.105,3.392994
22.11,3.392996
22.115,3.392999
22.12,3.393
22.125,3.393001
22.13,3.393001
22.135,3.393001
22.14,3.393
22.145,3.393
22.15,3.393
22.155,3.393
22.16,3.393
22.165,3.393
22.17,3.393
22.175,3.393
22.18,3.393
22.185,3.393
22.19,3.392998
22.195,3.392958
22.2,3.392863
22.205,3.392738
22.21,3.39262
22.215,3.392532
22.22,3.39248
22.225,3.39246
22.23,3.392462
22.235,3.392475
22.24,3.392489
22.245,3.3925
22.25,3.392506
22.255,3.392507
22.26,3.392506
22.265,3.392504
22.27,3.392501
22.275,3.3925
22.28,3.392499
22.285,3.392499
22.29,3.392499
22.295,3.392481
22.3,3.392406
22.305,3.392289
22.31,3.392165
22.315,3.392063
22.32,3.391996
22.325,3.391965
22.33,3.39196
22.335,3.391969
22.34,3.391984
22.345,3.391996
22.35,3.392004
22.355,3.392007
22.36,3.392007
22.365,3.392005
22.37,3.392002
22.375,3.392
22.38,3.391999
22.385,3.391999
22.39,3.391999
22.395,3.391999
22.4,3.392
22.405,3.392
22.41,3.392
22.415,3.392
22.42,3.392
22.425,3.392
22.43,3.392
22.435,3.392
22.44,3.392
22.445,3.392
22.45,3.392
22.455,3.392
22.46,3.392
22.465,3.392
22.47,3.392
22.475,3.392
22.48,3.392004
22.485,3.392049
22.49,3.392149
22.495,3.392274
22.5,3.39239
22.505,3.392475
22.51,3.392523
22.515,3.39254
22.52,3.392537
22.525,3.392524
22.53,3.39251
22.535,3.392499
22.54,3.392494
22.545,3.392493
22.55,3.392494
22.555,3.392496
22.56,3.392499
22.565,3.3925
22.57,3.392501
22.575,3.392501
22.58,3.392514
22.585,3.392581
22.59,3.392693
22.595,3.392818
22.6,3.392925
22.605,3.392996
22.61,3.393032
22.615,3.393041
22.62,3.393049
22.625,3.393108
22.63,3.393211
22.635,3.393352
22.64,3.393533
22.645,3.393721
22.65,3.393891
22.655,3.394065
22.66,3.394233
22.665,3.394373
22.67,3.394471
22.675,3.394556
22.68,3.394662
22.685,3.394781
22.69,3.394888
22.695,3.394967
22.7,3.395032
22.705,3.395125
22.71,3.395242
22.715,3.395356
22.72,3.395446
22.725,3.395504
22.73,3.39553
22.735,3.395534
22.74,3.395526
22.745,3.39554
22.75,3.395613
22.755,3.395727
22.76,3.395847
22.765,3.395944
22.77,3.396007
22.775,3.396035
22.78,3.396039
22.785,3.396029
22.79,3.396041
22.795,3.396112
22.8,3.396224
22.805,3.396344
22.81,3.396442
22.815,3.396506
22.82,3.396535
22.825,3.396539
22.83,3.39653
22.835,3.396516
22.84,3.396535
22.845,3.396615
22.85,3.396734
22.855,3.396856
22.86,3.396952
22.865,3.397012
22.87,3.397038
22.875,3.39704
22.88,3.397029
22.885,3.397014
22.89,3.397002
22.895,3.396995
22.9,3.396993
22.905,3.396993
22.91,3.396996
22.915,3.396998
22.92,3.397
22.925,3.397001
22.93,3.397001
22.935,3.397001
22.94,3.397001
22.945,3.397
22.95,3.397
22.955,3.397
22.96,3.396991
22.965,3.396933
22.97,3.396824
22.975,3.396698
22.98,3.396588
22.985,3.396511
22.99,3.396471
22.995,3.396459
23,3.396466
23.005,3.39648
23.01,3.396493
23.015,3.396502
23.02,3.396507
23.025,3.396507
23.03,3.396505
23.035,3.396503
23.04,3.396501
23.045,3.396499
23.05,3.396499
23.055,3.396499
23.06,3.396499
23.065,3.3965
23.07,3.396498
23.075,3.39646
23.08,3.396365
23.085,3.396241
23.09,3.396123
23.095,3.396033
23.1,3.395981
23.105,3.39596
23.11,3.395962
23.115,3.395975
23.12,3.395989
23.125,3.396
23.13,3.396006
23.135,3.396007
23.14,3.396006
23.145,3.396003
23.15,3.395969
23.155,3.395878
23.16,3.395755
23.165,3.395634
23.17,3.395541
23.175,3.395484
23.18,3.395461
23.185,3.395461
23.19,3.395473
23.195,3.395487
23.2,3.395499
23.205,3.395505
23.21,3.395507
23.215,3.395506
23.22,3.395504
23.225,3.395502
23.23,3.3955
23.235,3.395499
23.24,3.395499
23.245,3.395499
23.25,3.395499
23.255,3.3955
23.26,3.3955
23.265,3.39551
23.27,3.395538
23.275,3.395578
23.28,3.395624
23.285,3.395668
23.29,3.395714
23.295,3.395777
23.3,3.395852
23.305,3.395921
23.31,3.395974
23.315,3.396006
23.32,3.39602
23.325,3.39602
23.33,3.396014
23.335,3.396007
23.34,3.396001
23.345,3.395997
23.35,3.395996
23.355,3.395997
23.36,3.396001
23.365,3.396047
23.37,3.396147
23.375,3.396272
23.38,3.396389
23.385,3.396475
23.39,3.396556
23.395,3.396662
23.4,3.396781
23.405,3.396888
23.41,3.396968
23.415,3.397014
23.42,3.397032
23.425,3.397031
23.43,3.397027
23.435,3.39707
23.44,3.397166
23.445,3.397287
23.45,3.397398
23.455,3.397501
23.46,3.397626
23.465,3.397781
23.47,3.397977
23.475,3.398182
23.48,3.398356
23.485,3.398487
23.49,3.398616
23.495,3.398746
23.5,3.398863
23.505,3.398951
23.51,3.399005
23.515,3.399028
23.52,3.399031
23.525,3.399022
23.53,3.399011
23.535,3.399001
23.54,3.399
23.545,3.399045
23.55,3.399146
23.555,3.399273
23.56,3.399391
23.565,3.399476
23.57,3.399525
23.575,3.399541
23.58,3.399537
23.585,3.399524
23.59,3.39951
23.595,3.399515
23.6,3.399581
23.605,3.399696
23.61,3.399822
23.615,3.399928
23.62,3.4
23.625,3.400034
23.63,3.400042
23.635,3.400033
23.64,3.400018
23.645,3.400005
23.65,3.399996
23.655,3.399993
23.66,3.399993
23.665,3.399995
23.67,3.399997
23.675,3.399999
23.68,3.400001
23.685,3.400001
23.69,3.400001
23.695,3.400001
23.7,3.4
23.705,3.4
23.71,3.4
23.715,3.399977
23.72,3.399898
23.725,3.399779
23.73,3.399656
23.735,3.399556
23.74,3.399493
23.745,3.399464
23.75,3.39946
23.755,3.39947
23.76,3.399485
23.765,3.399497
23.77,3.399504
23.775,3.399507
23.78,3.399507
23.785,3.399505
23.79,3.399502
23.795,3.3995
23.8,3.399499
23.805,3.399499
23.81,3.399499
23.815,3.399499
23.82,3.3995
23.825,3.3995
23.83,3.3995
23.835,3.3995
23.84,3.3995
23.845,3.399495
23.85,3.399443
23.855,3.399339
23.86,3.399213
23.865,3.3991
23.87,3.399018
23.875,3.398974
23.88,3.398959
23.885,3.398964
23.89,3.398978
23.895,3.398992
23.9,3.399001
23.905,3.399006
23.91,3.399007
23.915,3.399006
23.92,3.399003
23.925,3.399001
23.93,3.399
23.935,3.398999
23.94,3.398999
23.945,3.398999
23.95,3.399
23.955,3.399
23.96,3.399
23.965,3.399
23.97,3.399
23.975,3.399
23.98,3.399
23.985,3.399
23.99,3.399
23.995,3.399
24,3.399
24.005,3.399
24.01,3.399
24.015,3.399
24.02,3.399011
24.025,3.399074
24.03,3.399186
24.035,3.399311
24.04,3.399419
24.045,3.399493
24.05,3.399531
24.055,3.399541
24.06,3.399533
24.065,3.399519
24.07,3.399506
24.075,3.399497
24.08,3.399493
24.085,3.399493
24.09,3.399495
24.095,3.399497
24.1,3.399499
24.105,3.399501
24.11,3.399501
24.115,3.399503
24.12,3.399541
24.125,3.399636
24.13,3.399759
24.135,3.399877
24.14,3.399967
24.145,3.400019
24.15,3.400039
24.155,3.400048
24.16,3.400098
24.165,3.4002
24.17,3.400368
24.175,3.400575
24.18,3.400778
24.185,3.400978
24.19,3.401173
24.195,3.401372
24.2,3.401581
24.205,3.401773
24.21,3.401957
24.215,3.402143
24.22,3.402307
24.225,3.402433
24.23,3.402552
24.235,3.402683
24.24,3.402812
24.245,3.402917
24.25,3.402988
24.255,3.403024
24.26,3.40304
24.265,3.403089
24.27,3.403183
24.275,3.403297
24.28,3.403402
24.285,3.403478
24.29,3.403521
24.295,3.403536
24.3,3.403539
24.305,3.403583
24.31,3.403677
24.315,3.403793
24.32,3.403901
24.325,3.403979
24.33,3.404023
24.335,3.404038
24.34,3.404034
24.345,3.404022
24.35,3.404009
24.355,3.403999
24.36,3.403994
24.365,3.403993
24.37,3.403995
24.375,3.403997
24.38,3.403999
24.385,3.404
24.39,3.404001
24.395,3.404001
24.4,3.403984
24.405,3.403911
24.41,3.403794
24.415,3.40367
24.42,3.403566
24.425,3.403498
24.43,3.403465
24.435,3.40346
24.44,3.403469
24.445,3.403483
24.45,3.403496
24.455,3.403504
24.46,3.403503
24.465,3.403456
24.47,3.403353
24.475,3.403194
24.48,3.402989
24.485,3.402781
24.49,3.402613
24.495,3.402502
24.5,3.402449
24.505,3.402438
24.51,3.402437
24.515,3.40239
24.52,3.402295
24.525,3.402183
24.53,3.402083
24.535,3.402012
24.54,3.401974
24.545,3.401963
24.55,3.401969
24.555,3.401981
24.56,3.401993
24.565,3.402002
24.57,3.402006
24.575,3.402007
24.58,3.402003
24.585,3.401961
24.59,3.401863
24.595,3.401738
24.6,3.401619
24.605,3.401531
24.61,3.401479
24.615,3.40146
24.62,3.401462
24.625,3.401475
24.63,3.401489
24.635,3.4015
24.64,3.401506
24.645,3.401507
24.65,3.401506
24.655,3.401504
24.66,3.401501
24.665,3.4015
24.67,3.401499
24.675,3.401499
24.68,3.401499
24.685,3.401499
24.69,3.4015
24.695,3.4015
24.7,3.4015
24.705,3.4015
24.71,3.4015
24.715,3.4015
24.72,3.4015
24.725,3.4015
24.73,3.4015
24.735,3.4015
24.74,3.4015
24.745,3.4015
24.75,3.4015
24.755,3.4015
24.76,3.4015
24.765,3.4015
24.77,3.4015
24.775,3.4015
24.78,3.4015
24.785,3.4015
24.79,3.4015
24.795,3.4015
24.8,3.4015
24.805,3.401529
24.81,3.401615
24.815,3.401736
24.82,3.401858
24.825,3.401954
24.83,3.40202
24.835,3.402102
24.84,3.40221
24.845,3.402325
24.85,3.402453
24.855,3.402608
24.86,3.402765
24.865,3.402903
24.87,3.403047
24.875,3.403199
24.88,3.403338
24.885,3.403443
24.89,3.403532
24.895,3.403641
24.9,3.403772
24.905,3.403943
24.91,3.404137
24.915,3.404343
24.92,3.404584
24.925,3.404864
24.93,3.405137
24.935,3.405393
24.94,3.405629
24.945,3.405821
24.95,3.405954
24.955,3.406026
24.96,3.406052
24.965,3.40605
24.97,3.406072
24.975,3.406149
24.98,3.406259
24.985,3.40637
24.99,3.406458
24.995,3.406512
25,3.406535
25.005,3.406557
25.01,3.406624
25.015,3.406728
25.02,3.406841
25.025,3.406936
25.03,3.406999
25.035,3.40703
25.04,3.407049
25.045,3.407108
25.05,3.407209
25.055,3.407323
25.06,3.407422
25.065,3.40749
25.07,3.407526
25.075,3.407536
25.08,3.40753
25.085,3.407518
25.09,3.407506
25.095,3.407498
25.1,3.407494
25.105,3.407494
25.11,3.407495
25.115,3.407497
25.12,3.407491
25.125,3.407433
25.13,3.407325
25.135,3.4072
25.14,3.407089
25.145,3.407011
25.15,3.406971
25.155,3.406959
25.16,3.406966
25.165,3.406979
25.17,3.406992
25.175,3.406973
25.18,3.406892
25.185,3.406771
25.19,3.406648
25.195,3.406549
25.2,3.406473
25.205,3.406376
25.21,3.406259
25.215,3.406145
25.22,3.406054
25.225,3.405963
25.23,3.405845
25.235,3.405718
25.24,3.405606
25.245,3.405526
25.25,3.405481
25.255,3.405465
25.26,3.405468
25.265,3.405479
25.27,3.405492
25.275,3.405501
25.28,3.405506
25.285,3.405507
25.29,3.405505
25.295,3.405503
25.3,3.405501
25.305,3.4055
25.31,3.405499
25.315,3.405499
25.32,3.405499
25.325,3.4055
25.33,3.4055
25.335,3.4055
25.34,3.4055
25.345,3.4055
25.35,3.4055
25.355,3.4055
25.36,3.4055
25.365,3.4055
25.37,3.4055
25.375,3.4055
25.38,3.4055
25.385,3.4055
25.39,3.4055
25.395,3.4055
25.4,3.4055
25.405,3.4055
25.41,3.4055
25.415,3.4055
25.42,3.4055
25.425,3.4055
25.43,3.4055
25.435,3.4055
25.44,3.4055
25.445,3.4055
25.45,3.4055
25.455,3.4055
25.46,3.4055
25.465,3.4055
25.47,3.4055
25.475,3.4055
25.48,3.4055
25.485,3.4055
25.49,3.4055
25.495,3.4055
25.5,3.4055
25.505,3.4055
25.51,3.4055
25.515,3.4055
25.52,3.4055
25.525,3.4055
25.53,3.4055
25.535,3.4055
25.54,3.4055
25.545,3.4055
25.55,3.4055
25.555,3.4055
25.56,3.4055
25.565,3.4055
25.57,3.4055
25.575,3.4055
25.58,3.4055
25.585,3.405505
25.59,3.405555
25.595,3.405659
25.6,3.405784
25.605,3.405899
25.61,3.406009
25.615,3.406141
25.62,3.406277
25.625,3.406394
25.63,3.406507
25.635,3.406641
25.64,3.406778
25.645,3.406895
25.65,3.406977
25.655,3.407022
25.66,3.407044
25.665,3.407095
25.67,3.407189
25.675,3.407302
25.68,3.407405
25.685,3.407479
25.69,3.407521
25.695,3.407535
25.7,3.407532
25.705,3.40752
25.71,3.407508
25.715,3.407499
25.72,3.407495
25.725,3.4075
25.73,3.407557
25.735,3.407665
25.74,3.407793
25.745,3.407906
25.75,3.407986
25.755,3.408029
25.76,3.408041
25.765,3.408057
25.77,3.408121
25.775,3.408226
25.78,3.40834
25.785,3.408437
25.79,3.408538
25.795,3.408663
25.8,3.408793
25.805,3.408904
25.81,3.408982
25.815,3.409023
25.82,3.409036
25.825,3.409031
25.83,3.409019
25.835,3.409007
25.84,3.408998
25.845,3.408994
25.85,3.408993
25.855,3.408997
25.86,3.409038
25.865,3.409134
25.87,3.40926
25.875,3.409379
25.88,3.409468
25.885,3.40952
25.89,3.40954
25.895,3.409538
25.9,3.409525
25.905,3.409511
25.91,3.4095
25.915,3.409494
25.92,3.409493
25.925,3.409494
25.93,3.409496
25.935,3.409499
25.94,3.4095
25.945,3.409501
25.95,3.409501
25.955,3.409501
25.96,3.409501
25.965,3.4095
25.97,3.4095
25.975,3.4095
25.98,3.4095
25.985,3.4095
25.99,3.4095
25.995,3.4095
26,3.4095
26.005,3.4095
26.01,3.4095
26.015,3.4095
26.02,3.4095
26.025,3.4095
26.03,3.4095
26.035,3.4095
26.04,3.4095
26.045,3.4095
26.05,3.4095
26.055,3.4095
26.06,3.4095
26.065,3.4095
26.07,3.4095
26.075,3.4095
26.08,3.4095
26.085,3.4095
26.09,3.4095
26.095,3.4095
26.1,3.4095
26.105,3.4095
26.11,3.4095
26.115,3.4095
26.12,3.4095
26.125,3.4095
26.13,3.4095
26.135,3.4095
26.14,3.4095
26.145,3.4095
26.15,3.4095
26.155,3.4095
26.16,3.4095
26.165,3.4095
26.17,3.4095
26.175,3.4095
26.18,3.409481
26.185,3.409406
26.19,3.409289
26.195,3.409165
26.2,3.409063
26.205,3.408996
26.21,3.408965
26.215,3.40896
26.22,3.408969
26.225,3.408984
26.23,3.408996
26.235,3.409004
26.24,3.409007
26.245,3.409007
26.25,3.409005
26.255,3.409002
26.26,3.409
26.265,3.408999
26.27,3.408999
26.275,3.408999
26.28,3.408999
26.285,3.409
26.29,3.409
26.295,3.409
26.3,3.409
26.305,3.409
26.31,3.409
26.315,3.409
26.32,3.409
26.325,3.409
26.33,3.409
26.335,3.409
26.34,3.409
26.345,3.409
26.35,3.409
26.355,3.409
26.36,3.409
26.365,3.409
26.37,3.409
26.375,3.409
26.38,3.409
26.385,3.409
26.39,3.409
26.395,3.409
26.4,3.409
26.405,3.409002
26.41,3.409043
26.415,3.40914
26.42,3.409264
26.425,3.409382
26.43,3.40947
26.435,3.409521
26.44,3.40954
26.445,3.409537
26.45,3.409525
26.455,3.409511
26.46,3.4095
26.465,3.409494
26.47,3.409493
26.475,3.409494
26.48,3.409496
26.485,3.409499
26.49,3.4095
26.495,3.409501
26.5,3.409501
26.505,3.409501
26.51,3.409501
26.515,3.4095
26.52,3.4095
26.525,3.4095
26.53,3.4095
26.535,3.4095
26.54,3.4095
26.545,3.4095
26.55,3.4095
26.555,3.409504
26.56,3.409549
26.565,3.409649
26.57,3.409774
26.575,3.40989
26.58,3.409975
26.585,3.410023
26.59,3.41004
26.595,3.410037
26.6,3.410025
26.605,3.410045
26.61,3.410125
26.615,3.410243
26.62,3.410362
26.625,3.410455
26.63,3.410516
26.635,3.410584
26.64,3.410683
26.645,3.410797
26.65,3.410922
26.655,3.411076
26.66,3.411238
26.665,3.411377
26.67,3.411474
26.675,3.411527
26.68,3.411545
26.685,3.411539
26.69,3.411524
26.695,3.411513
26.7,3.41155
26.705,3.411647
26.71,3.411771
26.715,3.411888
26.72,3.411974
26.725,3.412023
26.73,3.412041
26.735,3.412037
26.74,3.412031
26.745,3.412072
26.75,3.412168
26.755,3.412288
26.76,3.412399
26.765,3.412479
26.77,3.412524
26.775,3.412539
26.78,3.412535
26.785,3.412522
26.79,3.412526
26.795,3.412589
26.8,3.4127
26.805,3.412823
26.81,3.412928
26.815,3.412998
26.82,3.413033
26.825,3.413041
26.83,3.413032
26.835,3.413018
26.84,3.413005
26.845,3.412997
26.85,3.412993
26.855,3.412993
26.86,3.412995
26.865,3.412997
26.87,3.412999
26.875,3.413001
26.88,3.413001
26.885,3.413001
26.89,3.413001
26.895,3.413
26.9,3.413
26.905,3.413
26.91,3.413
26.915,3.413
26.92,3.413
26.925,3.41298
26.93,3.412904
26.935,3.412787
26.94,3.412663
26.945,3.412561
26.95,3.412495
26.955,3.412465
26.96,3.41246
26.965,3.41247
26.97,3.412484
26.975,3.412496
26.98,3.412504
26.985,3.412507
26.99,3.412507
26.995,3.412505
27,3.412502
27.005,3.4125
27.01,3.412475
27.015,3.412393
27.02,3.412273
27.025,3.41215
27.03,3.412053
27.035,3.411991
27.04,3.411963
27.045,3.411961
27.05,3.411971
27.055,3.411985
27.06,3.411997
27.065,3.412005
27.07,3.412007
27.075,3.412007
27.08,3.412004
27.085,3.412002
27.09,3.412
27.095,3.411999
27.1,3.411999
27.105,3.411999
27.11,3.411999
27.115,3.412
27.12,3.412
27.125,3.412
27.13,3.412
27.135,3.412
27.14,3.412
27.145,3.412
27.15,3.412
27.155,3.412
27.16,3.412
27.165,3.412
27.17,3.412
27.175,3.412
27.18,3.412
27.185,3.412
27.19,3.412
27.195,3.412
27.2,3.412
27.205,3.412
27.21,3.412
27.215,3.412
27.22,3.412
27.225,3.412
27.23,3.412
27.235,3.412
27.24,3.412
27.245,3.412
27.25,3.412
27.255,3.412024
27.26,3.4121
27.265,3.412216
27.27,3.412339
27.275,3.412439
27.28,3.412504
27.285,3.412534
27.29,3.412539
27.295,3.41253
27.3,3.412516
27.305,3.412504
27.31,3.412496
27.315,3.412493
27.32,3.412493
27.325,3.412495
27.33,3.412498
27.335,3.4125
27.34,3.412501
27.345,3.412501
27.35,3.412501
27.355,3.412501
27.36,3.4125
27.365,3.4125
27.37,3.4125
27.375,3.4125
27.38,3.4125
27.385,3.412518
27.39,3.412592
27.395,3.412708
27.4,3.412833
27.405,3.412936
27.41,3.413003
27.415,3.413035
27.42,3.41304
27.425,3.413031
27.43,3.413017
27.435,3.413004
27.44,3.412996
27.445,3.412993
27.45,3.412993
27.455,3.412995
27.46,3.412999
27.465,3.413037
27.47,3.413131
27.475,3.413255
27.48,3.413374
27.485,3.413488
27.49,3.413622
27.495,3.413763
27.5,3.413884
27.505,3.413974
27.51,3.414066
27.515,3.414182
27.52,3.414303
27.525,3.414408
27.53,3.414481
27.535,3.414521
27.54,3.414534
27.545,3.41453
27.55,3.41452
27.555,3.414545
27.56,3.414629
27.565,3.414748
27.57,3.414867
27.575,3.414959
27.58,3.415015
27.585,3.415038
27.59,3.415038
27.595,3.415028
27.6,3.415047
27.605,3.415125
27.61,3.415241
27.615,3.415359
27.62,3.415453
27.625,3.415512
27.63,3.415537
27.635,3.415539
27.64,3.415533
27.645,3.415571
27.65,3.415663
27.655,3.415782
27.66,3.415893
27.665,3.415975
27.67,3.416022
27.675,3.416039
27.68,3.416041
27.685,3.416082
27.69,3.416173
27.695,3.416289
27.7,3.416396
27.705,3.416476
27.71,3.416521
27.715,3.416537
27.72,3.416534
27.725,3.416522
27.73,3.416509
27.735,3.4165
27.74,3.416494
27.745,3.416493
27.75,3.416494
27.755,3.416497
27.76,3.416499
27.765,3.4165
27.77,3.416501
27.775,3.416501
27.78,3.4165
27.785,3.416464
27.79,3.416372
27.795,3.416248
27.8,3.416129
27.805,3.416037
27.81,3.415983
27.815,3.415961
27.82,3.415962
27.825,3.415974
27.83,3.415988
27.835,3.415999
27.84,3.416006
27.845,3.416007
27.85,3.416006
27.855,3.416004
27.86,3.416002
27.865,3.416
27.87,3.415999
27.875,3.415999
27.88,3.415999
27.885,3.415999
27.89,3.416
27.895,3.415999
27.9,3.415965
27.905,3.415874
27.91,3.415751
27.915,3.415631
27.92,3.415535
27.925,3.415431
27.93,3.415307
27.935,3.415182
27.94,3.415079
27.945,3.41501
27.95,3.414974
27.955,3.414965
27.96,3.414971
27.965,3.414983
27.97,3.414995
27.975,3.415003
27.98,3.415006
27.985,3.415006
27.99,3.415005
27.995,3.415002
28,3.415001
28.005,3.414999
28.01,3.414999
28.015,3.414999
28.02,3.414999
28.025,3.415
28.03,3.415
28.035,3.415
28.04,3.415
28.045,3.415
28.05,3.415
28.055,3.415
28.06,3.415
28.065,3.415
28.07,3.415
28.075,3.415
28.08,3.415
28.085,3.415
28.09,3.415
28.095,3.415
28.1,3.415
28.105,3.415
28.11,3.415
28.115,3.415
28.12,3.415
28.125,3.415
28.13,3.415
28.135,3.415
28.14,3.415
28.145,3.415
28.15,3.415
28.155,3.415022
28.16,3.4151
28.165,3.415218
28.17,3.415342
28.175,3.415442
28.18,3.415507
28.185,3.415536
28.19,3.41554
28.195,3.41553
28.2,3.415516
28.205,3.415503
28.21,3.415496
28.215,3.415493
28.22,3.415493
28.225,3.415495
28.23,3.415498
28.235,3.4155
28.24,3.415501
28.245,3.415501
28.25,3.415501
28.255,3.415509
28.26,3.415568
28.265,3.415676
28.27,3.415801
28.275,3.415912
28.28,3.415989
28.285,3.416029
28.29,3.416061
28.295,3.416132
28.3,3.416236
28.305,3.416347
28.31,3.416438
28.315,3.416499
28.32,3.416529
28.325,3.416535
28.33,3.416527
28.335,3.416515
28.34,3.416504
28.345,3.416523
28.35,3.416602
28.355,3.416723
28.36,3.416847
28.365,3.416956
28.37,3.417079
28.375,3.417216
28.38,3.417344
28.385,3.417443
28.39,3.417506
28.395,3.417562
28.4,3.417651
28.405,3.417763
28.41,3.417871
28.415,3.417967
28.42,3.418084
28.425,3.418219
28.43,3.418346
28.435,3.418445
28.44,3.418506
28.445,3.418533
28.45,3.418537
28.455,3.418527
28.46,3.418521
28.465,3.418568
28.47,3.418669
28.475,3.418792
28.48,3.418904
28.485,3.418983
28.49,3.419027
28.495,3.419041
28.5,3.419035
28.505,3.419022
28.51,3.419008
28.515,3.418998
28.52,3.418994
28.525,3.419013
28.53,3.419092
28.535,3.419213
28.54,3.419339
28.545,3.419441
28.55,3.419507
28.555,3.419537
28.56,3.419541
28.565,3.419531
28.57,3.419516
28.575,3.419503
28.58,3.419496
28.585,3.419493
28.59,3.419493
28.595,3.419495
28.6,3.419498
28.605,3.4195
28.61,3.419501
28.615,3.419501
28.62,3.419501
28.625,3.419501
28.63,3.419499
28.635,3.419473
28.64,3.419394
28.645,3.419276
28.65,3.419154
28.655,3.419056
28.66,3.418993
28.665,3.418965
28.67,3.418961
28.675,3.418971
28.68,3.418985
28.685,3.418997
28.69,3.419004
28.695,3.419007
28.7,3.419007
28.705,3.419004
28.71,3.419002
28.715,3.419
28.72,3.418999
28.725,3.418999
28.73,3.418999
28.735,3.418999
28.74,3.419
28.745,3.419
28.75,3.419
28.755,3.418997
28.76,3.418952
28.765,3.418853
28.77,3.418728
28.775,3.418612
28.78,3.418526
28.785,3.418477
28.79,3.41846
28.795,3.418463
28.8,3.418476
28.805,3.41849
28.81,3.418501
28.815,3.418506
28.82,3.418507
28.825,3.418506
28.83,3.418484
28.835,3.418405
28.84,3.418286
28.845,3.418162
28.85,3.41806
28.855,3.417994
28.86,3.417964
28.865,3.41796
28.87,3.41797
28.875,3.417984
28.88,3.417997
28.885,3.418004
28.89,3.418007
28.895,3.418007
28.9,3.418005
28.905,3.418002
28.91,3.418
28.915,3.417999
28.92,3.417999
28.925,3.417999
28.93,3.417999
28.935,3.418
28.94,3.418
28.945,3.418
28.95,3.418
28.955,3.418
28.96,3.418
28.965,3.418
28.97,3.418
28.975,3.418
28.98,3.418
28.985,3.418
28.99,3.418
28.995,3.418
29,3.418
29.005,3.418
29.01,3.418
29.015,3.418
29.02,3.418
29.025,3.418
29.03,3.418
29.035,3.418013
29.04,3.418075
29.045,3.418184
29.05,3.418308
29.055,3.418416
29.06,3.41849
29.065,3.418529
29.07,3.41854
29.075,3.418533
29.08,3.41852
29.085,3.418507
29.09,3.418498
29.095,3.418493
29.1,3.418493
29.105,3.418495
29.11,3.418497
29.115,3.418499
29.12,3.418501
29.125,3.418501
29.13,3.418501
29.135,3.418501
29.14,3.4185
29.145,3.4185
29.15,3.418525
29.155,3.418606
29.16,3.418726
29.165,3.418849
29.17,3.418947
29.175,3.419009
29.18,3.419044
29.185,3.419103
29.19,3.4192
29.195,3.419311
29.2,3.419411
29.205,3.419482
29.21,3.419521
29.215,3.419534
29.22,3.41953
29.225,3.419519
29.23,3.419507
29.235,3.4195
29.24,3.419527
29.245,3.419615
29.25,3.419739
29.255,3.419862
29.26,3.419965
29.265,3.420079
29.27,3.42021
29.275,3.420336
29.28,3.420436
29.285,3.420503
29.29,3.420576
29.295,3.42068
29.3,3.420796
29.305,3.420925
29.31,3.421082
29.315,3.421244
29.32,3.421382
29.325,3.421478
29.33,3.421529
29.335,3.421545
29.34,3.421539
29.345,3.421524
29.35,3.421513
29.355,3.421553
29.36,3.421651
29.365,3.421776
29.37,3.421892
29.375,3.421977
29.38,3.422025
29.385,3.422041
29.39,3.422037
29.395,3.422024
29.4,3.422039
29.405,3.422114
29.41,3.42223
29.415,3.42235
29.42,3.422448
29.425,3.422509
29.43,3.422537
29.435,3.422539
29.44,3.422529
29.445,3.422515
29.45,3.422503
29.455,3.422495
29.46,3.422493
29.465,3.422493
29.47,3.422496
29.475,3.422498
29.48,3.4225
29.485,3.422501
29.49,3.422501
29.495,3.422501
29.5,3.422501
29.505,3.4225
29.51,3.4225
29.515,3.4225
29.52,3.4225
29.525,3.4225
29.53,3.4225
29.535,3.422493
29.54,3.422438
29.545,3.422332
29.55,3.422206
29.555,3.422094
29.56,3.422015
29.565,3.421972
29.57,3.421959
29.575,3.421965
29.58,3.421979
29.585,3.421992
29.59,3.422002
29.595,3.422007
29.6,3.422007
29.605,3.421993
29.61,3.421923
29.615,3.421808
29.62,3.421681
29.625,3.421574
29.63,3.421502
29.635,3.421467
29.64,3.421439
29.645,3.421372
29.65,3.421268
29.655,3.421157
29.66,3.421065
29.665,3.421002
29.67,3.420972
29.675,3.420965
29.68,3.420972
29.685,3.420984
29.69,3.420996
29.695,3.421003
29.7,3.421006
29.705,3.421001
29.71,3.420949
29.715,3.420843
29.72,3.420716
29.725,3.420601
29.73,3.420519
29.735,3.420473
29.74,3.420459
29.745,3.420464
29.75,3.420478
29.755,3.420491
29.76,3.420501
29.765,3.420507
29.77,3.420507
29.775,3.420506
29.78,3.420503
29.785,3.420501
29.79,3.4205
29.795,3.420499
29.8,3.420499
29.805,3.420499
29.81,3.4205
29.815,3.4205
29.82,3.4205
29.825,3.4205
29.83,3.4205
29.835,3.4205
29.84,3.4205
29.845,3.4205
29.85,3.4205
29.855,3.4205
29.86,3.4205
29.865,3.4205
29.87,3.4205
29.875,3.4205
29.88,3.4205
29.885,3.4205
29.89,3.4205
29.895,3.420501
29.9,3.420534
29.905,3.420624
29.91,3.420746
29.915,3.420867
29.92,3.42096
29.925,3.421016
29.93,3.421039
29.935,3.421039
29.94,3.421027
29.945,3.421013
29.95,3.421001
29.955,3.420996
29.96,3.421029
29.965,3.421122
29.97,3.421247
29.975,3.42139
29.98,3.421561
29.985,3.421734
29.99,3.42188
29.995,3.42198
30,3.422039
30.005,3.42211
30.01,3.422209
30.015,3.422319
30.02,3.422414
30.025,3.422482
30.03,3.42252
30.035,3.422532
30.04,3.422528
30.045,3.422518
30.05,3.422507
30.055,3.422499
30.06,3.422496
30.065,3.422527
30.07,3.422617
30.075,3.422741
30.08,3.422864
30.085,3.422965
30.09,3.423078
30.095,3.423208
30.1,3.423333
30.105,3.423434
30.11,3.423498
30.115,3.423538
30.12,3.423604
30.125,3.423706
30.13,3.423819
30.135,3.423917
30.14,3.423986
30.145,3.424023
30.15,3.424034
30.155,3.42403
30.16,3.424018
30.165,3.424006
30.17,3.423998
30.175,3.423994
30.18,3.423994
30.185,3.423995
30.19,3.424003
30.195,3.424056
30.2,3.424162
30.205,3.424288
30.21,3.424401
30.215,3.424482
30.22,3.424527
30.225,3.424541
30.23,3.424535
30.235,3.424522
30.24,3.424508
30.245,3.424498
30.25,3.424494
30.255,3.424493
30.26,3.424494
30.265,3.424497
30.27,3.424499
30.275,3.4245
30.28,3.424501
30.285,3.424501
30.29,3.424501
30.295,3.4245
30.3,3.4245
30.305,3.4245
30.31,3.4245
30.315,3.4245
30.32,3.4245
30.325,3.4245
30.33,3.4245
30.335,3.4245
30.34,3.4245
30.345,3.4245
30.35,3.4245
30.355,3.4245
30.36,3.4245
30.365,3.4245
30.37,3.4245
30.375,3.4245
30.38,3.4245
30.385,3.4245
30.39,3.4245
30.395,3.4245
30.4,3.4245
30.405,3.4245
30.41,3.4245
30.415,3.4245
30.42,3.4245
30.425,3.4245
30.43,3.4245
30.435,3.4245
30.44,3.4245
30.445,3.4245
30.45,3.4245
30.455,3.424485
30.46,3.424416
30.465,3.424302
30.47,3.424177
30.475,3.424072
30.48,3.424001
30.485,3.423967
30.49,3.423959
30.495,3.423968
30.5,3.423982
30.505,3.423995
30.51,3.424003
30.515,3.424007
30.52,3.424007
30.525,3.424005
30.53,3.424003
30.535,3.424001
30.54,3.423999
30.545,3.423999
30.55,3.423999
30.555,3.423999
30.56,3.424
30.565,3.424
30.57,3.424
30.575,3.424
30.58,3.424
30.585,3.424
30.59,3.424
30.595,3.424
30.6,3.424
30.605,3.424
30.61,3.424
30.615,3.424
30.62,3.424
30.625,3.424
30.63,3.424
30.635,3.424016
30.64,3.424088
30.645,3.424203
30.65,3.424328
30.655,3.424432
30.66,3.424501
30.665,3.424534
30.67,3.42454
30.675,3.424531
30.68,3.424517
30.685,3.424505
30.69,3.424496
30.695,3.424493
30.7,3.424493
30.705,3.424495
30.71,3.424498
30.715,3.4245
30.72,3.424501
30.725,3.424501
30.73,3.424501
30.735,3.424501
30.74,3.4245
30.745,3.4245
30.75,3.4245
30.755,3.4245
30.76,3.4245
30.765,3.4245
30.77,3.4245
30.775,3.4245
30.78,3.4245
30.785,3.4245
30.79,3.424505
30.795,3.424557
30.8,3.424661
30.805,3.424787
30.81,3.424901
30.815,3.42501
30.82,3.425139
30.825,3.425274
30.83,3.425391
30.835,3.425474
30.84,3.42552
30.845,3.425536
30.85,3.425544
30.855,3.425595
30.86,3.425694
30.865,3.42581
30.87,3.425913
30.875,3.425994
30.88,3.426091
30.885,3.426211
30.89,3.426331
30.895,3.42643
30.9,3.426495
30.905,3.426527
30.91,3.426535
30.915,3.426528
30.92,3.426516
30.925,3.426504
30.93,3.426497
30.935,3.426499
30.94,3.426551
30.945,3.426657
30.95,3.426784
30.955,3.4269
30.96,3.426982
30.965,3.427027
30.97,3.427041
30.975,3.427036
30.98,3.427022
30.985,3.427008
30.99,3.426998
30.995,3.426993
31,3.426993
31.005,3.427011
31.01,3.427086
31.015,3.427205
31.02,3.427331
31.025,3.427435
31.03,3.427503
31.035,3.427535
31.04,3.427541
31.045,3.427531
31.05,3.427517
31.055,3.427504
31.06,3.427496
31.065,3.427493
31.07,3.427493
31.075,3.427495
31.08,3.427498
31.085,3.4275
31.09,3.427501
31.095,3.427501
31.1,3.427501
31.105,3.427501
31.11,3.4275
31.115,3.4275
31.12,3.4275
31.125,3.4275
31.13,3.427474
31.135,3.427391
31.14,3.427271
31.145,3.427149
31.15,3.427051
31.155,3.42699
31.16,3.426963
31.165,3.426961
31.17,3.426971
31.175,3.426986
31.18,3.426998
31.185,3.427005
31.19,3.427007
31.195,3.427007
31.2,3.427004
31.205,3.427002
31.21,3.427
31.215,3.426982
31.22,3.426909
31.225,3.426793
31.23,3.426669
31.235,3.426566
31.24,3.426498
31.245,3.426466
31.25,3.42646
31.255,3.426469
31.26,3.426483
31.265,3.426496
31.27,3.426504
31.275,3.426507
31.28,3.426507
31.285,3.426505
31.29,3.426502
31.295,3.4265
31.3,3.426499
31.305,3.426499
31.31,3.426499
31.315,3.426499
31.32,3.4265
31.325,3.4265
31.33,3.4265
31.335,3.4265
31.34,3.4265
31.345,3.4265
31.35,3.4265
31.355,3.4265
31.36,3.4265
31.365,3.4265
31.37,3.4265
31.375,3.4265
31.38,3.4265
31.385,3.4265
31.39,3.4265
31.395,3.4265
31.4,3.4265
31.405,3.4265
31.41,3.4265
31.415,3.4265
31.42,3.4265
31.425,3.4265
31.43,3.4265
31.435,3.4265
31.44,3.4265
31.445,3.4265
31.45,3.4265
31.455,3.4265
31.46,3.4265
31.465,3.4265
31.47,3.4265
31.475,3.4265
31.48,3.4265
31.485,3.4265
31.49,3.4265
31.495,3.4265
31.5,3.4265
31.505,3.4265
31.51,3.4265
31.515,3.4265
31.52,3.4265
31.525,3.4265
31.53,3.4265
31.535,3.4265
31.54,3.4265
31.545,3.4265
31.55,3.4265
31.555,3.4265
31.56,3.4265
31.565,3.4265
31.57,3.4265
31.575,3.4265
31.58,3.4265
31.585,3.4265
31.59,3.4265
31.595,3.4265
31.6,3.4265
31.605,3.4265
31.61,3.4265
31.615,3.426511
31.62,3.426574
31.625,3.426686
31.63,3.426811
31.635,3.426919
31.64,3.426993
31.645,3.427031
31.65,3.427041
31.655,3.427033
31.66,3.427019
31.665,3.427006
31.67,3.426999
31.675,3.427036
31.68,3.427133
31.685,3.427259
31.69,3.427379
31.695,3.427469
31.7,3.427521
31.705,3.427541
31.71,3.427538
31.715,3.427526
31.72,3.427511
31.725,3.4275
31.73,3.427494
31.735,3.427492
31.74,3.427494
31.745,3.427496
31.75,3.427502
31.755,3.427549
31.76,3.42765
31.765,3.427778
31.77,3.427936
31.775,3.428118
31.78,3.42829
31.785,3.428424
31.79,3.428507
31.795,3.428565
31.8,3.428645
31.805,3.42875
31.81,3.428856
31.815,3.428942
31.82,3.428999
31.825,3.429026
31.83,3.429032
31.835,3.429025
31.84,3.429014
31.845,3.429003
31.85,3.428997
31.855,3.428994
31.86,3.428995
31.865,3.429018
31.87,3.429098
31.875,3.429218
31.88,3.429343
31.885,3.429443
31.89,3.429507
31.895,3.429537
31.9,3.42954
31.905,3.42953
31.91,3.429515
31.915,3.429503
31.92,3.429496
31.925,3.429493
31.93,3.429493
31.935,3.429499
31.94,3.429549
31.945,3.429651
31.95,3.429778
31.955,3.429893
31.96,3.429978
31.965,3.430025
31.97,3.430041
31.975,3.430036
31.98,3.430023
31.985,3.430009
31.99,3.429999
31.995,3.429994
32,3.429993
32.005,3.429994
32.01,3.429997
32.015,3.429999
32.02,3.429992
32.025,3.42994
32.03,3.429836
32.035,3.429712
32.04,3.4296
32.045,3.429519
32.05,3.429475
32.055,3.42946
32.06,3.429465
32.065,3.429478
32.07,3.429492
32.075,3.429501
32.08,3.429506
32.085,3.429507
32.09,3.429506
32.095,3.429503
32.1,3.429501
32.105,3.4295
32.11,3.429499
32.115,3.429499
32.12,3.429499
32.125,3.4295
32.13,3.4295
32.135,3.4295
32.14,3.4295
32.145,3.4295
32.15,3.4295
32.155,3.4295
32.16,3.4295
32.165,3.4295
32.17,3.4295
32.175,3.4295
32.18,3.4295
32.185,3.4295
32.19,3.4295
32.195,3.4295
32.2,3.4295
32.205,3.4295
32.21,3.4295
32.215,3.4295
32.22,3.4295
32.225,3.429498
32.23,3.429458
32.235,3.429363
32.24,3.429238
32.245,3.42912
32.25,3.429032
32.255,3.42898
32.26,3.42896
32.265,3.428962
32.27,3.428975
32.275,3.428989
32.28,3.429
32.285,3.429006
32.29,3.429007
32.295,3.429006
32.3,3.429004
32.305,3.429001
32.31,3.429
32.315,3.428999
32.32,3.428999
32.325,3.428999
32.33,3.428999
32.335,3.429
32.34,3.429
32.345,3.429
32.35,3.429
32.355,3.429
32.36,3.429
32.365,3.429
32.37,3.429
32.375,3.429
32.38,3.429
32.385,3.429
32.39,3.429
32.395,3.429
32.4,3.429008
32.405,3.429067
32.41,3.429176
32.415,3.429301
32.42,3.429412
32.425,3.429489
32.43,3.429529
32.435,3.429541
32.44,3.429534
32.445,3.42952
32.45,3.429507
32.455,3.429498
32.46,3.429493
32.465,3.429493
32.47,3.429495
32.475,3.429497
32.48,3.429499
32.485,3.429501
32.49,3.429501
32.495,3.429501
32.5,3.429501
32.505,3.4295
32.51,3.4295
32.515,3.4295
32.52,3.4295
32.525,3.4295
32.53,3.4295
32.535,3.4295
32.54,3.4295
32.545,3.4295
32.55,3.429502
32.555,3.429542
32.56,3.429637
32.565,3.429762
32.57,3.42988
32.575,3.429968
32.58,3.43002
32.585,3.43004
32.59,3.430038
32.595,3.430025
32.6,3.430011
32.605,3.43
32.61,3.429994
32.615,3.429993
32.62,3.429994
32.625,3.429997
32.63,3.430029
32.635,3.430117
32.64,3.43024
32.645,3.430372
32.65,3.430529
32.655,3.430697
32.66,3.430847
32.665,3.430956
32.67,3.431023
32.675,3.43109
32.68,3.431187
32.685,3.431297
32.69,3.431398
32.695,3.431472
32.7,3.431515
32.705,3.431533
32.71,3.431568
32.715,3.43165
32.72,3.431763
32.725,3.431873
32.73,3.431959
32.735,3.432012
32.74,3.432034
32.745,3.432054
32.75,3.432119
32.755,3.432223
32.76,3.432336
32.765,3.432433
32.77,3.432497
32.775,3.432529
32.78,3.432557
32.785,3.432627
32.79,3.432732
32.795,3.432844
32.8,3.432938
32.805,3.432999
32.81,3.433029
32.815,3.433035
32.82,3.433028
32.825,3.433015
32.83,3.433004
32.835,3.432997
32.84,3.432994
32.845,3.432994
32.85,3.432996
32.855,3.432998
32.86,3.433
32.865,3.433001
32.87,3.433001
32.875,3.433001
32.88,3.43298
32.885,3.432902
32.89,3.432784
32.895,3.43266
32.9,3.432559
32.905,3.432494
32.91,3.432464
32.915,3.43246
32.92,3.43247
32.925,3.432484
32.93,3.432494
32.935,3.432462
32.94,3.43237
32.945,3.432245
32.95,3.432125
32.955,3.432034
32.96,3.431954
32.965,3.431851
32.97,3.431733
32.975,3.431623
32.98,3.431537
32.985,3.431446
32.99,3.431329
32.995,3.431204
33,3.431096
33.005,3.43102
33.01,3.430978
33.015,3.430965
33.02,3.430969
33.025,3.430981
33.03,3.430993
33.035,3.431001
33.04,3.431006
33.045,3.431007
33.05,3.431005
33.055,3.431003
33.06,3.431001
33.065,3.430999
33.07,3.430965
33.075,3.430875
33.08,3.430753
33.085,3.430633
33.09,3.43054
33.095,3.430484
33.1,3.430462
33.105,3.430462
33.11,3.430473
33.115,3.430488
33.12,3.430499
33.125,3.430505
33.13,3.430507
33.135,3.430506
33.14,3.430504
33.145,3.430502
33.15,3.4305
33.155,3.430499
33.16,3.430499
33.165,3.430499
33.17,3.430499
33.175,3.4305
33.18,3.4305
33.185,3.4305
33.19,3.4305
33.195,3.4305
33.2,3.4305
33.205,3.4305
33.21,3.4305
33.215,3.4305
33.22,3.4305
33.225,3.4305
33.23,3.4305
33.235,3.4305
33.24,3.4305
33.245,3.4305
33.25,3.4305
33.255,3.430524
33.26,3.430604
33.265,3.430724
33.27,3.430847
33.275,3.430946
33.28,3.431008
33.285,3.431037
33.29,3.43104
33.295,3.431029
33.3,3.431015
33.305,3.431003
33.31,3.430995
33.315,3.430993
33.32,3.430993
33.325,3.430995
33.33,3.430998
33.335,3.431008
33.34,3.431068
33.345,3.431177
33.35,3.431303
33.355,3.431413
33.36,3.431489
33.365,3.431529
33.37,3.431541
33.375,3.431534
33.38,3.431542
33.385,3.431607
33.39,3.431716
33.395,3.431835
33.4,3.431935
33.405,3.432001
33.41,3.432034
33.415,3.432077
33.42,3.432161
33.425,3.432271
33.43,3.432378
33.435,3.43246
33.44,3.432511
33.445,3.432532
33.45,3.432533
33.455,3.432524
33.46,3.432511
33.465,3.432501
33.47,3.432496
33.475,3.432494
33.48,3.432494
33.485,3.432496
33.49,3.432503
33.495,3.432552
33.5,3.432655
33.505,3.43278
33.51,3.432895
33.515,3.432978
33.52,3.433025
33.525,3.43304
33.53,3.433036
33.535,3.433023
33.54,3.433009
33.545,3.432999
33.55,3.432994
33.555,3.433002
33.56,3.433065
33.565,3.433177
33.57,3.433305
33.575,3.433428
33.58,3.43357
33.585,3.433722
33.59,3.433858
33.595,3.433957
33.6,3.434016
33.605,3.434039
33.61,3.434038
33.615,3.434026
33.62,3.434011
33.625,3.434
33.63,3.434016
33.635,3.434092
33.64,3.434212
33.645,3.434338
33.65,3.434441
33.655,3.434507
33.66,3.434537
33.665,3.434541
33.67,3.434531
33.675,3.434516
33.68,3.434511
33.685,3.434561
33.69,3.434666
33.695,3.434792
33.7,3.434905
33.705,3.434985
33.71,3.435029
33.715,3.435042
33.72,3.435036
33.725,3.435022
33.73,3.435008
33.735,3.434998
33.74,3.434993
33.745,3.434993
33.75,3.434994
33.755,3.434997
33.76,3.434999
33.765,3.435001
33.77,3.435001
33.775,3.435001
33.78,3.435001
33.785,3.435
33.79,3.435
33.795,3.435
33.8,3.435
33.805,3.435
33.81,3.435
33.815,3.434986
33.82,3.434918
33.825,3.434804
33.83,3.434679
33.835,3.434573
33.84,3.434502
33.845,3.434467
33.85,3.434459
33.855,3.434468
33.86,3.434482
33.865,3.434494
33.87,3.434475
33.875,3.434394
33.88,3.434273
33.885,3.434149
33.89,3.434051
33.895,3.433989
33.9,3.433962
33.905,3.43394
33.91,3.433875
33.915,3.433772
33.92,3.43366
33.925,3.433566
33.93,3.433503
33.935,3.433471
33.94,3.433464
33.945,3.433472
33.95,3.433484
33.955,3.433495
33.96,3.433503
33.965,3.43348
33.97,3.433398
33.975,3.433276
33.98,3.433151
33.985,3.433052
33.99,3.432989
33.995,3.432962
34,3.43296
34.005,3.432971
34.01,3.432985
34.015,3.432997
34.02,3.433005
34.025,3.433007
34.03,3.433007
34.035,3.433005
34.04,3.433002
34.045,3.433
34.05,3.432999
34.055,3.432999
34.06,3.432999
34.065,3.432999
34.07,3.433
34.075,3.433
34.08,3.433
34.085,3.433
34.09,3.433
34.095,3.433
34.1,3.433
34.105,3.433
34.11,3.433
34.115,3.433
34.12,3.433
34.125,3.433
34.13,3.433
34.135,3.433
34.14,3.433
34.145,3.433
34.15,3.433
34.155,3.433
34.16,3.433
34.165,3.433
34.17,3.433
34.175,3.433
34.18,3.433
34.185,3.433
34.19,3.433012
34.195,3.433078
34.2,3.433191
34.205,3.433316
34.21,3.433423
34.215,3.433496
34.22,3.433532
34.225,3.433541
34.23,3.433533
34.235,3.433519
34.24,3.433506
34.245,3.433497
34.25,3.433493
34.255,3.433493
34.26,3.433495
34.265,3.433509
34.27,3.433576
34.275,3.433689
34.28,3.433815
34.285,3.433922
34.29,3.433995
34.295,3.434032
34.3,3.434062
34.305,3.434133
34.31,3.434237
34.315,3.434348
34.32,3.434439
34.325,3.4345
34.33,3.434529
34.335,3.434535
34.34,3.434527
34.345,3.434515
34.35,3.434504
34.355,3.434497
34.36,3.434494
34.365,3.434497
34.37,3.434542
34.375,3.434642
34.38,3.434769
34.385,3.434887
34.39,3.434973
34.395,3.435023
34.4,3.435041
34.405,3.435037
34.41,3.435024
34.415,3.43501
34.42,3.434999
34.425,3.434994
34.43,3.434993
34.435,3.434994
34.44,3.434996
34.445,3.434999
34.45,3.435
34.455,3.435003
34.46,3.43504
34.465,3.435134
34.47,3.435257
34.475,3.435376
34.48,3.435465
34.485,3.435519
34.49,3.435547
34.495,3.435601
34.5,3.435697
34.505,3.435808
34.51,3.435909
34.515,3.435981
34.52,3.436021
34.525,3.436046
34.53,3.436107
34.535,3.436208
34.54,3.436321
34.545,3.43642
34.55,3.436489
34.555,3.436525
34.56,3.436536
34.565,3.43653
34.57,3.436518
34.575,3.436522
34.58,3.436586
34.585,3.436697
34.59,3.436822
34.595,3.436927
34.6,3.436998
34.605,3.437033
34.61,3.437041
34.615,3.437032
34.62,3.437018
34.625,3.437005
34.63,3.436997
34.635,3.436993
34.64,3.436993
34.645,3.436995
34.65,3.436997
34.655,3.436999
34.66,3.437001
34.665,3.437001
34.67,3.437001
34.675,3.437001
34.68,3.437
34.685,3.437
34.69,3.437
34.695,3.437
34.7,3.437
34.705,3.437
34.71,3.437
34.715,3.437
34.72,3.437
34.725,3.437
34.73,3.437
34.735,3.437
34.74,3.437
34.745,3.437
34.75,3.437
34.755,3.437
34.76,3.437
34.765,3.437
34.77,3.437
34.775,3.437
34.78,3.437
34.785,3.437
34.79,3.436999
34.795,3.436962
34.8,3.436869
34.805,3.436746
34.81,3.436627
34.815,3.436536
34.82,3.436482
34.825,3.436461
34.83,3.436462
34.835,3.436474
34.84,3.436488
34.845,3.436499
34.85,3.436506
34.855,3.436507
34.86,3.436506
34.865,3.436504
34.87,3.436502
34.875,3.4365
34.88,3.436499
34.885,3.436499
34.89,3.436499
34.895,3.436499
34.9,3.4365
34.905,3.4365
34.91,3.4365
34.915,3.4365
34.92,3.4365
34.925,3.4365
34.93,3.4365
34.935,3.4365
34.94,3.4365
34.945,3.4365
34.95,3.4365
34.955,3.4365
34.96,3.4365
34.965,3.4365
34.97,3.4365
34.975,3.4365
34.98,3.4365
34.985,3.4365
34.99,3.4365
34.995,3.4365
35,3.4365
35.005,3.4365
35.01,3.4365
35.015,3.4365
35.02,3.4365
35.025,3.4365
35.03,3.4365
35.035,3.4365
35.04,3.4365
35.045,3.4365
35.05,3.4365
35.055,3.4365
35.06,3.4365
35.065,3.4365
35.07,3.4365
35.075,3.4365
35.08,3.4365
35.085,3.4365
35.09,3.4365
35.095,3.4365
35.1,3.437
35.105,3.437
35.11,3.437
35.115,3.437
35.12,3.437
35.125,3.437
35.13,3.437
35.135,3.437
35.14,3.437
35.145,3.437
35.15,3.437
35.155,3.437
35.16,3.437
35.165,3.437
35.17,3.437
35.175,3.437
35.18,3.437
35.185,3.437
35.19,3.437
35.195,3.437
35.2,3.437
35.205,3.437
35.21,3.437
35.215,3.437004
35.22,3.437052
35.225,3.437154
35.23,3.437279
35.235,3.437394
35.24,3.437478
35.245,3.437525
35.25,3.43754
35.255,3.437536
35.26,3.437523
35.265,3.437509
35.27,3.437499
35.275,3.437494
35.28,3.437493
35.285,3.437494
35.29,3.437497
35.295,3.437499
35.3,3.437524
35.305,3.437605
35.31,3.437725
35.315,3.437847
35.32,3.437956
35.325,3.438079
35.33,3.438217
35.335,3.438346
35.34,3.438445
35.345,3.438507
35.35,3.438565
35.355,3.438656
35.36,3.438768
35.365,3.438875
35.37,3.438959
35.375,3.439019
35.38,3.439102
35.385,3.439213
35.39,3.43933
35.395,3.439427
35.4,3.439493
35.405,3.439526
35.41,3.439535
35.415,3.439528
35.42,3.439516
35.425,3.439505
35.43,3.439508
35.435,3.439568
35.44,3.43968
35.445,3.439807
35.45,3.439917
35.455,3.439993
35.46,3.440032
35.465,3.440042
35.47,3.440034
35.475,3.44002
35.48,3.440006
35.485,3.439997
35.49,3.439993
35.495,3.440022
35.5,3.44011
35.505,3.440233
35.51,3.440357
35.515,3.440454
35.52,3.440514
35.525,3.440539
35.53,3.44054
35.535,3.440528
35.54,3.440514
35.545,3.440502
35.55,3.440495
35.555,3.440492
35.56,3.440493
35.565,3.440496
35.57,3.440498
35.575,3.4405
35.58,3.440501
35.585,3.440501
35.59,3.440501
35.595,3.440501
35.6,3.4405
35.605,3.4405
35.61,3.4405
35.615,3.440494
35.62,3.440443
35.625,3.440339
35.63,3.440213
35.635,3.4401
35.64,3.440018
35.645,3.439974
35.65,3.439959
35.655,3.439964
35.66,3.439978
35.665,3.439992
35.67,3.440001
35.675,3.440002
35.68,3.439955
35.685,3.439852
35.69,3.439724
35.695,3.439607
35.7,3.4395
35.705,3.439374
35.71,3.43924
35.715,3.439121
35.72,3.439032
35.725,3.438941
35.73,3.438825
35.735,3.438702
35.74,3.438596
35.745,3.438521
35.75,3.438479
35.755,3.438466
35.76,3.43847
35.765,3.438481
35.77,3.438493
35.775,3.438501
35.78,3.438506
35.785,3.438506
35.79,3.438505
35.795,3.438503
35.8,3.438501
35.805,3.4385
35.81,3.438499
35.815,3.438499
35.82,3.438499
35.825,3.4385
35.83,3.4385
35.835,3.4385
35.84,3.4385
35.845,3.4385
35.85,3.4385
35.855,3.4385
35.86,3.4385
35.865,3.4385
35.87,3.4385
35.875,3.4385
35.88,3.4385
35.885,3.4385
35.89,3.4385
35.895,3.4385
35.9,3.4385
35.905,3.4385
35.91,3.4385
35.915,3.4385
35.92,3.4385
35.925,3.4385
35.93,3.4385
35.935,3.4385
35.94,3.4385
35.945,3.4385
35.95,3.4385
35.955,3.4385
35.96,3.4385
35.965,3.4385
35.97,3.4385
35.975,3.4385
35.98,3.4385
35.985,3.4385
35.99,3.4385
35.995,3.4385
36,3.4385
36.005,3.4385
36.01,3.4385
36.015,3.4385
36.02,3.4385
36.025,3.4385
36.03,3.4385
36.035,3.4385
36.04,3.438503
36.045,3.438548
36.05,3.438647
36.055,3.438772
36.06,3.438888
36.065,3.438974
36.07,3.439023
36.075,3.43904
36.08,3.439037
36.085,3.439024
36.09,3.43901
36.095,3.438999
36.1,3.438994
36.105,3.439001
36.11,3.43906
36.115,3.43917
36.12,3.439298
36.125,3.43941
36.13,3.439489
36.135,3.43953
36.14,3.439544
36.145,3.43958
36.15,3.439663
36.155,3.439774
36.16,3.439881
36.165,3.439964
36.17,3.440014
36.175,3.440034
36.18,3.440034
36.185,3.440024
36.19,3.440011
36.195,3.440001
36.2,3.439995
36.205,3.439993
36.21,3.440005
36.215,3.440069
36.22,3.440182
36.225,3.440309
36.23,3.440418
36.235,3.440493
36.24,3.440532
36.245,3.440541
36.25,3.440534
36.255,3.440519
36.26,3.440506
36.265,3.440497
36.27,3.440493
36.275,3.440493
36.28,3.440495
36.285,3.440497
36.29,3.440499
36.295,3.440525
36.3,3.440607
36.305,3.440727
36.31,3.44085
36.315,3.440948
36.32,3.441009
36.325,3.441039
36.33,3.441083
36.335,3.441169
36.34,3.441279
36.345,3.441384
36.35,3.441465
36.355,3.441514
36.36,3.441533
36.365,3.441533
36.37,3.441525
36.375,3.441555
36.38,3.441643
36.385,3.441762
36.39,3.441878
36.395,3.441966
36.4,3.442018
36.405,3.442038
36.41,3.442037
36.415,3.442025
36.42,3.442011
36.425,3.442019
36.43,3.442088
36.435,3.442204
36.44,3.442329
36.445,3.442433
36.45,3.442502
36.455,3.442535
36.46,3.442541
36.465,3.442532
36.47,3.442517
36.475,3.442521
36.48,3.442584
36.485,3.442696
36.49,3.442821
36.495,3.442927
36.5,3.442998
36.505,3.443034
36.51,3.443041
36.515,3.443033
36.52,3.443018
36.525,3.443005
36.53,3.442997
36.535,3.442993
36.54,3.442993
36.545,3.442995
36.55,3.442997
36.555,3.442999
36.56,3.443001
36.565,3.443001
36.57,3.443001
36.575,3.443001
36.58,3.443
36.585,3.443
36.59,3.443
36.595,3.442997
36.6,3.442952
36.605,3.442853
36.61,3.442728
36.615,3.442612
36.62,3.442526
36.625,3.442477
36.63,3.44246
36.635,3.442463
36.64,3.442476
36.645,3.44249
36.65,3.442501
36.655,3.442504
36.66,3.442468
36.665,3.442373
36.67,3.442237
36.675,3.442055
36.68,3.441853
36.685,3.441674
36.69,3.441544
36.695,3.44147
36.7,3.44144
36.705,3.441397
36.71,3.441314
36.715,3.441209
36.72,3.441109
36.725,3.441032
36.73,3.440987
36.735,3.440968
36.74,3.440969
36.745,3.440979
36.75,3.44099
36.755,3.440999
36.76,3.441005
36.765,3.441006
36.77,3.441005
36.775,3.441003
36.78,3.441001
36.785,3.441
36.79,3.440999
36.795,3.440999
36.8,3.440999
36.805,3.441
36.81,3.441
36.815,3.441
36.82,3.441
36.825,3.441
36.83,3.441
36.835,3.441
36.84,3.441
36.845,3.441
36.85,3.441
36.855,3.441
36.86,3.441
36.865,3.441
36.87,3.441
36.875,3.441
36.88,3.441
36.885,3.441
36.89,3.441
36.895,3.441
36.9,3.441
36.905,3.441
36.91,3.441
36.915,3.441
36.92,3.441
36.925,3.441
36.93,3.441
36.935,3.441
36.94,3.441
36.945,3.441
36.95,3.441
36.955,3.441
36.96,3.441
36.965,3.441
36.97,3.441
36.975,3.441
36.98,3.441
36.985,3.441
36.99,3.441
36.995,3.441
37,3.441
37.005,3.441
37.01,3.441
37.015,3.441
37.02,3.441
37.025,3.441
37.03,3.441
37.035,3.441
37.04,3.441
37.045,3.441
37.05,3.441
37.055,3.441
37.06,3.441
37.065,3.441
37.07,3.441
37.075,3.441
37.08,3.441
37.085,3.441
37.09,3.441
37.095,3.441
37.1,3.441
37.105,3.441
37.11,3.441
37.115,3.441015
37.12,3.441084
37.125,3.441198
37.13,3.441323
37.135,3.441428
37.14,3.441499
37.145,3.441533
37.15,3.441541
37.155,3.441532
37.16,3.441518
37.165,3.441514
37.17,3.441566
37.175,3.441671
37.18,3.441797
37.185,3.441909
37.19,3.441995
37.195,3.442095
37.2,3.442215
37.205,3.442334
37.21,3.442431
37.215,3.442495
37.22,3.442527
37.225,3.442534
37.23,3.442527
37.235,3.442515
37.24,3.442504
37.245,3.442497
37.25,3.442508
37.255,3.442578
37.26,3.442694
37.265,3.442821
37.27,3.442928
37.275,3.442999
37.28,3.443034
37.285,3.443041
37.29,3.443033
37.295,3.443018
37.3,3.443005
37.305,3.442996
37.31,3.442993
37.315,3.442993
37.32,3.442995
37.325,3.442998
37.33,3.443032
37.335,3.443122
37.34,3.443245
37.345,3.443366
37.35,3.443469
37.355,3.443588
37.36,3.443722
37.365,3.443847
37.37,3.443944
37.375,3.444005
37.38,3.444032
37.385,3.444035
37.39,3.444026
37.395,3.444013
37.4,3.444005
37.405,3.444043
37.41,3.44414
37.415,3.444266
37.42,3.444384
37.425,3.444472
37.43,3.444523
37.435,3.444541
37.44,3.444568
37.445,3.444642
37.45,3.444749
37.455,3.44486
37.46,3.444949
37.465,3.445006
37.47,3.445032
37.475,3.445035
37.48,3.445027
37.485,3.445042
37.49,3.445116
37.495,3.44523
37.5,3.445349
37.505,3.445446
37.51,3.445508
37.515,3.445536
37.52,3.44554
37.525,3.445559
37.53,3.445632
37.535,3.445742
37.54,3.445856
37.545,3.445948
37.55,3.446007
37.555,3.446034
37.56,3.446037
37.565,3.446027
37.57,3.446014
37.575,3.446003
37.58,3.445996
37.585,3.445993
37.59,3.445994
37.595,3.445996
37.6,3.445998
37.605,3.446
37.61,3.446001
37.615,3.446
37.62,3.445964
37.625,3.445872
37.63,3.445749
37.635,3.445629
37.64,3.445537
37.645,3.445483
37.65,3.445461
37.655,3.445462
37.66,3.445474
37.665,3.445488
37.67,3.445499
37.675,3.445484
37.68,3.445407
37.685,3.445288
37.69,3.445162
37.695,3.445039
37.7,3.44489
37.705,3.444688
37.71,3.444456
37.715,3.444239
37.72,3.444076
37.725,3.443978
37.73,3.443938
37.735,3.443937
37.74,3.44395
37.745,3.443922
37.75,3.443837
37.755,3.443722
37.76,3.443612
37.765,3.443529
37.77,3.443481
37.775,3.443462
37.78,3.443464
37.785,3.443476
37.79,3.443479
37.795,3.443425
37.8,3.44332
37.805,3.443195
37.81,3.443057
37.815,3.442895
37.82,3.442734
37.825,3.442601
37.83,3.442512
37.835,3.442467
37.84,3.442455
37.845,3.442463
37.85,3.442479
37.855,3.442494
37.86,3.442504
37.865,3.442508
37.87,3.442508
37.875,3.442489
37.88,3.442413
37.885,3.442295
37.89,3.442169
37.895,3.442065
37.9,3.441997
37.905,3.441965
37.91,3.441959
37.915,3.441969
37.92,3.441983
37.925,3.441996
37.93,3.442004
37.935,3.442007
37.94,3.442007
37.945,3.442005
37.95,3.442002
37.955,3.442
37.96,3.442
37.965,3.442028
37.97,3.442114
37.975,3.442236
37.98,3.442358
37.985,3.442453
37.99,3.442513
37.995,3.442538
38,3.442539
38.005,3.442528
38.01,3.442514
38.015,3.442502
38.02,3.442503
38.025,3.442558
38.03,3.442667
38.035,3.442795
38.04,3.442908
38.045,3.442994
38.05,3.443089
38.055,3.443213
38.06,3.44339
38.065,3.443597
38.07,3.443789
38.075,3.443939
38.08,3.444075
38.085,3.444213
38.09,3.444339
38.095,3.444436
38.1,3.444497
38.105,3.444526
38.11,3.444548
38.115,3.444618
38.12,3.444774
38.125,3.444993
38.13,3.44525
38.135,3.445521
38.14,3.445759
38.145,3.445934
38.15,3.446073
38.155,3.446206
38.16,3.446328
38.165,3.446424
38.17,3.446487
38.175,3.44652
38.18,3.446529
38.185,3.446524
38.19,3.44653
38.195,3.446592
38.2,3.446701
38.205,3.446823
38.21,3.446927
38.215,3.446997
38.22,3.447032
38.225,3.44704
38.23,3.447032
38.235,3.447018
38.24,3.447005
38.245,3.446997
38.25,3.446993
38.255,3.446993
38.26,3.446995
38.265,3.446997
38.27,3.446999
38.275,3.447001
38.28,3.447001
38.285,3.447001
38.29,3.447001
38.295,3.447
38.3,3.446993
38.305,3.446938
38.31,3.446831
38.315,3.446706
38.32,3.446594
38.325,3.446515
38.33,3.446472
38.335,3.446459
38.34,3.446465
38.345,3.446479
38.35,3.446485
38.355,3.44644
38.36,3.446337
38.365,3.446177
38.37,3.445971
38.375,3.445766
38.38,3.445582
38.385,3.4454
38.39,3.445233
38.395,3.445101
38.4,3.445014
38.405,3.444971
38.41,3.444959
38.415,3.444956
38.42,3.444906
38.425,3.444809
38.43,3.444692
38.435,3.444588
38.44,3.444514
38.445,3.444474
38.45,3.444462
38.455,3.444467
38.46,3.44448
38.465,3.444493
38.47,3.444502
38.475,3.444506
38.48,3.444507
38.485,3.444505
38.49,3.444503
38.495,3.444501
38.5,3.4445
38.505,3.444499
38.51,3.444499
38.515,3.444499
38.52,3.4445
38.525,3.4445
38.53,3.4445
38.535,3.4445
38.54,3.4445
38.545,3.4445
38.55,3.4445
38.555,3.4445
38.56,3.4445
38.565,3.4445
38.57,3.4445
38.575,3.4445
38.58,3.4445
38.585,3.4445
38.59,3.4445
38.595,3.4445
38.6,3.4445
38.605,3.4445
38.61,3.4445
38.615,3.4445
38.62,3.4445
38.625,3.4445
38.63,3.4445
38.635,3.4445
38.64,3.4445
38.645,3.4445
38.65,3.4445
38.655,3.4445
38.66,3.4445
38.665,3.4445
38.67,3.444476
38.675,3.444396
38.68,3.444276
38.685,3.444153
38.69,3.444054
38.695,3.443992
38.7,3.443963
38.705,3.44396
38.71,3.443974
38.715,3.444025
38.72,3.444129
38.725,3.444258
38.73,3.444379
38.735,3.444469
38.74,3.444521
38.745,3.44454
38.75,3.444538
38.755,3.444525
38.76,3.444511
38.765,3.4445
38.77,3.444494
38.775,3.444493
38.78,3.444494
38.785,3.444496
38.79,3.444499
38.795,3.4445
38.8,3.444501
38.805,3.444501
38.81,3.444501
38.815,3.44452
38.82,3.444596
38.825,3.444713
38.83,3.444855
38.835,3.44503
38.84,3.445213
38.845,3.445368
38.85,3.445476
38.855,3.445539
38.86,3.445608
38.865,3.445705
38.87,3.445813
38.875,3.44591
38.88,3.445979
38.885,3.446018
38.89,3.446034
38.895,3.446073
38.9,3.44616
38.905,3.446274
38.91,3.446383
38.915,3.446466
38.92,3.446516
38.925,3.446535
38.93,3.446543
38.935,3.446593
38.94,3.446689
38.945,3.446805
38.95,3.446909
38.955,3.446983
38.96,3.447031
38.965,3.447098
38.97,3.447199
38.975,3.447323
38.98,3.447486
38.985,3.447668
38.99,3.447833
38.995,3.447953
39,3.448023
39.005,3.44805
39.01,3.448048
39.015,3.448037
39.02,3.448069
39.025,3.448159
39.03,3.448277
39.035,3.448389
39.04,3.448472
39.045,3.448521
39.05,3.448539
39.055,3.448536
39.06,3.448524
39.065,3.44851
39.07,3.4485
39.075,3.448494
39.08,3.448493
39.085,3.448494
39.09,3.448496
39.095,3.448499
39.1,3.4485
39.105,3.448501
39.11,3.448501
39.115,3.448501
39.12,3.4485
39.125,3.4485
39.13,3.4485
39.135,3.4485
39.14,3.4485
39.145,3.4485
39.15,3.4485
39.155,3.4485
39.16,3.4485
39.165,3.4485
39.17,3.448499
39.175,3.448467
39.18,3.448378
39.185,3.448244
39.19,3.448059
39.195,3.447854
39.2,3.447671
39.205,3.447535
39.21,3.44741
39.215,3.44728
39.22,3.44716
39.225,3.447065
39.23,3.446986
39.235,3.446881
39.24,3.446758
39.245,3.44664
39.25,3.446549
39.255,3.446493
39.26,3.446468
39.265,3.446466
39.27,3.446475
39.275,3.446488
39.28,3.446498
39.285,3.446504
39.29,3.446506
39.295,3.446478
39.3,3.446391
39.305,3.446268
39.31,3.446144
39.315,3.446047
39.32,3.445987
39.325,3.445962
39.33,3.44596
39.335,3.445972
39.34,3.445986
39.345,3.445998
39.35,3.446005
39.355,3.446007
39.36,3.446007
39.365,3.446004
39.37,3.446002
39.375,3.446
39.38,3.445999
39.385,3.445999
39.39,3.445999
39.395,3.445999
39.4,3.446
39.405,3.446
39.41,3.446
39.415,3.446
39.42,3.446
39.425,3.446
39.43,3.446
39.435,3.446
39.44,3.446
39.445,3.446
39.45,3.446
39.455,3.446
39.46,3.446
39.465,3.446
39.47,3.446
39.475,3.446
39.48,3.446
39.485,3.446
39.49,3.446
39.495,3.446
39.5,3.446
39.505,3.446
39.51,3.446
39.515,3.446
39.52,3.446
39.525,3.446
39.53,3.446
39.535,3.446
39.54,3.446
39.545,3.446
39.55,3.446
39.555,3.446
39.56,3.446
39.565,3.446
39.57,3.44602
39.575,3.446096
39.58,3.446213
39.585,3.446337
39.59,3.446446
39.595,3.446568
39.6,3.446706
39.605,3.446841
39.61,3.446991
39.615,3.447157
39.62,3.447311
39.625,3.447431
39.63,3.44752
39.635,3.447623
39.64,3.447741
39.645,3.447855
39.65,3.447945
39.655,3.448001
39.66,3.448028
39.665,3.448032
39.67,3.448024
39.675,3.448021
39.68,3.44807
39.685,3.448172
39.69,3.448296
39.695,3.44843
39.7,3.448589
39.705,3.448751
39.71,3.448887
39.715,3.44898
39.72,3.449044
39.725,3.449128
39.73,3.449236
39.735,3.449346
39.74,3.449436
39.745,3.449496
39.75,3.449526
39.755,3.449532
39.76,3.449526
39.765,3.449514
39.77,3.449504
39.775,3.449513
39.78,3.449582
39.785,3.449698
39.79,3.449824
39.795,3.44993
39.8,3.45
39.805,3.450035
39.81,3.450041
39.815,3.450032
39.82,3.450018
39.825,3.450005
39.83,3.449996
39.835,3.449993
39.84,3.449993
39.845,3.449995
39.85,3.449997
39.855,3.45
39.86,3.450001
39.865,3.450001
39.87,3.450001
39.875,3.450001
39.88,3.45
39.885,3.45
39.89,3.45
39.895,3.45
39.9,3.45
39.905,3.45
39.91,3.45
39.915,3.449983
39.92,3.44991
39.925,3.449794
39.93,3.44967
39.935,3.449566
39.94,3.449498
39.945,3.449466
39.95,3.44946
39.955,3.449469
39.96,3.449483
39.965,3.449468
39.97,3.449391
39.975,3.449273
39.98,3.449151
39.985,3.449053
39.99,3.448991
39.995,3.44894
40,3.448858
40.005,3.448745
40.01,3.448585
40.015,3.448395
40.02,3.448213
40.025,3.448073
40.03,3.447987
40.035,3.447949
40.04,3.447946
40.045,3.447961
40.05,3.447981
40.055,3.447997
40.06,3.448007
40.065,3.44801
40.07,3.448009
40.075,3.448006
40.08,3.448003
40.085,3.448
40.09,3.447999
40.095,3.447998
40.1,3.447999
40.105,3.447999
40.11,3.448
40.115,3.448
40.12,3.448
40.125,3.448
40.13,3.448
40.135,3.448
40.14,3.448
40.145,3.448
40.15,3.448
40.155,3.448
40.16,3.448
40.165,3.448
40.17,3.448
40.175,3.448
40.18,3.448
40.185,3.448
40.19,3.448
40.195,3.448
40.2,3.448
40.205,3.448
40.21,3.448
40.215,3.448
40.22,3.448
40.225,3.448
40.23,3.448
40.235,3.448
40.24,3.448
40.245,3.448
40.25,3.448
40.255,3.448
40.26,3.448
40.265,3.448
40.27,3.448
40.275,3.448
40.28,3.448
40.285,3.448
40.29,3.448
40.295,3.448
40.3,3.448
40.305,3.448
40.31,3.448
40.315,3.448
40.32,3.448
40.325,3.448
40.33,3.448
40.335,3.448
40.34,3.448
40.345,3.448
40.35,3.448
40.355,3.448
40.36,3.448
40.365,3.448004
40.37,3.448052
40.375,3.448154
40.38,3.448279
40.385,3.448394
40.39,3.448478
40.395,3.448525
40.4,3.44854
40.405,3.448537
40.41,3.448552
40.415,3.448624
40.42,3.448735
40.425,3.448852
40.43,3.448946
40.435,3.449007
40.44,3.449034
40.445,3.449038
40.45,3.44903
40.455,3.449055
40.46,3.449138
40.465,3.449255
40.47,3.449371
40.475,3.44946
40.48,3.449515
40.485,3.449537
40.49,3.449537
40.495,3.449526
40.5,3.449512
40.505,3.449501
40.51,3.449495
40.515,3.449493
40.52,3.449495
40.525,3.449529
40.53,3.44962
40.535,3.449744
40.54,3.449865
40.545,3.449959
40.55,3.450016
40.555,3.450039
40.56,3.450039
40.565,3.450027
40.57,3.450013
40.575,3.450001
40.58,3.449995
40.585,3.449993
40.59,3.449994
40.595,3.449996
40.6,3.449998
40.605,3.450004
40.61,3.450052
40.615,3.450153
40.62,3.450278
40.625,3.450393
40.63,3.450477
40.635,3.450547
40.64,3.450642
40.645,3.450757
40.65,3.450867
40.655,3.450953
40.66,3.451007
40.665,3.45103
40.67,3.451033
40.675,3.451024
40.68,3.451012
40.685,3.451025
40.69,3.451098
40.695,3.451215
40.7,3.451339
40.705,3.45144
40.71,3.451506
40.715,3.451536
40.72,3.451541
40.725,3.451531
40.73,3.451516
40.735,3.451504
40.74,3.451496
40.745,3.451493
40.75,3.451493
40.755,3.451498
40.76,3.451544
40.765,3.451644
40.77,3.45177
40.775,3.451887
40.78,3.451974
40.785,3.452023
40.79,3.45204
40.795,3.452037
40.8,3.452024
40.805,3.45201
40.81,3.451999
40.815,3.451994
40.82,3.451993
40.825,3.451994
40.83,3.451996
40.835,3.451999
40.84,3.452003
40.845,3.452049
40.85,3.452148
40.855,3.452273
40.86,3.452389
40.865,3.452474
40.87,3.452523
40.875,3.45254
40.88,3.452537
40.885,3.452524
40.89,3.45251
40.895,3.452499
40.9,3.452494
40.905,3.452493
40.91,3.452494
40.915,3.452496
40.92,3.452499
40.925,3.4525
40.93,3.452501
40.935,3.452501
40.94,3.4525
40.945,3.452477
40.95,3.4524
40.955,3.452284
40.96,3.452161
40.965,3.452061
40.97,3.451996
40.975,3.451965
40.98,3.451961
40.985,3.45197
40.99,3.451984
40.995,3.451996
41,3.452004
41.005,3.452007
41.01,3.452007
41.015,3.452005
41.02,3.452002
41.025,3.452
41.03,3.451999
41.035,3.451999
41.04,3.451999
41.045,3.451991
41.05,3.451932
41.055,3.451824
41.06,3.451697
41.065,3.451548
41.07,3.451376
41.075,3.451212
41.08,3.451082
41.085,3.450999
41.09,3.45096
41.095,3.45095
41.1,3.450917
41.105,3.450835
41.11,3.450724
41.115,3.450617
41.12,3.450535
41.125,3.450485
41.13,3.450466
41.135,3.450466
41.14,3.450476
41.145,3.450489
41.15,3.450499
41.155,3.450505
41.16,3.450507
41.165,3.450506
41.17,3.450504
41.175,3.450501
41.18,3.4505
41.185,3.450499
41.19,3.450473
41.195,3.450391
41.2,3.450271
41.205,3.450149
41.21,3.450051
41.215,3.44999
41.22,3.449963
41.225,3.449961
41.23,3.449971
41.235,3.449986
41.24,3.449998
41.245,3.450005
41.25,3.450007
41.255,3.450007
41.26,3.450004
41.265,3.450002
41.27,3.45
41.275,3.449999
41.28,3.449999
41.285,3.449999
41.29,3.449999
41.295,3.45
41.3,3.45
41.305,3.45
41.31,3.45
41.315,3.45
41.32,3.45
41.325,3.45
41.33,3.45
41.335,3.45
41.34,3.45
41.345,3.45
41.35,3.45
41.355,3.45
41.36,3.45
41.365,3.45
41.37,3.45
41.375,3.45
41.38,3.45
41.385,3.45
41.39,3.45
41.395,3.45
41.4,3.45
41.405,3.45
41.41,3.45
41.415,3.45
41.42,3.45
41.425,3.45
41.43,3.45
41.435,3.45
41.44,3.45
41.445,3.45
41.45,3.450027
41.455,3.450111
41.46,3.450231
41.465,3.450353
41.47,3.45045
41.475,3.450511
41.48,3.450537
41.485,3.450539
41.49,3.450528
41.495,3.450514
41.5,3.450502
41.505,3.450495
41.51,3.450493
41.515,3.450493
41.52,3.450496
41.525,3.4505
41.53,3.450542
41.535,3.450638
41.54,3.450763
41.545,3.450881
41.55,3.450969
41.555,3.45102
41.56,3.45104
41.565,3.45105
41.57,3.451103
41.575,3.451202
41.58,3.451316
41.585,3.451417
41.59,3.451488
41.595,3.451526
41.6,3.451537
41.605,3.451531
41.61,3.451521
41.615,3.451547
41.62,3.451633
41.625,3.451753
41.63,3.451871
41.635,3.451962
41.64,3.452017
41.645,3.452039
41.65,3.452038
41.655,3.452026
41.66,3.452012
41.665,3.452001
41.67,3.451995
41.675,3.451993
41.68,3.451994
41.685,3.451996
41.69,3.452005
41.695,3.452062
41.7,3.452169
41.705,3.452295
41.71,3.452407
41.715,3.452486
41.72,3.452528
41.725,3.452541
41.73,3.452535
41.735,3.452521
41.74,3.452508
41.745,3.452498
41.75,3.452493
41.755,3.452514
41.76,3.452594
41.765,3.452715
41.77,3.452841
41.775,3.452943
41.78,3.453008
41.785,3.453037
41.79,3.453041
41.795,3.45303
41.8,3.453016
41.805,3.453003
41.81,3.452995
41.815,3.452993
41.82,3.452993
41.825,3.452995
41.83,3.452998
41.835,3.453
41.84,3.453003
41.845,3.453042
41.85,3.453136
41.855,3.45326
41.86,3.453378
41.865,3.453467
41.87,3.453519
41.875,3.453539
41.88,3.453538
41.885,3.453525
41.89,3.453511
41.895,3.4535
41.9,3.453494
41.905,3.453493
41.91,3.453494
41.915,3.453496
41.92,3.453499
41.925,3.4535
41.93,3.453501
41.935,3.453501
41.94,3.453501
41.945,3.453501
41.95,3.4535
41.955,3.4535
41.96,3.4535
41.965,3.4535
41.97,3.4535
41.975,3.4535
41.98,3.4535
41.985,3.4535
41.99,3.4535
41.995,3.4535
42,3.4535
42.005,3.4535
42.01,3.4535
42.015,3.4535
42.02,3.4535
42.025,3.4535
42.03,3.4535
42.035,3.4535
42.04,3.4535
42.045,3.4535
42.05,3.4535
42.055,3.4535
42.06,3.4535
42.065,3.4535
42.07,3.4535
42.075,3.4535
42.08,3.4535
42.085,3.4535
42.09,3.4535
42.095,3.4535
42.1,3.4535
42.105,3.4535
42.11,3.4535
42.115,3.4535
42.12,3.4535
42.125,3.4535
42.13,3.4535
42.135,3.4535
42.14,3.453472
42.145,3.453387
42.15,3.453266
42.155,3.453144
42.16,3.453048
42.165,3.452988
42.17,3.452962
42.175,3.452961
42.18,3.452972
42.185,3.452986
42.19,3.452998
42.195,3.453005
42.2,3.453007
42.205,3.453007
42.21,3.453004
42.215,3.453002
42.22,3.453
42.225,3.452999
42.23,3.452999
42.235,3.452999
42.24,3.452999
42.245,3.453
42.25,3.453
42.255,3.453
42.26,3.453
42.265,3.453
42.27,3.453
42.275,3.453
42.28,3.453
42.285,3.453
42.29,3.453
42.295,3.453
42.3,3.453
42.305,3.453
42.31,3.453
42.315,3.453
42.32,3.453
42.325,3.453
42.33,3.453
42.335,3.453
42.34,3.453
42.345,3.453
42.35,3.453
42.355,3.453
42.36,3.453
42.365,3.453
42.37,3.453
42.375,3.453
42.38,3.453
42.385,3.453
42.39,3.453
42.395,3.453
42.4,3.453
42.405,3.453
42.41,3.453
42.415,3.453
42.42,3.453
42.425,3.453
42.43,3.453
42.435,3.453
42.44,3.453
42.445,3.453
42.45,3.453
42.455,3.453
42.46,3.453
42.465,3.453
42.47,3.453
42.475,3.453
42.48,3.453
42.485,3.453
42.49,3.453
42.495,3.453
42.5,3.453
42.505,3.453
42.51,3.453
42.515,3.453009
42.52,3.453069
42.525,3.453178
42.53,3.453304
42.535,3.453414
42.54,3.45349
42.545,3.45353
42.55,3.453541
42.555,3.453534
42.56,3.45352
42.565,3.453507
42.57,3.453498
42.575,3.453493
42.58,3.453493
42.585,3.453495
42.59,3.453497
42.595,3.453499
42.6,3.453501
42.605,3.453518
42.61,3.453591
42.615,3.453707
42.62,3.453831
42.625,3.453946
42.63,3.45408
42.635,3.454225
42.64,3.454356
42.645,3.454454
42.65,3.454523
42.655,3.454609
42.66,3.45472
42.665,3.454834
42.67,3.454929
42.675,3.454993
42.68,3.455025
42.685,3.455053
42.69,3.455123
42.695,3.455229
42.7,3.455342
42.705,3.455436
42.71,3.455499
42.715,3.455529
42.72,3.455536
42.725,3.455541
42.73,3.455596
42.735,3.455697
42.74,3.455815
42.745,3.455919
42.75,3.45599
42.755,3.456028
42.76,3.456038
42.765,3.456032
42.77,3.456027
42.775,3.456072
42.78,3.456171
42.785,3.456293
42.79,3.456403
42.795,3.456483
42.8,3.456526
42.805,3.45654
42.81,3.456535
42.815,3.456522
42.82,3.456508
42.825,3.456499
42.83,3.456494
42.835,3.456493
42.84,3.456494
42.845,3.456497
42.85,3.456499
42.855,3.4565
42.86,3.456501
42.865,3.456501
42.87,3.456501
42.875,3.4565
42.88,3.456492
42.885,3.456433
42.89,3.456324
42.895,3.456198
42.9,3.456088
42.905,3.456011
42.91,3.455971
42.915,3.455959
42.92,3.455966
42.925,3.45598
42.93,3.455993
42.935,3.455999
42.94,3.455958
42.945,3.455858
42.95,3.455731
42.955,3.455613
42.96,3.455522
42.965,3.455427
42.97,3.455309
42.975,3.455188
42.98,3.455086
42.985,3.455015
42.99,3.454977
42.995,3.454937
43,3.454856
43.005,3.454746
43.01,3.454636
43.015,3.454548
43.02,3.454493
43.025,3.454468
43.03,3.454466
43.035,3.454475
43.04,3.454487
43.045,3.454498
43.05,3.454484
43.055,3.454411
43.06,3.454292
43.065,3.454167
43.07,3.454063
43.075,3.453995
43.08,3.453964
43.085,3.453959
43.09,3.453969
43.095,3.453983
43.1,3.453996
43.105,3.454004
43.11,3.454007
43.115,3.454007
43.12,3.454005
43.125,3.454002
43.13,3.454
43.135,3.453999
43.14,3.453999
43.145,3.453999
43.15,3.453999
43.155,3.454
43.16,3.454
43.165,3.454
43.17,3.454
43.175,3.454
43.18,3.454
43.185,3.454
43.19,3.454
43.195,3.454
43.2,3.454
43.205,3.454
43.21,3.454
43.215,3.454
43.22,3.454
43.225,3.454
43.23,3.454
43.235,3.454
43.24,3.454
43.245,3.454
43.25,3.454
43.255,3.454
43.26,3.454
43.265,3.454
43.27,3.454
43.275,3.454
43.28,3.454
43.285,3.454
43.29,3.454
43.295,3.454
43.3,3.454
43.305,3.454
43.31,3.454
43.315,3.454
43.32,3.454
43.325,3.454
43.33,3.454
43.335,3.454
43.34,3.454
43.345,3.454
43.35,3.454
43.355,3.454
43.36,3.454008
43.365,3.454067
43.37,3.454176
43.375,3.454301
43.38,3.454412
43.385,3.454489
43.39,3.454529
43.395,3.454541
43.4,3.454534
43.405,3.45452
43.41,3.454507
43.415,3.454498
43.42,3.454493
43.425,3.454493
43.43,3.454495
43.435,3.454497
43.44,3.454511
43.445,3.454577
43.45,3.454689
43.455,3.454815
43.46,3.454922
43.465,3.454995
43.47,3.455032
43.475,3.455043
43.48,3.455075
43.485,3.455156
43.49,3.455267
43.495,3.455377
43.5,3.455461
43.505,3.455513
43.51,3.455534
43.515,3.455535
43.52,3.455525
43.525,3.455537
43.53,3.45561
43.535,3.455724
43.54,3.455845
43.545,3.455943
43.55,3.456006
43.555,3.456036
43.56,3.45604
43.565,3.45603
43.57,3.456015
43.575,3.456003
43.58,3.455996
43.585,3.455993
43.59,3.455993
43.595,3.455995
43.6,3.456007
43.605,3.456071
43.61,3.456182
43.615,3.456308
43.62,3.456417
43.625,3.456492
43.63,3.456531
43.635,3.456541
43.64,3.456534
43.645,3.45652
43.65,3.456506
43.655,3.456519
43.66,3.456593
43.665,3.456711
43.67,3.456837
43.675,3.456939
43.68,3.457006
43.685,3.457037
43.69,3.457041
43.695,3.457031
43.7,3.457016
43.705,3.457004
43.71,3.456996
43.715,3.456993
43.72,3.456993
43.725,3.456995
43.73,3.456998
43.735,3.457
43.74,3.457001
43.745,3.457002
43.75,3.457038
43.755,3.457129
43.76,3.457252
43.765,3.457371
43.77,3.457462
43.775,3.457517
43.78,3.457539
43.785,3.457538
43.79,3.457526
43.795,3.457512
43.8,3.457501
43.805,3.457495
43.81,3.457493
43.815,3.457494
43.82,3.457496
43.825,3.457498
43.83,3.4575
43.835,3.457501
43.84,3.457501
43.845,3.457501
43.85,3.457501
43.855,3.4575
43.86,3.4575
43.865,3.4575
43.87,3.4575
43.875,3.4575
43.88,3.4575
43.885,3.4575
43.89,3.457471
43.895,3.457385
43.9,3.457264
43.905,3.457142
43.91,3.457047
43.915,3.456987
43.92,3.456962
43.925,3.456961
43.93,3.456972
43.935,3.456986
43.94,3.456998
43.945,3.457005
43.95,3.457007
43.955,3.457007
43.96,3.457004
43.965,3.457002
43.97,3.457
43.975,3.456999
43.98,3.456999
43.985,3.456999
43.99,3.456999
43.995,3.457
44,3.457
44.005,3.457
44.01,3.457
44.015,3.457
44.02,3.457
44.025,3.456973
44.03,3.456889
44.035,3.456769
44.04,3.456635
44.045,3.456473
44.05,3.456301
44.055,3.456149
44.06,3.456039
44.065,3.455977
44.07,3.455954
44.075,3.455957
44.08,3.455972
44.085,3.455988
44.09,3.456001
44.095,3.456007
44.1,3.456009
44.105,3.456002
44.11,3.455949
44.115,3.455843
44.12,3.455715
44.125,3.455601
44.13,3.455518
44.135,3.455473
44.14,3.455459
44.145,3.455464
44.15,3.455478
44.155,3.455492
44.16,3.455502
44.165,3.455507
44.17,3.455507
44.175,3.455506
44.18,3.455503
44.185,3.455501
44.19,3.4555
44.195,3.455499
44.2,3.455499
44.205,3.455499
44.21,3.4555
44.215,3.4555
44.22,3.4555
44.225,3.4555
44.23,3.4555
44.235,3.4555
44.24,3.4555
44.245,3.4555
44.25,3.4555
44.255,3.4555
44.26,3.4555
44.265,3.4555
44.27,3.4555
44.275,3.4555
44.28,3.4555
44.285,3.4555
44.29,3.4555
44.295,3.4555
44.3,3.4555
44.305,3.4555
44.31,3.4555
44.315,3.4555
44.32,3.4555
44.325,3.4555
44.33,3.4555
44.335,3.4555
44.34,3.4555
44.345,3.4555
44.35,3.4555
44.355,3.4555
44.36,3.4555
44.365,3.455505
44.37,3.455555
44.375,3.455659
44.38,3.455784
44.385,3.455898
44.39,3.45598
44.395,3.456026
44.4,3.45604
44.405,3.456036
44.41,3.456022
44.415,3.456009
44.42,3.455999
44.425,3.455994
44.43,3.455993
44.435,3.455994
44.44,3.455997
44.445,3.455999
44.45,3.456
44.455,3.456022
44.46,3.456099
44.465,3.456217
44.47,3.45634
44.475,3.456441
44.48,3.456505
44.485,3.456536
44.49,3.456573
44.495,3.456652
44.5,3.45676
44.505,3.456868
44.51,3.456954
44.515,3.457008
44.52,3.457032
44.525,3.457034
44.53,3.457025
44.535,3.457013
44.54,3.457002
44.545,3.456996
44.55,3.457014
44.555,3.457092
44.56,3.457212
44.565,3.457338
44.57,3.45744
44.575,3.457506
44.58,3.457537
44.585,3.457541
44.59,3.457531
44.595,3.457516
44.6,3.457503
44.605,3.457496
44.61,3.457493
44.615,3.457493
44.62,3.457495
44.625,3.457498
44.63,3.4575
44.635,3.457507
44.64,3.457562
44.645,3.457667
44.65,3.457792
44.655,3.457904
44.66,3.45799
44.665,3.458086
44.67,3.458204
44.675,3.458324
44.68,3.458424
44.685,3.458491
44.69,3.458525
44.695,3.458534
44.7,3.458528
44.705,3.458519
44.71,3.458551
44.715,3.458642
44.72,3.458763
44.725,3.45888
44.73,3.458968
44.735,3.45902
44.74,3.459039
44.745,3.459056
44.75,3.459119
44.755,3.459222
44.76,3.459335
44.765,3.459431
44.77,3.459496
44.775,3.459529
44.78,3.459536
44.785,3.459529
44.79,3.459522
44.795,3.459564
44.8,3.459661
44.805,3.459783
44.81,3.459896
44.815,3.459978
44.82,3.460024
44.825,3.46004
44.83,3.460036
44.835,3.460021
44.84,3.459985
44.845,3.459931
44.85,3.459874
44.855,3.459822
44.86,3.45977
44.865,3.459704
44.87,3.459631
44.875,3.459566
44.88,3.459519
44.885,3.459491
44.89,3.459481
44.895,3.459481
44.9,3.459488
44.905,3.459495
44.91,3.4595
44.915,3.459503
44.92,3.459504
44.925,3.459503
44.93,3.459502
44.935,3.459501
44.94,3.459488
44.945,3.459423
44.95,3.459311
44.955,3.459186
44.96,3.459078
44.965,3.458988
44.97,3.458874
44.975,3.458698
44.98,3.458478
44.985,3.458263
44.99,3.458094
44.995,3.457988
45,3.457941
45.005,3.457935
45.01,3.457952
45.015,3.457976
45.02,3.457996
45.025,3.458008
45.03,3.458012
45.035,3.458011
45.04,3.458006
45.045,3.457963
45.05,3.457865
45.055,3.457739
45.06,3.457621
45.065,3.457531
45.07,3.45748
45.075,3.45746
45.08,3.457462
45.085,3.457475
45.09,3.457489
45.095,3.4575
45.1,3.457506
45.105,3.457507
45.11,3.457506
45.115,3.457504
45.12,3.457501
45.125,3.4575
45.13,3.457499
45.135,3.457499
45.14,3.457499
45.145,3.457499
45.15,3.4575
45.155,3.4575
45.16,3.4575
45.165,3.4575
45.17,3.4575
45.175,3.4575
45.18,3.4575
45.185,3.4575
45.19,3.4575
45.195,3.4575
45.2,3.4575
45.205,3.4575
45.21,3.4575
45.215,3.4575
45.22,3.4575
45.225,3.4575
45.23,3.4575
45.235,3.4575
45.24,3.4575
45.245,3.4575
45.25,3.4575
45.255,3.4575
45.26,3.4575
45.265,3.4575
45.27,3.4575
45.275,3.4575
45.28,3.4575
45.285,3.4575
45.29,3.4575
45.295,3.4575
45.3,3.4575
45.305,3.4575
45.31,3.4575
45.315,3.4575
45.32,3.4575
45.325,3.4575
45.33,3.4575
45.335,3.4575
45.34,3.4575
45.345,3.4575
45.35,3.4575
45.355,3.4575
45.36,3.4575
45.365,3.4575
45.37,3.4575
45.375,3.4575
45.38,3.4575
45.385,3.4575
45.39,3.4575
45.395,3.4575
45.4,3.4575
45.405,3.4575
45.41,3.4575
45.415,3.4575
45.42,3.4575
45.425,3.4575
45.43,3.4575
45.435,3.4575
45.44,3.457502
45.445,3.457543
45.45,3.45764
45.455,3.457764
45.46,3.457882
45.465,3.45797
45.47,3.458021
45.475,3.45804
45.48,3.458037
45.485,3.458036
45.49,3.458087
45.495,3.458188
45.5,3.458308
45.505,3.458414
45.51,3.458488
45.515,3.458528
45.52,3.458539
45.525,3.458535
45.53,3.458558
45.535,3.458638
45.54,3.458752
45.545,3.458867
45.55,3.458957
45.555,3.459013
45.56,3.459036
45.565,3.459047
45.57,3.459097
45.575,3.459194
45.58,3.459308
45.585,3.459411
45.59,3.459484
45.595,3.459524
45.6,3.459537
45.605,3.459532
45.61,3.45952
45.615,3.459507
45.62,3.459499
45.625,3.459494
45.63,3.459493
45.635,3.459495
45.64,3.459497
45.645,3.459499
45.65,3.4595
45.655,3.459502
45.66,3.459531
45.665,3.459618
45.67,3.459739
45.675,3.45986
45.68,3.459955
45.685,3.460013
45.69,3.460038
45.695,3.460039
45.7,3.460028
45.705,3.460013
45.71,3.460002
45.715,3.459995
45.72,3.459993
45.725,3.459994
45.73,3.459996
45.735,3.459998
45.74,3.46
45.745,3.460001
45.75,3.460001
45.755,3.460001
45.76,3.460001
45.765,3.46
45.77,3.46
45.775,3.46
45.78,3.46
45.785,3.46
45.79,3.46
45.795,3.46
45.8,3.46
45.805,3.46
45.81,3.46
45.815,3.46
45.82,3.46
45.825,3.46
45.83,3.460026
45.835,3.460108
45.84,3.460229
45.845,3.460351
45.85,3.460449
45.855,3.46051
45.86,3.460537
45.865,3.460539
45.87,3.460529
45.875,3.460514
45.88,3.460502
45.885,3.460495
45.89,3.460493
45.895,3.460493
45.9,3.460496
45.905,3.460498
45.91,3.4605
45.915,3.460501
45.92,3.460501
45.925,3.460501
45.93,3.460501
45.935,3.4605
45.94,3.4605
45.945,3.4605
45.95,3.4605
45.955,3.4605
45.96,3.4605
45.965,3.4605
45.97,3.4605
45.975,3.4605
45.98,3.4605
45.985,3.4605
45.99,3.4605
45.995,3.4605
46,3.4605
46.005,3.4605
46.01,3.4605
46.015,3.4605
46.02,3.4605
46.025,3.4605
46.03,3.4605
46.035,3.4605
46.04,3.4605
46.045,3.4605
46.05,3.4605
46.055,3.4605
46.06,3.4605
46.065,3.4605
46.07,3.4605
46.075,3.4605
46.08,3.4605
46.085,3.4605
46.09,3.4605
46.095,3.4605
46.1,3.4605
46.105,3.4605
46.11,3.4605
46.115,3.4605
46.12,3.4605
46.125,3.4605
46.13,3.4605
46.135,3.4605
46.14,3.4605
46.145,3.4605
46.15,3.4605
46.155,3.4605
46.16,3.4605
46.165,3.4605
46.17,3.4605
46.175,3.4605
46.18,3.4605
46.185,3.4605
46.19,3.4605
46.195,3.4605
46.2,3.461
46.205,3.461
46.21,3.461
46.215,3.461
46.22,3.461
46.225,3.461
46.23,3.461
46.235,3.461
46.24,3.461
46.245,3.461
46.25,3.461
46.255,3.461
46.26,3.461
46.265,3.461
46.27,3.461
46.275,3.461
46.28,3.461
46.285,3.461
46.29,3.461
46.295,3.461
46.3,3.461
46.305,3.461
46.31,3.461012
46.315,3.461078
46.32,3.461191
46.325,3.461316
46.33,3.461423
46.335,3.461496
46.34,3.461532
46.345,3.461563
46.35,3.461635
46.355,3.46174
46.36,3.461869
46.365,3.462035
46.37,3.462211
46.375,3.462364
46.38,3.462472
46.385,3.462531
46.39,3.46255
46.395,3.462544
46.4,3.462527
46.405,3.46251
46.41,3.462498
46.415,3.462492
46.42,3.462491
46.425,3.462522
46.43,3.462611
46.435,3.462735
46.44,3.462858
46.445,3.462955
46.45,3.463014
46.455,3.463039
46.46,3.46304
46.465,3.463028
46.47,3.463013
46.475,3.463002
46.48,3.462997
46.485,3.463036
46.49,3.463133
46.495,3.46326
46.5,3.46338
46.505,3.46347
46.51,3.463522
46.515,3.463541
46.52,3.463538
46.525,3.463525
46.53,3.463511
46.535,3.4635
46.54,3.46351
46.545,3.46358
46.55,3.463697
46.555,3.463824
46.56,3.463931
46.565,3.464001
46.57,3.464035
46.575,3.464042
46.58,3.464032
46.585,3.464018
46.59,3.464005
46.595,3.463996
46.6,3.463993
46.605,3.463993
46.61,3.463995
46.615,3.463997
46.62,3.464
46.625,3.463999
46.63,3.463963
46.635,3.463871
46.64,3.463747
46.645,3.463627
46.65,3.463536
46.655,3.463482
46.66,3.463461
46.665,3.463462
46.67,3.463474
46.675,3.463488
46.68,3.463499
46.685,3.463506
46.69,3.463507
46.695,3.463476
46.7,3.463387
46.705,3.463247
46.71,3.463052
46.715,3.462841
46.72,3.462654
46.725,3.462481
46.73,3.462313
46.735,3.462166
46.74,3.462058
46.745,3.461993
46.75,3.461958
46.755,3.461899
46.76,3.461803
46.765,3.461691
46.77,3.461591
46.775,3.461519
46.78,3.461479
46.785,3.461466
46.79,3.46147
46.795,3.461481
46.8,3.461493
46.805,3.461501
46.81,3.461495
46.815,3.461434
46.82,3.461322
46.825,3.461194
46.83,3.461083
46.835,3.460999
46.84,3.460901
46.845,3.460782
46.85,3.460664
46.855,3.460568
46.86,3.460505
46.865,3.460473
46.87,3.460466
46.875,3.460473
46.88,3.460485
46.885,3.460496
46.89,3.460503
46.895,3.460506
46.9,3.460506
46.905,3.460504
46.91,3.460502
46.915,3.4605
46.92,3.460499
46.925,3.460499
46.93,3.460499
46.935,3.460499
46.94,3.4605
46.945,3.4605
46.95,3.4605
46.955,3.4605
46.96,3.4605
46.965,3.4605
46.97,3.4605
46.975,3.4605
46.98,3.4605
46.985,3.4605
46.99,3.4605
46.995,3.4605
47,3.4605
47.005,3.4605
47.01,3.4605
47.015,3.4605
47.02,3.4605
47.025,3.4605
47.03,3.4605
47.035,3.4605
47.04,3.4605
47.045,3.4605
47.05,3.4605
47.055,3.4605
47.06,3.4605
47.065,3.4605
47.07,3.4605
47.075,3.4605
47.08,3.460501
47.085,3.460535
47.09,3.460626
47.095,3.460758
47.1,3.460938
47.105,3.461139
47.11,3.46132
47.115,3.461459
47.12,3.46159
47.125,3.461725
47.13,3.461869
47.135,3.462041
47.14,3.462219
47.145,3.462369
47.15,3.462474
47.155,3.462531
47.16,3.462548
47.165,3.462542
47.17,3.462526
47.175,3.462527
47.18,3.462589
47.185,3.4627
47.19,3.462824
47.195,3.462942
47.2,3.463081
47.205,3.463269
47.21,3.463497
47.215,3.46372
47.22,3.463931
47.225,3.464134
47.23,3.464309
47.235,3.464436
47.24,3.464511
47.245,3.464548
47.25,3.4646
47.255,3.46469
47.26,3.464798
47.265,3.464899
47.27,3.464973
47.275,3.465017
47.28,3.465033
47.285,3.465031
47.29,3.46502
47.295,3.465009
47.3,3.465
47.305,3.464995
47.31,3.464994
47.315,3.464995
47.32,3.464997
47.325,3.464999
47.33,3.465
47.335,3.465001
47.34,3.465001
47.345,3.465001
47.35,3.465
47.355,3.465
47.36,3.465
47.365,3.465
47.37,3.465
47.375,3.465
47.38,3.465
47.385,3.465
47.39,3.465
47.395,3.464999
47.4,3.464965
47.405,3.464874
47.41,3.464751
47.415,3.464631
47.42,3.464533
47.425,3.464423
47.43,3.464295
47.435,3.464165
47.44,3.464016
47.445,3.463842
47.45,3.463634
47.455,3.46341
47.46,3.463209
47.465,3.463061
47.47,3.462975
47.475,3.462942
47.48,3.462943
47.485,3.462962
47.49,3.462983
47.495,3.462999
47.5,3.462979
47.505,3.462894
47.51,3.462771
47.515,3.462646
47.52,3.462547
47.525,3.462486
47.53,3.46246
47.535,3.462459
47.54,3.462471
47.545,3.462486
47.55,3.462498
47.555,3.462505
47.56,3.462508
47.565,3.462501
47.57,3.462446
47.575,3.462338
47.58,3.462211
47.585,3.462097
47.59,3.462016
47.595,3.461972
47.6,3.461959
47.605,3.461964
47.61,3.461978
47.615,3.461992
47.62,3.462002
47.625,3.462007
47.63,3.462007
47.635,3.462006
47.64,3.462003
47.645,3.462001
47.65,3.462
47.655,3.461999
47.66,3.461999
47.665,3.461999
47.67,3.462
47.675,3.462
47.68,3.462
47.685,3.462
47.69,3.462
47.695,3.462
47.7,3.462
47.705,3.462
47.71,3.462
47.715,3.462
47.72,3.462
47.725,3.462
47.73,3.462
47.735,3.462
47.74,3.462
47.745,3.462
47.75,3.462
47.755,3.462
47.76,3.462
47.765,3.462
47.77,3.462
47.775,3.462
47.78,3.462
47.785,3.462
47.79,3.462
47.795,3.462
47.8,3.462
47.805,3.462
47.81,3.462
47.815,3.462
47.82,3.462
47.825,3.462
47.83,3.462
47.835,3.462
47.84,3.462
47.845,3.462
47.85,3.462
47.855,3.462
47.86,3.462
47.865,3.462
47.87,3.462
47.875,3.462
47.88,3.462
47.885,3.462
47.89,3.462
47.895,3.462
47.9,3.462
47.905,3.462
47.91,3.462
47.915,3.462009
47.92,3.462069
47.925,3.462178
47.93,3.462304
47.935,3.462414
47.94,3.46249
47.945,3.46253
47.95,3.462552
47.955,3.462608
47.96,3.462706
47.965,3.462818
47.97,3.462917
47.975,3.462987
47.98,3.463024
47.985,3.463035
47.99,3.46304
47.995,3.463089
48,3.463187
48.005,3.463305
48.01,3.46341
48.015,3.463493
48.02,3.463591
48.025,3.463711
48.03,3.463832
48.035,3.46393
48.04,3.463995
48.045,3.464027
48.05,3.464035
48.055,3.464028
48.06,3.464015
48.065,3.464004
48.07,3.463997
48.075,3.463994
48.08,3.463994
48.085,3.463996
48.09,3.464005
48.095,3.464063
48.1,3.464172
48.105,3.464298
48.11,3.464409
48.115,3.464487
48.12,3.464529
48.125,3.464541
48.13,3.46454
48.135,3.46458
48.14,3.464671
48.145,3.464787
48.15,3.464896
48.155,3.464976
48.16,3.465021
48.165,3.465038
48.17,3.465034
48.175,3.465022
48.18,3.465009
48.185,3.465
48.19,3.464994
48.195,3.464993
48.2,3.465014
48.205,3.465093
48.21,3.465212
48.215,3.465338
48.22,3.46544
48.225,3.465506
48.23,3.465536
48.235,3.465541
48.24,3.465542
48.245,3.465592
48.25,3.465692
48.255,3.465809
48.26,3.465914
48.265,3.465988
48.27,3.466027
48.275,3.466038
48.28,3.466033
48.285,3.46602
48.29,3.466007
48.295,3.465998
48.3,3.465994
48.305,3.465993
48.31,3.465995
48.315,3.465997
48.32,3.46598
48.325,3.465919
48.33,3.465813
48.335,3.465692
48.34,3.465586
48.345,3.465512
48.35,3.465473
48.355,3.465462
48.36,3.465468
48.365,3.46548
48.37,3.465493
48.375,3.465502
48.38,3.465506
48.385,3.465507
48.39,3.465505
48.395,3.465503
48.4,3.465501
48.405,3.465499
48.41,3.465499
48.415,3.465499
48.42,3.465496
48.425,3.46545
48.43,3.465351
48.435,3.465226
48.44,3.465107
48.445,3.46498
48.45,3.464835
48.455,3.464693
48.46,3.46458
48.465,3.464505
48.47,3.464463
48.475,3.464402
48.48,3.464305
48.485,3.464194
48.49,3.464093
48.495,3.464021
48.5,3.46398
48.505,3.463966
48.51,3.463969
48.515,3.463949
48.52,3.463873
48.525,3.46376
48.53,3.463643
48.535,3.46355
48.54,3.463491
48.545,3.463465
48.55,3.463462
48.555,3.463472
48.56,3.463486
48.565,3.463497
48.57,3.463504
48.575,3.463507
48.58,3.463506
48.585,3.463504
48.59,3.463502
48.595,3.4635
48.6,3.463499
48.605,3.463499
48.61,3.463499
48.615,3.463488
48.62,3.463425
48.625,3.463314
48.63,3.463189
48.635,3.463081
48.64,3.463007
48.645,3.462969
48.65,3.462959
48.655,3.462967
48.66,3.462981
48.665,3.462994
48.67,3.463003
48.675,3.463007
48.68,3.463007
48.685,3.463005
48.69,3.463003
48.695,3.463001
48.7,3.462999
48.705,3.462999
48.71,3.462999
48.715,3.462999
48.72,3.463
48.725,3.463
48.73,3.463
48.735,3.463
48.74,3.463
48.745,3.463
48.75,3.463
48.755,3.463
48.76,3.463
48.765,3.463
48.77,3.463
48.775,3.463
48.78,3.463
48.785,3.463
48.79,3.463
48.795,3.463
48.8,3.463
48.805,3.463
48.81,3.463
48.815,3.463
48.82,3.463
48.825,3.463
48.83,3.463
48.835,3.463002
48.84,3.463041
48.845,3.463135
48.85,3.463259
48.855,3.463378
48.86,3.463467
48.865,3.463524
48.87,3.463592
48.875,3.463692
48.88,3.463805
48.885,3.463928
48.89,3.46408
48.895,3.46424
48.9,3.464377
48.905,3.464476
48.91,3.464571
48.915,3.464686
48.92,3.464806
48.925,3.464908
48.93,3.464993
48.935,3.4651
48.94,3.465226
48.945,3.465347
48.95,3.465443
48.955,3.465503
48.96,3.465531
48.965,3.465553
48.97,3.465618
48.975,3.465722
48.98,3.465835
48.985,3.465934
48.99,3.466041
48.995,3.466171
49,3.466312
49.005,3.466482
49.01,3.466666
49.015,3.46683
49.02,3.466951
49.025,3.467021
49.03,3.467073
49.035,3.467153
49.04,3.467257
49.045,3.467363
49.05,3.467447
49.055,3.467502
49.06,3.467527
49.065,3.467532
49.07,3.467524
49.075,3.467513
49.08,3.467503
49.085,3.467497
49.09,3.467494
49.095,3.467494
49.1,3.467496
49.105,3.467498
49.11,3.4675
49.115,3.467501
49.12,3.467501
49.125,3.467501
49.13,3.467501
49.135,3.4675
49.14,3.4675
49.145,3.4675
49.15,3.4675
49.155,3.4675
49.16,3.4675
49.165,3.4675
49.17,3.4675
49.175,3.4675
49.18,3.4675
49.185,3.4675
49.19,3.467495
49.195,3.467443
49.2,3.467339
49.205,3.467213
49.21,3.467078
49.215,3.466918
49.22,3.466755
49.225,3.466617
49.23,3.466502
49.235,3.466373
49.24,3.466239
49.245,3.466089
49.25,3.465914
49.255,3.465742
49.26,3.465602
49.265,3.465509
49.27,3.465463
49.275,3.465452
49.28,3.465461
49.285,3.465478
49.29,3.465494
49.295,3.465504
49.3,3.465509
49.305,3.465509
49.31,3.465506
49.315,3.465503
49.32,3.465473
49.325,3.465386
49.33,3.465265
49.335,3.465143
49.34,3.465047
49.345,3.464988
49.35,3.464962
49.355,3.464961
49.36,3.464972
49.365,3.464986
49.37,3.464998
49.375,3.465005
49.38,3.465007
49.385,3.465007
49.39,3.465004
49.395,3.465002
49.4,3.464999
49.405,3.464964
49.41,3.464873
49.415,3.46475
49.42,3.46463
49.425,3.464539
49.43,3.464484
49.435,3.464461
49.44,3.464462
49.445,3.464474
49.45,3.464488
49.455,3.464499
49.46,3.464505
49.465,3.464507
49.47,3.464506
49.475,3.464504
49.48,3.464502
49.485,3.4645
49.49,3.464499
49.495,3.464499
49.5,3.464499
49.505,3.464499
49.51,3.4645
49.515,3.4645
49.52,3.4645
49.525,3.4645
49.53,3.4645
49.535,3.4645
49.54,3.4645
49.545,3.4645
49.55,3.4645
49.555,3.4645
49.56,3.4645
49.565,3.4645
49.57,3.4645
49.575,3.4645
49.58,3.4645
49.585,3.4645
49.59,3.4645
49.595,3.4645
49.6,3.4645
49.605,3.4645
49.61,3.4645
49.615,3.4645
49.62,3.4645
49.625,3.4645
49.63,3.4645
49.635,3.4645
49.64,3.4645
49.645,3.464501
49.65,3.46453
49.655,3.464617
49.66,3.464739
49.665,3.46486
49.67,3.464955
49.675,3.465013
49.68,3.465038
49.685,3.465065
49.69,3.465136
49.695,3.465242
49.7,3.465353
49.705,3.465444
49.71,3.465506
49.715,3.46558
49.72,3.465684
49.725,3.465801
49.73,3.465904
49.735,3.465979
49.74,3.46602
49.745,3.466059
49.75,3.466137
49.755,3.466246
49.76,3.466356
49.765,3.466446
49.77,3.466504
49.775,3.466531
49.78,3.466535
49.785,3.466526
49.79,3.466535
49.795,3.466603
49.8,3.466715
49.805,3.466836
49.81,3.466936
49.815,3.467002
49.82,3.467034
49.825,3.46704
49.83,3.467031
49.835,3.467017
49.84,3.467011
49.845,3.467058
49.85,3.467162
49.855,3.467287
49.86,3.467401
49.865,3.467483
49.87,3.467528
49.875,3.467541
49.88,3.467536
49.885,3.467522
49.89,3.467508
49.895,3.467498
49.9,3.467493
49.905,3.467493
49.91,3.467494
49.915,3.467497
49.92,3.467499
49.925,3.4675
49.93,3.467501
49.935,3.467501
49.94,3.467501
49.945,3.4675
49.95,3.4675
49.955,3.4675
49.96,3.4675
49.965,3.4675
49.97,3.4675
49.975,3.4675
49.98,3.4675
49.985,3.4675
49.99,3.4675
49.995,3.4675
50,3.4675
50.005,3.4675
50.01,3.4675
50.015,3.4675
50.02,3.4675
50.025,3.4675
50.03,3.4675
50.035,3.4675
50.04,3.4675
50.045,3.4675
50.05,3.4675
50.055,3.4675
50.06,3.4675
50.065,3.4675
50.07,3.4675
50.075,3.4675
50.08,3.4675
50.085,3.4675
50.09,3.4675
50.095,3.4675
50.1,3.4675
50.105,3.4675
50.11,3.4675
50.115,3.4675
50.12,3.4675
50.125,3.4675
50.13,3.4675
50.135,3.4675
50.14,3.4675
50.145,3.4675
50.15,3.4675
50.155,3.4675
50.16,3.4675
50.165,3.4675
50.17,3.4675
50.175,3.4675
50.18,3.4675
50.185,3.4675
50.19,3.4675
50.195,3.4675
50.2,3.466
50.205,3.466
50.21,3.466
50.215,3.466
50.22,3.466
50.225,3.466
50.23,3.466
50.235,3.466
50.24,3.466
50.245,3.466
50.25,3.466
50.255,3.466
50.26,3.466
50.265,3.466
50.27,3.466
50.275,3.466
50.28,3.466
50.285,3.466
50.29,3.466
50.295,3.466
50.3,3.466
50.305,3.466
50.31,3.466
50.315,3.466
50.32,3.466
50.325,3.466
50.33,3.466
50.335,3.466
50.34,3.466
50.345,3.466
50.35,3.466
50.355,3.466
50.36,3.466
50.365,3.466
50.37,3.466
50.375,3.466
50.38,3.466
50.385,3.466
50.39,3.466
50.395,3.466
50.4,3.466
50.405,3.466
50.41,3.466
50.415,3.466
50.42,3.466
50.425,3.466
50.43,3.466
50.435,3.466
50.44,3.466
50.445,3.466
50.45,3.466
50.455,3.466
50.46,3.466
50.465,3.466
50.47,3.466
50.475,3.466
50.48,3.466
50.485,3.466
50.49,3.466
50.495,3.466
50.5,3.466
50.505,3.466
50.51,3.466
50.515,3.466
50.52,3.466
50.525,3.466
50.53,3.466
50.535,3.466
50.54,3.466
50.545,3.466
50.55,3.466
50.555,3.466
50.56,3.466
50.565,3.466
50.57,3.466
50.575,3.466
50.58,3.466
50.585,3.466
50.59,3.466
50.595,3.466
50.6,3.466
50.605,3.466
50.61,3.466
50.615,3.466
50.62,3.466
50.625,3.466
50.63,3.466
50.635,3.466
50.64,3.466
50.645,3.466
50.65,3.466
50.655,3.466
50.66,3.466
50.665,3.466
50.67,3.466
50.675,3.466
50.68,3.466
50.685,3.466
50.69,3.466
50.695,3.466
50.7,3.466
50.705,3.466
50.71,3.466
50.715,3.466001
50.72,3.466031
50.725,3.466119
50.73,3.466241
50.735,3.466362
50.74,3.466457
50.745,3.466514
50.75,3.466538
50.755,3.466541
50.76,3.466568
50.765,3.466648
50.77,3.466769
50.775,3.466938
50.78,3.467133
50.785,3.467312
50.79,3.46745
50.795,3.467577
50.8,3.467711
50.805,3.467835
50.81,3.467932
50.815,3.467995
50.82,3.468026
50.825,3.468032
50.83,3.468025
50.835,3.468014
50.84,3.468003
50.845,3.467997
50.85,3.467994
50.855,3.468001
50.86,3.468058
50.865,3.468166
50.87,3.468294
50.875,3.468407
50.88,3.468486
50.885,3.468529
50.89,3.468541
50.895,3.468535
50.9,3.468521
50.905,3.468508
50.91,3.468498
50.915,3.468493
50.92,3.468493
50.925,3.468494
50.93,3.468497
50.935,3.468499
50.94,3.468501
50.945,3.468501
50.95,3.468501
50.955,3.468501
50.96,3.4685
50.965,3.4685
50.97,3.4685
50.975,3.4685
50.98,3.4685
50.985,3.4685
50.99,3.4685
50.995,3.4685
51,3.4685
51.005,3.4685
51.01,3.4685
51.015,3.4685
51.02,3.4685
51.025,3.4685
51.03,3.4685
51.035,3.4685
51.04,3.4685
51.045,3.4685
51.05,3.468496
51.055,3.468451
51.06,3.468351
51.065,3.46821
51.07,3.468024
51.075,3.467824
51.08,3.467651
51.085,3.46752
51.09,3.467393
51.095,3.467262
51.1,3.467143
51.105,3.467053
51.11,3.466973
51.115,3.466866
51.12,3.466743
51.125,3.466628
51.13,3.466541
51.135,3.466489
51.14,3.466467
51.145,3.466467
51.15,3.466477
51.155,3.466489
51.16,3.466499
51.165,3.466505
51.17,3.466507
51.175,3.466506
51.18,3.466504
51.185,3.466502
51.19,3.4665
51.195,3.466499
51.2,3.466499
51.205,3.466499
51.21,3.466499
51.215,3.4665
51.22,3.4665
51.225,3.4665
51.23,3.4665
51.235,3.4665
51.24,3.4665
51.245,3.4665
51.25,3.4665
51.255,3.4665
51.26,3.4665
51.265,3.4665
51.27,3.4665
51.275,3.4665
51.28,3.4665
51.285,3.4665
51.29,3.4665
51.295,3.4665
51.3,3.4665
51.305,3.4665
51.31,3.4665
51.315,3.4665
51.32,3.4665
51.325,3.4665
51.33,3.4665
51.335,3.4665
51.34,3.4665
51.345,3.4665
51.35,3.4665
51.355,3.4665
51.36,3.4665
51.365,3.4665
51.37,3.4665
51.375,3.4665
51.38,3.4665
51.385,3.4665
51.39,3.4665
51.395,3.4665
51.4,3.4665
51.405,3.4665
51.41,3.4665
51.415,3.4665
51.42,3.4665
51.425,3.4665
51.43,3.4665
51.435,3.4665
51.44,3.4665
51.445,3.4665
51.45,3.4665
51.455,3.4665
51.46,3.4665
51.465,3.4665
51.47,3.4665
51.475,3.4665
51.48,3.4665
51.485,3.4665
51.49,3.4665
51.495,3.4665
51.5,3.467
51.505,3.467
51.51,3.467
51.515,3.467
51.52,3.467
51.525,3.467
51.53,3.467
51.535,3.467
51.54,3.467
51.545,3.467
51.55,3.467
51.555,3.467
51.56,3.467
51.565,3.467
51.57,3.467
51.575,3.467
51.58,3.467
51.585,3.467
51.59,3.467
51.595,3.467
51.6,3.467
51.605,3.467
51.61,3.467003
51.615,3.467045
51.62,3.467142
51.625,3.467267
51.63,3.467384
51.635,3.467471
51.64,3.46753
51.645,3.467607
51.65,3.467713
51.655,3.467826
51.66,3.467922
51.665,3.467989
51.67,3.468023
51.675,3.468033
51.68,3.46804
51.685,3.468095
51.69,3.468196
51.695,3.468314
51.7,3.468417
51.705,3.46849
51.71,3.468528
51.715,3.468538
51.72,3.468533
51.725,3.468557
51.73,3.468637
51.735,3.468752
51.74,3.468867
51.745,3.468957
51.75,3.469013
51.755,3.469036
51.76,3.469037
51.765,3.469026
51.77,3.469013
51.775,3.469002
51.78,3.468995
51.785,3.468993
51.79,3.468994
51.795,3.468996
51.8,3.468998
51.805,3.469
51.81,3.469001
51.815,3.469001
51.82,3.469001
51.825,3.469001
51.83,3.469
51.835,3.469
51.84,3.469
51.845,3.469
51.85,3.469
51.855,3.469
51.86,3.469
51.865,3.469
51.87,3.469
51.875,3.469
51.88,3.469
51.885,3.469
51.89,3.469
51.895,3.469
51.9,3.469
51.905,3.469
51.91,3.469
51.915,3.469
51.92,3.469
51.925,3.469
51.93,3.469
51.935,3.469
51.94,3.469
51.945,3.469
51.95,3.469
51.955,3.469
51.96,3.469
51.965,3.469
51.97,3.469
51.975,3.469
51.98,3.469
51.985,3.469
51.99,3.469
51.995,3.469
52,3.469
52.005,3.469
52.01,3.469
52.015,3.469
52.02,3.469
52.025,3.469
52.03,3.469
52.035,3.469
52.04,3.469
52.045,3.469006
52.05,3.46906
52.055,3.469166
52.06,3.469292
52.065,3.469404
52.07,3.469484
52.075,3.469527
52.08,3.469541
52.085,3.469535
52.09,3.469522
52.095,3.469508
52.1,3.469498
52.105,3.469493
52.11,3.469493
52.115,3.469494
52.12,3.469497
52.125,3.469499
52.13,3.4695
52.135,3.469501
52.14,3.469505
52.145,3.469553
52.15,3.469654
52.155,3.469779
52.16,3.469894
52.165,3.469978
52.17,3.470024
52.175,3.47004
52.18,3.470036
52.185,3.470023
52.19,3.470009
52.195,3.469999
52.2,3.470003
52.205,3.470063
52.21,3.470175
52.215,3.470303
52.22,3.470415
52.225,3.470492
52.23,3.470531
52.235,3.470542
52.24,3.470535
52.245,3.47052
52.25,3.470507
52.255,3.470497
52.26,3.470493
52.265,3.470493
52.27,3.470495
52.275,3.470498
52.28,3.470536
52.285,3.470629
52.29,3.470753
52.295,3.470872
52.3,3.470963
52.305,3.471018
52.31,3.471039
52.315,3.471038
52.32,3.471026
52.325,3.471012
52.33,3.471001
52.335,3.470994
52.34,3.470993
52.345,3.470994
52.35,3.470996
52.355,3.470998
52.36,3.471
52.365,3.471001
52.37,3.471001
52.375,3.471001
52.38,3.471001
52.385,3.471
52.39,3.471
52.395,3.471
52.4,3.471
52.405,3.471
52.41,3.471
52.415,3.471
52.42,3.471
52.425,3.471
52.43,3.471
52.435,3.471
52.44,3.471
52.445,3.471
52.45,3.471
52.455,3.470996
52.46,3.470949
52.465,3.470848
52.47,3.470723
52.475,3.470608
52.48,3.470524
52.485,3.470476
52.49,3.47046
52.495,3.470464
52.5,3.470477
52.505,3.47048
52.51,3.470426
52.515,3.47032
52.52,3.470196
52.525,3.470086
52.53,3.47001
52.535,3.469969
52.54,3.469922
52.545,3.469837
52.55,3.469728
52.555,3.469616
52.56,3.469479
52.565,3.469323
52.57,3.469177
52.575,3.469063
52.58,3.468993
52.585,3.468961
52.59,3.468958
52.595,3.468969
52.6,3.468985
52.605,3.468998
52.61,3.469005
52.615,3.469008
52.62,3.469007
52.625,3.469005
52.63,3.469002
52.635,3.469
52.64,3.468999
52.645,3.468999
52.65,3.468999
52.655,3.468999
52.66,3.469
52.665,3.469
52.67,3.469
52.675,3.469
52.68,3.469
52.685,3.469
52.69,3.469
52.695,3.469
52.7,3.469
52.705,3.469
52.71,3.469
52.715,3.469
52.72,3.469
52.725,3.469
52.73,3.469
52.735,3.469
52.74,3.469
52.745,3.469
52.75,3.469
52.755,3.469
52.76,3.469
52.765,3.468984
52.77,3.468912
52.775,3.468797
52.78,3.468672
52.785,3.468568
52.79,3.468499
52.795,3.468466
52.8,3.46846
52.805,3.468469
52.81,3.468483
52.815,3.468495
52.82,3.468504
52.825,3.468507
52.83,3.468507
52.835,3.468519
52.84,3.46856
52.845,3.468627
52.85,3.468719
52.855,3.468821
52.86,3.468912
52.865,3.468978
52.87,3.469016
52.875,3.469029
52.88,3.469027
52.885,3.469017
52.89,3.469007
52.895,3.468999
52.9,3.468995
52.905,3.468995
52.91,3.468996
52.915,3.468997
52.92,3.468999
52.925,3.469
52.93,3.469001
52.935,3.469001
52.94,3.469001
52.945,3.469
52.95,3.469
52.955,3.469
52.96,3.469
52.965,3.469
52.97,3.469
52.975,3.469
52.98,3.469
52.985,3.469
52.99,3.469
52.995,3.469
53,3.469
53.005,3.469
53.01,3.469
53.015,3.469
53.02,3.469016
53.025,3.469088
53.03,3.469203
53.035,3.469328
53.04,3.469432
53.045,3.469501
53.05,3.469534
53.055,3.46954
53.06,3.469531
53.065,3.469517
53.07,3.469517
53.075,3.469574
53.08,3.469684
53.085,3.469809
53.09,3.46992
53.095,3.470036
53.1,3.470171
53.105,3.470306
53.11,3.470416
53.115,3.470489
53.12,3.470527
53.125,3.470537
53.13,3.47053
53.135,3.470518
53.14,3.470505
53.145,3.470497
53.15,3.470493
53.155,3.470493
53.16,3.470495
53.165,3.470497
53.17,3.470499
53.175,3.470501
53.18,3.470501
53.185,3.470501
53.19,3.470523
53.195,3.470602
53.2,3.470721
53.205,3.470844
53.21,3.470944
53.215,3.471007
53.22,3.471036
53.225,3.47104
53.23,3.47103
53.235,3.471015
53.24,3.471003
53.245,3.470996
53.25,3.470993
53.255,3.470993
53.26,3.470995
53.265,3.470998
53.27,3.471
53.275,3.471001
53.28,3.471001
53.285,3.471001
53.29,3.471001
53.295,3.471
53.3,3.471
53.305,3.471
53.31,3.471
53.315,3.471
53.32,3.471
53.325,3.471
53.33,3.471
53.335,3.471
53.34,3.471
53.345,3.471
53.35,3.471
53.355,3.471
53.36,3.471
53.365,3.471
53.37,3.471
53.375,3.471
53.38,3.471
53.385,3.471
53.39,3.471
53.395,3.471
53.4,3.471
53.405,3.471
53.41,3.471
53.415,3.471
53.42,3.471
53.425,3.471
53.43,3.471
53.435,3.471
53.44,3.471
53.445,3.471
53.45,3.471
53.455,3.471
53.46,3.471
53.465,3.471
53.47,3.471
53.475,3.471
53.48,3.471
53.485,3.471
53.49,3.471
53.495,3.471
53.5,3.471
53.505,3.471
53.51,3.471
53.515,3.471
53.52,3.471
53.525,3.471
53.53,3.471
53.535,3.471
53.54,3.471
53.545,3.471
53.55,3.471
53.555,3.471
53.56,3.471004
53.565,3.471049
53.57,3.471149
53.575,3.471274
53.58,3.47139
53.585,3.471475
53.59,3.471523
53.595,3.47154
53.6,3.471537
53.605,3.471524
53.61,3.47151
53.615,3.471526
53.62,3.471604
53.625,3.471724
53.63,3.471847
53.635,3.471947
53.64,3.47201
53.645,3.472038
53.65,3.47204
53.655,3.47203
53.66,3.472015
53.665,3.472003
53.67,3.471995
53.675,3.471993
53.68,3.472018
53.685,3.472102
53.69,3.472224
53.695,3.472349
53.7,3.472448
53.705,3.47251
53.71,3.472538
53.715,3.47254
53.72,3.472529
53.725,3.472515
53.73,3.472503
53.735,3.472495
53.74,3.472493
53.745,3.472525
53.75,3.472615
53.755,3.472739
53.76,3.472862
53.765,3.472957
53.77,3.473015
53.775,3.473039
53.78,3.473039
53.785,3.473028
53.79,3.473013
53.795,3.473001
53.8,3.472995
53.805,3.472992
53.81,3.472993
53.815,3.472996
53.82,3.472998
53.825,3.473
53.83,3.473001
53.835,3.473001
53.84,3.473001
53.845,3.473001
53.85,3.473
53.855,3.473
53.86,3.473
53.865,3.473
53.87,3.473
53.875,3.473
53.88,3.473
53.885,3.472981
53.89,3.472906
53.895,3.472789
53.9,3.472665
53.905,3.472563
53.91,3.472496
53.915,3.472465
53.92,3.47246
53.925,3.472469
53.93,3.472484
53.935,3.472496
53.94,3.472504
53.945,3.472507
53.95,3.472489
53.955,3.472413
53.96,3.472294
53.965,3.472168
53.97,3.472064
53.975,3.471996
53.98,3.471964
53.985,3.471929
53.99,3.471852
53.995,3.471745
54,3.471632
54.005,3.471498
54.01,3.471342
54.015,3.471192
54.02,3.471074
54.025,3.470998
54.03,3.470963
54.035,3.470957
54.04,3.470968
54.045,3.470983
54.05,3.470996
54.055,3.471005
54.06,3.471008
54.065,3.471008
54.07,3.471005
54.075,3.471002
54.08,3.471
54.085,3.470999
54.09,3.470999
54.095,3.470999
54.1,3.470999
54.105,3.471
54.11,3.471
54.115,3.471
54.12,3.471
54.125,3.471
54.13,3.471
54.135,3.471
54.14,3.471
54.145,3.471
54.15,3.471
54.155,3.471
54.16,3.471
54.165,3.471
54.17,3.471
54.175,3.471
54.18,3.471
54.185,3.471
54.19,3.471
54.195,3.471
54.2,3.471
54.205,3.471
54.21,3.471
54.215,3.471
54.22,3.471
54.225,3.471
54.23,3.471
54.235,3.471
54.24,3.471
54.245,3.471
54.25,3.471
54.255,3.471
54.26,3.471
54.265,3.471
54.27,3.471
54.275,3.471
54.28,3.471
54.285,3.471
54.29,3.471
54.295,3.471
54.3,3.471
54.305,3.471
54.31,3.471
54.315,3.471
54.32,3.471
54.325,3.471
54.33,3.471
54.335,3.471
54.34,3.471
54.345,3.471
54.35,3.471
54.355,3.471
54.36,3.471
54.365,3.471002
54.37,3.471039
54.375,3.471133
54.38,3.471257
54.385,3.471375
54.39,3.471465
54.395,3.471519
54.4,3.471539
54.405,3.471538
54.41,3.471526
54.415,3.471511
54.42,3.471501
54.425,3.471518
54.43,3.471597
54.435,3.471717
54.44,3.471843
54.445,3.471944
54.45,3.472009
54.455,3.472059
54.46,3.472141
54.465,3.472249
54.47,3.472358
54.475,3.472445
54.48,3.472502
54.485,3.472529
54.49,3.472533
54.495,3.472525
54.5,3.472513
54.505,3.472503
54.51,3.472497
54.515,3.472494
54.52,3.472494
54.525,3.472497
54.53,3.472531
54.535,3.472621
54.54,3.472745
54.545,3.472866
54.55,3.472959
54.555,3.473016
54.56,3.473039
54.565,3.473039
54.57,3.473027
54.575,3.473013
54.58,3.473001
54.585,3.472995
54.59,3.472993
54.595,3.472994
54.6,3.472996
54.605,3.472998
54.61,3.473
54.615,3.473001
54.62,3.473001
54.625,3.473001
54.63,3.473001
54.635,3.473
54.64,3.473
54.645,3.47302
54.65,3.473098
54.655,3.473216
54.66,3.47334
54.665,3.473441
54.67,3.473506
54.675,3.473536
54.68,3.47354
54.685,3.47353
54.69,3.473516
54.695,3.473503
54.7,3.473496
54.705,3.473493
54.71,3.473493
54.715,3.473495
54.72,3.473498
54.725,3.4735
54.73,3.473501
54.735,3.473501
54.74,3.473501
54.745,3.473507
54.75,3.473561
54.755,3.473666
54.76,3.473791
54.765,3.473904
54.77,3.473984
54.775,3.474027
54.78,3.474041
54.785,3.474035
54.79,3.474022
54.795,3.474008
54.8,3.473998
54.805,3.473993
54.81,3.473993
54.815,3.473994
54.82,3.473997
54.825,3.473999
54.83,3.474
54.835,3.474001
54.84,3.474001
54.845,3.474001
54.85,3.474
54.855,3.474
54.86,3.474
54.865,3.473998
54.87,3.473965
54.875,3.473879
54.88,3.473759
54.885,3.473639
54.89,3.473545
54.895,3.473487
54.9,3.473463
54.905,3.473462
54.91,3.473473
54.915,3.473487
54.92,3.473498
54.925,3.473505
54.93,3.473507
54.935,3.473506
54.94,3.473504
54.945,3.473502
54.95,3.4735
54.955,3.473499
54.96,3.473499
54.965,3.473499
54.97,3.473499
54.975,3.4735
54.98,3.4735
54.985,3.4735
54.99,3.47348
54.995,3.473402
55,3.473284
55.005,3.47316
55.01,3.473059
55.015,3.472994
55.02,3.472961
55.025,3.472914
55.03,3.472825
55.035,3.472715
55.04,3.472611
55.045,3.472532
55.05,3.472485
55.055,3.472467
55.06,3.472468
55.065,3.472478
55.07,3.47249
55.075,3.4725
55.08,3.472505
55.085,3.472506
55.09,3.472505
55.095,3.472503
55.1,3.472501
55.105,3.4725
55.11,3.472499
55.115,3.472499
55.12,3.472499
55.125,3.4725
55.13,3.4725
55.135,3.4725
55.14,3.4725
55.145,3.4725
55.15,3.4725
55.155,3.4725
55.16,3.4725
55.165,3.4725
55.17,3.4725
55.175,3.4725
55.18,3.4725
55.185,3.4725
55.19,3.4725
55.195,3.4725
55.2,3.4725
55.205,3.4725
55.21,3.4725
55.215,3.4725
55.22,3.4725
55.225,3.4725
55.23,3.4725
55.235,3.4725
55.24,3.4725
55.245,3.4725
55.25,3.4725
55.255,3.4725
55.26,3.4725
55.265,3.4725
55.27,3.4725
55.275,3.4725
55.28,3.4725
55.285,3.4725
55.29,3.4725
55.295,3.4725
55.3,3.4725
55.305,3.4725
55.31,3.4725
55.315,3.4725
55.32,3.4725
55.325,3.4725
55.33,3.4725
55.335,3.4725
55.34,3.4725
55.345,3.4725
55.35,3.4725
55.355,3.4725
55.36,3.4725
55.365,3.4725
55.37,3.4725
55.375,3.4725
55.38,3.472512
55.385,3.472578
55.39,3.472691
55.395,3.472816
55.4,3.472923
55.405,3.472996
55.41,3.473032
55.415,3.473041
55.42,3.473033
55.425,3.473021
55.43,3.473049
55.435,3.473137
55.44,3.473257
55.445,3.473375
55.45,3.473465
55.455,3.473518
55.46,3.473539
55.465,3.473538
55.47,3.473526
55.475,3.473523
55.48,3.473575
55.485,3.47368
55.49,3.473804
55.495,3.473913
55.5,3.473989
55.505,3.47403
55.51,3.474041
55.515,3.474034
55.52,3.47402
55.525,3.474007
55.53,3.473998
55.535,3.473993
55.54,3.473993
55.545,3.473995
55.55,3.473997
55.555,3.473999
55.56,3.474001
55.565,3.474001
55.57,3.474001
55.575,3.474001
55.58,3.474
55.585,3.474
55.59,3.474
55.595,3.474
55.6,3.474
55.605,3.474
55.61,3.474
55.615,3.474005
55.62,3.474054
55.625,3.474156
55.63,3.474282
55.635,3.474396
55.64,3.474479
55.645,3.474525
55.65,3.47454
55.655,3.474536
55.66,3.474523
55.665,3.474509
55.67,3.474499
55.675,3.474494
55.68,3.474493
55.685,3.474499
55.69,3.47455
55.695,3.474655
55.7,3.474782
55.705,3.474897
55.71,3.47498
55.715,3.475026
55.72,3.475041
55.725,3.475036
55.73,3.475023
55.735,3.475009
55.74,3.474999
55.745,3.474994
55.75,3.474993
55.755,3.474994
55.76,3.474997
55.765,3.474999
55.77,3.475004
55.775,3.475052
55.78,3.475153
55.785,3.475278
55.79,3.475393
55.795,3.475477
55.8,3.475524
55.805,3.47554
55.81,3.475536
55.815,3.475523
55.82,3.475509
55.825,3.475499
55.83,3.475494
55.835,3.475493
55.84,3.475494
55.845,3.475497
55.85,3.475499
55.855,3.4755
55.86,3.475501
55.865,3.475501
55.87,3.475501
55.875,3.4755
55.88,3.4755
55.885,3.4755
55.89,3.4755
55.895,3.4755
55.9,3.4755
55.905,3.4755
55.91,3.4755
55.915,3.4755
55.92,3.4755
55.925,3.4755
55.93,3.4755
55.935,3.4755
55.94,3.4755
55.945,3.4755
55.95,3.4755
55.955,3.4755
55.96,3.4755
55.965,3.4755
55.97,3.4755
55.975,3.4755
55.98,3.4755
55.985,3.4755
55.99,3.4755
55.995,3.4755
56,3.4755
56.005,3.4755
56.01,3.4755
56.015,3.4755
56.02,3.4755
56.025,3.4755
56.03,3.4755
56.035,3.4755
56.04,3.4755
56.045,3.4755
56.05,3.4755
56.055,3.4755
56.06,3.4755
56.065,3.4755
56.07,3.475488
56.075,3.475422
56.08,3.475309
56.085,3.475183
56.09,3.475045
56.095,3.474885
56.1,3.474727
56.105,3.474597
56.11,3.474511
56.115,3.474461
56.12,3.474397
56.125,3.474301
56.13,3.47419
56.135,3.474092
56.14,3.474021
56.145,3.473981
56.15,3.473967
56.155,3.47397
56.16,3.473981
56.165,3.473993
56.17,3.474001
56.175,3.474
56.18,3.473949
56.185,3.473844
56.19,3.473716
56.195,3.473601
56.2,3.473518
56.205,3.473473
56.21,3.473459
56.215,3.473464
56.22,3.473477
56.225,3.473491
56.23,3.473502
56.235,3.473507
56.24,3.473507
56.245,3.473506
56.25,3.473503
56.255,3.473501
56.26,3.4735
56.265,3.473499
56.27,3.473499
56.275,3.473499
56.28,3.4735
56.285,3.4735
56.29,3.4735
56.295,3.4735
56.3,3.4735
56.305,3.4735
56.31,3.4735
56.315,3.4735
56.32,3.4735
56.325,3.4735
56.33,3.4735
56.335,3.4735
56.34,3.4735
56.345,3.4735
56.35,3.4735
56.355,3.4735
56.36,3.4735
56.365,3.4735
56.37,3.4735
56.375,3.4735
56.38,3.4735
56.385,3.4735
56.39,3.4735
56.395,3.4735
56.4,3.4735
56.405,3.4735
56.41,3.4735
56.415,3.4735
56.42,3.4735
56.425,3.4735
56.43,3.4735
56.435,3.4735
56.44,3.4735
56.445,3.473516
56.45,3.473588
56.455,3.473703
56.46,3.473828
56.465,3.473932
56.47,3.474001
56.475,3.474034
56.48,3.47404
56.485,3.474031
56.49,3.474017
56.495,3.474005
56.5,3.473996
56.505,3.473993
56.51,3.473993
56.515,3.473995
56.52,3.473998
56.525,3.474
56.53,3.474001
56.535,3.474001
56.54,3.474002
56.545,3.474036
56.55,3.474126
56.555,3.474249
56.56,3.474369
56.565,3.474461
56.57,3.474516
56.575,3.474543
56.58,3.474589
56.585,3.474678
56.59,3.474789
56.595,3.474893
56.6,3.474971
56.605,3.475017
56.61,3.475034
56.615,3.475032
56.62,3.475022
56.625,3.475009
56.63,3.475
56.635,3.475009
56.64,3.475076
56.645,3.47519
56.65,3.475318
56.655,3.475425
56.66,3.475498
56.665,3.475534
56.67,3.475542
56.675,3.475533
56.68,3.475519
56.685,3.475505
56.69,3.475497
56.695,3.475493
56.7,3.475493
56.705,3.475495
56.71,3.475497
56.715,3.475505
56.72,3.475559
56.725,3.475665
56.73,3.47579
56.735,3.475903
56.74,3.475983
56.745,3.476027
56.75,3.47604
56.755,3.476035
56.76,3.476022
56.765,3.476008
56.77,3.475999
56.775,3.476022
56.78,3.476105
56.785,3.476228
56.79,3.476352
56.795,3.476451
56.8,3.476512
56.805,3.476539
56.81,3.47654
56.815,3.476529
56.82,3.476514
56.825,3.476502
56.83,3.476495
56.835,3.476492
56.84,3.476493
56.845,3.476496
56.85,3.476498
56.855,3.476513
56.86,3.476581
56.865,3.476694
56.87,3.476819
56.875,3.476926
56.88,3.476997
56.885,3.477032
56.89,3.47704
56.895,3.477032
56.9,3.477018
56.905,3.477005
56.91,3.476997
56.915,3.476993
56.92,3.476993
56.925,3.476995
56.93,3.476997
56.935,3.476999
56.94,3.477001
56.945,3.477001
56.95,3.477001
56.955,3.477001
56.96,3.477
56.965,3.477
56.97,3.477
56.975,3.477
56.98,3.477
56.985,3.476994
56.99,3.476941
56.995,3.476836
57,3.476711
57.005,3.476598
57.01,3.476517
57.015,3.476473
57.02,3.476459
57.025,3.476465
57.03,3.476478
57.035,3.476492
57.04,3.476502
57.045,3.476506
57.05,3.476507
57.055,3.4765
57.06,3.476446
57.065,3.47634
57.07,3.476213
57.075,3.476099
57.08,3.476017
57.085,3.475973
57.09,3.475959
57.095,3.475945
57.1,3.475882
57.105,3.475778
57.11,3.475664
57.115,3.475568
57.12,3.475503
57.125,3.47547
57.13,3.475463
57.135,3.475471
57.14,3.475483
57.145,3.475495
57.15,3.475503
57.155,3.475506
57.16,3.475475
57.165,3.475385
57.17,3.475261
57.175,3.475138
57.18,3.475043
57.185,3.474985
57.19,3.474961
57.195,3.474961
57.2,3.474972
57.205,3.474987
57.21,3.474999
57.215,3.475005
57.22,3.475007
57.225,3.475007
57.23,3.475004
57.235,3.475002
57.24,3.475
57.245,3.474999
57.25,3.474999
57.255,3.474999
57.26,3.474999
57.265,3.475
57.27,3.475
57.275,3.475
57.28,3.475
57.285,3.475
57.29,3.475
57.295,3.475
57.3,3.475
57.305,3.475
57.31,3.475
57.315,3.475
57.32,3.475
57.325,3.475
57.33,3.475
57.335,3.475
57.34,3.475
57.345,3.475
57.35,3.475
57.355,3.475
57.36,3.475
57.365,3.475
57.37,3.475
57.375,3.475
57.38,3.475
57.385,3.475
57.39,3.475
57.395,3.475
57.4,3.475
57.405,3.475015
57.41,3.475084
57.415,3.475198
57.42,3.475323
57.425,3.475428
57.43,3.475499
57.435,3.475533
57.44,3.475541
57.445,3.475532
57.45,3.475518
57.455,3.475505
57.46,3.475497
57.465,3.475493
57.47,3.475493
57.475,3.475495
57.48,3.475498
57.485,3.475527
57.49,3.475613
57.495,3.475735
57.5,3.475857
57.505,3.475953
57.51,3.476012
57.515,3.476038
57.52,3.476057
57.525,3.47612
57.53,3.476222
57.535,3.476335
57.54,3.476431
57.545,3.476495
57.55,3.476528
57.555,3.476536
57.56,3.476529
57.565,3.476517
57.57,3.476505
57.575,3.476497
57.58,3.476494
57.585,3.476494
57.59,3.476496
57.595,3.476529
57.6,3.476619
57.605,3.476742
57.61,3.476863
57.615,3.476958
57.62,3.477015
57.625,3.477039
57.63,3.477039
57.635,3.477027
57.64,3.477013
57.645,3.477001
57.65,3.476995
57.655,3.476993
57.66,3.476994
57.665,3.476996
57.67,3.476998
57.675,3.477
57.68,3.477001
57.685,3.477001
57.69,3.477001
57.695,3.477001
57.7,3.477
57.705,3.477
57.71,3.477014
57.715,3.477082
57.72,3.477196
57.725,3.477321
57.73,3.477427
57.735,3.477498
57.74,3.477533
57.745,3.477541
57.75,3.477532
57.755,3.477518
57.76,3.477505
57.765,3.477497
57.77,3.477493
57.775,3.477493
57.78,3.477495
57.785,3.477497
57.79,3.477499
57.795,3.477501
57.8,3.477501
57.805,3.477501
57.81,3.477501
57.815,3.4775
57.82,3.4775
57.825,3.4775
57.83,3.4775
57.835,3.4775
57.84,3.4775
57.845,3.4775
57.85,3.4775
57.855,3.4775
57.86,3.4775
57.865,3.4775
57.87,3.4775
57.875,3.4775
57.88,3.4775
57.885,3.4775
57.89,3.4775
57.895,3.4775
57.9,3.4775
57.905,3.4775
57.91,3.4775
57.915,3.4775
57.92,3.4775
57.925,3.4775
57.93,3.4775
57.935,3.4775
57.94,3.4775
57.945,3.4775
57.95,3.4775
57.955,3.4775
57.96,3.4775
57.965,3.4775
57.97,3.4775
57.975,3.4775
57.98,3.4775
57.985,3.4775
57.99,3.4775
57.995,3.4775
58,3.4775
58.005,3.4775
58.01,3.4775
58.015,3.4775
58.02,3.4775
58.025,3.4775
58.03,3.4775
58.035,3.4775
58.04,3.4775
58.045,3.4775
58.05,3.4775
58.055,3.4775
58.06,3.4775
58.065,3.4775
58.07,3.4775
58.075,3.4775
58.08,3.4775
58.085,3.4775
58.09,3.4775
58.095,3.4775
58.1,3.4775
58.105,3.4775
58.11,3.4775
58.115,3.4775
58.12,3.4775
58.125,3.4775
58.13,3.4775
58.135,3.4775
58.14,3.4775
58.145,3.4775
58.15,3.4775
58.155,3.4775
58.16,3.4775
58.165,3.4775
58.17,3.4775
58.175,3.477488
58.18,3.477422
58.185,3.477309
58.19,3.477184
58.195,3.477077
58.2,3.477004
58.205,3.476968
58.21,3.476935
58.215,3.476861
58.22,3.476755
58.225,3.476646
58.23,3.476556
58.235,3.476498
58.24,3.47647
58.245,3.476466
58.25,3.476474
58.255,3.476486
58.26,3.476497
58.265,3.476496
58.27,3.476441
58.275,3.476333
58.28,3.476205
58.285,3.476092
58.29,3.476013
58.295,3.47597
58.3,3.475958
58.305,3.475965
58.31,3.475979
58.315,3.475993
58.32,3.476002
58.325,3.476007
58.33,3.476007
58.335,3.476006
58.34,3.476003
58.345,3.476001
58.35,3.475999
58.355,3.475999
58.36,3.475999
58.365,3.475999
58.37,3.476
58.375,3.476
58.38,3.476
58.385,3.476
58.39,3.476
58.395,3.476
58.4,3.476
58.405,3.476
58.41,3.476
58.415,3.476
58.42,3.476
58.425,3.476
58.43,3.476
58.435,3.476
58.44,3.476
58.445,3.476
58.45,3.476
58.455,3.476
58.46,3.476
58.465,3.476
58.47,3.476
58.475,3.476
58.48,3.476
58.485,3.476
58.49,3.476
58.495,3.476
58.5,3.476
58.505,3.476
58.51,3.476
58.515,3.476
58.52,3.476
58.525,3.476002
58.53,3.476039
58.535,3.476133
58.54,3.476257
58.545,3.476375
58.55,3.476465
58.555,3.476519
58.56,3.476539
58.565,3.476538
58.57,3.476526
58.575,3.476511
58.58,3.4765
58.585,3.476494
58.59,3.476493
58.595,3.476494
58.6,3.476499
58.605,3.476543
58.61,3.476642
58.615,3.476768
58.62,3.476885
58.625,3.476972
58.63,3.477022
58.635,3.477042
58.64,3.47708
58.645,3.477164
58.65,3.477274
58.655,3.477381
58.66,3.477464
58.665,3.477513
58.67,3.477534
58.675,3.477534
58.68,3.477523
58.685,3.477511
58.69,3.477501
58.695,3.477495
58.7,3.477494
58.705,3.477494
58.71,3.477496
58.715,3.477499
58.72,3.477522
58.725,3.477601
58.73,3.47772
58.735,3.477843
58.74,3.477943
58.745,3.478007
58.75,3.478036
58.755,3.47804
58.76,3.47803
58.765,3.478015
58.77,3.478003
58.775,3.477996
58.78,3.477993
58.785,3.477993
58.79,3.477995
58.795,3.477998
58.8,3.478003
58.805,3.478047
58.81,3.478146
58.815,3.47827
58.82,3.478387
58.825,3.478475
58.83,3.478563
58.835,3.478675
58.84,3.478796
58.845,3.478902
58.85,3.478977
58.855,3.479019
58.86,3.479033
58.865,3.47903
58.87,3.479021
58.875,3.479045
58.88,3.47913
58.885,3.479249
58.89,3.479367
58.895,3.479459
58.9,3.479515
58.905,3.479538
58.91,3.479546
58.915,3.479591
58.92,3.479684
58.925,3.479798
58.93,3.479903
58.935,3.479979
58.94,3.480022
58.945,3.48004
58.95,3.480079
58.955,3.480166
58.96,3.480278
58.965,3.480385
58.97,3.480467
58.975,3.480515
58.98,3.480535
58.985,3.480534
58.99,3.480523
58.995,3.480511
59,3.480501
59.005,3.480495
59.01,3.480493
59.015,3.480494
59.02,3.480496
59.025,3.480499
59.03,3.4805
59.035,3.480501
59.04,3.480501
59.045,3.480501
59.05,3.4805
59.055,3.4805
59.06,3.4805
59.065,3.4805
59.07,3.4805
59.075,3.4805
59.08,3.480495
59.085,3.480445
59.09,3.480341
59.095,3.480216
59.1,3.480102
59.105,3.48002
59.11,3.479974
59.115,3.479959
59.12,3.479935
59.125,3.479863
59.13,3.479755
59.135,3.479643
59.14,3.479544
59.145,3.479426
59.15,3.47929
59.155,3.479151
59.16,3.478989
59.165,3.478815
59.17,3.478661
59.175,3.478547
59.18,3.478481
59.185,3.478456
59.19,3.478448
59.195,3.478402
59.2,3.478309
59.205,3.478196
59.21,3.478093
59.215,3.478019
59.22,3.477977
59.225,3.477964
59.23,3.477968
59.235,3.47798
59.24,3.477992
59.245,3.478001
59.25,3.478006
59.255,3.478007
59.26,3.478005
59.265,3.477998
59.27,3.477944
59.275,3.477838
59.28,3.477712
59.285,3.477599
59.29,3.477518
59.295,3.477473
59.3,3.477459
59.305,3.477465
59.31,3.477478
59.315,3.477492
59.32,3.477502
59.325,3.477506
59.33,3.477507
59.335,3.477506
59.34,3.477503
59.345,3.477501
59.35,3.4775
59.355,3.477499
59.36,3.477499
59.365,3.477499
59.37,3.4775
59.375,3.4775
59.38,3.4775
59.385,3.477484
59.39,3.477412
59.395,3.477297
59.4,3.477172
59.405,3.477068
59.41,3.476999
59.415,3.476966
59.42,3.47696
59.425,3.476969
59.43,3.476983
59.435,3.476995
59.44,3.477004
59.445,3.477007
59.45,3.477007
59.455,3.477021
59.46,3.47709
59.465,3.477204
59.47,3.477327
59.475,3.477431
59.48,3.4775
59.485,3.477533
59.49,3.47754
59.495,3.477531
59.5,3.477517
59.505,3.477505
59.51,3.477496
59.515,3.477493
59.52,3.477493
59.525,3.477495
59.53,3.477498
59.535,3.4775
59.54,3.477508
59.545,3.477565
59.55,3.477672
59.555,3.477798
59.56,3.477937
59.565,3.478101
59.57,3.478265
59.575,3.478398
59.58,3.478497
59.585,3.478602
59.59,3.478724
59.595,3.478841
59.6,3.478935
59.605,3.478996
59.61,3.479026
59.615,3.479056
59.62,3.47913
59.625,3.479238
59.63,3.47935
59.635,3.479442
59.64,3.479502
59.645,3.479531
59.65,3.479536
59.655,3.479548
59.66,3.479613
59.665,3.479719
59.67,3.479836
59.675,3.479934
59.68,3.479999
59.685,3.480031
59.69,3.480041
59.695,3.480079
59.7,3.480166
59.705,3.480279
59.71,3.480387
59.715,3.480469
59.72,3.480517
59.725,3.480536
59.73,3.480534
59.735,3.480523
59.74,3.48051
59.745,3.4805
59.75,3.480495
59.755,3.480509
59.76,3.48058
59.765,3.480697
59.77,3.480824
59.775,3.48093
59.78,3.481001
59.785,3.481035
59.79,3.481041
59.795,3.481032
59.8,3.481018
59.805,3.481005
59.81,3.480996
59.815,3.480993
59.82,3.480993
59.825,3.480995
59.83,3.480997
59.835,3.481
59.84,3.481001
59.845,3.481001
59.85,3.481001
59.855,3.481001
59.86,3.481
59.865,3.481
59.87,3.481
59.875,3.481
59.88,3.481
59.885,3.481
59.89,3.481
59.895,3.481
59.9,3.481
59.905,3.480999
59.91,3.480965
59.915,3.480874
59.92,3.480751
59.925,3.480631
59.93,3.480539
59.935,3.480483
59.94,3.480461
59.945,3.480462
59.95,3.480474
59.955,3.480487
59.96,3.480466
59.965,3.480384
59.97,3.480263
59.975,3.480142
59.98,3.480039
59.985,3.479923
59.99,3.479791
59.995,3.479664
60,3.479564
60.005,3.4795
60.01,3.47947
60.015,3.479461
60.02,3.479422
60.025,3.479334
60.03,3.47922
60.035,3.479112
60.04,3.47903
60.045,3.478982
60.05,3.478964
60.055,3.478966
60.06,3.478977
60.065,3.47899
60.07,3.479
60.075,3.479005
60.08,3.479007
60.085,3.479006
60.09,3.479003
60.095,3.479001
60.1,3.479
60.105,3.478999
60.11,3.478999
60.115,3.478999
60.12,3.479
60.125,3.479
60.13,3.479
60.135,3.479
60.14,3.479
60.145,3.479
60.15,3.479
60.155,3.479
60.16,3.479
60.165,3.479
60.17,3.479
60.175,3.479
60.18,3.479
60.185,3.479
60.19,3.479
60.195,3.479
60.2,3.479
60.205,3.479
60.21,3.479
60.215,3.479
60.22,3.479
60.225,3.479
60.23,3.479
60.235,3.479
60.24,3.479
60.245,3.479
60.25,3.479
60.255,3.479
60.26,3.479
60.265,3.479
60.27,3.479
60.275,3.479
60.28,3.479
60.285,3.479
60.29,3.479
60.295,3.479
60.3,3.479
60.305,3.479
60.31,3.479
60.315,3.479
60.32,3.479
60.325,3.479
60.33,3.479
60.335,3.479
60.34,3.479
60.345,3.479
60.35,3.479
60.355,3.479
60.36,3.479
60.365,3.479
60.37,3.479
60.375,3.479
60.38,3.479
60.385,3.479
60.39,3.479
60.395,3.479
60.4,3.479
60.405,3.479
60.41,3.479
60.415,3.479
60.42,3.479
60.425,3.479
60.43,3.479
60.435,3.479
60.44,3.479
60.445,3.479
60.45,3.479
60.455,3.479
60.46,3.479
60.465,3.479
60.47,3.479
60.475,3.479025
60.48,3.479106
60.485,3.479226
60.49,3.479349
60.495,3.479447
60.5,3.479509
60.505,3.479537
60.51,3.47954
60.515,3.479529
60.52,3.479515
60.525,3.479531
60.53,3.479608
60.535,3.479726
60.54,3.479849
60.545,3.479966
60.55,3.480104
60.555,3.480248
60.56,3.480375
60.565,3.480467
60.57,3.480519
60.575,3.480538
60.58,3.480536
60.585,3.480523
60.59,3.48051
60.595,3.480499
60.6,3.480494
60.605,3.480493
60.61,3.480494
60.615,3.480496
60.62,3.480499
60.625,3.480504
60.63,3.480552
60.635,3.480653
60.64,3.480778
60.645,3.480893
60.65,3.480977
60.655,3.481024
60.66,3.48104
60.665,3.481036
60.67,3.481023
60.675,3.481009
60.68,3.480999
60.685,3.480994
60.69,3.480993
60.695,3.480994
60.7,3.480997
60.705,3.480999
60.71,3.481
60.715,3.481001
60.72,3.481001
60.725,3.481001
60.73,3.481
60.735,3.481
60.74,3.481
60.745,3.481
60.75,3.481
60.755,3.481
60.76,3.481
60.765,3.481
60.77,3.481
60.775,3.481
60.78,3.481
60.785,3.481
60.79,3.481
60.795,3.481
60.8,3.481
60.805,3.481
60.81,3.481
60.815,3.481
60.82,3.481
60.825,3.481
60.83,3.481
60.835,3.481
60.84,3.481
60.845,3.481
60.85,3.481
60.855,3.481
60.86,3.481
60.865,3.481
60.87,3.481
60.875,3.481
60.88,3.481
60.885,3.481
60.89,3.481
60.895,3.481
60.9,3.481
60.905,3.481
60.91,3.481
60.915,3.481
60.92,3.481
60.925,3.481
60.93,3.481
60.935,3.481
60.94,3.481
60.945,3.481
60.95,3.481
60.955,3.481
60.96,3.481
60.965,3.481
60.97,3.481
60.975,3.481
60.98,3.481
60.985,3.481
60.99,3.481
60.995,3.481
61,3.481
61.005,3.481
61.01,3.481
61.015,3.481
61.02,3.481
61.025,3.481
61.03,3.481
61.035,3.481
61.04,3.481
61.045,3.481
61.05,3.481
61.055,3.481
61.06,3.481
61.065,3.481
61.07,3.481
61.075,3.481
61.08,3.481
61.085,3.481
61.09,3.481
61.095,3.481
61.1,3.481
61.105,3.481
61.11,3.481
61.115,3.481
61.12,3.481
61.125,3.481
61.13,3.481
61.135,3.481
61.14,3.481
61.145,3.481
61.15,3.481
61.155,3.481
61.16,3.481
61.165,3.481
61.17,3.481
61.175,3.481
61.18,3.481
61.185,3.481
61.19,3.481
61.195,3.481
61.2,3.481
61.205,3.481
61.21,3.481
61.215,3.481
61.22,3.481
61.225,3.481
61.23,3.481
61.235,3.481
61.24,3.481
61.245,3.481
61.25,3.481
61.255,3.481
61.26,3.481
61.265,3.481
61.27,3.481
61.275,3.481
61.28,3.481
61.285,3.481
61.29,3.481
61.295,3.481