"Time (s)","Position (mm)"
0,1.19E-11
0.005,1.19E-11
0.01,1.19E-11
0.015,1.19E-11
0.02,1.19E-11
0.025,1.19E-11
0.03,1.19E-11
0.035,1.19E-11
0.04,1.19E-11
0.045,1.19E-11
0.05,1.19E-11
0.055,1.19E-11
0.06,1.19E-11
0.065,1.19E-11
0.07,1.19E-11
0.075,1.19E-11
0.08,1.19E-11
0.085,1.19E-11
0.09,1.19E-11
0.095,1.19E-11
0.1,1.19E-11
0.105,1.19E-11
0.11,1.19E-11
0.115,1.19E-11
0.12,1.19E-11
0.125,1.19E-11
0.13,1.19E-11
0.135,1.19E-11
0.14,1.19E-11
0.145,1.19E-11
0.15,1.19E-11
0.155,1.19E-11
0.16,1.19E-11
0.165,1.19E-11
0.17,1.19E-11
0.175,1.19E-11
0.18,1.19E-11
0.185,1.19E-11
0.19,1.19E-11
0.195,1.19E-11
0.2,1.19E-11
0.205,1.19E-11
0.21,1.19E-11
0.215,1.19E-11
0.22,1.19E-11
0.225,1.19E-11
0.23,1.19E-11
0.235,1.19E-11
0.24,1.19E-11
0.245,1.19E-11
0.25,1.19E-11
0.255,2.36E-07
0.26,4.85E-05
0.265,0.000499
0.27,0.002465
0.275,0.007431
0.28,0.016531
0.285,0.030335
0.29,0.048615
0.295,0.070615
0.3,0.095249
0.305,0.121227
0.31,0.147634
0.315,0.17398
0.32,0.199926
0.325,0.22545
0.33,0.250667
0.335,0.27564
0.34,0.30052
0.345,0.325478
0.35,0.35054
0.355,0.37566
0.36,0.400819
0.365,0.425963
0.37,0.451078
0.375,0.476216
0.38,0.5013
0.385,0.526309
0.39,0.551295
0.395,0.576247
0.4,0.601209
0.405,0.62624
0.41,0.651323
0.415,0.676403
0.42,0.701456
0.425,0.726512
0.43,0.751683
0.435,0.776965
0.44,0.802203
0.445,0.827264
0.45,0.852227
0.455,0.877156
0.46,0.902072
0.465,0.926976
0.47,0.951855
0.475,0.976791
0.48,1.001828
0.485,1.026858
0.49,1.051853
0.495,1.076847
0.5,1.101866
0.505,1.126973
0.51,1.152114
0.515,1.177201
0.52,1.202296
0.525,1.227396
0.53,1.252342
0.535,1.277181
0.54,1.302014
0.545,1.326903
0.55,1.351962
0.555,1.377192
0.56,1.402461
0.565,1.427655
0.57,1.452628
0.575,1.477402
0.58,1.502243
0.585,1.527179
0.59,1.5521
0.595,1.577086
0.6,1.602137
0.605,1.627144
0.61,1.652122
0.615,1.677149
0.62,1.702157
0.625,1.726776
0.63,1.75035
0.635,1.772226
0.64,1.791901
0.645,1.809025
0.65,1.823465
0.655,1.835236
0.66,1.844648
0.665,1.852379
0.67,1.859236
0.675,1.865861
0.68,1.872693
0.685,1.879935
0.69,1.887533
0.695,1.895337
0.7,1.903188
0.705,1.910911
0.71,1.918402
0.715,1.925727
0.72,1.933016
0.725,1.940349
0.73,1.947772
0.735,1.955291
0.74,1.962864
0.745,1.970447
0.75,1.977868
0.755,1.984854
0.76,1.991253
0.765,1.997146
0.77,2.002717
0.775,2.008183
0.78,2.013696
0.785,2.01929
0.79,2.024938
0.795,2.030606
0.8,2.036326
0.805,2.042141
0.81,2.048002
0.815,2.053808
0.82,2.05947
0.825,2.064983
0.83,2.070464
0.835,2.076038
0.84,2.081775
0.845,2.087686
0.85,2.093689
0.855,2.09968
0.86,2.105598
0.865,2.111438
0.87,2.117228
0.875,2.122999
0.88,2.128751
0.885,2.134471
0.89,2.140116
0.895,2.145643
0.9,2.151119
0.905,2.156651
0.91,2.16229
0.915,2.168052
0.92,2.173912
0.925,2.179778
0.93,2.185502
0.935,2.190995
0.94,2.196264
0.945,2.201356
0.95,2.206303
0.955,2.211131
0.96,2.215907
0.965,2.22071
0.97,2.225577
0.975,2.230554
0.98,2.235671
0.985,2.240924
0.99,2.246235
0.995,2.251522
1,2.256753
1.005,2.261878
1.01,2.266912
1.015,2.271915
1.02,2.276889
1.025,2.281808
1.03,2.286645
1.035,2.291455
1.04,2.296279
1.045,2.30118
1.05,2.306164
1.055,2.311207
1.06,2.316335
1.065,2.321533
1.07,2.326709
1.075,2.331773
1.08,2.336785
1.085,2.341814
1.09,2.346744
1.095,2.351438
1.1,2.35587
1.105,2.360085
1.11,2.364138
1.115,2.368077
1.12,2.371959
1.125,2.375861
1.13,2.379829
1.135,2.383756
1.14,2.387481
1.145,2.390952
1.15,2.39419
1.155,2.39725
1.16,2.400188
1.165,2.403049
1.17,2.405871
1.175,2.408701
1.18,2.41158
1.185,2.414527
1.19,2.417544
1.195,2.42065
1.2,2.423873
1.205,2.427193
1.21,2.430536
1.215,2.433823
1.22,2.437022
1.225,2.440101
1.23,2.44301
1.235,2.445784
1.24,2.448513
1.245,2.451273
1.25,2.454141
1.255,2.457155
1.26,2.460278
1.265,2.463447
1.27,2.466635
1.275,2.469816
1.28,2.472952
1.285,2.476058
1.29,2.47915
1.295,2.482234
1.3,2.485316
1.305,2.488378
1.31,2.491447
1.315,2.494609
1.32,2.497865
1.325,2.501154
1.33,2.504403
1.335,2.507575
1.34,2.510685
1.345,2.513736
1.35,2.516683
1.355,2.51952
1.36,2.522306
1.365,2.525116
1.37,2.528007
1.375,2.531006
1.38,2.534095
1.385,2.537236
1.39,2.540323
1.395,2.54326
1.4,2.546035
1.405,2.548686
1.41,2.551284
1.415,2.553897
1.42,2.556534
1.425,2.559177
1.43,2.561849
1.435,2.564577
1.44,2.567337
1.445,2.570031
1.45,2.572579
1.455,2.574954
1.46,2.577164
1.465,2.579259
1.47,2.581302
1.475,2.583345
1.48,2.58541
1.485,2.587476
1.49,2.589481
1.495,2.59143
1.5,2.593378
1.505,2.595367
1.51,2.597409
1.515,2.599504
1.52,2.601624
1.525,2.603742
1.53,2.605835
1.535,2.607899
1.54,2.609939
1.545,2.61197
1.55,2.61401
1.555,2.616055
1.56,2.6181
1.565,2.620141
1.57,2.622174
1.575,2.624198
1.58,2.626224
1.585,2.628256
1.59,2.630294
1.595,2.632329
1.6,2.634362
1.605,2.6364
1.61,2.638442
1.615,2.640476
1.62,2.642508
1.625,2.644563
1.63,2.646683
1.635,2.648892
1.64,2.651141
1.645,2.653375
1.65,2.655553
1.655,2.657665
1.66,2.659712
1.665,2.661716
1.67,2.663675
1.675,2.665539
1.68,2.667321
1.685,2.6691
1.69,2.670911
1.695,2.672759
1.7,2.674632
1.705,2.676528
1.71,2.678446
1.715,2.680367
1.72,2.682247
1.725,2.684084
1.73,2.685897
1.735,2.687698
1.74,2.689484
1.745,2.691234
1.75,2.692933
1.755,2.694572
1.76,2.696134
1.765,2.697601
1.77,2.698992
1.775,2.70036
1.78,2.701763
1.785,2.703237
1.79,2.704775
1.795,2.706338
1.8,2.707912
1.805,2.709495
1.81,2.711084
1.815,2.71268
1.82,2.71429
1.825,2.715906
1.83,2.717512
1.835,2.719124
1.84,2.720769
1.845,2.722431
1.85,2.724066
1.855,2.725639
1.86,2.727158
1.865,2.728659
1.87,2.730169
1.875,2.731689
1.88,2.733201
1.885,2.734686
1.89,2.73615
1.895,2.737598
1.9,2.738995
1.905,2.740311
1.91,2.741585
1.915,2.742893
1.92,2.744269
1.925,2.74571
1.93,2.747201
1.935,2.748727
1.94,2.750275
1.945,2.75183
1.95,2.753383
1.955,2.754924
1.96,2.756461
1.965,2.758022
1.97,2.759627
1.975,2.761282
1.98,2.762969
1.985,2.764626
1.99,2.766188
1.995,2.767628
2,2.768964
2.005,2.770243
2.01,2.771522
2.015,2.772825
2.02,2.774146
2.025,2.775481
2.03,2.776819
2.035,2.778128
2.04,2.779377
2.045,2.780563
2.05,2.781692
2.055,2.782782
2.06,2.783853
2.065,2.784913
2.07,2.785978
2.075,2.787053
2.08,2.788123
2.085,2.789156
2.09,2.79014
2.095,2.791105
2.1,2.79209
2.105,2.79312
2.11,2.794211
2.115,2.795398
2.12,2.796708
2.125,2.798085
2.13,2.799441
2.135,2.800717
2.14,2.801912
2.145,2.803066
2.15,2.804215
2.155,2.805375
2.16,2.80654
2.165,2.807714
2.17,2.808906
2.175,2.810114
2.18,2.811329
2.185,2.812537
2.19,2.813726
2.195,2.81489
2.2,2.816027
2.205,2.817131
2.21,2.818199
2.215,2.81925
2.22,2.820316
2.225,2.821423
2.23,2.822578
2.235,2.823804
2.24,2.825125
2.245,2.826499
2.25,2.827845
2.255,2.829105
2.26,2.830282
2.265,2.831426
2.27,2.832582
2.275,2.833755
2.28,2.834906
2.285,2.83598
2.29,2.836958
2.295,2.837877
2.3,2.838791
2.305,2.839732
2.31,2.840711
2.315,2.841737
2.32,2.842794
2.325,2.84386
2.33,2.844912
2.335,2.845933
2.34,2.846915
2.345,2.847864
2.35,2.848798
2.355,2.849745
2.36,2.850709
2.365,2.851689
2.37,2.852683
2.375,2.853685
2.38,2.854675
2.385,2.855643
2.39,2.856593
2.395,2.857539
2.4,2.858488
2.405,2.859451
2.41,2.860421
2.415,2.861395
2.42,2.862359
2.425,2.863315
2.43,2.864271
2.435,2.865239
2.44,2.866243
2.445,2.867299
2.45,2.868393
2.455,2.869485
2.46,2.870525
2.465,2.871499
2.47,2.872414
2.475,2.873285
2.48,2.874128
2.485,2.87495
2.49,2.875752
2.495,2.876532
2.5,2.877283
2.505,2.878008
2.51,2.878739
2.515,2.87951
2.52,2.88033
2.525,2.881198
2.53,2.882097
2.535,2.883015
2.54,2.88395
2.545,2.884904
2.55,2.885879
2.555,2.886863
2.56,2.887815
2.565,2.888693
2.57,2.889501
2.575,2.890283
2.58,2.891081
2.585,2.891918
2.59,2.89279
2.595,2.893679
2.6,2.894566
2.605,2.895441
2.61,2.896301
2.615,2.897147
2.62,2.897993
2.625,2.898843
2.63,2.899691
2.635,2.900516
2.64,2.901314
2.645,2.902089
2.65,2.902847
2.655,2.90359
2.66,2.904331
2.665,2.905082
2.67,2.905859
2.675,2.90667
2.68,2.907508
2.685,2.908336
2.69,2.90912
2.695,2.909866
2.7,2.91059
2.705,2.911321
2.71,2.912086
2.715,2.912895
2.72,2.913751
2.725,2.914649
2.73,2.915572
2.735,2.916487
2.74,2.917358
2.745,2.918174
2.75,2.918932
2.755,2.919645
2.76,2.92033
2.765,2.921009
2.77,2.92169
2.775,2.92237
2.78,2.923037
2.785,2.923669
2.79,2.924254
2.795,2.924813
2.8,2.925389
2.805,2.92602
2.81,2.926716
2.815,2.927471
2.82,2.928261
2.825,2.929043
2.83,2.929782
2.835,2.930478
2.84,2.931151
2.845,2.931833
2.85,2.932539
2.855,2.933268
2.86,2.934006
2.865,2.93476
2.87,2.93554
2.875,2.936337
2.88,2.937135
2.885,2.937939
2.89,2.938759
2.895,2.939596
2.9,2.940433
2.905,2.941252
2.91,2.942046
2.915,2.942809
2.92,2.943539
2.925,2.94423
2.93,2.944877
2.935,2.945486
2.94,2.946064
2.945,2.946623
2.95,2.947173
2.955,2.947724
2.96,2.948276
2.965,2.948822
2.97,2.949356
2.975,2.94988
2.98,2.950403
2.985,2.950927
2.99,2.951441
2.995,2.951951
3,2.952474
3.005,2.953025
3.01,2.9536
3.015,2.954194
3.02,2.954799
3.025,2.955419
3.03,2.956059
3.035,2.956722
3.04,2.957408
3.045,2.958109
3.05,2.958808
3.055,2.959502
3.06,2.960187
3.065,2.960861
3.07,2.961526
3.075,2.962192
3.08,2.962866
3.085,2.963547
3.09,2.964229
3.095,2.964902
3.1,2.965565
3.105,2.966222
3.11,2.966874
3.115,2.967526
3.12,2.968179
3.125,2.968838
3.13,2.969507
3.135,2.970184
3.14,2.970852
3.145,2.971495
3.15,2.972107
3.155,2.972687
3.16,2.973249
3.165,2.973814
3.17,2.974399
3.175,2.975003
3.18,2.975613
3.185,2.976225
3.19,2.976829
3.195,2.977413
3.2,2.977977
3.205,2.978529
3.21,2.97907
3.215,2.979609
3.22,2.980145
3.225,2.980677
3.23,2.981209
3.235,2.981746
3.24,2.982291
3.245,2.982831
3.25,2.983362
3.255,2.983891
3.26,2.984436
3.265,2.985009
3.27,2.985619
3.275,2.986274
3.28,2.986973
3.285,2.987684
3.29,2.988368
3.295,2.988994
3.3,2.989567
3.305,2.990111
3.31,2.99065
3.315,2.991196
3.32,2.991747
3.325,2.992293
3.33,2.992822
3.335,2.99333
3.34,2.993813
3.345,2.994284
3.35,2.994754
3.355,2.995229
3.36,2.995708
3.365,2.996193
3.37,2.996683
3.375,2.997173
3.38,2.997659
3.385,2.998143
3.39,2.99863
3.395,2.99912
3.4,2.999609
3.405,3.000087
3.41,3.000546
3.415,3.000975
3.42,3.001374
3.425,3.001752
3.43,3.002125
3.435,3.002516
3.44,3.002937
3.445,3.003392
3.45,3.003875
3.455,3.004378
3.46,3.004894
3.465,3.005415
3.47,3.005942
3.475,3.006478
3.48,3.00701
3.485,3.007525
3.49,3.008026
3.495,3.00852
3.5,3.009018
3.505,3.009527
3.51,3.01005
3.515,3.01058
3.52,3.01111
3.525,3.011633
3.53,3.012156
3.535,3.012681
3.54,3.013198
3.545,3.013698
3.55,3.014183
3.555,3.014662
3.56,3.01515
3.565,3.01565
3.57,3.016178
3.575,3.016755
3.58,3.017397
3.585,3.018085
3.59,3.018779
3.595,3.019439
3.6,3.02004
3.605,3.020584
3.61,3.021083
3.615,3.021558
3.62,3.022024
3.625,3.022484
3.63,3.022929
3.635,3.023353
3.64,3.023751
3.645,3.024124
3.65,3.024483
3.655,3.024843
3.66,3.025211
3.665,3.02558
3.67,3.025938
3.675,3.026278
3.68,3.026597
3.685,3.026905
3.69,3.027215
3.695,3.027543
3.7,3.027899
3.705,3.028281
3.71,3.028682
3.715,3.029093
3.72,3.029509
3.725,3.029928
3.73,3.030348
3.735,3.030768
3.74,3.031187
3.745,3.031604
3.75,3.032023
3.755,3.032444
3.76,3.032864
3.765,3.033284
3.77,3.033702
3.775,3.03412
3.78,3.03454
3.785,3.034965
3.79,3.035399
3.795,3.035848
3.8,3.036313
3.805,3.036792
3.81,3.037281
3.815,3.037768
3.82,3.038257
3.825,3.03875
3.83,3.039247
3.835,3.039741
3.84,3.040227
3.845,3.040697
3.85,3.041141
3.855,3.04157
3.86,3.041991
3.865,3.042411
3.87,3.042832
3.875,3.043257
3.88,3.04369
3.885,3.044133
3.89,3.044581
3.895,3.045024
3.9,3.045462
3.905,3.045899
3.91,3.046343
3.915,3.046799
3.92,3.047261
3.925,3.047716
3.93,3.048154
3.935,3.048576
3.94,3.048982
3.945,3.049378
3.95,3.049772
3.955,3.050174
3.96,3.050587
3.965,3.051017
3.97,3.051461
3.975,3.051919
3.98,3.052387
3.985,3.052861
3.99,3.053323
3.995,3.053763
4,3.054175
4.005,3.054552
4.01,3.0549
4.015,3.055221
4.02,3.055545
4.025,3.055884
4.03,3.056245
4.035,3.056631
4.04,3.057022
4.045,3.057412
4.05,3.057799
4.055,3.058187
4.06,3.058576
4.065,3.058968
4.07,3.059366
4.075,3.059783
4.08,3.060221
4.085,3.06067
4.09,3.061118
4.095,3.061555
4.1,3.061983
4.105,3.062412
4.11,3.062846
4.115,3.063289
4.12,3.063734
4.125,3.064169
4.13,3.064592
4.135,3.06499
4.14,3.06536
4.145,3.065709
4.15,3.066041
4.155,3.066368
4.16,3.066702
4.165,3.067046
4.17,3.067392
4.175,3.067735
4.18,3.068071
4.185,3.06841
4.19,3.068757
4.195,3.069106
4.2,3.069446
4.205,3.069772
4.21,3.070093
4.215,3.070427
4.22,3.070778
4.225,3.071133
4.23,3.071479
4.235,3.071814
4.24,3.072133
4.245,3.072441
4.25,3.072746
4.255,3.073038
4.26,3.073318
4.265,3.073585
4.27,3.073848
4.275,3.074109
4.28,3.074383
4.285,3.074682
4.29,3.074998
4.295,3.075327
4.3,3.075665
4.305,3.076013
4.31,3.076378
4.315,3.076762
4.32,3.077152
4.325,3.077535
4.33,3.0779
4.335,3.078247
4.34,3.078572
4.345,3.078893
4.35,3.079227
4.355,3.079575
4.36,3.079923
4.365,3.080266
4.37,3.080617
4.375,3.08097
4.38,3.081322
4.385,3.081666
4.39,3.082006
4.395,3.082347
4.4,3.082689
4.405,3.083032
4.41,3.083378
4.415,3.083726
4.42,3.084076
4.425,3.084429
4.43,3.084792
4.435,3.085165
4.44,3.085531
4.445,3.085892
4.45,3.086254
4.455,3.086612
4.46,3.086957
4.465,3.087289
4.47,3.087602
4.475,3.08791
4.48,3.088233
4.485,3.088585
4.49,3.088975
4.495,3.089402
4.5,3.089863
4.505,3.090344
4.51,3.090817
4.515,3.09126
4.52,3.091664
4.525,3.092021
4.53,3.09234
4.535,3.092627
4.54,3.092902
4.545,3.093163
4.55,3.093424
4.555,3.093676
4.56,3.093931
4.565,3.094174
4.57,3.094412
4.575,3.09464
4.58,3.094851
4.585,3.095062
4.59,3.095255
4.595,3.095443
4.6,3.095638
4.605,3.095854
4.61,3.096092
4.615,3.096358
4.62,3.096642
4.625,3.096938
4.63,3.097237
4.635,3.09753
4.64,3.09782
4.645,3.098104
4.65,3.098393
4.655,3.098693
4.66,3.098999
4.665,3.099313
4.67,3.099628
4.675,3.09994
4.68,3.100251
4.685,3.100559
4.69,3.100871
4.695,3.101192
4.7,3.101523
4.705,3.101864
4.71,3.102213
4.715,3.102564
4.72,3.102916
4.725,3.103268
4.73,3.103619
4.735,3.103979
4.74,3.104355
4.745,3.104741
4.75,3.10513
4.755,3.105499
4.76,3.105844
4.765,3.106152
4.77,3.106436
4.775,3.106702
4.78,3.106964
4.785,3.107223
4.79,3.107501
4.795,3.10781
4.8,3.108141
4.805,3.108482
4.81,3.108823
4.815,3.109151
4.82,3.109462
4.825,3.109748
4.83,3.110017
4.835,3.11027
4.84,3.110526
4.845,3.110806
4.85,3.111093
4.855,3.111386
4.86,3.111668
4.865,3.111944
4.87,3.112203
4.875,3.112459
4.88,3.112722
4.885,3.112992
4.89,3.113265
4.895,3.113545
4.9,3.113838
4.905,3.114128
4.91,3.114416
4.915,3.114689
4.92,3.114959
4.925,3.115242
4.93,3.115533
4.935,3.115831
4.94,3.116132
4.945,3.116438
4.95,3.116755
4.955,3.117085
4.96,3.117437
4.965,3.117809
4.97,3.118198
4.975,3.118596
4.98,3.118972
4.985,3.11931
4.99,3.119604
4.995,3.11986
5,3.120094
5.005,3.120328
5.01,3.120572
5.015,3.120839
5.02,3.121126
5.025,3.121424
5.03,3.121707
5.035,3.12198
5.04,3.122225
5.045,3.12246
5.05,3.122681
5.055,3.122902
5.06,3.12312
5.065,3.123316
5.07,3.12351
5.075,3.123697
5.08,3.123882
5.085,3.124078
5.09,3.124273
5.095,3.124482
5.1,3.124686
5.105,3.124864
5.11,3.125039
5.115,3.125209
5.12,3.125354
5.125,3.125486
5.13,3.125631
5.135,3.125794
5.14,3.125989
5.145,3.12621
5.15,3.126457
5.155,3.126721
5.16,3.126994
5.165,3.127271
5.17,3.127546
5.175,3.127823
5.18,3.128096
5.185,3.128372
5.19,3.128642
5.195,3.128913
5.2,3.129175
5.205,3.129436
5.21,3.129688
5.215,3.129942
5.22,3.130196
5.225,3.130458
5.23,3.130724
5.235,3.130995
5.24,3.131266
5.245,3.131545
5.25,3.131839
5.255,3.132138
5.26,3.132442
5.265,3.132755
5.27,3.133072
5.275,3.133396
5.28,3.133727
5.285,3.134072
5.29,3.134436
5.295,3.134809
5.3,3.135166
5.305,3.135495
5.31,3.135782
5.315,3.136041
5.32,3.136265
5.325,3.136479
5.33,3.136683
5.335,3.136892
5.34,3.137105
5.345,3.137302
5.35,3.137502
5.355,3.137695
5.36,3.137878
5.365,3.138068
5.37,3.13825
5.375,3.138436
5.38,3.138634
5.385,3.138859
5.39,3.139093
5.395,3.139298
5.4,3.139463
5.405,3.139621
5.41,3.139768
5.415,3.139889
5.42,3.139981
5.425,3.140084
5.43,3.14021
5.435,3.140374
5.44,3.140573
5.445,3.140802
5.45,3.141047
5.455,3.1413
5.46,3.141553
5.465,3.141802
5.47,3.142047
5.475,3.14229
5.48,3.142534
5.485,3.142783
5.49,3.143035
5.495,3.143287
5.5,3.143538
5.505,3.14379
5.51,3.144042
5.515,3.144297
5.52,3.144559
5.525,3.144837
5.53,3.145107
5.535,3.145366
5.54,3.14561
5.545,3.145836
5.55,3.14606
5.555,3.146293
5.56,3.146535
5.565,3.146778
5.57,3.147024
5.575,3.14727
5.58,3.147519
5.585,3.147755
5.59,3.147992
5.595,3.148226
5.6,3.148468
5.605,3.148717
5.61,3.148976
5.615,3.149219
5.62,3.149455
5.625,3.149679
5.63,3.149902
5.635,3.150124
5.64,3.150352
5.645,3.15059
5.65,3.15085
5.655,3.151108
5.66,3.151361
5.665,3.151602
5.67,3.15183
5.675,3.152054
5.68,3.152263
5.685,3.152473
5.69,3.152678
5.695,3.152886
5.7,3.153098
5.705,3.153313
5.71,3.153537
5.715,3.153758
5.72,3.153986
5.725,3.154206
5.73,3.154426
5.735,3.154643
5.74,3.154862
5.745,3.155084
5.75,3.155289
5.755,3.155495
5.76,3.155693
5.765,3.155893
5.77,3.156099
5.775,3.156302
5.78,3.156516
5.785,3.156726
5.79,3.156944
5.795,3.15716
5.8,3.157381
5.805,3.157603
5.81,3.157807
5.815,3.158013
5.82,3.15821
5.825,3.158413
5.83,3.158621
5.835,3.158843
5.84,3.159073
5.845,3.159283
5.85,3.159489
5.855,3.159689
5.86,3.159897
5.865,3.16011
5.87,3.160316
5.875,3.160528
5.88,3.160751
5.885,3.160991
5.89,3.161219
5.895,3.161442
5.9,3.161656
5.905,3.161855
5.91,3.162058
5.915,3.162248
5.92,3.162437
5.925,3.162651
5.93,3.162904
5.935,3.163197
5.94,3.163516
5.945,3.163849
5.95,3.164177
5.955,3.164489
5.96,3.164759
5.965,3.165004
5.97,3.165217
5.975,3.165384
5.98,3.165536
5.985,3.165689
5.99,3.165831
5.995,3.165985
6,3.166153
6.005,3.166316
6.01,3.166491
6.015,3.166673
6.02,3.166851
6.025,3.167043
6.03,3.167228
6.035,3.167383
6.04,3.167531
6.045,3.167685
6.05,3.167825
6.055,3.167932
6.06,3.168012
6.065,3.168108
6.07,3.168225
6.075,3.168341
6.08,3.168449
6.085,3.168579
6.09,3.168723
6.095,3.16887
6.1,3.169039
6.105,3.169213
6.11,3.169382
6.115,3.169563
6.12,3.16974
6.125,3.169913
6.13,3.170097
6.135,3.170274
6.14,3.170458
6.145,3.170648
6.15,3.170847
6.155,3.171059
6.16,3.171277
6.165,3.171508
6.17,3.171736
6.175,3.17197
6.18,3.172191
6.185,3.172403
6.19,3.172614
6.195,3.172834
6.2,3.173063
6.205,3.1733
6.21,3.173544
6.215,3.173789
6.22,3.174036
6.225,3.174262
6.23,3.174482
6.235,3.174689
6.24,3.174889
6.245,3.175093
6.25,3.175291
6.255,3.175501
6.26,3.175703
6.265,3.175888
6.27,3.176076
6.275,3.176254
6.28,3.176438
6.285,3.176629
6.29,3.176816
6.295,3.177016
6.3,3.17721
6.305,3.177402
6.31,3.1776
6.315,3.17779
6.32,3.177989
6.325,3.178194
6.33,3.178417
6.335,3.17864
6.34,3.17885
6.345,3.179059
6.35,3.179249
6.355,3.179422
6.36,3.1796
6.365,3.179766
6.37,3.17992
6.375,3.180084
6.38,3.180246
6.385,3.180387
6.39,3.180532
6.395,3.180686
6.4,3.180838
6.405,3.181009
6.41,3.181187
6.415,3.181356
6.42,3.181536
6.425,3.181717
6.43,3.181913
6.435,3.182117
6.44,3.182307
6.445,3.182498
6.45,3.182686
6.455,3.182861
6.46,3.183046
6.465,3.183225
6.47,3.183392
6.475,3.18357
6.48,3.183742
6.485,3.183918
6.49,3.184104
6.495,3.184289
6.5,3.184487
6.505,3.184694
6.51,3.184921
6.515,3.185151
6.52,3.185388
6.525,3.185621
6.53,3.185854
6.535,3.186086
6.54,3.186315
6.545,3.186546
6.55,3.186754
6.555,3.186944
6.56,3.18713
6.565,3.187295
6.57,3.187423
6.575,3.187541
6.58,3.187673
6.585,3.187803
6.59,3.187911
6.595,3.188009
6.6,3.188129
6.605,3.188261
6.61,3.188378
6.615,3.188465
6.62,3.188518
6.625,3.188582
6.63,3.18868
6.635,3.188794
6.64,3.188901
6.645,3.189019
6.65,3.18916
6.655,3.1893
6.66,3.189442
6.665,3.189602
6.67,3.189761
6.675,3.189905
6.68,3.190059
6.685,3.190217
6.69,3.190371
6.695,3.190541
6.7,3.190714
6.705,3.190877
6.71,3.191052
6.715,3.191225
6.72,3.191376
6.725,3.191531
6.73,3.191692
6.735,3.191839
6.74,3.191991
6.745,3.192155
6.75,3.192309
6.755,3.192458
6.76,3.192621
6.765,3.192777
6.77,3.192927
6.775,3.193092
6.78,3.193254
6.785,3.193409
6.79,3.193577
6.795,3.193746
6.8,3.193927
6.805,3.194119
6.81,3.194313
6.815,3.194521
6.82,3.194724
6.825,3.194933
6.83,3.195141
6.835,3.195331
6.84,3.195523
6.845,3.195707
6.85,3.19588
6.855,3.196063
6.86,3.196239
6.865,3.196411
6.87,3.196594
6.875,3.196771
6.88,3.196956
6.885,3.197148
6.89,3.197319
6.895,3.197482
6.9,3.19765
6.905,3.19781
6.91,3.197982
6.915,3.198162
6.92,3.198333
6.925,3.198513
6.93,3.198699
6.935,3.198903
6.94,3.199116
6.945,3.199307
6.95,3.199491
6.955,3.199672
6.96,3.199831
6.965,3.199983
6.97,3.200144
6.975,3.200296
6.98,3.200434
6.985,3.200585
6.99,3.20074
6.995,3.200884
7,3.201041
7.005,3.201206
7.01,3.201351
7.015,3.201486
7.02,3.201634
7.025,3.201779
7.03,3.201914
7.035,3.202066
7.04,3.202223
7.045,3.202382
7.05,3.202559
7.055,3.202734
7.06,3.202897
7.065,3.203068
7.07,3.203237
7.075,3.203377
7.08,3.203502
7.085,3.20364
7.09,3.203781
7.095,3.203939
7.1,3.204116
7.105,3.204286
7.11,3.204446
7.115,3.204616
7.12,3.204783
7.125,3.204964
7.13,3.205154
7.135,3.205353
7.14,3.205566
7.145,3.205786
7.15,3.206019
7.155,3.206264
7.16,3.206517
7.165,3.206743
7.17,3.206934
7.175,3.207116
7.18,3.207278
7.185,3.207405
7.19,3.207495
7.195,3.207595
7.2,3.207714
7.205,3.207833
7.21,3.207929
7.215,3.20801
7.22,3.208113
7.225,3.208237
7.23,3.208355
7.235,3.208447
7.24,3.208524
7.245,3.208625
7.25,3.208745
7.255,3.20886
7.26,3.208956
7.265,3.209066
7.27,3.209197
7.275,3.209325
7.28,3.209429
7.285,3.209499
7.29,3.209571
7.295,3.209674
7.3,3.20979
7.305,3.209895
7.31,3.209972
7.315,3.210017
7.32,3.21004
7.325,3.210093
7.33,3.210189
7.335,3.210303
7.34,3.210407
7.345,3.210519
7.35,3.210654
7.355,3.210792
7.36,3.210908
7.365,3.211018
7.37,3.211148
7.375,3.211282
7.38,3.211399
7.385,3.211522
7.39,3.211663
7.395,3.211804
7.4,3.211955
7.405,3.212124
7.41,3.212288
7.415,3.21246
7.42,3.212641
7.425,3.212823
7.43,3.213022
7.435,3.213215
7.44,3.213384
7.445,3.213554
7.45,3.213721
7.455,3.213865
7.46,3.214011
7.465,3.214168
7.47,3.214321
7.475,3.214493
7.48,3.214673
7.485,3.214849
7.49,3.215039
7.495,3.215224
7.5,3.2154
7.505,3.215584
7.51,3.215765
7.515,3.215959
7.52,3.216159
7.525,3.216372
7.53,3.216593
7.535,3.216811
7.54,3.217034
7.545,3.217241
7.55,3.217438
7.555,3.217634
7.56,3.217816
7.565,3.218005
7.57,3.218192
7.575,3.21835
7.58,3.218466
7.585,3.218578
7.59,3.218702
7.595,3.218824
7.6,3.218923
7.605,3.219003
7.61,3.219106
7.615,3.219228
7.62,3.219348
7.625,3.219442
7.63,3.219515
7.635,3.219608
7.64,3.219725
7.645,3.219843
7.65,3.219968
7.655,3.220118
7.66,3.22027
7.665,3.220397
7.67,3.220488
7.675,3.220583
7.68,3.220698
7.685,3.220817
7.69,3.220917
7.695,3.220993
7.7,3.221086
7.705,3.221204
7.71,3.221325
7.715,3.221425
7.72,3.221492
7.725,3.221526
7.73,3.221538
7.735,3.221576
7.74,3.221663
7.745,3.221777
7.75,3.221885
7.755,3.221968
7.76,3.222033
7.765,3.222125
7.77,3.22224
7.775,3.222354
7.78,3.222457
7.785,3.222582
7.79,3.222723
7.795,3.222852
7.8,3.222968
7.805,3.223102
7.81,3.223244
7.815,3.22337
7.82,3.223486
7.825,3.223622
7.83,3.223762
7.835,3.2239
7.84,3.224059
7.845,3.224223
7.85,3.224375
7.855,3.224539
7.86,3.224706
7.865,3.224859
7.87,3.225021
7.875,3.225189
7.88,3.225343
7.885,3.225503
7.89,3.225672
7.895,3.225827
7.9,3.225985
7.905,3.226153
7.91,3.226309
7.915,3.22646
7.92,3.226624
7.925,3.226783
7.93,3.22695
7.935,3.227129
7.94,3.227296
7.945,3.227455
7.95,3.227623
7.955,3.227781
7.96,3.227922
7.965,3.228074
7.97,3.228231
7.975,3.228401
7.98,3.22859
7.985,3.228779
7.99,3.22898
7.995,3.22918
8,3.22937
8.005,3.229565
8.01,3.229748
8.015,3.22992
8.02,3.2301
8.025,3.230279
8.03,3.230477
8.035,3.230675
8.04,3.230844
8.045,3.230963
8.05,3.231028
8.055,3.231051
8.06,3.231058
8.065,3.231107
8.07,3.231202
8.075,3.231314
8.08,3.231415
8.085,3.231486
8.09,3.231524
8.095,3.231536
8.1,3.231531
8.105,3.231519
8.11,3.231507
8.115,3.231519
8.12,3.231592
8.125,3.231709
8.13,3.231835
8.135,3.231938
8.14,3.232005
8.145,3.232036
8.15,3.232041
8.155,3.232043
8.16,3.232095
8.165,3.232195
8.17,3.232312
8.175,3.232416
8.18,3.23252
8.185,3.232647
8.19,3.23278
8.195,3.2329
8.2,3.233033
8.205,3.233182
8.21,3.233323
8.215,3.23344
8.22,3.233566
8.225,3.233705
8.23,3.233836
8.235,3.233946
8.24,3.234069
8.245,3.234207
8.25,3.234338
8.255,3.234453
8.26,3.234585
8.265,3.234728
8.27,3.234857
8.275,3.234972
8.28,3.235104
8.285,3.235244
8.29,3.23539
8.295,3.235559
8.3,3.23573
8.305,3.235878
8.31,3.236019
8.315,3.236169
8.32,3.23631
8.325,3.236423
8.33,3.236526
8.335,3.236649
8.34,3.236779
8.345,3.236893
8.35,3.237009
8.355,3.237147
8.36,3.237286
8.365,3.237417
8.37,3.237565
8.375,3.237721
8.38,3.237861
8.385,3.237998
8.39,3.23815
8.395,3.238296
8.4,3.238417
8.405,3.238537
8.41,3.238674
8.415,3.238808
8.42,3.238929
8.425,3.239067
8.43,3.239215
8.435,3.23935
8.44,3.239454
8.445,3.239558
8.45,3.239681
8.455,3.239807
8.46,3.239912
8.465,3.239985
8.47,3.240027
8.475,3.240085
8.48,3.240181
8.485,3.240294
8.49,3.240398
8.495,3.240474
8.5,3.240518
8.505,3.240558
8.51,3.240636
8.515,3.240744
8.52,3.240855
8.525,3.240945
8.53,3.241003
8.535,3.241052
8.54,3.241134
8.545,3.241245
8.55,3.241356
8.555,3.241445
8.56,3.241503
8.565,3.24153
8.57,3.241539
8.575,3.241581
8.58,3.241672
8.585,3.241787
8.59,3.241895
8.595,3.241974
8.6,3.24202
8.605,3.242036
8.61,3.242038
8.615,3.242074
8.62,3.242163
8.625,3.242279
8.63,3.242389
8.635,3.242496
8.64,3.242625
8.645,3.242763
8.65,3.242886
8.655,3.243011
8.66,3.243154
8.665,3.243296
8.67,3.243423
8.675,3.243565
8.68,3.243717
8.685,3.243856
8.69,3.244004
8.695,3.244164
8.7,3.244314
8.705,3.244453
8.71,3.244607
8.715,3.244759
8.72,3.244898
8.725,3.245051
8.73,3.24521
8.735,3.245351
8.74,3.245478
8.745,3.245619
8.75,3.245763
8.755,3.245885
8.76,3.245978
8.765,3.246079
8.77,3.2462
8.775,3.246323
8.78,3.246428
8.785,3.246545
8.79,3.246682
8.795,3.246816
8.8,3.246929
8.805,3.247049
8.81,3.247186
8.815,3.247319
8.82,3.247429
8.825,3.247543
8.83,3.247676
8.835,3.247809
8.84,3.247921
8.845,3.248039
8.85,3.248176
8.855,3.248311
8.86,3.248423
8.865,3.248537
8.87,3.248671
8.875,3.248804
8.88,3.248918
8.885,3.249039
8.89,3.249178
8.895,3.249313
8.9,3.249423
8.905,3.249505
8.91,3.249602
8.915,3.249721
8.92,3.249839
8.925,3.249934
8.93,3.250012
8.935,3.250113
8.94,3.250235
8.945,3.250352
8.95,3.250445
8.955,3.250507
8.96,3.250581
8.965,3.250686
8.97,3.250802
8.975,3.250905
8.98,3.250979
8.985,3.25104
8.99,3.25113
8.995,3.251244
9,3.251357
9.005,3.251446
9.01,3.251506
9.015,3.251572
9.02,3.251671
9.025,3.251787
9.03,3.251893
9.035,3.251974
9.04,3.252061
9.045,3.252175
9.05,3.252298
9.055,3.252405
9.06,3.252491
9.065,3.252596
9.07,3.252721
9.075,3.252842
9.08,3.25294
9.085,3.253035
9.09,3.253154
9.095,3.253281
9.1,3.253393
9.105,3.253481
9.11,3.253581
9.115,3.253703
9.12,3.253826
9.125,3.253927
9.13,3.254015
9.135,3.254127
9.14,3.254254
9.145,3.25437
9.15,3.254461
9.155,3.254554
9.16,3.254673
9.165,3.254798
9.17,3.254905
9.175,3.254995
9.18,3.255106
9.185,3.255233
9.19,3.255354
9.195,3.255463
9.2,3.255592
9.205,3.255733
9.21,3.25586
9.215,3.255956
9.22,3.256035
9.225,3.256138
9.23,3.256257
9.235,3.256369
9.24,3.256461
9.245,3.256565
9.25,3.256692
9.255,3.256819
9.26,3.256925
9.265,3.257028
9.27,3.257154
9.275,3.257285
9.28,3.257398
9.285,3.257478
9.29,3.257549
9.295,3.257649
9.3,3.257766
9.305,3.257876
9.31,3.257959
9.315,3.258015
9.32,3.258085
9.325,3.258189
9.33,3.258305
9.335,3.258407
9.34,3.25848
9.345,3.258521
9.35,3.258567
9.355,3.258652
9.36,3.258763
9.365,3.258872
9.37,3.258957
9.375,3.259009
9.38,3.259032
9.385,3.259046
9.39,3.259102
9.395,3.259203
9.4,3.259318
9.405,3.259419
9.41,3.259489
9.415,3.259526
9.42,3.259537
9.425,3.259531
9.43,3.259519
9.435,3.259526
9.44,3.259594
9.445,3.259707
9.45,3.259831
9.455,3.259934
9.46,3.260002
9.465,3.260035
9.47,3.260041
9.475,3.260031
9.48,3.260018
9.485,3.260041
9.49,3.260125
9.495,3.260244
9.5,3.260364
9.505,3.260458
9.51,3.260523
9.515,3.260606
9.52,3.260715
9.525,3.260829
9.53,3.260925
9.535,3.261007
9.54,3.261112
9.545,3.261237
9.55,3.261357
9.555,3.261485
9.56,3.261634
9.565,3.261783
9.57,3.261915
9.575,3.262059
9.58,3.262211
9.585,3.262348
9.59,3.262472
9.595,3.262613
9.6,3.262757
9.605,3.262883
9.61,3.263004
9.615,3.263144
9.62,3.263286
9.625,3.263442
9.63,3.263617
9.635,3.263784
9.64,3.263916
9.645,3.26403
9.65,3.264156
9.655,3.264285
9.66,3.264396
9.665,3.264493
9.67,3.264611
9.675,3.264744
9.68,3.264865
9.685,3.264957
9.69,3.265015
9.695,3.265085
9.7,3.265186
9.705,3.265301
9.71,3.265403
9.715,3.265477
9.72,3.265519
9.725,3.265533
9.73,3.26553
9.735,3.26552
9.74,3.265512
9.745,3.265551
9.75,3.265649
9.755,3.265773
9.76,3.265889
9.765,3.265975
9.77,3.266024
9.775,3.266051
9.78,3.26611
9.785,3.266207
9.79,3.266319
9.795,3.266417
9.8,3.266486
9.805,3.266524
9.81,3.266557
9.815,3.266632
9.82,3.266739
9.825,3.266851
9.83,3.266942
9.835,3.267008
9.84,3.26709
9.845,3.267201
9.85,3.267319
9.855,3.267419
9.86,3.267489
9.865,3.267564
9.87,3.26767
9.875,3.267788
9.88,3.267895
9.885,3.267989
9.89,3.268105
9.895,3.268237
9.9,3.268359
9.905,3.268453
9.91,3.268536
9.915,3.268644
9.92,3.268766
9.925,3.268878
9.93,3.268979
9.935,3.269102
9.94,3.269238
9.945,3.269363
9.95,3.269456
9.955,3.269522
9.96,3.269608
9.965,3.269719
9.97,3.269834
9.975,3.269936
9.98,3.270057
9.985,3.270197
9.99,3.27033
9.995,3.270441
10,3.270559
10.005,3.270694
10.01,3.270825
10.015,3.270933
10.02,3.271047
10.025,3.271181
10.03,3.271313
10.035,3.271421
10.04,3.271515
10.045,3.27163
10.05,3.271758
10.055,3.271874
10.06,3.271961
10.065,3.272041
10.07,3.272148
10.075,3.27227
10.08,3.272381
10.085,3.272464
10.09,3.272539
10.095,3.272641
10.1,3.272761
10.105,3.272873
10.11,3.272959
10.115,3.273011
10.12,3.273032
10.125,3.273033
10.13,3.273023
10.135,3.273011
10.14,3.273001
10.145,3.272995
10.15,3.272994
10.155,3.272994
10.16,3.272998
10.165,3.273035
10.17,3.273128
10.175,3.273252
10.18,3.273372
10.185,3.273463
10.19,3.273518
10.195,3.273539
10.2,3.273538
10.205,3.273526
10.21,3.273512
10.215,3.273501
10.22,3.273494
10.225,3.273493
10.23,3.273494
10.235,3.273496
10.24,3.273498
10.245,3.2735
10.25,3.273501
10.255,3.273504
10.26,3.273547
10.265,3.273645
10.27,3.273769
10.275,3.273886
10.28,3.273972
10.285,3.274023
10.29,3.274073
10.295,3.274158
10.3,3.274268
10.305,3.274375
10.31,3.274472
10.315,3.274593
10.32,3.274729
10.325,3.274857
10.33,3.274983
10.335,3.27513
10.34,3.275276
10.345,3.275399
10.35,3.275501
10.355,3.27562
10.36,3.27575
10.365,3.275869
10.37,3.27596
10.375,3.276054
10.38,3.276172
10.385,3.276297
10.39,3.276407
10.395,3.27652
10.4,3.276654
10.405,3.276791
10.41,3.276911
10.415,3.277038
10.42,3.277182
10.425,3.27732
10.43,3.277457
10.435,3.277613
10.44,3.277768
10.445,3.277901
10.45,3.27804
10.455,3.27819
10.46,3.278328
10.465,3.278451
10.47,3.278588
10.475,3.278734
10.48,3.278863
10.485,3.278958
10.49,3.279022
10.495,3.2791
10.5,3.279207
10.505,3.279321
10.51,3.279419
10.515,3.279487
10.52,3.279523
10.525,3.279533
10.53,3.279529
10.535,3.279517
10.54,3.279506
10.545,3.279499
10.55,3.279523
10.555,3.279609
10.56,3.279732
10.565,3.279855
10.57,3.279953
10.575,3.280013
10.58,3.280039
10.585,3.28004
10.59,3.280029
10.595,3.280014
10.6,3.280002
10.605,3.279995
10.61,3.279993
10.615,3.279993
10.62,3.279996
10.625,3.279998
10.63,3.28
10.635,3.280001
10.64,3.280001
10.645,3.280001
10.65,3.280001
10.655,3.28
10.66,3.28
10.665,3.28
10.67,3.28
10.675,3.28
10.68,3.28
10.685,3.28
10.69,3.280002
10.695,3.280039
10.7,3.280133
10.705,3.280257
10.71,3.280375
10.715,3.280465
10.72,3.280519
10.725,3.280539
10.73,3.280539
10.735,3.280562
10.74,3.28064
10.745,3.280752
10.75,3.280879
10.755,3.281037
10.76,3.281207
10.765,3.281377
10.77,3.281561
10.775,3.281747
10.78,3.281949
10.785,3.282154
10.79,3.282341
10.795,3.282529
10.8,3.282711
10.805,3.28287
10.81,3.283033
10.815,3.283198
10.82,3.283343
10.825,3.283475
10.83,3.283621
10.835,3.283767
10.84,3.28389
10.845,3.28398
10.85,3.284075
10.855,3.284192
10.86,3.284313
10.865,3.284415
10.87,3.284486
10.875,3.284542
10.88,3.284628
10.885,3.28474
10.89,3.284852
10.895,3.284943
10.9,3.285006
10.905,3.285083
10.91,3.28519
10.915,3.285308
10.92,3.28541
10.925,3.285482
10.93,3.285542
10.935,3.285632
10.94,3.285746
10.945,3.285858
10.95,3.285949
10.955,3.286043
10.96,3.286163
10.965,3.28629
10.97,3.286401
10.975,3.286479
10.98,3.286521
10.985,3.286535
10.99,3.286532
10.995,3.28652
11,3.286532
11.005,3.286605
11.01,3.28672
11.015,3.286842
11.02,3.286942
11.025,3.287006
11.03,3.287036
11.035,3.28704
11.04,3.28703
11.045,3.287016
11.05,3.287003
11.055,3.286996
11.06,3.286993
11.065,3.286993
11.07,3.286995
11.075,3.286998
11.08,3.287
11.085,3.287001
11.09,3.287001
11.095,3.287014
11.1,3.287081
11.105,3.287194
11.11,3.287318
11.115,3.287425
11.12,3.287496
11.125,3.287532
11.13,3.287541
11.135,3.287532
11.14,3.287518
11.145,3.287505
11.15,3.287497
11.155,3.287493
11.16,3.287521
11.165,3.287608
11.17,3.287731
11.175,3.287855
11.18,3.287953
11.185,3.288013
11.19,3.288049
11.195,3.288113
11.2,3.288212
11.205,3.288323
11.21,3.28842
11.215,3.28852
11.22,3.288645
11.225,3.288778
11.23,3.288895
11.235,3.289011
11.24,3.289147
11.245,3.289286
11.25,3.289402
11.255,3.289494
11.26,3.289603
11.265,3.289728
11.27,3.289848
11.275,3.28995
11.28,3.290066
11.285,3.290201
11.29,3.290331
11.295,3.290439
11.3,3.290557
11.305,3.290692
11.31,3.290825
11.315,3.290966
11.32,3.291127
11.325,3.291284
11.33,3.291428
11.335,3.291584
11.34,3.291742
11.345,3.291881
11.35,3.292027
11.355,3.292183
11.36,3.292327
11.365,3.292436
11.37,3.292505
11.375,3.292535
11.38,3.292539
11.385,3.292529
11.39,3.292514
11.395,3.292502
11.4,3.292495
11.405,3.292492
11.41,3.292493
11.415,3.292495
11.42,3.292498
11.425,3.2925
11.43,3.29252
11.435,3.292595
11.44,3.292712
11.445,3.292836
11.45,3.292937
11.455,3.293004
11.46,3.293035
11.465,3.29304
11.47,3.29303
11.475,3.293016
11.48,3.293004
11.485,3.292996
11.49,3.292993
11.495,3.292993
11.5,3.292995
11.505,3.292998
11.51,3.293
11.515,3.293001
11.52,3.293001
11.525,3.293001
11.53,3.293001
11.535,3.293
11.54,3.293
11.545,3.293
11.55,3.293
11.555,3.293
11.56,3.293
11.565,3.293
11.57,3.293
11.575,3.293
11.58,3.293
11.585,3.293004
11.59,3.293051
11.595,3.293152
11.6,3.293277
11.605,3.293392
11.61,3.293489
11.615,3.293602
11.62,3.293731
11.625,3.293852
11.63,3.293954
11.635,3.29407
11.64,3.294205
11.645,3.294344
11.65,3.294508
11.655,3.294687
11.66,3.294888
11.665,3.295101
11.67,3.295293
11.675,3.295466
11.68,3.295639
11.685,3.295796
11.69,3.295923
11.695,3.296052
11.7,3.296193
11.705,3.296326
11.71,3.296439
11.715,3.296564
11.72,3.296703
11.725,3.296835
11.73,3.296941
11.735,3.297047
11.74,3.297174
11.745,3.297303
11.75,3.297411
11.755,3.297496
11.76,3.297597
11.765,3.297719
11.77,3.297839
11.775,3.297936
11.78,3.297998
11.785,3.298029
11.79,3.298035
11.795,3.298039
11.8,3.298093
11.805,3.298194
11.81,3.298313
11.815,3.298417
11.82,3.298489
11.825,3.298528
11.83,3.298539
11.835,3.298532
11.84,3.298519
11.845,3.298507
11.85,3.298498
11.855,3.298494
11.86,3.298493
11.865,3.298495
11.87,3.298497
11.875,3.298499
11.88,3.298501
11.885,3.298501
11.89,3.298501
11.895,3.298501
11.9,3.2985
11.905,3.2985
11.91,3.2985
11.915,3.2985
11.92,3.2985
11.925,3.2985
11.93,3.2985
11.935,3.2985
11.94,3.2985
11.945,3.2985
11.95,3.298519
11.955,3.298594
11.96,3.298711
11.965,3.298835
11.97,3.298937
11.975,3.299004
11.98,3.299035
11.985,3.29904
11.99,3.299031
11.995,3.299034
12,3.299096
12.005,3.299204
12.01,3.299326
12.015,3.299457
12.02,3.299611
12.025,3.299766
12.03,3.299896
12.035,3.299999
12.04,3.300115
12.045,3.300244
12.05,3.300362
12.055,3.300454
12.06,3.300552
12.065,3.300673
12.07,3.3008
12.075,3.300922
12.08,3.301067
12.085,3.301221
12.09,3.301359
12.095,3.301467
12.1,3.301583
12.105,3.301713
12.11,3.301838
12.115,3.301949
12.12,3.302079
12.125,3.302222
12.13,3.302353
12.135,3.302477
12.14,3.302619
12.145,3.302764
12.15,3.302899
12.155,3.303049
12.16,3.303208
12.165,3.303349
12.17,3.303456
12.175,3.303558
12.18,3.303679
12.185,3.303803
12.19,3.303909
12.195,3.303982
12.2,3.304021
12.205,3.304034
12.21,3.304029
12.215,3.304018
12.22,3.304007
12.225,3.303998
12.23,3.303994
12.235,3.303994
12.24,3.303995
12.245,3.303997
12.25,3.303999
12.255,3.304
12.26,3.304001
12.265,3.304001
12.27,3.304001
12.275,3.304
12.28,3.304
12.285,3.304
12.29,3.304
12.295,3.304014
12.3,3.304082
12.305,3.304196
12.31,3.304321
12.315,3.304427
12.32,3.304498
12.325,3.304533
12.33,3.304541
12.335,3.304532
12.34,3.304518
12.345,3.304505
12.35,3.304497
12.355,3.304493
12.36,3.304493
12.365,3.304495
12.37,3.304497
12.375,3.304499
12.38,3.304501
12.385,3.304501
12.39,3.304502
12.395,3.304531
12.4,3.304617
12.405,3.304739
12.41,3.30486
12.415,3.304955
12.42,3.305013
12.425,3.305038
12.43,3.305039
12.435,3.305047
12.44,3.305109
12.445,3.305215
12.45,3.305332
12.455,3.305432
12.46,3.305498
12.465,3.305553
12.47,3.305638
12.475,3.305749
12.48,3.305859
12.485,3.305947
12.49,3.306005
12.495,3.306071
12.5,3.306171
12.505,3.306287
12.51,3.306393
12.515,3.306479
12.52,3.306582
12.525,3.306707
12.53,3.306831
12.535,3.306931
12.54,3.307
12.545,3.307075
12.55,3.30718
12.555,3.307297
12.56,3.307401
12.565,3.307476
12.57,3.307519
12.575,3.307557
12.58,3.307635
12.585,3.307743
12.59,3.307855
12.595,3.307945
12.6,3.308026
12.605,3.308132
12.61,3.308256
12.615,3.308371
12.62,3.308458
12.625,3.308516
12.63,3.30859
12.635,3.308695
12.64,3.30881
12.645,3.308911
12.65,3.308989
12.655,3.309082
12.66,3.3092
12.665,3.309321
12.67,3.309423
12.675,3.309491
12.68,3.309526
12.685,3.309535
12.69,3.309529
12.695,3.309517
12.7,3.309517
12.705,3.309576
12.71,3.309685
12.715,3.30981
12.72,3.309918
12.725,3.309993
12.73,3.310032
12.735,3.310041
12.74,3.310034
12.745,3.31002
12.75,3.310006
12.755,3.309997
12.76,3.309993
12.765,3.309993
12.77,3.309995
12.775,3.309997
12.78,3.309999
12.785,3.310001
12.79,3.310001
12.795,3.310001
12.8,3.310001
12.805,3.31
12.81,3.31
12.815,3.31
12.82,3.31
12.825,3.31
12.83,3.31
12.835,3.31
12.84,3.31
12.845,3.31
12.85,3.31
12.855,3.310015
12.86,3.310086
12.865,3.310201
12.87,3.310326
12.875,3.31043
12.88,3.3105
12.885,3.310534
12.89,3.31054
12.895,3.310532
12.9,3.310518
12.905,3.310529
12.91,3.310603
12.915,3.310719
12.92,3.310842
12.925,3.310942
12.93,3.311014
12.935,3.3111
12.94,3.311211
12.945,3.311327
12.95,3.311424
12.955,3.311495
12.96,3.311578
12.965,3.31169
12.97,3.31181
12.975,3.311913
12.98,3.311997
12.985,3.312103
12.99,3.312228
12.995,3.312348
13,3.312444
13.005,3.312533
13.01,3.312648
13.015,3.312774
13.02,3.312886
13.025,3.312969
13.03,3.313036
13.035,3.31313
13.04,3.313246
13.045,3.313374
13.05,3.313534
13.055,3.313705
13.06,3.313856
13.065,3.313975
13.07,3.314099
13.075,3.314232
13.08,3.314354
13.085,3.314447
13.09,3.314505
13.095,3.31453
13.1,3.314533
13.105,3.314524
13.11,3.314512
13.115,3.314519
13.12,3.314585
13.125,3.314699
13.13,3.314825
13.135,3.31493
13.14,3.315
13.145,3.315034
13.15,3.315041
13.155,3.315032
13.16,3.315018
13.165,3.315005
13.17,3.314996
13.175,3.314993
13.18,3.314993
13.185,3.314995
13.19,3.314997
13.195,3.315
13.2,3.315001
13.205,3.315001
13.21,3.315001
13.215,3.315001
13.22,3.315
13.225,3.315
13.23,3.315
13.235,3.315
13.24,3.315
13.245,3.315
13.25,3.315
13.255,3.315
13.26,3.315
13.265,3.315
13.27,3.315
13.275,3.315
13.28,3.315
13.285,3.315
13.29,3.315
13.295,3.315
13.3,3.315
13.305,3.315
13.31,3.315
13.315,3.315
13.32,3.315015
13.325,3.315084
13.33,3.315198
13.335,3.315323
13.34,3.315428
13.345,3.315499
13.35,3.315533
13.355,3.315541
13.36,3.315532
13.365,3.315518
13.37,3.315505
13.375,3.315497
13.38,3.315493
13.385,3.315493
13.39,3.315495
13.395,3.315497
13.4,3.315513
13.405,3.315581
13.41,3.315694
13.415,3.31582
13.42,3.315926
13.425,3.315997
13.43,3.316036
13.435,3.316088
13.44,3.316179
13.445,3.31629
13.45,3.316394
13.455,3.316504
13.46,3.31664
13.465,3.31678
13.47,3.316929
13.475,3.317098
13.48,3.317264
13.485,3.317404
13.49,3.317544
13.495,3.317693
13.5,3.31783
13.505,3.317936
13.51,3.318037
13.515,3.318158
13.52,3.318286
13.525,3.318396
13.53,3.318486
13.535,3.318592
13.54,3.318718
13.545,3.31884
13.55,3.318938
13.555,3.319001
13.56,3.319062
13.565,3.319157
13.57,3.319271
13.575,3.319379
13.58,3.319461
13.585,3.319516
13.59,3.319587
13.595,3.319691
13.6,3.319807
13.605,3.319909
13.61,3.319981
13.615,3.320021
13.62,3.320034
13.625,3.32003
13.63,3.320019
13.635,3.320007
13.64,3.319999
13.645,3.319994
13.65,3.319994
13.655,3.319995
13.66,3.319997
13.665,3.319999
13.67,3.32
13.675,3.320001
13.68,3.320001
13.685,3.320001
13.69,3.32
13.695,3.32
13.7,3.32
13.705,3.32
13.71,3.32
13.715,3.32
13.72,3.32
13.725,3.32
13.73,3.32
13.735,3.32
13.74,3.32
13.745,3.320006
13.75,3.32006
13.755,3.320166
13.76,3.320292
13.765,3.320404
13.77,3.320484
13.775,3.320527
13.78,3.320541
13.785,3.320535
13.79,3.320522
13.795,3.320509
13.8,3.320535
13.805,3.320622
13.81,3.320744
13.815,3.320865
13.82,3.320959
13.825,3.321016
13.83,3.321061
13.835,3.321139
13.84,3.321246
13.845,3.321355
13.85,3.321443
13.855,3.321503
13.86,3.321568
13.865,3.321666
13.87,3.321782
13.875,3.321889
13.88,3.321969
13.885,3.322023
13.89,3.322099
13.895,3.322205
13.9,3.322321
13.905,3.322419
13.91,3.322488
13.915,3.322532
13.92,3.322602
13.925,3.322705
13.93,3.322819
13.935,3.322918
13.94,3.322987
13.945,3.323024
13.95,3.323035
13.955,3.323034
13.96,3.32307
13.965,3.32316
13.97,3.323277
13.975,3.323388
13.98,3.323472
13.985,3.32352
13.99,3.323538
13.995,3.323535
14,3.323524
14.005,3.323532
14.01,3.3236
14.015,3.323713
14.02,3.323835
14.025,3.323936
14.03,3.324003
14.035,3.324035
14.04,3.32404
14.045,3.324031
14.05,3.324017
14.055,3.324005
14.06,3.324025
14.065,3.324108
14.07,3.324229
14.075,3.324353
14.08,3.324451
14.085,3.324512
14.09,3.324539
14.095,3.32454
14.1,3.324529
14.105,3.324514
14.11,3.324502
14.115,3.324495
14.12,3.324493
14.125,3.324498
14.13,3.324549
14.135,3.324654
14.14,3.324782
14.145,3.324897
14.15,3.32498
14.155,3.325026
14.16,3.325041
14.165,3.325036
14.17,3.325023
14.175,3.325009
14.18,3.324999
14.185,3.324994
14.19,3.324993
14.195,3.324994
14.2,3.324997
14.205,3.32501
14.21,3.325075
14.215,3.325187
14.22,3.325312
14.225,3.32542
14.23,3.325494
14.235,3.325531
14.24,3.325541
14.245,3.325533
14.25,3.325519
14.255,3.325506
14.26,3.325497
14.265,3.325493
14.27,3.325493
14.275,3.325495
14.28,3.325497
14.285,3.325499
14.29,3.325501
14.295,3.325501
14.3,3.325505
14.305,3.32555
14.31,3.32565
14.315,3.325774
14.32,3.32589
14.325,3.325975
14.33,3.326023
14.335,3.32604
14.34,3.326037
14.345,3.326024
14.35,3.32601
14.355,3.325999
14.36,3.325994
14.365,3.325997
14.37,3.326048
14.375,3.326153
14.38,3.32628
14.385,3.326397
14.39,3.32648
14.395,3.326526
14.4,3.326548
14.405,3.326597
14.41,3.326689
14.415,3.3268
14.42,3.326903
14.425,3.326978
14.43,3.327026
14.435,3.327093
14.44,3.327195
14.445,3.32731
14.45,3.327411
14.455,3.327482
14.46,3.327523
14.465,3.327573
14.47,3.327663
14.475,3.327775
14.48,3.327883
14.485,3.327964
14.49,3.328029
14.495,3.328119
14.5,3.328234
14.505,3.328348
14.51,3.328453
14.515,3.328579
14.52,3.32872
14.525,3.328871
14.53,3.329047
14.535,3.329228
14.54,3.329417
14.545,3.329615
14.55,3.329794
14.555,3.329928
14.56,3.33001
14.565,3.330045
14.57,3.330048
14.575,3.330035
14.58,3.330017
14.585,3.330002
14.59,3.329993
14.595,3.32999
14.6,3.330001
14.605,3.330064
14.61,3.330176
14.615,3.330304
14.62,3.330415
14.625,3.330492
14.63,3.330531
14.635,3.330541
14.64,3.330534
14.645,3.33052
14.65,3.330507
14.655,3.330497
14.66,3.330493
14.665,3.330493
14.67,3.330495
14.675,3.330497
14.68,3.330499
14.685,3.330501
14.69,3.330501
14.695,3.330501
14.7,3.330501
14.705,3.3305
14.71,3.3305
14.715,3.3305
14.72,3.3305
14.725,3.3305
14.73,3.3305
14.735,3.3305
14.74,3.3305
14.745,3.3305
14.75,3.3305
14.755,3.3305
14.76,3.3305
14.765,3.3305
14.77,3.3305
14.775,3.3305
14.78,3.3305
14.785,3.3305
14.79,3.3305
14.795,3.3305
14.8,3.3305
14.805,3.3305
14.81,3.3305
14.815,3.3305
14.82,3.3305
14.825,3.3305
14.83,3.3305
14.835,3.3305
14.84,3.3305
14.845,3.3305
14.85,3.3305
14.855,3.330508
14.86,3.330565
14.865,3.330673
14.87,3.330799
14.875,3.33091
14.88,3.330988
14.885,3.331029
14.89,3.331041
14.895,3.331034
14.9,3.331021
14.905,3.331007
14.91,3.331015
14.915,3.331083
14.92,3.331199
14.925,3.331325
14.93,3.331434
14.935,3.331549
14.94,3.331682
14.945,3.331813
14.95,3.33192
14.955,3.331993
14.96,3.332068
14.965,3.332172
14.97,3.332289
14.975,3.332394
14.98,3.332474
14.985,3.33256
14.99,3.332673
14.995,3.332795
15,3.332904
15.005,3.33302
15.01,3.333158
15.015,3.333296
15.02,3.333411
15.025,3.333488
15.03,3.333528
15.035,3.333555
15.04,3.33362
15.045,3.333722
15.05,3.333834
15.055,3.33393
15.06,3.334031
15.065,3.334155
15.07,3.334287
15.075,3.3344
15.08,3.334481
15.085,3.334562
15.09,3.334669
15.095,3.334789
15.1,3.334895
15.105,3.334973
15.11,3.335017
15.115,3.335033
15.12,3.335031
15.125,3.33502
15.13,3.335008
15.135,3.335002
15.14,3.335038
15.145,3.335133
15.15,3.335259
15.155,3.335379
15.16,3.335469
15.165,3.335521
15.17,3.335541
15.175,3.335538
15.18,3.335526
15.185,3.335511
15.19,3.3355
15.195,3.335494
15.2,3.335492
15.205,3.335494
15.21,3.335496
15.215,3.335499
15.22,3.3355
15.225,3.335501
15.23,3.335501
15.235,3.335501
15.24,3.335501
15.245,3.3355
15.25,3.3355
15.255,3.3355
15.26,3.3355
15.265,3.3355
15.27,3.3355
15.275,3.3355
15.28,3.3355
15.285,3.3355
15.29,3.3355
15.295,3.3355
15.3,3.3355
15.305,3.3355
15.31,3.3355
15.315,3.3355
15.32,3.3355
15.325,3.3355
15.33,3.3355
15.335,3.335524
15.34,3.335604
15.345,3.335724
15.35,3.335847
15.355,3.335946
15.36,3.336008
15.365,3.336037
15.37,3.33604
15.375,3.336029
15.38,3.336015
15.385,3.336003
15.39,3.335995
15.395,3.335993
15.4,3.335993
15.405,3.335995
15.41,3.335998
15.415,3.336
15.42,3.33602
15.425,3.336095
15.43,3.336212
15.435,3.336336
15.44,3.336437
15.445,3.336504
15.45,3.336535
15.455,3.33654
15.46,3.33653
15.465,3.336516
15.47,3.336504
15.475,3.336496
15.48,3.336493
15.485,3.336493
15.49,3.336509
15.495,3.33658
15.5,3.336695
15.505,3.336822
15.51,3.336928
15.515,3.336999
15.52,3.337034
15.525,3.337042
15.53,3.33707
15.535,3.337149
15.54,3.337259
15.545,3.33737
15.55,3.337457
15.555,3.337513
15.56,3.337573
15.565,3.337668
15.57,3.337782
15.575,3.337888
15.58,3.337967
15.585,3.338014
15.59,3.338054
15.595,3.338132
15.6,3.33824
15.605,3.338352
15.61,3.338443
15.615,3.338502
15.62,3.338535
15.625,3.338592
15.63,3.338688
15.635,3.338801
15.64,3.338904
15.645,3.338978
15.65,3.33902
15.655,3.339035
15.66,3.339031
15.665,3.33902
15.67,3.339008
15.675,3.33902
15.68,3.339092
15.685,3.33921
15.69,3.339335
15.695,3.339438
15.7,3.339505
15.705,3.339536
15.71,3.339541
15.715,3.339531
15.72,3.339517
15.725,3.339504
15.73,3.339496
15.735,3.339493
15.74,3.33952
15.745,3.339606
15.75,3.339729
15.755,3.339853
15.76,3.339951
15.765,3.340012
15.77,3.340038
15.775,3.34004
15.78,3.340029
15.785,3.340014
15.79,3.340002
15.795,3.339995
15.8,3.339993
15.805,3.339993
15.81,3.340005
15.815,3.340069
15.82,3.340181
15.825,3.340307
15.83,3.340417
15.835,3.340492
15.84,3.340531
15.845,3.340541
15.85,3.340534
15.855,3.34052
15.86,3.340506
15.865,3.340497
15.87,3.340493
15.875,3.340493
15.88,3.340495
15.885,3.340497
15.89,3.340499
15.895,3.340501
15.9,3.340501
15.905,3.340501
15.91,3.340504
15.915,3.34055
15.92,3.340649
15.925,3.340774
15.93,3.34089
15.935,3.340975
15.94,3.341023
15.945,3.34104
15.95,3.341037
15.955,3.341024
15.96,3.34101
15.965,3.340999
15.97,3.340994
15.975,3.340993
15.98,3.340994
15.985,3.341002
15.99,3.341057
15.995,3.341164
16,3.34129
16.005,3.341403
16.01,3.341484
16.015,3.341527
16.02,3.341541
16.025,3.341535
16.03,3.341522
16.035,3.341508
16.04,3.341498
16.045,3.341493
16.05,3.341493
16.055,3.341494
16.06,3.341502
16.065,3.341556
16.07,3.341662
16.075,3.341788
16.08,3.341901
16.085,3.341982
16.09,3.342027
16.095,3.342041
16.1,3.342035
16.105,3.342022
16.11,3.342008
16.115,3.341998
16.12,3.341994
16.125,3.341993
16.13,3.342002
16.135,3.342061
16.14,3.34217
16.145,3.342297
16.15,3.342409
16.155,3.342488
16.16,3.342529
16.165,3.342541
16.17,3.342546
16.175,3.342597
16.18,3.342696
16.185,3.342811
16.19,3.342915
16.195,3.342991
16.2,3.343077
16.205,3.343189
16.21,3.343309
16.215,3.343412
16.22,3.343483
16.225,3.343522
16.23,3.343534
16.235,3.343532
16.24,3.343562
16.245,3.343646
16.25,3.343762
16.255,3.343876
16.26,3.343964
16.265,3.344044
16.27,3.34415
16.275,3.34427
16.28,3.344381
16.285,3.344464
16.29,3.344529
16.295,3.34462
16.3,3.344736
16.305,3.34485
16.31,3.344942
16.315,3.345001
16.32,3.345029
16.325,3.345034
16.33,3.345026
16.335,3.345039
16.34,3.345109
16.345,3.345223
16.35,3.345343
16.355,3.345441
16.36,3.345505
16.365,3.345535
16.37,3.345539
16.375,3.34553
16.38,3.345516
16.385,3.345504
16.39,3.345496
16.395,3.345493
16.4,3.345493
16.405,3.345495
16.41,3.345498
16.415,3.3455
16.42,3.345501
16.425,3.345501
16.43,3.345501
16.435,3.345501
16.44,3.3455
16.445,3.3455
16.45,3.3455
16.455,3.3455
16.46,3.3455
16.465,3.3455
16.47,3.3455
16.475,3.3455
16.48,3.3455
16.485,3.3455
16.49,3.3455
16.495,3.3455
16.5,3.3455
16.505,3.3455
16.51,3.3455
16.515,3.3455
16.52,3.345505
16.525,3.345557
16.53,3.345661
16.535,3.345787
16.54,3.3459
16.545,3.345982
16.55,3.346026
16.555,3.346041
16.56,3.346036
16.565,3.346022
16.57,3.346008
16.575,3.345999
16.58,3.345994
16.585,3.345993
16.59,3.345994
16.595,3.345997
16.6,3.345999
16.605,3.346
16.61,3.346001
16.615,3.346001
16.62,3.346001
16.625,3.346
16.63,3.346012
16.635,3.346076
16.64,3.346188
16.645,3.346313
16.65,3.346421
16.655,3.346494
16.66,3.346532
16.665,3.346541
16.67,3.346533
16.675,3.346519
16.68,3.346506
16.685,3.346497
16.69,3.3465
16.695,3.346557
16.7,3.346666
16.705,3.346794
16.71,3.346907
16.715,3.346987
16.72,3.34703
16.725,3.347052
16.73,3.347108
16.735,3.347205
16.74,3.347316
16.745,3.347415
16.75,3.347485
16.755,3.347523
16.76,3.347535
16.765,3.34753
16.77,3.347519
16.775,3.347507
16.78,3.347516
16.785,3.347586
16.79,3.347702
16.795,3.347828
16.8,3.347933
16.805,3.348002
16.81,3.348035
16.815,3.348041
16.82,3.348032
16.825,3.348017
16.83,3.348004
16.835,3.347996
16.84,3.347993
16.845,3.347993
16.85,3.347996
16.855,3.348031
16.86,3.348123
16.865,3.348247
16.87,3.348368
16.875,3.348461
16.88,3.348516
16.885,3.348539
16.89,3.348539
16.895,3.348527
16.9,3.348512
16.905,3.348501
16.91,3.348495
16.915,3.348493
16.92,3.348509
16.925,3.348582
16.93,3.348699
16.935,3.348826
16.94,3.348931
16.945,3.349001
16.95,3.349035
16.955,3.349041
16.96,3.349032
16.965,3.349017
16.97,3.349005
16.975,3.348996
16.98,3.348993
16.985,3.348993
16.99,3.348995
16.995,3.348998
17,3.34901
17.005,3.349075
17.01,3.349187
17.015,3.349312
17.02,3.34942
17.025,3.349494
17.03,3.349531
17.035,3.349541
17.04,3.349533
17.045,3.349519
17.05,3.349506
17.055,3.349497
17.06,3.349493
17.065,3.349493
17.07,3.349495
17.075,3.3495
17.08,3.349547
17.085,3.349647
17.09,3.349773
17.095,3.349889
17.1,3.349975
17.105,3.350023
17.11,3.35004
17.115,3.350037
17.12,3.350024
17.125,3.35001
17.13,3.349999
17.135,3.349994
17.14,3.349993
17.145,3.350005
17.15,3.350071
17.155,3.350185
17.16,3.350312
17.165,3.35042
17.17,3.350495
17.175,3.350532
17.18,3.350541
17.185,3.350533
17.19,3.350519
17.195,3.350506
17.2,3.350497
17.205,3.350493
17.21,3.350493
17.215,3.350495
17.22,3.350497
17.225,3.350508
17.23,3.35057
17.235,3.350679
17.24,3.350805
17.245,3.350915
17.25,3.35099
17.255,3.35103
17.26,3.351041
17.265,3.351034
17.27,3.35102
17.275,3.351007
17.28,3.350998
17.285,3.351001
17.29,3.351057
17.295,3.351166
17.3,3.351294
17.305,3.351407
17.31,3.351487
17.315,3.35153
17.32,3.351542
17.325,3.351535
17.33,3.351521
17.335,3.351508
17.34,3.351498
17.345,3.351493
17.35,3.351493
17.355,3.351494
17.36,3.351497
17.365,3.351499
17.37,3.351501
17.375,3.351517
17.38,3.351587
17.385,3.351702
17.39,3.351826
17.395,3.35193
17.4,3.352
17.405,3.352033
17.41,3.35204
17.415,3.352032
17.42,3.352017
17.425,3.352005
17.43,3.351996
17.435,3.351993
17.44,3.351993
17.445,3.351995
17.45,3.352011
17.455,3.35208
17.46,3.352194
17.465,3.35232
17.47,3.352426
17.475,3.352497
17.48,3.352533
17.485,3.352541
17.49,3.352532
17.495,3.352518
17.5,3.352505
17.505,3.352497
17.51,3.352493
17.515,3.352493
17.52,3.352495
17.525,3.352515
17.53,3.352591
17.535,3.352709
17.54,3.352834
17.545,3.352937
17.55,3.353003
17.555,3.353035
17.56,3.35304
17.565,3.353031
17.57,3.353016
17.575,3.353004
17.58,3.352996
17.585,3.352993
17.59,3.353
17.595,3.353057
17.6,3.353166
17.605,3.353294
17.61,3.353407
17.615,3.353486
17.62,3.353529
17.625,3.353541
17.63,3.353535
17.635,3.353521
17.64,3.353508
17.645,3.353498
17.65,3.353493
17.655,3.353493
17.66,3.353494
17.665,3.353497
17.67,3.353513
17.675,3.353582
17.68,3.353697
17.685,3.353822
17.69,3.353928
17.695,3.353998
17.7,3.354033
17.705,3.35404
17.71,3.354032
17.715,3.354018
17.72,3.354005
17.725,3.353997
17.73,3.353993
17.735,3.353993
17.74,3.353995
17.745,3.353998
17.75,3.354026
17.755,3.354111
17.76,3.354232
17.765,3.354354
17.77,3.354451
17.775,3.354511
17.78,3.354537
17.785,3.354539
17.79,3.354528
17.795,3.354514
17.8,3.354502
17.805,3.354495
17.81,3.354493
17.815,3.354505
17.82,3.354572
17.825,3.354686
17.83,3.354814
17.835,3.354922
17.84,3.354996
17.845,3.355033
17.85,3.355041
17.855,3.355033
17.86,3.355019
17.865,3.355006
17.87,3.354997
17.875,3.354993
17.88,3.354993
17.885,3.354995
17.89,3.355008
17.895,3.355074
17.9,3.355186
17.905,3.355312
17.91,3.355421
17.915,3.355494
17.92,3.355532
17.925,3.355541
17.93,3.355533
17.935,3.355519
17.94,3.355506
17.945,3.355497
17.95,3.355493
17.955,3.355493
17.96,3.355495
17.965,3.355497
17.97,3.355502
17.975,3.355545
17.98,3.355643
17.985,3.355768
17.99,3.355885
17.995,3.355971
18,3.356021
18.005,3.35604
18.01,3.356037
18.015,3.356024
18.02,3.35601
18.025,3.356
18.03,3.355994
18.035,3.355993
18.04,3.356019
18.045,3.356103
18.05,3.356225
18.055,3.356349
18.06,3.356448
18.065,3.35651
18.07,3.356538
18.075,3.35654
18.08,3.356529
18.085,3.356515
18.09,3.356502
18.095,3.356495
18.1,3.356493
18.105,3.356493
18.11,3.356498
18.115,3.35654
18.12,3.356637
18.125,3.356763
18.13,3.356881
18.135,3.356969
18.14,3.357021
18.145,3.35704
18.15,3.357037
18.155,3.357025
18.16,3.357011
18.165,3.357
18.17,3.356994
18.175,3.356999
18.18,3.357056
18.185,3.357165
18.19,3.357293
18.195,3.357406
18.2,3.357486
18.205,3.357529
18.21,3.357542
18.215,3.357535
18.22,3.357521
18.225,3.357508
18.23,3.357498
18.235,3.357493
18.24,3.357493
18.245,3.357507
18.25,3.357575
18.255,3.35769
18.26,3.357817
18.265,3.357924
18.27,3.357997
18.275,3.358033
18.28,3.358041
18.285,3.358033
18.29,3.358019
18.295,3.358005
18.3,3.358015
18.305,3.358085
18.31,3.358201
18.315,3.358328
18.32,3.358433
18.325,3.358502
18.33,3.358535
18.335,3.358541
18.34,3.358532
18.345,3.358517
18.35,3.358506
18.355,3.358535
18.36,3.358626
18.365,3.358749
18.37,3.35887
18.375,3.358963
18.38,3.359018
18.385,3.35904
18.39,3.359039
18.395,3.359027
18.4,3.359018
18.405,3.359059
18.41,3.359158
18.415,3.359282
18.42,3.359396
18.425,3.359479
18.43,3.359525
18.435,3.359541
18.44,3.359536
18.445,3.359523
18.45,3.359509
18.455,3.359499
18.46,3.359494
18.465,3.359493
18.47,3.359494
18.475,3.359497
18.48,3.359499
18.485,3.3595
18.49,3.359501
18.495,3.35952
18.5,3.359595
18.505,3.359711
18.51,3.359835
18.515,3.359937
18.52,3.360004
18.525,3.360035
18.53,3.36004
18.535,3.360031
18.54,3.360016
18.545,3.360004
18.55,3.359996
18.555,3.359993
18.56,3.359993
18.565,3.359995
18.57,3.359998
18.575,3.36
18.58,3.360001
18.585,3.360001
18.59,3.360001
18.595,3.360005
18.6,3.360051
18.605,3.360152
18.61,3.360277
18.615,3.360392
18.62,3.360476
18.625,3.360524
18.63,3.36054
18.635,3.360536
18.64,3.360523
18.645,3.360509
18.65,3.360499
18.655,3.360494
18.66,3.360493
18.665,3.360494
18.67,3.360497
18.675,3.360499
18.68,3.3605
18.685,3.360501
18.69,3.360501
18.695,3.360509
18.7,3.360566
18.705,3.360674
18.71,3.360799
18.715,3.36091
18.72,3.360988
18.725,3.361029
18.73,3.361041
18.735,3.361034
18.74,3.361021
18.745,3.361007
18.75,3.360998
18.755,3.360993
18.76,3.360993
18.765,3.360995
18.77,3.360997
18.775,3.360999
18.78,3.361001
18.785,3.361001
18.79,3.361001
18.795,3.361021
18.8,3.361096
18.805,3.361214
18.81,3.361337
18.815,3.361439
18.82,3.361504
18.825,3.361535
18.83,3.36154
18.835,3.36153
18.84,3.361516
18.845,3.361504
18.85,3.361496
18.855,3.361493
18.86,3.361493
18.865,3.361495
18.87,3.361498
18.875,3.3615
18.88,3.361502
18.885,3.36154
18.89,3.361634
18.895,3.361757
18.9,3.361876
18.905,3.361965
18.91,3.362019
18.915,3.362039
18.92,3.362038
18.925,3.362026
18.93,3.362011
18.935,3.362
18.94,3.361994
18.945,3.361993
18.95,3.361994
18.955,3.36201
18.96,3.36208
18.965,3.362196
18.97,3.362322
18.975,3.362428
18.98,3.362499
18.985,3.362533
18.99,3.362541
18.995,3.362532
19,3.362518
19.005,3.362505
19.01,3.362497
19.015,3.362493
19.02,3.362499
19.025,3.362554
19.03,3.362661
19.035,3.362789
19.04,3.362903
19.045,3.362984
19.05,3.363028
19.055,3.363041
19.06,3.363036
19.065,3.363022
19.07,3.363008
19.075,3.362998
19.08,3.362993
19.085,3.362997
19.09,3.363047
19.095,3.363151
19.1,3.363278
19.105,3.363395
19.11,3.363479
19.115,3.363526
19.12,3.363541
19.125,3.363537
19.13,3.363523
19.135,3.363509
19.14,3.363499
19.145,3.363494
19.15,3.363494
19.155,3.363529
19.16,3.363623
19.165,3.363748
19.17,3.363869
19.175,3.363962
19.18,3.364018
19.185,3.36404
19.19,3.364039
19.195,3.364027
19.2,3.364012
19.205,3.364001
19.21,3.363994
19.215,3.364011
19.22,3.364087
19.225,3.364207
19.23,3.364333
19.235,3.364437
19.24,3.364505
19.245,3.364536
19.25,3.364541
19.255,3.364531
19.26,3.364517
19.265,3.364504
19.27,3.364496
19.275,3.364493
19.28,3.364493
19.285,3.364495
19.29,3.364498
19.295,3.3645
19.3,3.364501
19.305,3.36453
19.31,3.364616
19.315,3.364737
19.32,3.364858
19.325,3.364953
19.33,3.365012
19.335,3.365038
19.34,3.365039
19.345,3.365028
19.35,3.365014
19.355,3.365002
19.36,3.364995
19.365,3.364993
19.37,3.364993
19.375,3.364996
19.38,3.364998
19.385,3.365011
19.39,3.365075
19.395,3.365187
19.4,3.365312
19.405,3.36542
19.41,3.365494
19.415,3.365531
19.42,3.365541
19.425,3.365533
19.43,3.365519
19.435,3.365506
19.44,3.365497
19.445,3.365493
19.45,3.365493
19.455,3.365495
19.46,3.365497
19.465,3.365513
19.47,3.365583
19.475,3.365697
19.48,3.365822
19.485,3.365927
19.49,3.365998
19.495,3.366033
19.5,3.36604
19.505,3.366032
19.51,3.366018
19.515,3.366005
19.52,3.365997
19.525,3.365993
19.53,3.365993
19.535,3.365995
19.54,3.366017
19.545,3.366095
19.55,3.366214
19.555,3.366339
19.56,3.36644
19.565,3.366505
19.57,3.366536
19.575,3.36654
19.58,3.36653
19.585,3.366516
19.59,3.366504
19.595,3.366496
19.6,3.366493
19.605,3.366519
19.61,3.366604
19.615,3.366726
19.62,3.366851
19.625,3.36695
19.63,3.367011
19.635,3.367038
19.64,3.36704
19.645,3.367029
19.65,3.367014
19.655,3.367002
19.66,3.366995
19.665,3.366993
19.67,3.367009
19.675,3.367081
19.68,3.367199
19.685,3.367325
19.69,3.367431
19.695,3.367501
19.7,3.367535
19.705,3.367541
19.71,3.367532
19.715,3.367517
19.72,3.367505
19.725,3.367504
19.73,3.367558
19.735,3.367666
19.74,3.367794
19.745,3.367907
19.75,3.367987
19.755,3.36803
19.76,3.368042
19.765,3.368035
19.77,3.368021
19.775,3.368009
19.78,3.368036
19.785,3.368124
19.79,3.368247
19.795,3.368368
19.8,3.368461
19.805,3.368517
19.81,3.36854
19.815,3.368539
19.82,3.368527
19.825,3.368513
19.83,3.368502
19.835,3.368527
19.84,3.368614
19.845,3.368737
19.85,3.36886
19.855,3.368956
19.86,3.369015
19.865,3.369039
19.87,3.36904
19.875,3.369038
19.88,3.369084
19.885,3.369182
19.89,3.369301
19.895,3.369408
19.9,3.369485
19.905,3.369526
19.91,3.369539
19.915,3.369534
19.92,3.369521
19.925,3.369508
19.93,3.369498
19.935,3.369494
19.94,3.369493
19.945,3.369495
19.95,3.369497
19.955,3.369499
19.96,3.3695
19.965,3.369501
19.97,3.369501
19.975,3.369501
19.98,3.3695
19.985,3.3695
19.99,3.3695
19.995,3.3695
20,3.369531
20.005,3.369619
20.01,3.369741
20.015,3.369862
20.02,3.369957
20.025,3.370014
20.03,3.370038
20.035,3.370039
20.04,3.370027
20.045,3.370013
20.05,3.370002
20.055,3.369995
20.06,3.369993
20.065,3.369994
20.07,3.369996
20.075,3.369998
20.08,3.37
20.085,3.370001
20.09,3.370001
20.095,3.370001
20.1,3.370001
20.105,3.370012
20.11,3.370076
20.115,3.370188
20.12,3.370313
20.125,3.370421
20.13,3.370494
20.135,3.370532
20.14,3.370541
20.145,3.370533
20.15,3.370519
20.155,3.370506
20.16,3.370497
20.165,3.370493
20.17,3.370493
20.175,3.370495
20.18,3.370497
20.185,3.370499
20.19,3.370501
20.195,3.370501
20.2,3.370501
20.205,3.370501
20.21,3.370507
20.215,3.37056
20.22,3.370666
20.225,3.370791
20.23,3.370904
20.235,3.370984
20.24,3.371027
20.245,3.371041
20.25,3.371035
20.255,3.371022
20.26,3.371008
20.265,3.370998
20.27,3.370993
20.275,3.370993
20.28,3.370994
20.285,3.371003
20.29,3.371059
20.295,3.371167
20.3,3.371293
20.305,3.371405
20.31,3.371485
20.315,3.371528
20.32,3.371541
20.325,3.371535
20.33,3.371521
20.335,3.371508
20.34,3.371498
20.345,3.371493
20.35,3.371493
20.355,3.371494
20.36,3.3715
20.365,3.371547
20.37,3.371647
20.375,3.371773
20.38,3.371889
20.385,3.371975
20.39,3.372023
20.395,3.37204
20.4,3.372037
20.405,3.372024
20.41,3.37201
20.415,3.371999
20.42,3.371994
20.425,3.371993
20.43,3.371994
20.435,3.372002
20.44,3.372057
20.445,3.372164
20.45,3.37229
20.455,3.372403
20.46,3.372484
20.465,3.372527
20.47,3.372541
20.475,3.372535
20.48,3.372522
20.485,3.372508
20.49,3.372498
20.495,3.372493
20.5,3.372493
20.505,3.372494
20.51,3.37251
20.515,3.372579
20.52,3.372694
20.525,3.37282
20.53,3.372926
20.535,3.372997
20.54,3.373033
20.545,3.373041
20.55,3.373032
20.555,3.373018
20.56,3.373005
20.565,3.372997
20.57,3.372993
20.575,3.372993
20.58,3.373002
20.585,3.373061
20.59,3.37317
20.595,3.373297
20.6,3.373409
20.605,3.373488
20.61,3.373529
20.615,3.373541
20.62,3.373535
20.625,3.373521
20.63,3.373507
20.635,3.373498
20.64,3.373493
20.645,3.373493
20.65,3.373511
20.655,3.373585
20.66,3.373702
20.665,3.373829
20.67,3.373933
20.675,3.374002
20.68,3.374035
20.685,3.374041
20.69,3.374032
20.695,3.374017
20.7,3.374004
20.705,3.373996
20.71,3.373993
20.715,3.373993
20.72,3.374022
20.725,3.374108
20.73,3.374231
20.735,3.374354
20.74,3.374452
20.745,3.374512
20.75,3.374538
20.755,3.37454
20.76,3.374528
20.765,3.374514
20.77,3.374502
20.775,3.374495
20.78,3.374493
20.785,3.374493
20.79,3.374496
20.795,3.374516
20.8,3.374592
20.805,3.374709
20.81,3.374834
20.815,3.374936
20.82,3.375003
20.825,3.375035
20.83,3.37504
20.835,3.375031
20.84,3.375016
20.845,3.375004
20.85,3.374996
20.855,3.374993
20.86,3.374993
20.865,3.374995
20.87,3.375011
20.875,3.375082
20.88,3.375197
20.885,3.375322
20.89,3.375428
20.895,3.375498
20.9,3.375533
20.905,3.375541
20.91,3.375532
20.915,3.375518
20.92,3.375505
20.925,3.375497
20.93,3.375493
20.935,3.375493
20.94,3.375495
20.945,3.375497
20.95,3.3755
20.955,3.375524
20.96,3.375605
20.965,3.375725
20.97,3.375847
20.975,3.375946
20.98,3.376008
20.985,3.376036
20.99,3.37604
20.995,3.376029
21,3.376015
21.005,3.376003
21.01,3.375995
21.015,3.375993
21.02,3.375993
21.025,3.375996
21.03,3.376
21.035,3.376043
21.04,3.376141
21.045,3.376265
21.05,3.376383
21.055,3.37647
21.06,3.376521
21.065,3.37654
21.07,3.376537
21.075,3.376525
21.08,3.376511
21.085,3.3765
21.09,3.376494
21.095,3.376503
21.1,3.376567
21.105,3.37668
21.11,3.376807
21.115,3.376918
21.12,3.376993
21.125,3.377032
21.13,3.377042
21.135,3.377034
21.14,3.37702
21.145,3.377006
21.15,3.376997
21.155,3.377009
21.16,3.377081
21.165,3.377198
21.17,3.377325
21.175,3.377431
21.18,3.377501
21.185,3.377535
21.19,3.377542
21.195,3.377532
21.2,3.377518
21.205,3.377505
21.21,3.377496
21.215,3.377493
21.22,3.377497
21.225,3.377549
21.23,3.377654
21.235,3.377781
21.24,3.377897
21.245,3.37798
21.25,3.378026
21.255,3.378041
21.26,3.378036
21.265,3.378023
21.27,3.378009
21.275,3.377999
21.28,3.377994
21.285,3.37801
21.29,3.378086
21.295,3.378205
21.3,3.378332
21.305,3.378436
21.31,3.378504
21.315,3.378536
21.32,3.378541
21.325,3.378531
21.33,3.378517
21.335,3.378504
21.34,3.378515
21.345,3.378586
21.35,3.378704
21.355,3.37883
21.36,3.378935
21.365,3.379003
21.37,3.379036
21.375,3.379041
21.38,3.379032
21.385,3.379017
21.39,3.379004
21.395,3.378996
21.4,3.378993
21.405,3.378993
21.41,3.378995
21.415,3.378998
21.42,3.379
21.425,3.379001
21.43,3.379001
21.435,3.379001
21.44,3.379001
21.445,3.379
21.45,3.379
21.455,3.379
21.46,3.379
21.465,3.379
21.47,3.379
21.475,3.379
21.48,3.379
21.485,3.379
21.49,3.379
21.495,3.379
21.5,3.379
21.505,3.379
21.51,3.379
21.515,3.379
21.52,3.379
21.525,3.379
21.53,3.379
21.535,3.379
21.54,3.379
21.545,3.379
21.55,3.379
21.555,3.379
21.56,3.379
21.565,3.379
21.57,3.379
21.575,3.379
21.58,3.379
21.585,3.379
21.59,3.379
21.595,3.379
21.6,3.379
21.605,3.379
21.61,3.379
21.615,3.379
21.62,3.379
21.625,3.379
21.63,3.379
21.635,3.379
21.64,3.379
21.645,3.379
21.65,3.379
21.655,3.379
21.66,3.379
21.665,3.379
21.67,3.379
21.675,3.379
21.68,3.379
21.685,3.379
21.69,3.379
21.695,3.379
21.7,3.379
21.705,3.379
21.71,3.379
21.715,3.379
21.72,3.379
21.725,3.379
21.73,3.379
21.735,3.379
21.74,3.379
21.745,3.379
21.75,3.379
21.755,3.379
21.76,3.379001
21.765,3.379036
21.77,3.379128
21.775,3.379252
21.78,3.379371
21.785,3.379463
21.79,3.379517
21.795,3.379539
21.8,3.37954
21.805,3.379565
21.81,3.379645
21.815,3.379757
21.82,3.37987
21.825,3.379958
21.83,3.380021
21.835,3.380103
21.84,3.380212
21.845,3.380327
21.85,3.380424
21.855,3.38049
21.86,3.380525
21.865,3.380534
21.87,3.380528
21.875,3.380518
21.88,3.380543
21.885,3.380628
21.89,3.380748
21.895,3.380867
21.9,3.380959
21.905,3.381016
21.91,3.381039
21.915,3.381039
21.92,3.381027
21.925,3.38104
21.93,3.381112
21.935,3.381226
21.94,3.381346
21.945,3.381444
21.95,3.381507
21.955,3.381536
21.96,3.381539
21.965,3.381529
21.97,3.381532
21.975,3.381591
21.98,3.381699
21.985,3.381821
21.99,3.381925
21.995,3.381996
22,3.382032
22.005,3.38204
22.01,3.382032
22.015,3.382018
22.02,3.382006
22.025,3.382
22.03,3.382038
22.035,3.382135
22.04,3.382262
22.045,3.382381
22.05,3.38247
22.055,3.382522
22.06,3.382541
22.065,3.382538
22.07,3.382525
22.075,3.382511
22.08,3.3825
22.085,3.382494
22.09,3.382492
22.095,3.382494
22.1,3.382496
22.105,3.382499
22.11,3.3825
22.115,3.382501
22.12,3.382525
22.125,3.382605
22.13,3.382724
22.135,3.382847
22.14,3.382945
22.145,3.383008
22.15,3.383036
22.155,3.38304
22.16,3.383029
22.165,3.383015
22.17,3.383003
22.175,3.382995
22.18,3.382993
22.185,3.382993
22.19,3.382995
22.195,3.382998
22.2,3.383
22.205,3.383001
22.21,3.383001
22.215,3.383001
22.22,3.383001
22.225,3.383
22.23,3.383
22.235,3.383
22.24,3.383
22.245,3.383
22.25,3.383
22.255,3.383
22.26,3.383
22.265,3.383
22.27,3.383
22.275,3.383
22.28,3.383
22.285,3.383
22.29,3.383
22.295,3.383
22.3,3.383
22.305,3.383
22.31,3.383
22.315,3.383
22.32,3.383
22.325,3.383
22.33,3.383
22.335,3.383
22.34,3.383
22.345,3.383
22.35,3.383
22.355,3.383
22.36,3.383
22.365,3.383
22.37,3.383
22.375,3.383
22.38,3.383
22.385,3.383
22.39,3.383
22.395,3.383
22.4,3.383
22.405,3.383
22.41,3.383
22.415,3.383
22.42,3.383
22.425,3.383
22.43,3.383
22.435,3.383
22.44,3.383
22.445,3.383
22.45,3.383
22.455,3.383
22.46,3.383
22.465,3.383
22.47,3.383
22.475,3.383
22.48,3.383
22.485,3.383
22.49,3.383
22.495,3.383
22.5,3.383
22.505,3.383
22.51,3.383
22.515,3.383
22.52,3.383001
22.525,3.38303
22.53,3.383117
22.535,3.383239
22.54,3.38336
22.545,3.383455
22.55,3.383513
22.555,3.383538
22.56,3.383539
22.565,3.383545
22.57,3.383603
22.575,3.383708
22.58,3.383825
22.585,3.383926
22.59,3.384016
22.595,3.384128
22.6,3.384254
22.605,3.384371
22.61,3.384458
22.615,3.384511
22.62,3.384533
22.625,3.384533
22.63,3.384523
22.635,3.384514
22.64,3.384549
22.645,3.384642
22.65,3.384765
22.655,3.384882
22.66,3.38497
22.665,3.385021
22.67,3.38504
22.675,3.385038
22.68,3.385025
22.685,3.385017
22.69,3.385059
22.695,3.385158
22.7,3.385282
22.705,3.385396
22.71,3.385479
22.715,3.385525
22.72,3.385541
22.725,3.385536
22.73,3.385523
22.735,3.385509
22.74,3.385499
22.745,3.385519
22.75,3.385601
22.755,3.385723
22.76,3.385848
22.765,3.385948
22.77,3.38601
22.775,3.386038
22.78,3.386041
22.785,3.38603
22.79,3.386015
22.795,3.386003
22.8,3.385995
22.805,3.385993
22.81,3.385993
22.815,3.385995
22.82,3.385998
22.825,3.386
22.83,3.386001
22.835,3.386001
22.84,3.386001
22.845,3.386001
22.85,3.386
22.855,3.386
22.86,3.386
22.865,3.386
22.87,3.386
22.875,3.386
22.88,3.386
22.885,3.386
22.89,3.386
22.895,3.386
22.9,3.386
22.905,3.386
22.91,3.386
22.915,3.386
22.92,3.386
22.925,3.386
22.93,3.386
22.935,3.386
22.94,3.386
22.945,3.386
22.95,3.386
22.955,3.386
22.96,3.386
22.965,3.386
22.97,3.386
22.975,3.386
22.98,3.386
22.985,3.386
22.99,3.386
22.995,3.386
23,3.386
23.005,3.386
23.01,3.386
23.015,3.386
23.02,3.386
23.025,3.386
23.03,3.386
23.035,3.386
23.04,3.386
23.045,3.386
23.05,3.386
23.055,3.386
23.06,3.386
23.065,3.386
23.07,3.386
23.075,3.386
23.08,3.386012
23.085,3.386076
23.09,3.386188
23.095,3.386314
23.1,3.386421
23.105,3.386494
23.11,3.386548
23.115,3.386628
23.12,3.386736
23.125,3.386847
23.13,3.386938
23.135,3.386998
23.14,3.387027
23.145,3.387033
23.15,3.387026
23.155,3.387015
23.16,3.387017
23.165,3.387077
23.17,3.387187
23.175,3.387313
23.18,3.387421
23.185,3.387495
23.19,3.387532
23.195,3.387541
23.2,3.387533
23.205,3.387519
23.21,3.387506
23.215,3.387497
23.22,3.387494
23.225,3.387524
23.23,3.387614
23.235,3.387739
23.24,3.387862
23.245,3.387957
23.25,3.388015
23.255,3.388039
23.26,3.38804
23.265,3.388028
23.27,3.388013
23.275,3.388002
23.28,3.38802
23.285,3.388101
23.29,3.388222
23.295,3.388347
23.3,3.388447
23.305,3.38851
23.31,3.388538
23.315,3.388541
23.32,3.38853
23.325,3.388515
23.33,3.388503
23.335,3.388499
23.34,3.388545
23.345,3.388647
23.35,3.388775
23.355,3.388892
23.36,3.388978
23.365,3.389025
23.37,3.389042
23.375,3.389037
23.38,3.389024
23.385,3.389009
23.39,3.388999
23.395,3.388994
23.4,3.388992
23.405,3.388994
23.41,3.388996
23.415,3.388999
23.42,3.389
23.425,3.389001
23.43,3.389001
23.435,3.389001
23.44,3.389
23.445,3.389
23.45,3.389
23.455,3.389
23.46,3.389
23.465,3.389
23.47,3.389
23.475,3.389
23.48,3.389
23.485,3.389
23.49,3.389
23.495,3.389
23.5,3.389
23.505,3.389
23.51,3.389
23.515,3.389
23.52,3.389
23.525,3.389
23.53,3.389
23.535,3.389
23.54,3.389
23.545,3.389
23.55,3.389
23.555,3.389
23.56,3.389
23.565,3.388994
23.57,3.388941
23.575,3.388836
23.58,3.388711
23.585,3.388598
23.59,3.388517
23.595,3.388473
23.6,3.388459
23.605,3.388465
23.61,3.388478
23.615,3.388492
23.62,3.388502
23.625,3.388506
23.63,3.388507
23.635,3.388506
23.64,3.388503
23.645,3.388501
23.65,3.3885
23.655,3.388499
23.66,3.388499
23.665,3.388499
23.67,3.3885
23.675,3.3885
23.68,3.3885
23.685,3.3885
23.69,3.3885
23.695,3.3885
23.7,3.3885
23.705,3.3885
23.71,3.3885
23.715,3.3885
23.72,3.3885
23.725,3.3885
23.73,3.3885
23.735,3.3885
23.74,3.3885
23.745,3.3885
23.75,3.3885
23.755,3.3885
23.76,3.3885
23.765,3.3885
23.77,3.3885
23.775,3.3885
23.78,3.3885
23.785,3.3885
23.79,3.3885
23.795,3.3885
23.8,3.3885
23.805,3.3885
23.81,3.3885
23.815,3.3885
23.82,3.3885
23.825,3.3885
23.83,3.3885
23.835,3.3885
23.84,3.3885
23.845,3.3885
23.85,3.3885
23.855,3.3885
23.86,3.3885
23.865,3.3885
23.87,3.3885
23.875,3.3885
23.88,3.3885
23.885,3.3885
23.89,3.3885
23.895,3.3885
23.9,3.3885
23.905,3.3885
23.91,3.3885
23.915,3.3885
23.92,3.3885
23.925,3.3885
23.93,3.3885
23.935,3.3885
23.94,3.388501
23.945,3.388534
23.95,3.388624
23.955,3.388746
23.96,3.388867
23.965,3.38896
23.97,3.389016
23.975,3.389039
23.98,3.389039
23.985,3.389027
23.99,3.389013
23.995,3.389001
24,3.388995
24.005,3.388993
24.01,3.389003
24.015,3.389065
24.02,3.389177
24.025,3.389337
24.03,3.389536
24.035,3.389736
24.04,3.389932
24.045,3.390129
24.05,3.39034
24.055,3.390562
24.06,3.390771
24.065,3.390977
24.07,3.391176
24.075,3.391343
24.08,3.391469
24.085,3.391596
24.09,3.39173
24.095,3.391852
24.1,3.391945
24.105,3.392025
24.11,3.392129
24.115,3.392251
24.12,3.392366
24.125,3.392471
24.13,3.392598
24.135,3.392738
24.14,3.392865
24.145,3.392992
24.15,3.393137
24.155,3.393282
24.16,3.393403
24.165,3.393507
24.17,3.393629
24.175,3.39376
24.18,3.393877
24.185,3.393964
24.19,3.394014
24.195,3.394034
24.2,3.394033
24.205,3.394022
24.21,3.394023
24.215,3.39408
24.22,3.394188
24.225,3.394312
24.23,3.394419
24.235,3.394493
24.24,3.394531
24.245,3.394541
24.25,3.394533
24.255,3.394519
24.26,3.394506
24.265,3.394497
24.27,3.394493
24.275,3.394493
24.28,3.394495
24.285,3.394497
24.29,3.394499
24.295,3.394501
24.3,3.394491
24.305,3.39443
24.31,3.39432
24.315,3.394194
24.32,3.394084
24.325,3.394009
24.33,3.393969
24.335,3.393959
24.34,3.393948
24.345,3.393888
24.35,3.393785
24.355,3.39367
24.36,3.393571
24.365,3.393486
24.37,3.393377
24.375,3.393244
24.38,3.393071
24.385,3.392875
24.39,3.392694
24.395,3.39256
24.4,3.39248
24.405,3.392447
24.41,3.392448
24.415,3.392464
24.42,3.392478
24.425,3.39244
24.43,3.392344
24.435,3.392221
24.44,3.392107
24.445,3.392023
24.45,3.391975
24.455,3.391959
24.46,3.391963
24.465,3.391976
24.47,3.39199
24.475,3.391975
24.48,3.391898
24.485,3.391779
24.49,3.391655
24.495,3.391552
24.5,3.391445
24.505,3.391318
24.51,3.39119
24.515,3.391084
24.52,3.391012
24.525,3.390975
24.53,3.39095
24.535,3.390887
24.54,3.390784
24.545,3.390671
24.55,3.390574
24.555,3.390507
24.56,3.390473
24.565,3.390464
24.57,3.390471
24.575,3.390483
24.58,3.390495
24.585,3.390502
24.59,3.390506
24.595,3.390506
24.6,3.390505
24.605,3.390502
24.61,3.390501
24.615,3.390499
24.62,3.390499
24.625,3.390499
24.63,3.390499
24.635,3.3905
24.64,3.390505
24.645,3.390554
24.65,3.390657
24.655,3.390782
24.66,3.390896
24.665,3.390979
24.67,3.391025
24.675,3.39104
24.68,3.391037
24.685,3.391059
24.69,3.391137
24.695,3.39125
24.7,3.391378
24.705,3.391538
24.71,3.391751
24.715,3.391999
24.72,3.392236
24.725,3.392463
24.73,3.392674
24.735,3.392852
24.74,3.393023
24.745,3.39322
24.75,3.393458
24.755,3.393737
24.76,3.394031
24.765,3.394329
24.77,3.394635
24.775,3.394944
24.78,3.395216
24.785,3.395459
24.79,3.39568
24.795,3.395903
24.8,3.396122
24.805,3.39631
24.81,3.396444
24.815,3.396528
24.82,3.396611
24.825,3.396715
24.83,3.396824
24.835,3.396918
24.84,3.396984
24.845,3.397019
24.85,3.397055
24.855,3.397133
24.86,3.397243
24.865,3.397355
24.87,3.397446
24.875,3.397504
24.88,3.397531
24.885,3.397529
24.89,3.397486
24.895,3.397391
24.9,3.397265
24.905,3.397141
24.91,3.397045
24.915,3.396986
24.92,3.396962
24.925,3.396961
24.93,3.396972
24.935,3.396987
24.94,3.396987
24.945,3.396929
24.95,3.396819
24.955,3.396691
24.96,3.396542
24.965,3.396367
24.97,3.396154
24.975,3.395922
24.98,3.395715
24.985,3.395562
24.99,3.395447
24.995,3.395329
25,3.39521
25.005,3.395107
25.01,3.395032
25.015,3.394989
25.02,3.394972
25.025,3.394955
25.03,3.39489
25.035,3.394784
25.04,3.394664
25.045,3.394523
25.05,3.394353
25.055,3.394142
25.06,3.393913
25.065,3.393709
25.07,3.39355
25.075,3.393405
25.08,3.393258
25.085,3.393085
25.09,3.39289
25.095,3.39271
25.1,3.392557
25.105,3.392403
25.11,3.392251
25.115,3.392123
25.12,3.392033
25.125,3.391982
25.13,3.391964
25.135,3.391966
25.14,3.391978
25.145,3.391991
25.15,3.392001
25.155,3.392006
25.16,3.392007
25.165,3.392006
25.17,3.392003
25.175,3.392001
25.18,3.392
25.185,3.391999
25.19,3.391999
25.195,3.391999
25.2,3.392
25.205,3.392
25.21,3.392
25.215,3.392
25.22,3.392
25.225,3.392
25.23,3.392001
25.235,3.39203
25.24,3.392117
25.245,3.392239
25.25,3.39236
25.255,3.392461
25.26,3.392575
25.265,3.392737
25.27,3.392952
25.275,3.393187
25.28,3.393438
25.285,3.393675
25.29,3.393883
25.295,3.394085
25.3,3.394309
25.305,3.394576
25.31,3.394878
25.315,3.395201
25.32,3.395547
25.325,3.395896
25.33,3.396212
25.335,3.3965
25.34,3.396773
25.345,3.397036
25.35,3.397279
25.355,3.397515
25.36,3.397729
25.365,3.39793
25.37,3.398134
25.375,3.398361
25.38,3.398596
25.385,3.398799
25.39,3.398948
25.395,3.399075
25.4,3.399204
25.405,3.399325
25.41,3.399423
25.415,3.399488
25.42,3.399521
25.425,3.399539
25.43,3.399593
25.435,3.399691
25.44,3.399806
25.445,3.399909
25.45,3.399983
25.455,3.400024
25.46,3.400037
25.465,3.400032
25.47,3.40002
25.475,3.400007
25.48,3.399999
25.485,3.399994
25.49,3.399993
25.495,3.399995
25.5,3.399997
25.505,3.399999
25.51,3.399974
25.515,3.39989
25.52,3.39977
25.525,3.399647
25.53,3.39955
25.535,3.399487
25.54,3.399421
25.545,3.399323
25.55,3.39921
25.555,3.399106
25.56,3.399003
25.565,3.398871
25.57,3.39869
25.575,3.398471
25.58,3.39826
25.585,3.398094
25.59,3.39799
25.595,3.397943
25.6,3.39792
25.605,3.397862
25.61,3.397768
25.615,3.397663
25.62,3.397572
25.625,3.397509
25.63,3.397472
25.635,3.397415
25.64,3.397317
25.645,3.397168
25.65,3.396972
25.655,3.396765
25.66,3.396544
25.665,3.396325
25.67,3.396097
25.675,3.395872
25.68,3.395681
25.685,3.395539
25.69,3.395405
25.695,3.395257
25.7,3.39507
25.705,3.394865
25.71,3.394682
25.715,3.394549
25.72,3.394473
25.725,3.394444
25.73,3.394447
25.735,3.394465
25.74,3.394485
25.745,3.394498
25.75,3.394463
25.755,3.394366
25.76,3.39424
25.765,3.394141
25.77,3.394129
25.775,3.394196
25.78,3.3943
25.785,3.394404
25.79,3.394481
25.795,3.394525
25.8,3.39454
25.805,3.394536
25.81,3.394523
25.815,3.39451
25.82,3.394499
25.825,3.394494
25.83,3.394493
25.835,3.394498
25.84,3.394544
25.845,3.394646
25.85,3.394788
25.855,3.39499
25.86,3.395258
25.865,3.395546
25.87,3.39583
25.875,3.396095
25.88,3.396321
25.885,3.396542
25.89,3.396797
25.895,3.3971
25.9,3.397437
25.905,3.397795
25.91,3.398164
25.915,3.39852
25.92,3.398858
25.925,3.399159
25.93,3.399435
25.935,3.39969
25.94,3.399942
25.945,3.400178
25.95,3.400408
25.955,3.400629
25.96,3.400828
25.965,3.401025
25.97,3.401229
25.975,3.401454
25.98,3.401675
25.985,3.401892
25.99,3.402105
25.995,3.402292
26,3.402429
26.005,3.402512
26.01,3.402546
26.015,3.402548
26.02,3.402534
26.025,3.402523
26.03,3.402565
26.035,3.402664
26.04,3.402787
26.045,3.4029
26.05,3.402981
26.055,3.403026
26.06,3.403041
26.065,3.403036
26.07,3.403023
26.075,3.403009
26.08,3.402999
26.085,3.402994
26.09,3.402993
26.095,3.402994
26.1,3.402997
26.105,3.402999
26.11,3.403
26.115,3.403001
26.12,3.402986
26.125,3.402915
26.13,3.4028
26.135,3.402675
26.14,3.402563
26.145,3.402439
26.15,3.402269
26.155,3.402048
26.16,3.401823
26.165,3.401634
26.17,3.401471
26.175,3.401314
26.18,3.401175
26.185,3.401069
26.19,3.401003
26.195,3.400955
26.2,3.400876
26.205,3.400768
26.21,3.400656
26.215,3.400563
26.22,3.400477
26.225,3.400352
26.23,3.400161
26.235,3.399923
26.24,3.399648
26.245,3.39937
26.25,3.399091
26.255,3.398825
26.26,3.398561
26.265,3.398321
26.27,3.398124
26.275,3.397942
26.28,3.397766
26.285,3.39757
26.29,3.397366
26.295,3.397184
26.3,3.39701
26.305,3.396837
26.31,3.396683
26.315,3.396567
26.32,3.396496
26.325,3.396445
26.33,3.396366
26.335,3.39626
26.34,3.396151
26.345,3.396061
26.35,3.396002
26.355,3.395973
26.36,3.395967
26.365,3.395974
26.37,3.395986
26.375,3.395996
26.38,3.396003
26.385,3.396006
26.39,3.396006
26.395,3.396004
26.4,3.396002
26.405,3.396
26.41,3.395999
26.415,3.395999
26.42,3.395999
26.425,3.396006
26.43,3.39606
26.435,3.396166
26.44,3.396307
26.445,3.39649
26.45,3.396702
26.455,3.396964
26.46,3.397275
26.465,3.397587
26.47,3.397889
26.475,3.398178
26.48,3.398495
26.485,3.398851
26.49,3.399244
26.495,3.39966
26.5,3.400064
26.505,3.40045
26.51,3.400819
26.515,3.401157
26.52,3.401467
26.525,3.401736
26.53,3.401982
26.535,3.402227
26.54,3.402482
26.545,3.402748
26.55,3.403018
26.555,3.403282
26.56,3.403538
26.565,3.403775
26.57,3.404007
26.575,3.40423
26.58,3.404463
26.585,3.404723
26.59,3.404997
26.595,3.405241
26.6,3.40542
26.605,3.405525
26.61,3.405567
26.615,3.405577
26.62,3.405619
26.625,3.405704
26.63,3.405809
26.635,3.405907
26.64,3.405979
26.645,3.406019
26.65,3.406034
26.655,3.406031
26.66,3.40602
26.665,3.406008
26.67,3.405999
26.675,3.405995
26.68,3.405994
26.685,3.405995
26.69,3.405997
26.695,3.405999
26.7,3.406
26.705,3.406001
26.71,3.406001
26.715,3.405999
26.72,3.405964
26.725,3.405872
26.73,3.405728
26.735,3.405529
26.74,3.405284
26.745,3.405012
26.75,3.404766
26.755,3.404565
26.76,3.404382
26.765,3.404222
26.77,3.404097
26.775,3.404005
26.78,3.403901
26.785,3.403769
26.79,3.403588
26.795,3.403342
26.8,3.403015
26.805,3.402645
26.81,3.402262
26.815,3.401883
26.82,3.401527
26.825,3.401199
26.83,3.400906
26.835,3.400642
26.84,3.400399
26.845,3.400198
26.85,3.400019
26.855,3.399843
26.86,3.399653
26.865,3.399443
26.87,3.399242
26.875,3.39904
26.88,3.398841
26.885,3.398671
26.89,3.398533
26.895,3.39839
26.9,3.398248
26.905,3.398125
26.91,3.398037
26.915,3.397986
26.92,3.397966
26.925,3.397959
26.93,3.397913
26.935,3.397817
26.94,3.397701
26.945,3.397596
26.95,3.397519
26.955,3.397477
26.96,3.397463
26.965,3.397467
26.97,3.397479
26.975,3.397492
26.98,3.397501
26.985,3.397506
26.99,3.397507
26.995,3.397505
27,3.397503
27.005,3.397501
27.01,3.3975
27.015,3.397507
27.02,3.397564
27.025,3.397673
27.03,3.397809
27.035,3.397982
27.04,3.398181
27.045,3.398416
27.05,3.398701
27.055,3.399003
27.06,3.399297
27.065,3.399582
27.07,3.399871
27.075,3.400172
27.08,3.400514
27.085,3.400903
27.09,3.401331
27.095,3.401771
27.1,3.402203
27.105,3.402626
27.11,3.403016
27.115,3.403371
27.12,3.403686
27.125,3.403978
27.13,3.404263
27.135,3.404544
27.14,3.404828
27.145,3.405099
27.15,3.405354
27.155,3.405596
27.16,3.405828
27.165,3.406059
27.17,3.406286
27.175,3.40652
27.18,3.406771
27.185,3.407032
27.19,3.407303
27.195,3.407568
27.2,3.407791
27.205,3.407947
27.21,3.408034
27.215,3.408064
27.22,3.408064
27.225,3.408093
27.23,3.408173
27.235,3.408282
27.24,3.408387
27.245,3.408468
27.25,3.408516
27.255,3.408535
27.26,3.408534
27.265,3.408523
27.27,3.408511
27.275,3.408501
27.28,3.408495
27.285,3.408493
27.29,3.408494
27.295,3.408497
27.3,3.408499
27.305,3.408494
27.31,3.408441
27.315,3.408334
27.32,3.408175
27.325,3.407947
27.33,3.407661
27.335,3.407375
27.34,3.407104
27.345,3.406858
27.35,3.406663
27.355,3.406533
27.36,3.406456
27.365,3.406377
27.37,3.406276
27.375,3.406159
27.38,3.405992
27.385,3.40575
27.39,3.405438
27.395,3.405079
27.4,3.404689
27.405,3.404287
27.41,3.40392
27.415,3.403587
27.42,3.403259
27.425,3.402953
27.43,3.402686
27.435,3.402442
27.44,3.402209
27.445,3.401974
27.45,3.401756
27.455,3.401539
27.46,3.401332
27.465,3.401158
27.47,3.401003
27.475,3.400845
27.48,3.400699
27.485,3.400584
27.49,3.400509
27.495,3.400472
27.5,3.400449
27.505,3.400388
27.51,3.400288
27.515,3.400175
27.52,3.400077
27.525,3.400009
27.53,3.399974
27.535,3.399964
27.54,3.399969
27.545,3.399956
27.55,3.39989
27.555,3.399781
27.56,3.399663
27.565,3.399569
27.57,3.399552
27.575,3.399622
27.58,3.399741
27.585,3.399864
27.59,3.399961
27.595,3.40002
27.6,3.400044
27.605,3.400043
27.61,3.400032
27.615,3.40006
27.62,3.400147
27.625,3.400296
27.63,3.400515
27.635,3.4008
27.64,3.401137
27.645,3.401478
27.65,3.40177
27.655,3.402018
27.66,3.402236
27.665,3.402468
27.67,3.402751
27.675,3.403098
27.68,3.403506
27.685,3.403933
27.69,3.404362
27.695,3.404777
27.7,3.40515
27.705,3.405481
27.71,3.405775
27.715,3.406047
27.72,3.406315
27.725,3.406576
27.73,3.406838
27.735,3.407091
27.74,3.407327
27.745,3.407558
27.75,3.407766
27.755,3.407971
27.76,3.408171
27.765,3.408375
27.77,3.408598
27.775,3.408856
27.78,3.409136
27.785,3.40943
27.79,3.409695
27.795,3.409894
27.8,3.410028
27.805,3.410147
27.81,3.410265
27.815,3.41037
27.82,3.41045
27.825,3.410508
27.83,3.41059
27.835,3.410702
27.84,3.410821
27.845,3.410922
27.85,3.410991
27.855,3.411026
27.86,3.411036
27.865,3.411029
27.87,3.411017
27.875,3.411005
27.88,3.410998
27.885,3.410989
27.89,3.41094
27.895,3.410839
27.9,3.410716
27.905,3.410603
27.91,3.410521
27.915,3.410476
27.92,3.410441
27.925,3.410354
27.93,3.410178
27.935,3.409953
27.94,3.409713
27.945,3.409467
27.95,3.409248
27.955,3.409072
27.96,3.408907
27.965,3.408752
27.97,3.408623
27.975,3.408512
27.98,3.40838
27.985,3.408198
27.99,3.407955
27.995,3.407639
28,3.407272
28.005,3.406896
28.01,3.40652
28.015,3.406151
28.02,3.405809
28.025,3.405472
28.03,3.405135
28.035,3.404833
28.04,3.404561
28.045,3.404315
28.05,3.404071
28.055,3.403838
28.06,3.403605
28.065,3.403378
28.07,3.403181
28.075,3.402994
28.08,3.402814
28.085,3.402659
28.09,3.402517
28.095,3.402364
28.1,3.402217
28.105,3.402096
28.11,3.401991
28.115,3.401867
28.12,3.401736
28.125,3.401619
28.13,3.401534
28.135,3.401485
28.14,3.401466
28.145,3.401467
28.15,3.401478
28.155,3.401491
28.16,3.4015
28.165,3.401505
28.17,3.401508
28.175,3.401539
28.18,3.401627
28.185,3.401748
28.19,3.401867
28.195,3.401959
28.2,3.402017
28.205,3.402081
28.21,3.402184
28.215,3.402354
28.22,3.402613
28.225,3.402952
28.23,3.403326
28.235,3.403662
28.24,3.403945
28.245,3.404185
28.25,3.404411
28.255,3.404662
28.26,3.404972
28.265,3.405347
28.27,3.405773
28.275,3.406225
28.28,3.40668
28.285,3.407113
28.29,3.4075
28.295,3.407835
28.3,3.408122
28.305,3.408385
28.31,3.408657
28.315,3.408944
28.32,3.409245
28.325,3.409541
28.33,3.409823
28.335,3.410087
28.34,3.410329
28.345,3.410561
28.35,3.410788
28.355,3.411025
28.36,3.411284
28.365,3.411554
28.37,3.411836
28.375,3.41211
28.38,3.41238
28.385,3.412634
28.39,3.412879
28.395,3.413113
28.4,3.413308
28.405,3.413456
28.41,3.413595
28.415,3.413733
28.42,3.413856
28.425,3.413949
28.43,3.41404
28.435,3.414155
28.44,3.414281
28.445,3.414392
28.45,3.414472
28.455,3.414518
28.46,3.414534
28.465,3.414532
28.47,3.414521
28.475,3.414509
28.48,3.414499
28.485,3.414477
28.49,3.414402
28.495,3.414286
28.5,3.414164
28.505,3.414049
28.51,3.413914
28.515,3.413745
28.52,3.413509
28.525,3.41321
28.53,3.41291
28.535,3.412663
28.54,3.412462
28.545,3.412288
28.55,3.412147
28.555,3.412024
28.56,3.411863
28.565,3.411632
28.57,3.41131
28.575,3.410902
28.58,3.410434
28.585,3.409936
28.59,3.409432
28.595,3.408966
28.6,3.408546
28.605,3.408166
28.61,3.407821
28.615,3.407508
28.62,3.407236
28.625,3.406985
28.63,3.406733
28.635,3.406476
28.64,3.406217
28.645,3.405961
28.65,3.405718
28.655,3.405478
28.66,3.405259
28.665,3.405044
28.67,3.404838
28.675,3.404643
28.68,3.404442
28.685,3.404256
28.69,3.404105
28.695,3.403967
28.7,3.403822
28.705,3.403686
28.71,3.403578
28.715,3.403505
28.72,3.40343
28.725,3.403325
28.73,3.403208
28.735,3.403103
28.74,3.403026
28.745,3.402983
28.75,3.402967
28.755,3.402969
28.76,3.40298
28.765,3.402992
28.77,3.403015
28.775,3.403089
28.78,3.403205
28.785,3.403328
28.79,3.403432
28.795,3.403501
28.8,3.40357
28.805,3.403672
28.81,3.403833
28.815,3.40406
28.82,3.404369
28.825,3.404734
28.83,3.405082
28.835,3.405371
28.84,3.405616
28.845,3.405853
28.85,3.406131
28.855,3.406479
28.86,3.406894
28.865,3.407357
28.87,3.407838
28.875,3.408319
28.88,3.408792
28.885,3.409247
28.89,3.409677
28.895,3.410088
28.9,3.410466
28.905,3.410815
28.91,3.411122
28.915,3.411399
28.92,3.411651
28.925,3.411897
28.93,3.412142
28.935,3.412399
28.94,3.412672
28.945,3.412955
28.95,3.413226
28.955,3.413489
28.96,3.413732
28.965,3.413969
28.97,3.414196
28.975,3.414427
28.98,3.414666
28.985,3.414921
28.99,3.415164
28.995,3.415357
29,3.415485
29.005,3.41558
29.01,3.415683
29.015,3.415793
29.02,3.415891
29.025,3.415965
29.03,3.416014
29.035,3.416084
29.04,3.416188
29.045,3.416306
29.05,3.416409
29.055,3.416482
29.06,3.416522
29.065,3.416535
29.07,3.416531
29.075,3.416492
29.08,3.416397
29.085,3.416267
29.09,3.416141
29.095,3.416043
29.1,3.415984
29.105,3.415934
29.11,3.41585
29.115,3.415699
29.12,3.415446
29.125,3.415129
29.13,3.414786
29.135,3.414458
29.14,3.414195
29.145,3.414022
29.15,3.413935
29.155,3.413905
29.16,3.413853
29.165,3.413714
29.17,3.413474
29.175,3.413126
29.18,3.412702
29.185,3.412246
29.19,3.411782
29.195,3.411328
29.2,3.410914
29.205,3.410536
29.21,3.410179
29.215,3.40985
29.22,3.40954
29.225,3.409237
29.23,3.408948
29.235,3.408671
29.24,3.408412
29.245,3.408184
29.25,3.407966
29.255,3.407769
29.26,3.407591
29.265,3.40741
29.27,3.407239
29.275,3.407072
29.28,3.406893
29.285,3.406725
29.29,3.406584
29.295,3.406438
29.3,3.406287
29.305,3.406152
29.31,3.406049
29.315,3.405949
29.32,3.405828
29.325,3.405702
29.33,3.405595
29.335,3.40552
29.34,3.405479
29.345,3.405466
29.35,3.40547
29.355,3.405481
29.36,3.405493
29.365,3.405502
29.37,3.405515
29.375,3.405577
29.38,3.405686
29.385,3.405809
29.39,3.405917
29.395,3.405991
29.4,3.406049
29.405,3.406136
29.41,3.406275
29.415,3.406494
29.42,3.406796
29.425,3.407158
29.43,3.407515
29.435,3.407803
29.44,3.408012
29.445,3.40819
29.45,3.40839
29.455,3.408651
29.46,3.409008
29.465,3.409456
29.47,3.40996
29.475,3.410482
29.48,3.410979
29.485,3.411427
29.49,3.411825
29.495,3.412189
29.5,3.412518
29.505,3.41282
29.51,3.413094
29.515,3.413346
29.52,3.413583
29.525,3.413803
29.53,3.414023
29.535,3.414232
29.54,3.414447
29.545,3.414666
29.55,3.4149
29.555,3.415153
29.56,3.415424
29.565,3.41569
29.57,3.415954
29.575,3.416201
29.58,3.416443
29.585,3.416681
29.59,3.416926
29.595,3.41716
29.6,3.417349
29.605,3.417475
29.61,3.417559
29.615,3.417651
29.62,3.417758
29.625,3.417862
29.63,3.417945
29.635,3.417999
29.64,3.418052
29.645,3.418142
29.65,3.418256
29.655,3.418368
29.66,3.418455
29.665,3.418509
29.67,3.41853
29.675,3.418489
29.68,3.418382
29.685,3.418245
29.69,3.418118
29.695,3.418025
29.7,3.417971
29.705,3.417917
29.71,3.417824
29.715,3.41766
29.72,3.417397
29.725,3.417073
29.73,3.416721
29.735,3.416396
29.74,3.416145
29.745,3.415989
29.75,3.41591
29.755,3.41584
29.76,3.415721
29.765,3.415511
29.77,3.415188
29.775,3.414786
29.78,3.414337
29.785,3.413871
29.79,3.413418
29.795,3.41298
29.8,3.412573
29.805,3.412197
29.81,3.411833
29.815,3.411493
29.82,3.411176
29.825,3.410886
29.83,3.410607
29.835,3.410331
29.84,3.41005
29.845,3.409779
29.85,3.409512
29.855,3.409266
29.86,3.409025
29.865,3.408806
29.87,3.408617
29.875,3.408431
29.88,3.408252
29.885,3.408057
29.89,3.407856
29.895,3.40768
29.9,3.407542
29.905,3.407405
29.91,3.407265
29.915,3.407141
29.92,3.407048
29.925,3.406972
29.93,3.406871
29.935,3.406751
29.94,3.406637
29.945,3.406548
29.95,3.406493
29.955,3.406469
29.96,3.406471
29.965,3.406529
29.97,3.406644
29.975,3.40678
29.98,3.4069
29.985,3.406985
29.99,3.407052
29.995,3.407144
30,3.407291
30.005,3.407506
30.01,3.407786
30.015,3.408116
30.02,3.408455
30.025,3.408757
30.03,3.409025
30.035,3.409279
30.04,3.409569
30.045,3.409924
30.05,3.410361
30.055,3.410865
30.06,3.411413
30.065,3.411973
30.07,3.412512
30.075,3.412999
30.08,3.41343
30.085,3.413818
30.09,3.414159
30.095,3.414466
30.1,3.414741
30.105,3.415
30.11,3.415243
30.115,3.415486
30.12,3.415723
30.125,3.415967
30.13,3.41621
30.135,3.416462
30.14,3.416721
30.145,3.416988
30.15,3.417256
30.155,3.417522
30.16,3.41779
30.165,3.418054
30.17,3.418319
30.175,3.418581
30.18,3.418844
30.185,3.419102
30.19,3.419358
30.195,3.419603
30.2,3.419808
30.205,3.419951
30.21,3.420047
30.215,3.420148
30.22,3.420259
30.225,3.420364
30.23,3.420447
30.235,3.4205
30.24,3.420524
30.245,3.420529
30.25,3.420522
30.255,3.420512
30.26,3.420503
30.265,3.420497
30.27,3.420495
30.275,3.420495
30.28,3.420496
30.285,3.420498
30.29,3.4205
30.295,3.42049
30.3,3.420424
30.305,3.420273
30.31,3.420039
30.315,3.419741
30.32,3.419417
30.325,3.41909
30.33,3.418805
30.335,3.418596
30.34,3.418458
30.345,3.418334
30.35,3.418168
30.355,3.417912
30.36,3.417564
30.365,3.417134
30.37,3.416655
30.375,3.416163
30.38,3.415673
30.385,3.415206
30.39,3.414779
30.395,3.414392
30.4,3.41404
30.405,3.413713
30.41,3.413418
30.415,3.413152
30.42,3.412905
30.425,3.412662
30.43,3.412415
30.435,3.412151
30.44,3.411892
30.445,3.411636
30.45,3.411392
30.455,3.411167
30.46,3.410947
30.465,3.410745
30.47,3.410545
30.475,3.410348
30.48,3.410162
30.485,3.409967
30.49,3.409767
30.495,3.409547
30.5,3.409329
30.505,3.409115
30.51,3.408902
30.515,3.408714
30.52,3.408574
30.525,3.40849
30.53,3.408454
30.535,3.408451
30.54,3.408465
30.545,3.408483
30.55,3.408498
30.555,3.408507
30.56,3.40851
30.565,3.408509
30.57,3.408507
30.575,3.40854
30.58,3.408631
30.585,3.408753
30.59,3.408875
30.595,3.409012
30.6,3.409183
30.605,3.409407
30.61,3.409692
30.615,3.410014
30.62,3.410353
30.625,3.410661
30.63,3.410937
30.635,3.4112
30.64,3.411506
30.645,3.411896
30.65,3.412372
30.655,3.412907
30.66,3.413453
30.665,3.413987
30.67,3.414478
30.675,3.414915
30.68,3.415308
30.685,3.415675
30.69,3.416015
30.695,3.416334
30.7,3.416628
30.705,3.416909
30.71,3.417173
30.715,3.417434
30.72,3.417687
30.725,3.417943
30.73,3.418206
30.735,3.418477
30.74,3.418755
30.745,3.419029
30.75,3.419284
30.755,3.419528
30.76,3.419758
30.765,3.419991
30.77,3.42022
30.775,3.420458
30.78,3.420687
30.785,3.420917
30.79,3.42114
30.795,3.421325
30.8,3.421455
30.805,3.421527
30.81,3.421553
30.815,3.421549
30.82,3.421555
30.825,3.421616
30.83,3.421722
30.835,3.421838
30.84,3.421935
30.845,3.422
30.85,3.422032
30.855,3.422038
30.86,3.42203
30.865,3.422017
30.87,3.422004
30.875,3.421997
30.88,3.421993
30.885,3.421993
30.89,3.421995
30.895,3.421998
30.9,3.421996
30.905,3.421953
30.91,3.421851
30.915,3.421682
30.92,3.421433
30.925,3.421121
30.93,3.42077
30.935,3.420435
30.94,3.420171
30.945,3.420002
30.95,3.41992
30.955,3.419869
30.96,3.419798
30.965,3.419682
30.97,3.419482
30.975,3.41917
30.98,3.418773
30.985,3.418322
30.99,3.417846
30.995,3.417376
31,3.416939
31.005,3.416545
31.01,3.416186
31.015,3.415857
31.02,3.41555
31.025,3.415266
31.03,3.414994
31.035,3.414726
31.04,3.414463
31.045,3.414218
31.05,3.41398
31.055,3.413767
31.06,3.413572
31.065,3.41338
31.07,3.413207
31.075,3.413036
31.08,3.412858
31.085,3.412692
31.09,3.412521
31.095,3.412343
31.1,3.412182
31.105,3.412034
31.11,3.411876
31.115,3.411723
31.12,3.411599
31.125,3.4115
31.13,3.411387
31.135,3.41126
31.14,3.411141
31.145,3.41105
31.15,3.410994
31.155,3.410969
31.16,3.410967
31.165,3.410976
31.17,3.411014
31.175,3.411107
31.18,3.411233
31.185,3.411358
31.19,3.411455
31.195,3.411514
31.2,3.411568
31.205,3.411657
31.21,3.411809
31.215,3.412046
31.22,3.412348
31.225,3.412683
31.23,3.413011
31.235,3.413281
31.24,3.413485
31.245,3.413684
31.25,3.413924
31.255,3.414243
31.26,3.414649
31.265,3.415125
31.27,3.415647
31.275,3.416178
31.28,3.416685
31.285,3.41715
31.29,3.417564
31.295,3.417929
31.3,3.418242
31.305,3.418518
31.31,3.41876
31.315,3.418992
31.32,3.419215
31.325,3.419445
31.33,3.419677
31.335,3.419921
31.34,3.420157
31.345,3.420391
31.35,3.420618
31.355,3.420839
31.36,3.421063
31.365,3.421286
31.37,3.421518
31.375,3.42175
31.38,3.421989
31.385,3.422219
31.39,3.422451
31.395,3.422671
31.4,3.42285
31.405,3.422971
31.41,3.423035
31.415,3.423054
31.42,3.423047
31.425,3.423051
31.43,3.423113
31.435,3.42322
31.44,3.423337
31.445,3.423435
31.45,3.423501
31.455,3.423532
31.46,3.423539
31.465,3.42353
31.47,3.423517
31.475,3.423504
31.48,3.423497
31.485,3.423493
31.49,3.423493
31.495,3.423481
31.5,3.423414
31.505,3.423301
31.51,3.423177
31.515,3.423045
31.52,3.42287
31.525,3.422638
31.53,3.42237
31.535,3.422081
31.54,3.421815
31.545,3.421608
31.55,3.421434
31.555,3.421277
31.56,3.421145
31.565,3.42104
31.57,3.42092
31.575,3.420736
31.58,3.420452
31.585,3.420092
31.59,3.41968
31.595,3.419247
31.6,3.418823
31.605,3.418423
31.61,3.418057
31.615,3.417723
31.62,3.4174
31.625,3.417085
31.63,3.416794
31.635,3.416515
31.64,3.41623
31.645,3.415951
31.65,3.415683
31.655,3.415429
31.66,3.415208
31.665,3.414999
31.67,3.414804
31.675,3.414635
31.68,3.414463
31.685,3.414293
31.69,3.41414
31.695,3.413981
31.7,3.413814
31.705,3.413666
31.71,3.413555
31.715,3.413456
31.72,3.41334
31.725,3.413216
31.73,3.413107
31.735,3.413029
31.74,3.412984
31.745,3.412967
31.75,3.412969
31.755,3.41298
31.76,3.412992
31.765,3.413001
31.77,3.413005
31.775,3.413013
31.78,3.413066
31.785,3.413169
31.79,3.413293
31.795,3.413404
31.8,3.413503
31.805,3.413623
31.81,3.413788
31.815,3.414035
31.82,3.414359
31.825,3.414729
31.83,3.415077
31.835,3.415347
31.84,3.415529
31.845,3.415689
31.85,3.415902
31.855,3.416214
31.86,3.416645
31.865,3.41715
31.87,3.417686
31.875,3.418207
31.88,3.41868
31.885,3.419102
31.89,3.419474
31.895,3.419808
31.9,3.420102
31.905,3.420367
31.91,3.42061
31.915,3.420836
31.92,3.421058
31.925,3.421276
31.93,3.421502
31.935,3.421723
31.94,3.421949
31.945,3.422183
31.95,3.422432
31.955,3.422684
31.96,3.422943
31.965,3.423183
31.97,3.423395
31.975,3.423597
31.98,3.423795
31.985,3.424006
31.99,3.424219
31.995,3.424446
32,3.424665
32.005,3.424847
32.01,3.42497
32.015,3.425036
32.02,3.425056
32.025,3.425053
32.03,3.425083
32.035,3.425166
32.04,3.425278
32.045,3.425386
32.05,3.425468
32.055,3.425517
32.06,3.425536
32.065,3.425535
32.07,3.425524
32.075,3.425511
32.08,3.4255
32.085,3.425495
32.09,3.425487
32.095,3.425434
32.1,3.42533
32.105,3.425207
32.11,3.425089
32.115,3.424949
32.12,3.424748
32.125,3.424492
32.13,3.424193
32.135,3.4239
32.14,3.423664
32.145,3.423485
32.15,3.423328
32.155,3.423192
32.16,3.423085
32.165,3.422981
32.17,3.422816
32.175,3.422543
32.18,3.422181
32.185,3.421754
32.19,3.4213
32.195,3.420851
32.2,3.420433
32.205,3.420059
32.21,3.419749
32.215,3.419474
32.22,3.419196
32.225,3.418925
32.23,3.418663
32.235,3.418411
32.24,3.41816
32.245,3.417911
32.25,3.417656
32.255,3.417404
32.26,3.417157
32.265,3.416917
32.27,3.416706
32.275,3.416507
32.28,3.416318
32.285,3.416153
32.29,3.415986
32.295,3.415817
32.3,3.415667
32.305,3.415541
32.31,3.415405
32.315,3.415263
32.32,3.415137
32.325,3.415044
32.33,3.414988
32.335,3.414966
32.34,3.414965
32.345,3.414976
32.35,3.414989
32.355,3.414999
32.36,3.415005
32.365,3.415007
32.37,3.415006
32.375,3.415004
32.38,3.415007
32.385,3.415057
32.39,3.41516
32.395,3.415286
32.4,3.415408
32.405,3.41555
32.41,3.415732
32.415,3.415982
32.42,3.416291
32.425,3.416597
32.43,3.41687
32.435,3.417113
32.44,3.417325
32.445,3.417536
32.45,3.417787
32.455,3.418117
32.46,3.418529
32.465,3.419007
32.47,3.419514
32.475,3.420009
32.48,3.420458
32.485,3.420857
32.49,3.421206
32.495,3.421515
32.5,3.421785
32.505,3.422035
32.51,3.422254
32.515,3.422466
32.52,3.422668
32.525,3.422868
32.53,3.423074
32.535,3.423268
32.54,3.423465
32.545,3.423661
32.55,3.423849
32.555,3.424046
32.56,3.424236
32.565,3.424431
32.57,3.424631
32.575,3.424839
32.58,3.425059
32.585,3.425294
32.59,3.425538
32.595,3.425757
32.6,3.425919
32.605,3.426016
32.61,3.426057
32.615,3.426061
32.62,3.426085
32.625,3.426159
32.63,3.426266
32.635,3.426373
32.64,3.426458
32.645,3.426511
32.65,3.426533
32.655,3.426555
32.66,3.426623
32.665,3.426728
32.67,3.426841
32.675,3.426931
32.68,3.426965
32.685,3.426939
32.69,3.426855
32.695,3.426738
32.7,3.426623
32.705,3.426535
32.71,3.426483
32.715,3.426462
32.72,3.426461
32.725,3.426428
32.73,3.426301
32.735,3.426087
32.74,3.425813
32.745,3.425517
32.75,3.425252
32.755,3.425018
32.76,3.424812
32.765,3.424648
32.77,3.424536
32.775,3.424446
32.78,3.424333
32.785,3.424149
32.79,3.423861
32.795,3.423479
32.8,3.423035
32.805,3.42256
32.81,3.422106
32.815,3.421698
32.82,3.421333
32.825,3.421008
32.83,3.420715
32.835,3.420447
32.84,3.420215
32.845,3.419995
32.85,3.419794
32.855,3.419607
32.86,3.419416
32.865,3.419207
32.87,3.418979
32.875,3.418743
32.88,3.418499
32.885,3.418276
32.89,3.418105
32.895,3.417995
32.9,3.417904
32.905,3.417799
32.91,3.417689
32.915,3.417594
32.92,3.417525
32.925,3.417485
32.93,3.41744
32.935,3.417354
32.94,3.417241
32.945,3.417131
32.95,3.417044
32.955,3.416999
32.96,3.417029
32.965,3.41713
32.97,3.417264
32.975,3.417388
32.98,3.417479
32.985,3.41753
32.99,3.417546
32.995,3.417547
33,3.417586
33.005,3.417685
33.01,3.417868
33.015,3.418146
33.02,3.418496
33.025,3.418869
33.03,3.419195
33.035,3.419432
33.04,3.419615
33.045,3.419802
33.05,3.420048
33.055,3.420366
33.06,3.420763
33.065,3.421211
33.07,3.421684
33.075,3.422156
33.08,3.42258
33.085,3.422948
33.09,3.423261
33.095,3.423537
33.1,3.423787
33.105,3.424028
33.11,3.424255
33.115,3.424485
33.12,3.424706
33.125,3.424934
33.13,3.425156
33.135,3.425375
33.14,3.425594
33.145,3.425803
33.15,3.426017
33.155,3.426225
33.16,3.426442
33.165,3.426674
33.17,3.426927
33.175,3.42719
33.18,3.427459
33.185,3.42771
33.19,3.427952
33.195,3.428175
33.2,3.428353
33.205,3.428472
33.21,3.428534
33.215,3.428573
33.22,3.428643
33.225,3.428742
33.23,3.428848
33.235,3.428937
33.24,3.428996
33.245,3.429026
33.25,3.429032
33.255,3.429026
33.26,3.429015
33.265,3.429004
33.27,3.428997
33.275,3.428994
33.28,3.428994
33.285,3.428996
33.29,3.428998
33.295,3.428999
33.3,3.428967
33.305,3.428876
33.31,3.428722
33.315,3.428505
33.32,3.428235
33.325,3.427929
33.33,3.427607
33.335,3.427319
33.34,3.427105
33.345,3.426949
33.35,3.426811
33.355,3.426675
33.36,3.426473
33.365,3.426156
33.37,3.425739
33.375,3.425245
33.38,3.424718
33.385,3.424197
33.39,3.423713
33.395,3.423283
33.4,3.422895
33.405,3.422547
33.41,3.422247
33.415,3.421979
33.42,3.421746
33.425,3.421523
33.43,3.421286
33.435,3.42103
33.44,3.420781
33.445,3.420532
33.45,3.420304
33.455,3.420088
33.46,3.41988
33.465,3.419698
33.47,3.419526
33.475,3.419352
33.48,3.419182
33.485,3.418997
33.49,3.418809
33.495,3.418649
33.5,3.418536
33.505,3.418474
33.51,3.418452
33.515,3.418455
33.52,3.418433
33.525,3.418356
33.53,3.418245
33.535,3.418133
33.54,3.418044
33.545,3.417989
33.55,3.417965
33.555,3.417964
33.56,3.417974
33.565,3.417987
33.57,3.417998
33.575,3.418005
33.58,3.418007
33.585,3.418006
33.59,3.418004
33.595,3.418015
33.6,3.41808
33.605,3.418201
33.61,3.418387
33.615,3.418629
33.62,3.418922
33.625,3.419252
33.63,3.41957
33.635,3.419833
33.64,3.420059
33.645,3.420261
33.65,3.420488
33.655,3.420781
33.66,3.421157
33.665,3.421616
33.67,3.42212
33.675,3.422637
33.68,3.423138
33.685,3.42359
33.69,3.423979
33.695,3.424313
33.7,3.424618
33.705,3.424913
33.71,3.425195
33.715,3.425471
33.72,3.425726
33.725,3.425976
33.73,3.42621
33.735,3.426444
33.74,3.426682
33.745,3.426936
33.75,3.427211
33.755,3.427495
33.76,3.427763
33.765,3.428021
33.77,3.428247
33.775,3.428456
33.78,3.428655
33.785,3.428851
33.79,3.429056
33.795,3.429248
33.8,3.429398
33.805,3.429494
33.81,3.42954
33.815,3.42955
33.82,3.429539
33.825,3.429521
33.83,3.429505
33.835,3.429495
33.84,3.429498
33.845,3.429556
33.85,3.429667
33.855,3.429796
33.86,3.429909
33.865,3.429989
33.87,3.43003
33.875,3.430042
33.88,3.430035
33.885,3.430003
33.89,3.429915
33.895,3.429789
33.9,3.42966
33.905,3.429557
33.91,3.429492
33.915,3.429456
33.92,3.429398
33.925,3.429271
33.93,3.429071
33.935,3.428819
33.94,3.428539
33.945,3.428283
33.95,3.428069
33.955,3.427874
33.96,3.427707
33.965,3.427583
33.97,3.427485
33.975,3.427373
33.98,3.427224
33.985,3.427
33.99,3.426682
33.995,3.426296
34,3.425873
34.005,3.425427
34.01,3.424997
34.015,3.424596
34.02,3.424223
34.025,3.423895
34.03,3.423602
34.035,3.423335
34.04,3.423072
34.045,3.422832
34.05,3.422614
34.055,3.422405
34.06,3.422221
34.065,3.422065
34.07,3.421905
34.075,3.421749
34.08,3.421612
34.085,3.421465
34.09,3.421308
34.095,3.421162
34.1,3.421007
34.105,3.42084
34.11,3.420687
34.115,3.420569
34.12,3.420494
34.125,3.420428
34.13,3.420334
34.135,3.420223
34.14,3.420118
34.145,3.420038
34.15,3.41999
34.155,3.419969
34.16,3.419969
34.165,3.419978
34.17,3.41999
34.175,3.419999
34.18,3.420004
34.185,3.420006
34.19,3.420005
34.195,3.420003
34.2,3.420001
34.205,3.420022
34.21,3.420099
34.215,3.420223
34.22,3.4204
34.225,3.420634
34.23,3.420923
34.235,3.421255
34.24,3.421574
34.245,3.42183
34.25,3.422029
34.255,3.422213
34.26,3.422427
34.265,3.42271
34.27,3.423082
34.275,3.423527
34.28,3.424015
34.285,3.424516
34.29,3.425001
34.295,3.425455
34.3,3.425868
34.305,3.426237
34.31,3.426562
34.315,3.426853
34.32,3.427114
34.325,3.427356
34.33,3.427586
34.335,3.427802
34.34,3.428021
34.345,3.428229
34.35,3.428443
34.355,3.428654
34.36,3.428866
34.365,3.429084
34.37,3.429308
34.375,3.429541
34.38,3.429779
34.385,3.430024
34.39,3.430277
34.395,3.430533
34.4,3.430757
34.405,3.430922
34.41,3.431019
34.415,3.431059
34.42,3.43106
34.425,3.431072
34.43,3.431136
34.435,3.43124
34.44,3.431351
34.445,3.431443
34.45,3.431503
34.455,3.431532
34.46,3.431536
34.465,3.431528
34.47,3.431515
34.475,3.431504
34.48,3.431496
34.485,3.431494
34.49,3.431494
34.495,3.431496
34.5,3.431495
34.505,3.431455
34.51,3.431358
34.515,3.431202
34.52,3.430985
34.525,3.430712
34.53,3.4304
34.535,3.430074
34.54,3.429789
34.545,3.429582
34.55,3.42946
34.555,3.429372
34.56,3.429276
34.565,3.429143
34.57,3.42895
34.575,3.428688
34.58,3.42836
34.585,3.427974
34.59,3.427576
34.595,3.427184
34.6,3.426798
34.605,3.426436
34.61,3.426091
34.615,3.425748
34.62,3.425422
34.625,3.425108
34.63,3.42481
34.635,3.424523
34.64,3.424272
34.645,3.424043
34.65,3.423833
34.655,3.423658
34.66,3.423495
34.665,3.423328
34.67,3.423147
34.675,3.422944
34.68,3.422748
34.685,3.422552
34.69,3.422355
34.695,3.422184
34.7,3.422055
34.705,3.421933
34.71,3.421801
34.715,3.421676
34.72,3.421575
34.725,3.421508
34.73,3.421475
34.735,3.421467
34.74,3.421473
34.745,3.421485
34.75,3.421496
34.755,3.421503
34.76,3.421506
34.765,3.421506
34.77,3.421515
34.775,3.421575
34.78,3.421684
34.785,3.421808
34.79,3.421917
34.795,3.42201
34.8,3.422124
34.805,3.422271
34.81,3.422469
34.815,3.422726
34.82,3.423014
34.825,3.423321
34.83,3.42361
34.835,3.423838
34.84,3.424001
34.845,3.424153
34.85,3.424361
34.855,3.424665
34.86,3.425067
34.865,3.425547
34.87,3.42606
34.875,3.426563
34.88,3.427017
34.885,3.427413
34.89,3.427758
34.895,3.428058
34.9,3.428313
34.905,3.428546
34.91,3.428753
34.915,3.428954
34.92,3.429153
34.925,3.429352
34.93,3.429562
34.935,3.429764
34.94,3.429974
34.945,3.430179
34.95,3.430383
34.955,3.430591
34.96,3.430806
34.965,3.431039
34.97,3.431303
34.975,3.431574
34.98,3.431845
34.985,3.432103
34.99,3.432326
34.995,3.432536
35,3.432727
35.005,3.432878
35.01,3.432978
35.015,3.433035
35.02,3.433103
35.025,3.433201
35.03,3.433311
35.035,3.433409
35.04,3.433479
35.045,3.433519
35.05,3.433532
35.055,3.433529
35.06,3.433519
35.065,3.433507
35.07,3.433499
35.075,3.433495
35.08,3.433494
35.085,3.433495
35.09,3.433497
35.095,3.433498
35.1,3.433469
35.105,3.433382
35.11,3.43324
35.115,3.433042
35.12,3.432799
35.125,3.4325
35.13,3.432165
35.135,3.431855
35.14,3.43162
35.145,3.431471
35.15,3.431357
35.155,3.431246
35.16,3.431106
35.165,3.430909
35.17,3.430621
35.175,3.430247
35.18,3.429805
35.185,3.42932
35.19,3.428831
35.195,3.428382
35.2,3.427987
35.205,3.427635
35.21,3.427321
35.215,3.427028
35.22,3.426772
35.225,3.426532
35.23,3.426287
35.235,3.426031
35.24,3.425778
35.245,3.425523
35.25,3.42529
35.255,3.425068
35.26,3.424857
35.265,3.424666
35.27,3.424473
35.275,3.424286
35.28,3.424092
35.285,3.42389
35.29,3.423707
35.295,3.423528
35.3,3.423348
35.305,3.423187
35.31,3.42303
35.315,3.422863
35.32,3.422708
35.325,3.422585
35.33,3.422506
35.335,3.422467
35.34,3.422459
35.345,3.422468
35.35,3.422482
35.355,3.422496
35.36,3.422504
35.365,3.422508
35.37,3.422508
35.375,3.422537
35.38,3.422622
35.385,3.422742
35.39,3.422884
35.395,3.423058
35.4,3.423268
35.405,3.423524
35.41,3.423823
35.415,3.424112
35.42,3.424366
35.425,3.424594
35.43,3.424788
35.435,3.42497
35.44,3.425198
35.445,3.425511
35.45,3.42594
35.455,3.426453
35.46,3.426999
35.465,3.427539
35.47,3.428018
35.475,3.428424
35.48,3.428778
35.485,3.429085
35.49,3.429366
35.495,3.429621
35.5,3.429852
35.505,3.430074
35.51,3.430278
35.515,3.430483
35.52,3.430683
35.525,3.430886
35.53,3.431097
35.535,3.431324
35.54,3.431566
35.545,3.431829
35.55,3.43209
35.555,3.432333
35.56,3.432567
35.565,3.432778
35.57,3.432987
35.575,3.433186
35.58,3.433361
35.585,3.433539
35.59,3.433712
35.595,3.433858
35.6,3.433962
35.605,3.43402
35.61,3.434041
35.615,3.434038
35.62,3.434031
35.625,3.434069
35.63,3.434162
35.635,3.434282
35.64,3.434394
35.645,3.434476
35.65,3.434523
35.655,3.434539
35.66,3.434536
35.665,3.434523
35.67,3.434509
35.675,3.434499
35.68,3.434494
35.685,3.434493
35.69,3.434494
35.695,3.434497
35.7,3.434499
35.705,3.4345
35.71,3.434501
35.715,3.434501
35.72,3.434501
35.725,3.434475
35.73,3.434392
35.735,3.434255
35.74,3.434043
35.745,3.433756
35.75,3.43345
35.755,3.433147
35.76,3.432873
35.765,3.432658
35.77,3.432518
35.775,3.432425
35.78,3.432325
35.785,3.432183
35.79,3.431972
35.795,3.431688
35.8,3.431334
35.805,3.430924
35.81,3.430492
35.815,3.430051
35.82,3.429616
35.825,3.429197
35.83,3.428802
35.835,3.428453
35.84,3.428163
35.845,3.427913
35.85,3.427691
35.855,3.427473
35.86,3.427247
35.865,3.427007
35.87,3.426776
35.875,3.426545
35.88,3.426327
35.885,3.426133
35.89,3.425941
35.895,3.425758
35.9,3.425568
35.905,3.425371
35.91,3.425174
35.915,3.424964
35.92,3.424767
35.925,3.424611
35.93,3.424509
35.935,3.424459
35.94,3.424448
35.945,3.424459
35.95,3.424477
35.955,3.424494
35.96,3.424505
35.965,3.42451
35.97,3.424509
35.975,3.424525
35.98,3.424597
35.985,3.424712
35.99,3.424836
35.995,3.424978
36,3.425142
36.005,3.425339
36.01,3.425591
36.015,3.425884
36.02,3.426163
36.025,3.426401
36.03,3.426615
36.035,3.426808
36.04,3.427031
36.045,3.427337
36.05,3.427733
36.055,3.428209
36.06,3.42873
36.065,3.429253
36.07,3.429741
36.075,3.430148
36.08,3.430484
36.085,3.430786
36.09,3.431068
36.095,3.431351
36.1,3.431619
36.105,3.431881
36.11,3.432125
36.115,3.432345
36.12,3.432559
36.125,3.432759
36.13,3.432966
36.135,3.43317
36.14,3.433363
36.145,3.433563
36.15,3.433759
36.155,3.43397
36.16,3.4342
36.165,3.434452
36.17,3.434692
36.175,3.434917
36.18,3.435132
36.185,3.435332
36.19,3.435538
36.195,3.43573
36.2,3.435883
36.205,3.435984
36.21,3.436035
36.215,3.436049
36.22,3.436072
36.225,3.436144
36.23,3.43625
36.235,3.43636
36.24,3.436449
36.245,3.436506
36.25,3.436532
36.255,3.436535
36.26,3.436526
36.265,3.436514
36.27,3.436503
36.275,3.436496
36.28,3.436494
36.285,3.436494
36.29,3.436496
36.295,3.436498
36.3,3.4365
36.305,3.436486
36.31,3.436417
36.315,3.436294
36.32,3.43611
36.325,3.435881
36.33,3.435604
36.335,3.435278
36.34,3.434956
36.345,3.434694
36.35,3.43452
36.355,3.434422
36.36,3.434337
36.365,3.434214
36.37,3.434029
36.375,3.43377
36.38,3.433424
36.385,3.433023
36.39,3.432593
36.395,3.432158
36.4,3.431737
36.405,3.43134
36.41,3.430969
36.415,3.43062
36.42,3.430291
36.425,3.429985
36.43,3.429709
36.435,3.429434
36.44,3.429144
36.445,3.428866
36.45,3.428601
36.455,3.428358
36.46,3.428152
36.465,3.427958
36.47,3.427778
36.475,3.427618
36.48,3.42745
36.485,3.427282
36.49,3.427126
36.495,3.426959
36.5,3.426789
36.505,3.426643
36.51,3.426537
36.515,3.42644
36.52,3.426325
36.525,3.426204
36.53,3.426099
36.535,3.426024
36.54,3.425982
36.545,3.425968
36.55,3.42597
36.555,3.425981
36.56,3.425993
36.565,3.426001
36.57,3.426013
36.575,3.42607
36.58,3.426176
36.585,3.426299
36.59,3.426409
36.595,3.426486
36.6,3.42655
36.605,3.426642
36.61,3.426785
36.615,3.426993
36.62,3.427264
36.625,3.427551
36.63,3.4278
36.635,3.428016
36.64,3.428208
36.645,3.428394
36.65,3.428633
36.655,3.428964
36.66,3.429391
36.665,3.429908
36.67,3.430467
36.675,3.431014
36.68,3.431514
36.685,3.431946
36.69,3.432309
36.695,3.432611
36.7,3.432868
36.705,3.4331
36.71,3.433303
36.715,3.433504
36.72,3.433698
36.725,3.433898
36.73,3.434109
36.735,3.434344
36.74,3.434587
36.745,3.434833
36.75,3.435075
36.755,3.435289
36.76,3.435491
36.765,3.435683
36.77,3.435857
36.775,3.436039
36.78,3.436217
36.785,3.436397
36.79,3.436588
36.795,3.436783
36.8,3.436994
36.805,3.437199
36.81,3.437367
36.815,3.437479
36.82,3.437538
36.825,3.437554
36.83,3.437545
36.835,3.437526
36.84,3.43751
36.845,3.437538
36.85,3.437628
36.855,3.437752
36.86,3.437872
36.865,3.437964
36.87,3.438003
36.875,3.437956
36.88,3.437843
36.885,3.437707
36.89,3.437587
36.895,3.437505
36.9,3.437463
36.905,3.437453
36.91,3.437462
36.915,3.437463
36.92,3.437409
36.925,3.437283
36.93,3.437071
36.935,3.436779
36.94,3.436468
36.945,3.436168
36.95,3.435894
36.955,3.435677
36.96,3.435533
36.965,3.435447
36.97,3.435361
36.975,3.435226
36.98,3.435011
36.985,3.434717
36.99,3.434357
36.995,3.433941
37,3.433502
37.005,3.433059
37.01,3.432634
37.015,3.432237
37.02,3.43187
37.025,3.431533
37.03,3.431248
37.035,3.430993
37.04,3.430748
37.045,3.430499
37.05,3.430256
37.055,3.430009
37.06,3.429779
37.065,3.429554
37.07,3.429339
37.075,3.429134
37.08,3.428925
37.085,3.428728
37.09,3.428525
37.095,3.428325
37.1,3.428155
37.105,3.427999
37.11,3.427839
37.115,3.427692
37.12,3.427578
37.125,3.427505
37.13,3.42747
37.135,3.427462
37.14,3.427471
37.145,3.427484
37.15,3.427496
37.155,3.427504
37.16,3.427507
37.165,3.427507
37.17,3.427505
37.175,3.427502
37.18,3.4275
37.185,3.4275
37.19,3.427534
37.195,3.427625
37.2,3.427748
37.205,3.427872
37.21,3.42801
37.215,3.428174
37.22,3.428381
37.225,3.428636
37.23,3.428923
37.235,3.429189
37.24,3.429413
37.245,3.429615
37.25,3.429813
37.255,3.430034
37.26,3.430325
37.265,3.430713
37.27,3.431184
37.275,3.43171
37.28,3.432235
37.285,3.432716
37.29,3.433141
37.295,3.433509
37.3,3.433835
37.305,3.434119
37.31,3.434378
37.315,3.434617
37.32,3.43485
37.325,3.43508
37.33,3.435301
37.335,3.435526
37.34,3.435732
37.345,3.435921
37.35,3.436109
37.355,3.436287
37.36,3.436478
37.365,3.43667
37.37,3.43686
37.375,3.437059
37.38,3.437247
37.385,3.437432
37.39,3.437621
37.395,3.437811
37.4,3.438016
37.405,3.438214
37.41,3.438375
37.415,3.438482
37.42,3.438537
37.425,3.438552
37.43,3.438543
37.435,3.438525
37.44,3.438508
37.445,3.438496
37.45,3.438491
37.455,3.43849
37.46,3.438493
37.465,3.438496
37.47,3.438499
37.475,3.438501
37.48,3.438502
37.485,3.438501
37.49,3.438501
37.495,3.4385
37.5,3.4385
37.505,3.4385
37.51,3.4385
37.515,3.438494
37.52,3.438441
37.525,3.438336
37.53,3.438184
37.535,3.437959
37.54,3.437673
37.545,3.437382
37.55,3.437103
37.555,3.43685
37.56,3.436652
37.565,3.436523
37.57,3.436443
37.575,3.436356
37.58,3.436249
37.585,3.436099
37.59,3.435883
37.595,3.435601
37.6,3.435255
37.605,3.434857
37.61,3.434437
37.615,3.434019
37.62,3.433615
37.625,3.43323
37.63,3.432884
37.635,3.43257
37.64,3.432283
37.645,3.432011
37.65,3.431766
37.655,3.43153
37.66,3.431313
37.665,3.431111
37.67,3.430909
37.675,3.430728
37.68,3.430564
37.685,3.430395
37.69,3.430235
37.695,3.43009
37.7,3.429934
37.705,3.429774
37.71,3.429636
37.715,3.429523
37.72,3.429397
37.725,3.429262
37.73,3.429139
37.735,3.429047
37.74,3.428991
37.745,3.428967
37.75,3.428966
37.755,3.428976
37.76,3.428989
37.765,3.428999
37.77,3.429005
37.775,3.429007
37.78,3.429017
37.785,3.429078
37.79,3.429187
37.795,3.429311
37.8,3.429427
37.805,3.42956
37.81,3.429719
37.815,3.42992
37.82,3.430166
37.825,3.430441
37.83,3.430709
37.835,3.43097
37.84,3.43121
37.845,3.431445
37.85,3.431697
37.855,3.432014
37.86,3.432408
37.865,3.432861
37.87,3.433349
37.875,3.433835
37.88,3.434299
37.885,3.434733
37.89,3.435112
37.895,3.435444
37.9,3.435718
37.905,3.435953
37.91,3.436164
37.915,3.436347
37.92,3.436533
37.925,3.436715
37.93,3.436907
37.935,3.437109
37.94,3.437307
37.945,3.437515
37.95,3.437715
37.955,3.437915
37.96,3.438116
37.965,3.438302
37.97,3.438489
37.975,3.438676
37.98,3.438868
37.985,3.439073
37.99,3.43929
37.995,3.439521
38,3.439734
38.005,3.439899
38.01,3.440003
38.015,3.44005
38.02,3.440058
38.025,3.440058
38.03,3.440106
38.035,3.440202
38.04,3.440316
38.045,3.440417
38.05,3.440489
38.055,3.440526
38.06,3.440537
38.065,3.440532
38.07,3.440519
38.075,3.440507
38.08,3.440498
38.085,3.440494
38.09,3.440493
38.095,3.440495
38.1,3.440497
38.105,3.440499
38.11,3.440485
38.115,3.440415
38.12,3.440299
38.125,3.440138
38.13,3.439917
38.135,3.439641
38.14,3.439331
38.145,3.439017
38.15,3.43875
38.155,3.438559
38.16,3.438413
38.165,3.43828
38.17,3.438161
38.175,3.438034
38.18,3.437875
38.185,3.43765
38.19,3.43734
38.195,3.436961
38.2,3.436532
38.205,3.436084
38.21,3.435644
38.215,3.435228
38.22,3.434835
38.225,3.434478
38.23,3.434152
38.235,3.433864
38.24,3.433601
38.245,3.433338
38.25,3.433065
38.255,3.432805
38.26,3.432551
38.265,3.43232
38.27,3.432112
38.275,3.43191
38.28,3.431729
38.285,3.431555
38.29,3.431375
38.295,3.431207
38.3,3.431038
38.305,3.43086
38.31,3.430697
38.315,3.430569
38.32,3.430445
38.325,3.43031
38.33,3.43018
38.335,3.430076
38.34,3.430007
38.345,3.429973
38.35,3.429965
38.355,3.429972
38.36,3.429984
38.365,3.429996
38.37,3.430003
38.375,3.430028
38.38,3.430106
38.385,3.430223
38.39,3.430344
38.395,3.430465
38.4,3.430608
38.405,3.430783
38.41,3.430996
38.415,3.431245
38.42,3.431511
38.425,3.431771
38.43,3.432024
38.435,3.432252
38.44,3.432482
38.445,3.432759
38.45,3.433104
38.455,3.433537
38.46,3.434048
38.465,3.434593
38.47,3.435124
38.475,3.435588
38.48,3.435979
38.485,3.436315
38.49,3.436605
38.495,3.436871
38.5,3.437115
38.505,3.437338
38.51,3.437557
38.515,3.437759
38.52,3.437964
38.525,3.438164
38.53,3.438347
38.535,3.438533
38.54,3.438717
38.545,3.438913
38.55,3.439117
38.555,3.439325
38.56,3.439542
38.565,3.439753
38.57,3.43997
38.575,3.440182
38.58,3.440399
38.585,3.440632
38.59,3.440891
38.595,3.441143
38.6,3.441347
38.605,3.441482
38.61,3.441555
38.615,3.441622
38.62,3.441712
38.625,3.441813
38.63,3.441905
38.635,3.441973
38.64,3.442013
38.645,3.442028
38.65,3.442037
38.655,3.442084
38.66,3.44218
38.665,3.442296
38.67,3.442402
38.675,3.44248
38.68,3.442511
38.685,3.442461
38.69,3.442345
38.695,3.442208
38.7,3.442087
38.705,3.441987
38.71,3.44187
38.715,3.441709
38.72,3.441489
38.725,3.441211
38.73,3.440894
38.735,3.440567
38.74,3.440283
38.745,3.440078
38.75,3.439955
38.755,3.439856
38.76,3.439737
38.765,3.439551
38.77,3.439272
38.775,3.438908
38.78,3.438487
38.785,3.438026
38.79,3.437551
38.795,3.437075
38.8,3.436626
38.805,3.436215
38.81,3.435828
38.815,3.435477
38.82,3.435155
38.825,3.434855
38.83,3.434563
38.835,3.434281
38.84,3.434005
38.845,3.433748
38.85,3.433499
38.855,3.433272
38.86,3.43305
38.865,3.432837
38.87,3.43262
38.875,3.432401
38.88,3.432193
38.885,3.431982
38.89,3.431783
38.895,3.431613
38.9,3.431442
38.905,3.431277
38.91,3.431136
38.915,3.431013
38.92,3.430875
38.925,3.430735
38.93,3.430615
38.935,3.430529
38.94,3.430481
38.945,3.430464
38.95,3.430467
38.955,3.430479
38.96,3.430492
38.965,3.430501
38.97,3.43052
38.975,3.430589
38.98,3.430701
38.985,3.430825
38.99,3.430962
38.995,3.431123
39,3.43132
39.005,3.431553
39.01,3.431824
39.015,3.432123
39.02,3.432433
39.025,3.432718
39.03,3.432981
39.035,3.433232
39.04,3.43353
39.045,3.433917
39.05,3.434407
39.055,3.434967
39.06,3.435544
39.065,3.436094
39.07,3.436569
39.075,3.436966
39.08,3.437311
39.085,3.437615
39.09,3.437901
39.095,3.438157
39.1,3.438386
39.105,3.438603
39.11,3.438821
39.115,3.439046
39.12,3.439276
39.125,3.439515
39.13,3.439747
39.135,3.439983
39.14,3.440208
39.145,3.440436
39.15,3.440661
39.155,3.440898
39.16,3.441157
39.165,3.441434
39.17,3.441707
39.175,3.441976
39.18,3.442222
39.185,3.44246
39.19,3.442679
39.195,3.442855
39.2,3.442972
39.205,3.443044
39.21,3.443124
39.215,3.443227
39.22,3.443335
39.225,3.443426
39.23,3.443488
39.235,3.443523
39.24,3.443571
39.245,3.443661
39.25,3.443775
39.255,3.443883
39.26,3.443965
39.265,3.444014
39.27,3.444032
39.275,3.443998
39.28,3.4439
39.285,3.443767
39.29,3.443638
39.295,3.443539
39.3,3.44348
39.305,3.443442
39.31,3.44337
39.315,3.443229
39.32,3.443013
39.325,3.442733
39.33,3.442435
39.335,3.442136
39.34,3.441863
39.345,3.44165
39.35,3.441498
39.355,3.441361
39.36,3.441213
39.365,3.441006
39.37,3.44071
39.375,3.440332
39.38,3.439885
39.385,3.439402
39.39,3.438924
39.395,3.438463
39.4,3.438046
39.405,3.437665
39.41,3.437294
39.415,3.436945
39.42,3.436615
39.425,3.436297
39.43,3.435993
39.435,3.435697
39.44,3.435418
39.445,3.435151
39.45,3.434901
39.455,3.434679
39.46,3.434464
39.465,3.434254
39.47,3.434032
39.475,3.433811
39.48,3.433582
39.485,3.433353
39.49,3.433113
39.495,3.432877
39.5,3.432658
39.505,3.432441
39.51,3.432247
39.515,3.432098
39.52,3.432004
39.525,3.43196
39.53,3.431951
39.535,3.431963
39.54,3.43198
39.545,3.431996
39.55,3.432006
39.555,3.432009
39.56,3.432009
39.565,3.432006
39.57,3.432003
39.575,3.432
39.58,3.432014
39.585,3.432084
39.59,3.432203
39.595,3.432372
39.6,3.432586
39.605,3.432841
39.61,3.433134
39.615,3.433446
39.62,3.433767
39.625,3.43407
39.63,3.434347
39.635,3.43463
39.64,3.434947
39.645,3.435331
39.65,3.435778
39.655,3.436275
39.66,3.436789
39.665,3.43729
39.67,3.437755
39.675,3.438153
39.68,3.43849
39.685,3.438785
39.69,3.439064
39.695,3.439348
39.7,3.439627
39.705,3.439905
39.71,3.440167
39.715,3.440423
39.72,3.440665
39.725,3.440905
39.73,3.441147
39.735,3.441403
39.74,3.441656
39.745,3.441911
39.75,3.442156
39.755,3.442401
39.76,3.442639
39.765,3.442881
39.77,3.443116
39.775,3.44334
39.78,3.443562
39.785,3.443767
39.79,3.443972
39.795,3.444171
39.8,3.444338
39.805,3.444456
39.81,3.444523
39.815,3.444547
39.82,3.444555
39.825,3.444605
39.83,3.4447
39.835,3.444812
39.84,3.444913
39.845,3.444985
39.85,3.445024
39.855,3.445036
39.86,3.445031
39.865,3.445019
39.87,3.445007
39.875,3.444998
39.88,3.444994
39.885,3.444994
39.89,3.444995
39.895,3.444997
39.9,3.44499
39.905,3.444931
39.91,3.444815
39.915,3.444633
39.92,3.444399
39.925,3.444108
39.93,3.443769
39.935,3.443439
39.94,3.443176
39.945,3.442996
39.95,3.442853
39.955,3.442726
39.96,3.442596
39.965,3.442419
39.97,3.442174
39.975,3.441848
39.98,3.441445
39.985,3.440996
39.99,3.440519
39.995,3.440038
40,3.439572
40.005,3.439132
40.01,3.438723
40.015,3.438355
40.02,3.438024
40.025,3.437741
40.03,3.437472
40.035,3.437188
40.04,3.436908
40.045,3.436627
40.05,3.436366
40.055,3.43612
40.06,3.435889
40.065,3.435678
40.07,3.435465
40.075,3.43523
40.08,3.434979
40.085,3.434718
40.09,3.434457
40.095,3.434209
40.1,3.433967
40.105,3.433754
40.11,3.433595
40.115,3.433496
40.12,3.433452
40.125,3.433446
40.13,3.433461
40.135,3.43348
40.14,3.433497
40.145,3.433507
40.15,3.433511
40.155,3.43351
40.16,3.433506
40.165,3.433503
40.17,3.4335
40.175,3.433499
40.18,3.433512
40.185,3.433581
40.19,3.433695
40.195,3.433847
40.2,3.434042
40.205,3.434286
40.21,3.434593
40.215,3.434943
40.22,3.435311
40.225,3.435666
40.23,3.436006
40.235,3.436351
40.24,3.43674
40.245,3.437178
40.25,3.437651
40.255,3.43813
40.26,3.438576
40.265,3.438987
40.27,3.439367
40.275,3.439712
40.28,3.440035
40.285,3.440351
40.29,3.440664
40.295,3.440969
40.3,3.441251
40.305,3.441516
40.31,3.441753
40.315,3.441981
40.32,3.442194
40.325,3.442408
40.33,3.442626
40.335,3.442862
40.34,3.4431
40.345,3.443323
40.35,3.443543
40.355,3.443742
40.36,3.443931
40.365,3.444121
40.37,3.444303
40.375,3.444499
40.38,3.444695
40.385,3.4449
40.39,3.445111
40.395,3.445298
40.4,3.445435
40.405,3.445516
40.41,3.445549
40.415,3.445552
40.42,3.445573
40.425,3.445646
40.43,3.445755
40.435,3.445866
40.44,3.445954
40.445,3.446009
40.45,3.446034
40.455,3.446036
40.46,3.446026
40.465,3.446013
40.47,3.446002
40.475,3.445996
40.48,3.445993
40.485,3.445994
40.49,3.445996
40.495,3.445998
40.5,3.446
40.505,3.445997
40.51,3.445952
40.515,3.445851
40.52,3.445691
40.525,3.445478
40.53,3.445212
40.535,3.444889
40.54,3.444551
40.545,3.44426
40.55,3.444056
40.555,3.443935
40.56,3.443837
40.565,3.443733
40.57,3.443587
40.575,3.44336
40.58,3.443061
40.585,3.442696
40.59,3.442281
40.595,3.441839
40.6,3.44139
40.605,3.440941
40.61,3.440514
40.615,3.440105
40.62,3.439711
40.625,3.439336
40.63,3.438987
40.635,3.438658
40.64,3.438359
40.645,3.438077
40.65,3.43782
40.655,3.437573
40.66,3.43734
40.665,3.437113
40.67,3.436891
40.675,3.436686
40.68,3.436478
40.685,3.436265
40.69,3.436033
40.695,3.435801
40.7,3.43556
40.705,3.435332
40.71,3.435147
40.715,3.435024
40.72,3.43496
40.725,3.434942
40.73,3.434952
40.735,3.434972
40.74,3.434991
40.745,3.435004
40.75,3.43501
40.755,3.435011
40.76,3.435008
40.765,3.435004
40.77,3.435001
40.775,3.434999
40.78,3.434999
40.785,3.435031
40.79,3.43512
40.795,3.435248
40.8,3.435419
40.805,3.435642
40.81,3.435922
40.815,3.43625
40.82,3.43659
40.825,3.436924
40.83,3.437221
40.835,3.437503
40.84,3.437802
40.845,3.438134
40.85,3.43853
40.855,3.438981
40.86,3.439466
40.865,3.439962
40.87,3.44044
40.875,3.440884
40.88,3.441292
40.885,3.441658
40.89,3.441984
40.895,3.442263
40.9,3.442516
40.905,3.442737
40.91,3.442948
40.915,3.443151
40.92,3.443352
40.925,3.443561
40.93,3.443756
40.935,3.443947
40.94,3.44414
40.945,3.44432
40.95,3.444511
40.955,3.444709
40.96,3.44493
40.965,3.445154
40.97,3.445385
40.975,3.445613
40.98,3.445836
40.985,3.446061
40.99,3.446275
40.995,3.446494
41,3.446701
41.005,3.446867
41.01,3.446979
41.015,3.447039
41.02,3.4471
41.025,3.44719
41.03,3.447297
41.035,3.447396
41.04,3.44747
41.045,3.447513
41.05,3.44753
41.055,3.44753
41.06,3.44752
41.065,3.447509
41.07,3.4475
41.075,3.447495
41.08,3.447494
41.085,3.447495
41.09,3.447497
41.095,3.447499
41.1,3.447476
41.105,3.447396
41.11,3.447242
41.115,3.447018
41.12,3.446731
41.125,3.446399
41.13,3.446058
41.135,3.445767
41.14,3.445553
41.145,3.445382
41.15,3.445234
41.155,3.445091
41.16,3.444919
41.165,3.444692
41.17,3.444399
41.175,3.444032
41.18,3.443621
41.185,3.443175
41.19,3.442717
41.195,3.442263
41.2,3.441821
41.205,3.441408
41.21,3.441022
41.215,3.440659
41.22,3.440332
41.225,3.440026
41.23,3.439721
41.235,3.43942
41.24,3.439121
41.245,3.438845
41.25,3.438588
41.255,3.438353
41.26,3.438145
41.265,3.437942
41.27,3.43775
41.275,3.437551
41.28,3.437351
41.285,3.437158
41.29,3.436957
41.295,3.436767
41.3,3.436591
41.305,3.436411
41.31,3.43624
41.315,3.436078
41.32,3.435904
41.325,3.435738
41.33,3.435604
41.335,3.435514
41.34,3.435469
41.345,3.435457
41.35,3.435464
41.355,3.435479
41.36,3.435494
41.365,3.435504
41.37,3.435511
41.375,3.435556
41.38,3.435653
41.385,3.435775
41.39,3.435889
41.395,3.436001
41.4,3.436136
41.405,3.436312
41.41,3.43655
41.415,3.436845
41.42,3.43718
41.425,3.43751
41.43,3.437799
41.435,3.438055
41.44,3.438305
41.445,3.438619
41.45,3.439023
41.455,3.43952
41.46,3.440082
41.465,3.440661
41.47,3.441209
41.475,3.441696
41.48,3.442125
41.485,3.442496
41.49,3.442818
41.495,3.443098
41.5,3.443344
41.505,3.443575
41.51,3.443784
41.515,3.443994
41.52,3.444196
41.525,3.4444
41.53,3.444609
41.535,3.444817
41.54,3.445034
41.545,3.445247
41.55,3.445468
41.555,3.445689
41.56,3.445923
41.565,3.44616
41.57,3.446407
41.575,3.446659
41.58,3.44692
41.585,3.44717
41.59,3.447417
41.595,3.447649
41.6,3.447837
41.605,3.447965
41.61,3.448034
41.615,3.448084
41.62,3.448163
41.625,3.448266
41.63,3.448368
41.635,3.44845
41.64,3.448503
41.645,3.448527
41.65,3.448531
41.655,3.448523
41.66,3.448512
41.665,3.448503
41.67,3.448497
41.675,3.448494
41.68,3.448495
41.685,3.448496
41.69,3.448498
41.695,3.4485
41.7,3.448501
41.705,3.448497
41.71,3.448448
41.715,3.448312
41.72,3.448073
41.725,3.447753
41.73,3.44741
41.735,3.447071
41.74,3.446783
41.745,3.446574
41.75,3.446407
41.755,3.44626
41.76,3.446103
41.765,3.445899
41.77,3.44563
41.775,3.445279
41.78,3.444856
41.785,3.444392
41.79,3.443912
41.795,3.44344
41.8,3.442994
41.805,3.442584
41.81,3.442206
41.815,3.441849
41.82,3.441518
41.825,3.441214
41.83,3.440929
41.835,3.440646
41.84,3.440366
41.845,3.440083
41.85,3.439818
41.855,3.439563
41.86,3.439326
41.865,3.439095
41.87,3.438873
41.875,3.438666
41.88,3.438459
41.885,3.438266
41.89,3.438084
41.895,3.437897
41.9,3.437726
41.905,3.437567
41.91,3.4374
41.915,3.437238
41.92,3.437107
41.925,3.437018
41.93,3.436972
41.935,3.436959
41.94,3.436965
41.945,3.436979
41.95,3.436993
41.955,3.437003
41.96,3.437007
41.965,3.437008
41.97,3.437006
41.975,3.437003
41.98,3.437001
41.985,3.437008
41.99,3.437068
41.995,3.437177
42,3.437318
42.005,3.437498
42.01,3.437723
42.015,3.438
42.02,3.438317
42.025,3.438643
42.03,3.438963
42.035,3.439238
42.04,3.439484
42.045,3.439745
42.05,3.440074
42.055,3.440514
42.06,3.441042
42.065,3.441621
42.07,3.442188
42.075,3.4427
42.08,3.443141
42.085,3.443514
42.09,3.44384
42.095,3.444124
42.1,3.444384
42.105,3.444625
42.11,3.444859
42.115,3.445089
42.12,3.445314
42.125,3.445542
42.13,3.445758
42.135,3.445977
42.14,3.446187
42.145,3.446398
42.15,3.446611
42.155,3.446827
42.16,3.44705
42.165,3.447282
42.17,3.447526
42.175,3.447788
42.18,3.448053
42.185,3.448314
42.19,3.448567
42.195,3.448781
42.2,3.448934
42.205,3.449022
42.21,3.449057
42.215,3.44908
42.22,3.449143
42.225,3.449242
42.23,3.449348
42.235,3.449438
42.24,3.449498
42.245,3.449527
42.25,3.449534
42.255,3.449527
42.26,3.449515
42.265,3.449504
42.27,3.449497
42.275,3.449494
42.28,3.449494
42.285,3.449496
42.29,3.449498
42.295,3.4495
42.3,3.449501
42.305,3.449493
42.31,3.449435
42.315,3.449301
42.32,3.44909
42.325,3.448816
42.33,3.448481
42.335,3.448123
42.34,3.447808
42.345,3.447581
42.35,3.44743
42.355,3.447305
42.36,3.447187
42.365,3.44704
42.37,3.446832
42.375,3.446559
42.38,3.446212
42.385,3.445803
42.39,3.445347
42.395,3.444868
42.4,3.444394
42.405,3.44394
42.41,3.44352
42.415,3.443132
42.42,3.442767
42.425,3.442439
42.43,3.442146
42.435,3.441866
42.44,3.441582
42.445,3.441294
42.45,3.441007
42.455,3.440747
42.46,3.440501
42.465,3.44028
42.47,3.440069
42.475,3.439857
42.48,3.439627
42.485,3.439392
42.49,3.439153
42.495,3.438916
42.5,3.438709
42.505,3.438519
42.51,3.438337
42.515,3.438179
42.52,3.438062
42.525,3.437993
42.53,3.437963
42.535,3.43796
42.54,3.437972
42.545,3.437987
42.55,3.437999
42.555,3.438006
42.56,3.438008
42.565,3.438007
42.57,3.438005
42.575,3.438002
42.58,3.438011
42.585,3.438073
42.59,3.438184
42.595,3.438314
42.6,3.438469
42.605,3.438678
42.61,3.438964
42.615,3.439312
42.62,3.439696
42.625,3.440055
42.63,3.440362
42.635,3.440636
42.64,3.440931
42.645,3.441306
42.65,3.441773
42.655,3.44231
42.66,3.442865
42.665,3.4434
42.67,3.443876
42.675,3.444279
42.68,3.444626
42.685,3.44494
42.69,3.445236
42.695,3.445517
42.7,3.445785
42.705,3.446044
42.71,3.446282
42.715,3.446514
42.72,3.446734
42.725,3.44696
42.73,3.447178
42.735,3.447396
42.74,3.447613
42.745,3.447826
42.75,3.448047
42.755,3.448282
42.76,3.448529
42.765,3.44878
42.77,3.449032
42.775,3.449266
42.78,3.449495
42.785,3.449714
42.79,3.449937
42.795,3.450155
42.8,3.450336
42.805,3.450461
42.81,3.45053
42.815,3.450559
42.82,3.450606
42.825,3.450693
42.83,3.4508
42.835,3.4509
42.84,3.450974
42.845,3.451017
42.85,3.451033
42.855,3.451031
42.86,3.45102
42.865,3.451009
42.87,3.451
42.875,3.450995
42.88,3.450994
42.885,3.450995
42.89,3.450997
42.895,3.450999
42.9,3.451
42.905,3.450991
42.91,3.450926
42.915,3.450774
42.92,3.450536
42.925,3.45023
42.93,3.449879
42.935,3.449529
42.94,3.449239
42.945,3.449029
42.95,3.448861
42.955,3.448711
42.96,3.448543
42.965,3.448332
42.97,3.448055
42.975,3.447706
42.98,3.4473
42.985,3.446851
42.99,3.44638
42.995,3.445902
43,3.445425
43.005,3.444973
43.01,3.444546
43.015,3.444145
43.02,3.443772
43.025,3.443435
43.03,3.443122
43.035,3.442811
43.04,3.442507
43.045,3.442209
43.05,3.441929
43.055,3.441663
43.06,3.441413
43.065,3.441178
43.07,3.440947
43.075,3.440725
43.08,3.440498
43.085,3.440286
43.09,3.440083
43.095,3.439882
43.1,3.439701
43.105,3.439521
43.11,3.439339
43.115,3.439179
43.12,3.43906
43.125,3.438989
43.13,3.43896
43.135,3.438958
43.14,3.43897
43.145,3.438986
43.15,3.438999
43.155,3.439006
43.16,3.439009
43.165,3.439007
43.17,3.439005
43.175,3.439002
43.18,3.439
43.185,3.439022
43.19,3.439101
43.195,3.43922
43.2,3.43937
43.205,3.439565
43.21,3.439821
43.215,3.440141
43.22,3.440494
43.225,3.440853
43.23,3.441169
43.235,3.441438
43.24,3.441689
43.245,3.441995
43.25,3.4424
43.255,3.442903
43.26,3.443461
43.265,3.444023
43.27,3.444563
43.275,3.44505
43.28,3.445476
43.285,3.44585
43.29,3.446184
43.295,3.446493
43.3,3.446795
43.305,3.447079
43.31,3.447353
43.315,3.44761
43.32,3.447861
43.325,3.448103
43.33,3.448341
43.335,3.448581
43.34,3.44883
43.345,3.44908
43.35,3.449325
43.355,3.449567
43.36,3.449803
43.365,3.45004
43.37,3.450285
43.375,3.450538
43.38,3.450802
43.385,3.451066
43.39,3.451326
43.395,3.451577
43.4,3.451789
43.405,3.451939
43.41,3.452025
43.415,3.452057
43.42,3.452077
43.425,3.452138
43.43,3.452236
43.435,3.452343
43.44,3.452434
43.445,3.452496
43.45,3.452527
43.455,3.452534
43.46,3.452528
43.465,3.452516
43.47,3.452505
43.475,3.452497
43.48,3.452494
43.485,3.452494
43.49,3.452496
43.495,3.452482
43.5,3.452412
43.505,3.452297
43.51,3.452146
43.515,3.451927
43.52,3.451641
43.525,3.451308
43.53,3.450978
43.535,3.450701
43.54,3.450467
43.545,3.450266
43.55,3.450072
43.555,3.449869
43.56,3.44963
43.565,3.449328
43.57,3.448964
43.575,3.448536
43.58,3.44807
43.585,3.447588
43.59,3.447113
43.595,3.446659
43.6,3.446234
43.605,3.445847
43.61,3.445476
43.615,3.445118
43.62,3.444783
43.625,3.444474
43.63,3.444184
43.635,3.443898
43.64,3.443606
43.645,3.443316
43.65,3.443029
43.655,3.442764
43.66,3.44251
43.665,3.442281
43.67,3.442058
43.675,3.441844
43.68,3.44163
43.685,3.441412
43.69,3.441202
43.695,3.440984
43.7,3.44078
43.705,3.440586
43.71,3.44039
43.715,3.440214
43.72,3.440049
43.725,3.439877
43.73,3.439717
43.735,3.439576
43.74,3.439424
43.745,3.43927
43.75,3.439135
43.755,3.439039
43.76,3.438983
43.765,3.438962
43.77,3.438964
43.775,3.438976
43.78,3.43899
43.785,3.439
43.79,3.439006
43.795,3.439013
43.8,3.439065
43.805,3.439167
43.81,3.439292
43.815,3.43944
43.82,3.43962
43.825,3.439855
43.83,3.440164
43.835,3.440534
43.84,3.440913
43.845,3.441236
43.85,3.441508
43.855,3.441782
43.86,3.442126
43.865,3.442587
43.87,3.443164
43.875,3.443808
43.88,3.444461
43.885,3.445081
43.89,3.445641
43.895,3.446128
43.9,3.446568
43.905,3.446977
43.91,3.447361
43.915,3.447725
43.92,3.448067
43.925,3.448393
43.93,3.448701
43.935,3.448996
43.94,3.449281
43.945,3.449559
43.95,3.449837
43.955,3.450114
43.96,3.4504
43.965,3.450699
43.97,3.451009
43.975,3.451328
43.98,3.451635
43.985,3.451931
43.99,3.452217
43.995,3.452496
44,3.452736
44.005,3.452912
44.01,3.453016
44.015,3.453059
44.02,3.453078
44.025,3.453131
44.03,3.453223
44.035,3.453329
44.04,3.453423
44.045,3.453488
44.05,3.453523
44.055,3.453534
44.06,3.453529
44.065,3.453517
44.07,3.453506
44.075,3.453498
44.08,3.453495
44.085,3.453494
44.09,3.453495
44.095,3.453474
44.1,3.453395
44.105,3.453245
44.11,3.453
44.115,3.452657
44.12,3.452261
44.125,3.451896
44.13,3.451619
44.135,3.451411
44.14,3.45123
44.145,3.45103
44.15,3.450785
44.155,3.450476
44.16,3.450099
44.165,3.449654
44.17,3.44918
44.175,3.44869
44.18,3.448207
44.185,3.447737
44.19,3.447288
44.195,3.446883
44.2,3.446509
44.205,3.446151
44.21,3.445806
44.215,3.44548
44.22,3.445165
44.225,3.444862
44.23,3.444565
44.235,3.444283
44.24,3.444009
44.245,3.443751
44.25,3.443498
44.255,3.443263
44.26,3.443031
44.265,3.44281
44.27,3.442588
44.275,3.442368
44.28,3.442139
44.285,3.441909
44.29,3.441695
44.295,3.441481
44.3,3.441283
44.305,3.441113
44.31,3.440944
44.315,3.440778
44.32,3.440638
44.325,3.440536
44.33,3.44044
44.335,3.440324
44.34,3.440202
44.345,3.440096
44.35,3.440022
44.355,3.439981
44.36,3.439967
44.365,3.43997
44.37,3.439981
44.375,3.439993
44.38,3.440015
44.385,3.440087
44.39,3.440202
44.395,3.440326
44.4,3.44043
44.405,3.440523
44.41,3.440641
44.415,3.44081
44.42,3.441054
44.425,3.441388
44.43,3.44177
44.435,3.442126
44.44,3.44244
44.445,3.44275
44.45,3.443095
44.455,3.443514
44.46,3.444017
44.465,3.444591
44.47,3.445193
44.475,3.445788
44.48,3.446347
44.485,3.446858
44.49,3.447323
44.495,3.44775
44.5,3.448142
44.505,3.448497
44.51,3.448825
44.515,3.449124
44.52,3.449408
44.525,3.449689
44.53,3.449973
44.535,3.450271
44.54,3.450568
44.545,3.450868
44.55,3.451152
44.555,3.451429
44.56,3.451683
44.565,3.451927
44.57,3.452159
44.575,3.452392
44.58,3.452631
44.585,3.452889
44.59,3.453164
44.595,3.45345
44.6,3.453706
44.605,3.453898
44.61,3.454015
44.615,3.454065
44.62,3.454069
44.625,3.454052
44.63,3.454068
44.635,3.454145
44.64,3.454257
44.645,3.45437
44.65,3.454459
44.655,3.454514
44.66,3.454537
44.665,3.454537
44.67,3.454526
44.675,3.454513
44.68,3.454502
44.685,3.454495
44.69,3.454477
44.695,3.454406
44.7,3.454293
44.705,3.454151
44.71,3.453956
44.715,3.453695
44.72,3.453376
44.725,3.453042
44.73,3.452731
44.735,3.452448
44.74,3.452219
44.745,3.452048
44.75,3.451894
44.755,3.451732
44.76,3.451512
44.765,3.451218
44.77,3.450856
44.775,3.450429
44.78,3.449962
44.785,3.449485
44.79,3.449016
44.795,3.448579
44.8,3.448179
44.805,3.447811
44.81,3.447463
44.815,3.447128
44.82,3.446829
44.825,3.446554
44.83,3.446286
44.835,3.446016
44.84,3.445743
44.845,3.445472
44.85,3.445211
44.855,3.444958
44.86,3.444732
44.865,3.444516
44.87,3.444315
44.875,3.444127
44.88,3.443934
44.885,3.443748
44.89,3.443552
44.895,3.443353
44.9,3.443165
44.905,3.44297
44.91,3.442783
44.915,3.442629
44.92,3.442525
44.925,3.44247
44.93,3.442453
44.935,3.44246
44.94,3.442476
44.945,3.442492
44.95,3.442503
44.955,3.442508
44.96,3.442509
44.965,3.442507
44.97,3.442504
44.975,3.442501
44.98,3.442499
44.985,3.442517
44.99,3.44259
44.995,3.442707
45,3.442848
45.005,3.443039
45.01,3.443309
45.015,3.443652
45.02,3.444022
45.025,3.444387
45.03,3.444716
45.035,3.445013
45.04,3.445301
45.045,3.445614
45.05,3.445981
45.055,3.446403
45.06,3.446884
45.065,3.4474
45.07,3.447927
45.075,3.448428
45.08,3.448882
45.085,3.44929
45.09,3.449641
45.095,3.449951
45.1,3.450216
45.105,3.450461
45.11,3.450698
45.115,3.450943
45.12,3.451189
45.125,3.451442
45.13,3.451678
45.135,3.451896
45.14,3.452105
45.145,3.452289
45.15,3.452463
45.155,3.452641
45.16,3.452829
45.165,3.453038
45.17,3.453256
45.175,3.453489
45.18,3.453713
45.185,3.453937
45.19,3.454152
45.195,3.454331
45.2,3.454456
45.205,3.454526
45.21,3.454551
45.215,3.454547
45.22,3.45453
45.225,3.454512
45.23,3.454498
45.235,3.454491
45.24,3.454496
45.245,3.454551
45.25,3.454659
45.255,3.454788
45.26,3.454903
45.265,3.454984
45.27,3.455028
45.275,3.455042
45.28,3.455036
45.285,3.455018
45.29,3.454965
45.295,3.454862
45.3,3.454734
45.305,3.454616
45.31,3.454529
45.315,3.454479
45.32,3.454441
45.325,3.454367
45.33,3.454254
45.335,3.454076
45.34,3.453815
45.345,3.453517
45.35,3.453215
45.355,3.452929
45.36,3.452696
45.365,3.452539
45.37,3.452448
45.375,3.452364
45.38,3.452236
45.385,3.452045
45.39,3.45179
45.395,3.451471
45.4,3.451109
45.405,3.450724
45.41,3.45033
45.415,3.449929
45.42,3.44954
45.425,3.449169
45.43,3.44881
45.435,3.448472
45.44,3.448152
45.445,3.447856
45.45,3.447571
45.455,3.447287
45.46,3.447005
45.465,3.446749
45.47,3.446505
45.475,3.446288
45.48,3.446094
45.485,3.445903
45.49,3.445726
45.495,3.445544
45.5,3.445357
45.505,3.44518
45.51,3.444994
45.515,3.444809
45.52,3.444651
45.525,3.44454
45.53,3.444477
45.535,3.444455
45.54,3.444458
45.545,3.444473
45.55,3.444489
45.555,3.444501
45.56,3.444508
45.565,3.444509
45.57,3.444507
45.575,3.444504
45.58,3.444501
45.585,3.444509
45.59,3.444568
45.595,3.444677
45.6,3.444832
45.605,3.445032
45.61,3.445279
45.615,3.445573
45.62,3.445893
45.625,3.446198
45.63,3.446486
45.635,3.44675
45.64,3.447005
45.645,3.447261
45.65,3.447538
45.655,3.447865
45.66,3.44827
45.665,3.448725
45.67,3.449202
45.675,3.449675
45.68,3.45011
45.685,3.450512
45.69,3.450883
45.695,3.451218
45.7,3.451519
45.705,3.451773
45.71,3.452002
45.715,3.452205
45.72,3.452387
45.725,3.452572
45.73,3.452751
45.735,3.452941
45.74,3.453137
45.745,3.45333
45.75,3.453533
45.755,3.453729
45.76,3.453925
45.765,3.454124
45.77,3.454312
45.775,3.454508
45.78,3.454706
45.785,3.454922
45.79,3.455161
45.795,3.455426
45.8,3.455676
45.805,3.455873
45.81,3.455999
45.815,3.456089
45.82,3.456188
45.825,3.456294
45.83,3.45639
45.835,3.456463
45.84,3.456507
45.845,3.456525
45.85,3.456527
45.855,3.456519
45.86,3.456509
45.865,3.456501
45.87,3.456496
45.875,3.456495
45.88,3.456495
45.885,3.456497
45.89,3.456499
45.895,3.4565
45.9,3.456499
45.905,3.45646
45.91,3.456346
45.915,3.456128
45.92,3.455819
45.925,3.45546
45.93,3.455094
45.935,3.454783
45.94,3.454564
45.945,3.454414
45.95,3.45428
45.955,3.454111
45.96,3.453864
45.965,3.45354
45.97,3.453148
45.975,3.452724
45.98,3.452292
45.985,3.45186
45.99,3.451448
45.995,3.451048
46,3.450664
46.005,3.450307
46.01,3.449957
46.015,3.449612
46.02,3.449274
46.025,3.448945
46.03,3.448624
46.035,3.448322
46.04,3.448035
46.045,3.447776
46.05,3.447528
46.055,3.447302
46.06,3.447086
46.065,3.446876
46.07,3.446682
46.075,3.446485
46.08,3.446295
46.085,3.44611
46.09,3.445918
46.095,3.445739
46.1,3.445581
46.105,3.445417
46.11,3.445257
46.115,3.44512
46.12,3.444983
46.125,3.444834
46.13,3.444691
46.135,3.444579
46.14,3.444505
46.145,3.444469
46.15,3.444462
46.155,3.44447
46.16,3.444483
46.165,3.444496
46.17,3.444504
46.175,3.444507
46.18,3.444507
46.185,3.444506
46.19,3.444538
46.195,3.444626
46.2,3.444748
46.205,3.444868
46.21,3.444977
46.215,3.445108
46.22,3.445289
46.225,3.445521
46.23,3.4458
46.235,3.446089
46.24,3.446379
46.245,3.446646
46.25,3.446889
46.255,3.447128
46.26,3.447402
46.265,3.447752
46.27,3.448184
46.275,3.448694
46.28,3.449243
46.285,3.449802
46.29,3.450334
46.295,3.450823
46.3,3.451267
46.305,3.451651
46.31,3.451983
46.315,3.452262
46.32,3.452514
46.325,3.452742
46.33,3.452971
46.335,3.453195
46.34,3.45343
46.345,3.453662
46.35,3.4539
46.355,3.454132
46.36,3.454356
46.365,3.454579
46.37,3.454805
46.375,3.455038
46.38,3.455271
46.385,3.455513
46.39,3.455771
46.395,3.456034
46.4,3.456263
46.405,3.456429
46.41,3.456525
46.415,3.456563
46.42,3.456562
46.425,3.456557
46.43,3.456604
46.435,3.456701
46.44,3.456816
46.445,3.456918
46.45,3.456989
46.455,3.457027
46.46,3.457038
46.465,3.457032
46.47,3.457019
46.475,3.457007
46.48,3.456998
46.485,3.456994
46.49,3.456993
46.495,3.456992
46.5,3.456952
46.505,3.456857
46.51,3.456718
46.515,3.456531
46.52,3.456301
46.525,3.45604
46.53,3.455766
46.535,3.45549
46.54,3.455251
46.545,3.455063
46.55,3.454894
46.555,3.45474
46.56,3.454602
46.565,3.454423
46.57,3.454175
46.575,3.453854
46.58,3.453471
46.585,3.453057
46.59,3.452642
46.595,3.452237
46.6,3.451843
46.605,3.45147
46.61,3.451117
46.615,3.450777
46.62,3.45045
46.625,3.450131
46.63,3.449826
46.635,3.44953
46.64,3.449231
46.645,3.448946
46.65,3.448693
46.655,3.448458
46.66,3.448253
46.665,3.448065
46.67,3.447877
46.675,3.447705
46.68,3.447528
46.685,3.447347
46.69,3.447173
46.695,3.446989
46.7,3.446804
46.705,3.446648
46.71,3.446528
46.715,3.446407
46.72,3.446276
46.725,3.446154
46.73,3.446059
46.735,3.445999
46.74,3.445972
46.745,3.445967
46.75,3.445975
46.755,3.445987
46.76,3.445997
46.765,3.446004
46.77,3.446006
46.775,3.446006
46.78,3.446004
46.785,3.446031
46.79,3.446115
46.795,3.446236
46.8,3.446357
46.805,3.446469
46.81,3.4466
46.815,3.446769
46.82,3.446983
46.825,3.447241
46.83,3.447527
46.835,3.44783
46.84,3.448116
46.845,3.44836
46.85,3.448595
46.855,3.448858
46.86,3.44917
46.865,3.449559
46.87,3.450016
46.875,3.450523
46.88,3.451046
46.885,3.451543
46.89,3.451988
46.895,3.452383
46.9,3.45274
46.905,3.453055
46.91,3.453335
46.915,3.453589
46.92,3.453816
46.925,3.454038
46.93,3.454244
46.935,3.454455
46.94,3.454663
46.945,3.454877
46.95,3.455094
46.955,3.455308
46.96,3.455529
46.965,3.455744
46.97,3.455968
46.975,3.456204
46.98,3.456459
46.985,3.456723
46.99,3.456993
46.995,3.457231
47,3.457409
47.005,3.457516
47.01,3.457561
47.015,3.457585
47.02,3.457645
47.025,3.45774
47.03,3.457844
47.035,3.457933
47.04,3.457994
47.045,3.458025
47.05,3.458033
47.055,3.458027
47.06,3.458016
47.065,3.458005
47.07,3.457998
47.075,3.457994
47.08,3.457994
47.085,3.457996
47.09,3.457998
47.095,3.457999
47.1,3.458001
47.105,3.457995
47.11,3.457942
47.115,3.457806
47.12,3.457586
47.125,3.457297
47.13,3.456963
47.135,3.456615
47.14,3.456309
47.145,3.456088
47.15,3.455942
47.155,3.455818
47.16,3.455687
47.165,3.455488
47.17,3.455207
47.175,3.454855
47.18,3.454442
47.185,3.453997
47.19,3.453539
47.195,3.453092
47.2,3.452667
47.205,3.452265
47.21,3.451897
47.215,3.451551
47.22,3.451212
47.225,3.450899
47.23,3.450605
47.235,3.450313
47.24,3.450019
47.245,3.449718
47.25,3.44943
47.255,3.449159
47.26,3.448907
47.265,3.44869
47.27,3.448487
47.275,3.448297
47.28,3.448115
47.285,3.447924
47.29,3.447744
47.295,3.447579
47.3,3.447407
47.305,3.447243
47.31,3.447109
47.315,3.447009
47.32,3.446899
47.325,3.446775
47.33,3.446656
47.335,3.446562
47.34,3.446501
47.345,3.446472
47.35,3.446467
47.355,3.446474
47.36,3.446486
47.365,3.446497
47.37,3.446504
47.375,3.446532
47.38,3.446614
47.385,3.446733
47.39,3.446853
47.395,3.446956
47.4,3.447072
47.405,3.447239
47.41,3.447475
47.415,3.44778
47.42,3.448136
47.425,3.448489
47.43,3.448787
47.435,3.449041
47.44,3.449267
47.445,3.449524
47.45,3.44986
47.455,3.450296
47.46,3.450815
47.465,3.451362
47.47,3.451905
47.475,3.452402
47.48,3.452848
47.485,3.453254
47.49,3.453616
47.495,3.453943
47.5,3.454222
47.505,3.454475
47.51,3.4547
47.515,3.454916
47.52,3.455127
47.525,3.455339
47.53,3.455559
47.535,3.455776
47.54,3.456002
47.545,3.456231
47.55,3.456471
47.555,3.456716
47.56,3.45697
47.565,3.457216
47.57,3.457462
47.575,3.457694
47.58,3.457924
47.585,3.458147
47.59,3.458369
47.595,3.458592
47.6,3.458786
47.605,3.458929
47.61,3.459014
47.615,3.459059
47.62,3.459122
47.625,3.459216
47.63,3.459323
47.635,3.459417
47.64,3.459483
47.645,3.45952
47.65,3.459532
47.655,3.459528
47.66,3.459518
47.665,3.459507
47.67,3.459499
47.675,3.459495
47.68,3.459494
47.685,3.459495
47.69,3.459497
47.695,3.459499
47.7,3.4595
47.705,3.459501
47.71,3.459501
47.715,3.45949
47.72,3.459424
47.725,3.459266
47.73,3.459022
47.735,3.458714
47.74,3.458369
47.745,3.458027
47.75,3.457742
47.755,3.457543
47.76,3.457391
47.765,3.457237
47.77,3.457021
47.775,3.456726
47.78,3.456352
47.785,3.45591
47.79,3.455427
47.795,3.454931
47.8,3.454446
47.805,3.453983
47.81,3.453557
47.815,3.453166
47.82,3.452797
47.825,3.452461
47.83,3.452148
47.835,3.451868
47.84,3.451606
47.845,3.451335
47.85,3.45105
47.855,3.450753
47.86,3.450462
47.865,3.450179
47.87,3.449912
47.875,3.44966
47.88,3.449411
47.885,3.449148
47.89,3.448892
47.895,3.448673
47.9,3.448469
47.905,3.448284
47.91,3.448131
47.915,3.447986
47.92,3.447833
47.925,3.44769
47.93,3.447577
47.935,3.447505
47.94,3.44747
47.945,3.447462
47.95,3.447471
47.955,3.447484
47.96,3.447496
47.965,3.447506
47.97,3.44755
47.975,3.447647
47.98,3.447769
47.985,3.447884
47.99,3.447975
47.995,3.448075
48,3.448217
48.005,3.448441
48.01,3.448763
48.015,3.449152
48.02,3.44953
48.025,3.449858
48.03,3.450155
48.035,3.450462
48.04,3.450823
48.045,3.451268
48.05,3.451777
48.055,3.452329
48.06,3.452891
48.065,3.453424
48.07,3.453895
48.075,3.454295
48.08,3.454651
48.085,3.454973
48.09,3.455269
48.095,3.455545
48.1,3.455804
48.105,3.456054
48.11,3.4563
48.115,3.456548
48.12,3.456805
48.125,3.457061
48.13,3.457306
48.135,3.457546
48.14,3.45776
48.145,3.457964
48.15,3.458161
48.155,3.458349
48.16,3.458545
48.165,3.458744
48.17,3.458959
48.175,3.459176
48.18,3.459402
48.185,3.459627
48.19,3.459852
48.195,3.460079
48.2,3.460278
48.205,3.460425
48.21,3.460513
48.215,3.46055
48.22,3.460558
48.225,3.460594
48.23,3.460678
48.235,3.460788
48.24,3.460892
48.245,3.460971
48.25,3.461017
48.255,3.461035
48.26,3.461033
48.265,3.461022
48.27,3.46101
48.275,3.461
48.28,3.460995
48.285,3.460994
48.29,3.460994
48.295,3.460974
48.3,3.460897
48.305,3.460778
48.31,3.46062
48.315,3.460405
48.32,3.460136
48.325,3.45983
48.33,3.459518
48.335,3.459251
48.34,3.459038
48.345,3.458852
48.35,3.458667
48.355,3.45845
48.36,3.458167
48.365,3.457808
48.37,3.457389
48.375,3.456935
48.38,3.456467
48.385,3.456002
48.39,3.455539
48.395,3.455098
48.4,3.454684
48.405,3.454295
48.41,3.453926
48.415,3.453581
48.42,3.453261
48.425,3.45296
48.43,3.452666
48.435,3.452377
48.44,3.452086
48.445,3.451809
48.45,3.451538
48.455,3.451286
48.46,3.451039
48.465,3.450809
48.47,3.450583
48.475,3.450359
48.48,3.450122
48.485,3.449886
48.49,3.449655
48.495,3.449426
48.5,3.449218
48.505,3.449014
48.51,3.448818
48.515,3.448654
48.52,3.44854
48.525,3.448477
48.53,3.448454
48.535,3.448458
48.54,3.448473
48.545,3.44849
48.55,3.448502
48.555,3.448508
48.56,3.448509
48.565,3.448507
48.57,3.448504
48.575,3.448506
48.58,3.448553
48.585,3.448655
48.59,3.44878
48.595,3.448904
48.6,3.449046
48.605,3.449227
48.61,3.44948
48.615,3.449813
48.62,3.450199
48.625,3.450572
48.63,3.450921
48.635,3.451271
48.64,3.451647
48.645,3.452069
48.65,3.452551
48.655,3.453076
48.66,3.453609
48.665,3.454117
48.67,3.454587
48.675,3.45501
48.68,3.4554
48.685,3.455771
48.69,3.456115
48.695,3.456436
48.7,3.456719
48.705,3.456981
48.71,3.45724
48.715,3.457501
48.72,3.45775
48.725,3.457996
48.73,3.458219
48.735,3.458431
48.74,3.458637
48.745,3.458835
48.75,3.459041
48.755,3.45924
48.76,3.459444
48.765,3.459648
48.77,3.459855
48.775,3.46007
48.78,3.46029
48.785,3.460521
48.79,3.460755
48.795,3.460997
48.8,3.461219
48.805,3.46139
48.81,3.461502
48.815,3.4616
48.82,3.46171
48.825,3.461821
48.83,3.461917
48.835,3.462018
48.84,3.462145
48.845,3.462281
48.85,3.462397
48.855,3.462479
48.86,3.462523
48.865,3.462523
48.87,3.462467
48.875,3.462356
48.88,3.462223
48.885,3.462104
48.89,3.462019
48.895,3.461955
48.9,3.461867
48.905,3.461723
48.91,3.461514
48.915,3.461244
48.92,3.460933
48.925,3.460605
48.93,3.460314
48.935,3.460098
48.94,3.459944
48.945,3.459784
48.95,3.459552
48.955,3.459234
48.96,3.458833
48.965,3.45838
48.97,3.457904
48.975,3.457421
48.98,3.456964
48.985,3.456526
48.99,3.456114
48.995,3.455725
49,3.455342
49.005,3.454973
49.01,3.454623
49.015,3.454306
49.02,3.454007
49.025,3.453708
49.03,3.453406
49.035,3.4531
49.04,3.452819
49.045,3.452552
49.05,3.452313
49.055,3.452091
49.06,3.451878
49.065,3.45167
49.07,3.451456
49.075,3.451247
49.08,3.451028
49.085,3.450814
49.09,3.450598
49.095,3.450383
49.1,3.45019
49.105,3.450001
49.11,3.449816
49.115,3.449659
49.12,3.449547
49.125,3.449482
49.13,3.449458
49.135,3.449459
49.14,3.449473
49.145,3.449489
49.15,3.449501
49.155,3.449507
49.16,3.449509
49.165,3.449507
49.17,3.449504
49.175,3.449502
49.18,3.4495
49.185,3.449521
49.19,3.449601
49.195,3.44972
49.2,3.44985
49.205,3.450003
49.21,3.450197
49.215,3.450468
49.22,3.450803
49.225,3.451175
49.23,3.451532
49.235,3.451854
49.24,3.452146
49.245,3.45246
49.25,3.452843
49.255,3.453299
49.26,3.453813
49.265,3.454345
49.27,3.454877
49.275,3.455387
49.28,3.455881
49.285,3.456342
49.29,3.456762
49.295,3.457131
49.3,3.457458
49.305,3.457742
49.31,3.458004
49.315,3.458261
49.32,3.458518
49.325,3.458776
49.33,3.459033
49.335,3.459269
49.34,3.4595
49.345,3.459714
49.35,3.459926
49.355,3.460137
49.36,3.460354
49.365,3.460579
49.37,3.46081
49.375,3.46105
49.38,3.461307
49.385,3.46157
49.39,3.461841
49.395,3.462101
49.4,3.462315
49.405,3.462462
49.41,3.462563
49.415,3.462669
49.42,3.46278
49.425,3.462881
49.43,3.462965
49.435,3.46307
49.44,3.463199
49.445,3.463326
49.45,3.46343
49.455,3.463497
49.46,3.463524
49.465,3.463485
49.47,3.463379
49.475,3.463242
49.48,3.463116
49.485,3.463023
49.49,3.462967
49.495,3.4629
49.5,3.462777
49.505,3.462575
49.51,3.462295
49.515,3.461956
49.52,3.461601
49.525,3.461292
49.53,3.461072
49.535,3.460915
49.54,3.460737
49.545,3.460482
49.55,3.460125
49.555,3.459681
49.56,3.459186
49.565,3.458667
49.57,3.458167
49.575,3.457698
49.58,3.457261
49.585,3.456863
49.59,3.456491
49.595,3.456132
49.6,3.455774
49.605,3.455434
49.61,3.455109
49.615,3.45481
49.62,3.454523
49.625,3.454234
49.63,3.45395
49.635,3.453669
49.64,3.453403
49.645,3.453149
49.65,3.452908
49.655,3.45269
49.66,3.452476
49.665,3.452275
49.67,3.452071
49.675,3.451867
49.68,3.451667
49.685,3.451458
49.69,3.451263
49.695,3.451103
49.7,3.450949
49.705,3.450794
49.71,3.450658
49.715,3.450552
49.72,3.450446
49.725,3.45032
49.73,3.450193
49.735,3.450086
49.74,3.450014
49.745,3.449976
49.75,3.449965
49.755,3.44997
49.76,3.449982
49.765,3.449994
49.77,3.450003
49.775,3.450032
49.78,3.450115
49.785,3.450233
49.79,3.450354
49.795,3.450449
49.8,3.450529
49.805,3.450633
49.81,3.450791
49.815,3.45103
49.82,3.451358
49.825,3.451737
49.83,3.452097
49.835,3.452415
49.84,3.452707
49.845,3.453017
49.85,3.453371
49.855,3.453792
49.86,3.454269
49.865,3.454793
49.87,3.455347
49.875,3.455903
49.88,3.456444
49.885,3.456948
49.89,3.457393
49.895,3.457771
49.9,3.458098
49.905,3.458398
49.91,3.458678
49.915,3.458952
49.92,3.459206
49.925,3.459452
49.93,3.459681
49.935,3.459904
49.94,3.460123
49.945,3.460346
49.95,3.460573
49.955,3.4608
49.96,3.461032
49.965,3.46127
49.97,3.461515
49.975,3.461761
49.98,3.46201
49.985,3.462254
49.99,3.462502
49.995,3.462724
50,3.462894
50.005,3.463
50.01,3.463069
50.015,3.463153
50.02,3.463257
50.025,3.46336
50.03,3.463443
50.035,3.463498
50.04,3.463527
50.045,3.463576
50.05,3.463668
50.055,3.463781
50.06,3.463879
50.065,3.463947
50.07,3.463953
50.075,3.463882
50.08,3.463765
50.085,3.463643
50.09,3.463545
50.095,3.463483
50.1,3.46342
50.105,3.463319
50.11,3.463153
50.115,3.462922
50.12,3.462638
50.125,3.46233
50.13,3.462021
50.135,3.461756
50.14,3.461563
50.145,3.461402
50.15,3.461216
50.155,3.460957
50.16,3.46062
50.165,3.460197
50.17,3.459712
50.175,3.459198
50.18,3.458693
50.185,3.458215
50.19,3.457772
50.195,3.457368
50.2,3.456989
50.205,3.456629
50.21,3.45629
50.215,3.455969
50.22,3.455655
50.225,3.455342
50.23,3.455034
50.235,3.454747
50.24,3.454478
50.245,3.454235
50.25,3.454
50.255,3.453781
50.26,3.45356
50.265,3.453346
50.27,3.453135
50.275,3.452921
50.28,3.452721
50.285,3.452516
50.29,3.452317
50.295,3.452151
50.3,3.452036
50.305,3.451958
50.31,3.451866
50.315,3.451756
50.32,3.451647
50.325,3.451559
50.33,3.451501
50.335,3.451436
50.34,3.451336
50.345,3.451219
50.35,3.451111
50.355,3.451031
50.36,3.450984
50.365,3.450981
50.37,3.451052
50.375,3.451177
50.38,3.451314
50.385,3.451428
50.39,3.451504
50.395,3.45154
50.4,3.451563
50.405,3.451626
50.41,3.451754
50.415,3.451959
50.42,3.45225
50.425,3.452616
50.43,3.452985
50.435,3.453316
50.44,3.453624
50.445,3.453935
50.45,3.454277
50.455,3.454685
50.46,3.455161
50.465,3.455698
50.47,3.45627
50.475,3.456846
50.48,3.457395
50.485,3.457899
50.49,3.458345
50.495,3.45873
50.5,3.459058
50.505,3.45935
50.51,3.459618
50.515,3.459884
50.52,3.460143
50.525,3.460406
50.53,3.460658
50.535,3.460908
50.54,3.46115
50.545,3.461394
50.55,3.461632
50.555,3.46187
50.56,3.462104
50.565,3.462332
50.57,3.46256
50.575,3.462786
50.58,3.463018
50.585,3.463238
50.59,3.46346
50.595,3.463671
50.6,3.463845
50.605,3.463965
50.61,3.46403
50.615,3.464053
50.62,3.464087
50.625,3.464165
50.63,3.464272
50.635,3.464377
50.64,3.464459
50.645,3.46451
50.65,3.464532
50.655,3.464533
50.66,3.464524
50.665,3.464512
50.67,3.464502
50.675,3.464496
50.68,3.464494
50.685,3.464494
50.69,3.464496
50.695,3.464484
50.7,3.464416
50.705,3.464301
50.71,3.464143
50.715,3.463927
50.72,3.463656
50.725,3.463352
50.73,3.463039
50.735,3.462769
50.74,3.462569
50.745,3.462406
50.75,3.462234
50.755,3.46202
50.76,3.461735
50.765,3.461365
50.77,3.460927
50.775,3.460441
50.78,3.459934
50.785,3.459433
50.79,3.458942
50.795,3.458486
50.8,3.458059
50.805,3.457658
50.81,3.457285
50.815,3.456952
50.82,3.45665
50.825,3.456363
50.83,3.456076
50.835,3.455788
50.84,3.455503
50.845,3.455228
50.85,3.454964
50.855,3.454724
50.86,3.454492
50.865,3.454278
50.87,3.454067
50.875,3.45386
50.88,3.453654
50.885,3.45344
50.89,3.453233
50.895,3.453017
50.9,3.45281
50.905,3.45264
50.91,3.452526
50.915,3.452445
50.92,3.45235
50.925,3.452239
50.93,3.452134
50.935,3.452051
50.94,3.451998
50.945,3.451974
50.95,3.45197
50.955,3.451977
50.96,3.451988
50.965,3.452014
50.97,3.452088
50.975,3.452202
50.98,3.452325
50.985,3.452429
50.99,3.452498
50.995,3.452533
51,3.452576
51.005,3.452666
51.01,3.452834
51.015,3.453093
51.02,3.45344
51.025,3.453823
51.03,3.454165
51.035,3.45444
51.04,3.454696
51.045,3.454988
51.05,3.455361
51.055,3.455829
51.06,3.456362
51.065,3.456922
51.07,3.457473
51.075,3.458003
51.08,3.458497
51.085,3.458962
51.09,3.459385
51.095,3.459764
51.1,3.460094
51.105,3.460392
51.11,3.460668
51.115,3.460939
51.12,3.461214
51.125,3.461493
51.13,3.461777
51.135,3.462052
51.14,3.462309
51.145,3.462555
51.15,3.462776
51.155,3.462995
51.16,3.463201
51.165,3.463405
51.17,3.463611
51.175,3.463816
51.18,3.464031
51.185,3.46424
51.19,3.464457
51.195,3.464668
51.2,3.464843
51.205,3.464964
51.21,3.46503
51.215,3.465052
51.22,3.465047
51.225,3.465057
51.23,3.465123
51.235,3.465231
51.24,3.465347
51.245,3.465442
51.25,3.465504
51.255,3.465533
51.26,3.465538
51.265,3.465529
51.27,3.465515
51.275,3.465504
51.28,3.465496
51.285,3.465493
51.29,3.465494
51.295,3.465496
51.3,3.465498
51.305,3.4655
51.31,3.465491
51.315,3.46543
51.32,3.465316
51.325,3.465141
51.33,3.46489
51.335,3.464584
51.34,3.464246
51.345,3.463925
51.35,3.463671
51.355,3.463488
51.36,3.463327
51.365,3.463136
51.37,3.462895
51.375,3.462573
51.38,3.462169
51.385,3.461704
51.39,3.461199
51.395,3.46069
51.4,3.46019
51.405,3.459716
51.41,3.459273
51.415,3.458855
51.42,3.458465
51.425,3.458103
51.43,3.457762
51.435,3.457439
51.44,3.457125
51.445,3.456839
51.45,3.456569
51.455,3.456323
51.46,3.456086
51.465,3.455859
51.47,3.455636
51.475,3.455412
51.48,3.455199
51.485,3.454981
51.49,3.454778
51.495,3.454584
51.5,3.45439
51.505,3.454215
51.51,3.454067
51.515,3.453913
51.52,3.45376
51.525,3.453629
51.53,3.453536
51.535,3.453483
51.54,3.453463
51.545,3.453465
51.55,3.453477
51.555,3.453491
51.56,3.453501
51.565,3.453506
51.57,3.453507
51.575,3.45353
51.58,3.453608
51.585,3.453725
51.59,3.453846
51.595,3.453944
51.6,3.454017
51.605,3.454108
51.61,3.454261
51.615,3.454509
51.62,3.454833
51.625,3.455203
51.63,3.455555
51.635,3.455855
51.64,3.456112
51.645,3.456344
51.65,3.456619
51.655,3.456969
51.66,3.457396
51.665,3.457885
51.67,3.458402
51.675,3.458932
51.68,3.459432
51.685,3.459895
51.69,3.46032
51.695,3.460705
51.7,3.46105
51.705,3.461367
51.71,3.461672
51.715,3.461969
51.72,3.462245
51.725,3.462509
51.73,3.462743
51.735,3.462964
51.74,3.463171
51.745,3.463355
51.75,3.463541
51.755,3.46372
51.76,3.463898
51.765,3.464087
51.77,3.464267
51.775,3.464451
51.78,3.464641
51.785,3.464833
51.79,3.465039
51.795,3.465234
51.8,3.465389
51.805,3.465491
51.81,3.46554
51.815,3.465552
51.82,3.465541
51.825,3.465523
51.83,3.465506
51.835,3.465495
51.84,3.465514
51.845,3.465595
51.85,3.465717
51.855,3.465843
51.86,3.465945
51.865,3.466009
51.87,3.466038
51.875,3.466041
51.88,3.46603
51.885,3.466015
51.89,3.466003
51.895,3.465995
51.9,3.465992
51.905,3.465992
51.91,3.465964
51.915,3.465879
51.92,3.465757
51.925,3.465603
51.93,3.465419
51.935,3.465223
51.94,3.465008
51.945,3.464785
51.95,3.464547
51.955,3.464319
51.96,3.46412
51.965,3.463927
51.97,3.46375
51.975,3.463583
51.98,3.46338
51.985,3.463122
51.99,3.462797
51.995,3.462402
52,3.461955
52.005,3.46147
52.01,3.460973
52.015,3.460492
52.02,3.460035
52.025,3.459611
52.03,3.459222
52.035,3.458875
52.04,3.458556
52.045,3.45825
52.05,3.457961
52.055,3.457692
52.06,3.457438
52.065,3.457211
52.07,3.456992
52.075,3.45679
52.08,3.456599
52.085,3.456404
52.09,3.456225
52.095,3.456049
52.1,3.455868
52.105,3.455703
52.11,3.455574
52.115,3.45545
52.12,3.455315
52.125,3.455185
52.13,3.45508
52.135,3.45501
52.14,3.454974
52.145,3.454965
52.15,3.454972
52.155,3.454984
52.16,3.454995
52.165,3.455003
52.17,3.455006
52.175,3.455007
52.18,3.455029
52.185,3.455109
52.19,3.455227
52.195,3.455348
52.2,3.455447
52.205,3.455541
52.21,3.455667
52.215,3.455853
52.22,3.4561
52.225,3.456402
52.23,3.456743
52.235,3.45707
52.24,3.45733
52.245,3.457527
52.25,3.457704
52.255,3.457904
52.26,3.458175
52.265,3.458552
52.27,3.459017
52.275,3.459541
52.28,3.460079
52.285,3.460593
52.29,3.461072
52.295,3.461494
52.3,3.461865
52.305,3.462207
52.31,3.462518
52.315,3.462796
52.32,3.463052
52.325,3.463271
52.33,3.463472
52.335,3.463664
52.34,3.463828
52.345,3.463986
52.35,3.46415
52.355,3.464302
52.36,3.464442
52.365,3.464596
52.37,3.464752
52.375,3.464912
52.38,3.46509
52.385,3.465262
52.39,3.465423
52.395,3.465593
52.4,3.465757
52.405,3.465891
52.41,3.465981
52.415,3.466028
52.42,3.466042
52.425,3.466036
52.43,3.466021
52.435,3.466007
52.44,3.465997
52.445,3.465995
52.45,3.466034
52.455,3.466132
52.46,3.466258
52.465,3.466379
52.47,3.466469
52.475,3.466521
52.48,3.466541
52.485,3.466538
52.49,3.466507
52.495,3.466417
52.5,3.466289
52.505,3.466159
52.51,3.466055
52.515,3.46599
52.52,3.465961
52.525,3.465946
52.53,3.465891
52.535,3.465791
52.54,3.465636
52.545,3.465412
52.55,3.465133
52.555,3.464846
52.56,3.464563
52.565,3.46431
52.57,3.464119
52.575,3.463999
52.58,3.463939
52.585,3.463872
52.59,3.463728
52.595,3.46349
52.6,3.463161
52.605,3.462755
52.61,3.462309
52.615,3.461842
52.62,3.461359
52.625,3.460878
52.63,3.460419
52.635,3.459981
52.64,3.459579
52.645,3.459219
52.65,3.458908
52.655,3.45866
52.66,3.458444
52.665,3.458254
52.67,3.458064
52.675,3.45787
52.68,3.457697
52.685,3.457546
52.69,3.457388
52.695,3.457236
52.7,3.457107
52.705,3.456976
52.71,3.45683
52.715,3.45669
52.72,3.456579
52.725,3.456506
52.73,3.45647
52.735,3.456447
52.74,3.456384
52.745,3.456283
52.75,3.45617
52.755,3.456073
52.76,3.456007
52.765,3.455982
52.77,3.456007
52.775,3.456077
52.78,3.456188
52.785,3.45631
52.79,3.456415
52.795,3.456488
52.8,3.456527
52.805,3.456538
52.81,3.456546
52.815,3.456603
52.82,3.45673
52.825,3.45693
52.83,3.457179
52.835,3.45749
52.84,3.457836
52.845,3.458153
52.85,3.45839
52.855,3.458559
52.86,3.458716
52.865,3.45891
52.87,3.459176
52.875,3.45954
52.88,3.459993
52.885,3.460519
52.89,3.461093
52.895,3.461667
52.9,3.462199
52.905,3.462666
52.91,3.463054
52.915,3.46337
52.92,3.463631
52.925,3.463832
52.93,3.464005
52.935,3.464171
52.94,3.464317
52.945,3.464445
52.95,3.464587
52.955,3.464736
52.96,3.464887
52.965,3.465059
52.97,3.465234
52.975,3.465417
52.98,3.465612
52.985,3.465798
52.99,3.465994
52.995,3.466188
53,3.466354
53.005,3.466516
53.01,3.46668
53.015,3.466827
53.02,3.466937
53.025,3.467005
53.03,3.467035
53.035,3.467038
53.04,3.467028
53.045,3.467014
53.05,3.467028
53.055,3.467103
53.06,3.467221
53.065,3.467344
53.07,3.467444
53.075,3.467508
53.08,3.467537
53.085,3.46754
53.09,3.46753
53.095,3.467515
53.1,3.467498
53.105,3.46744
53.11,3.467334
53.115,3.467209
53.12,3.467097
53.125,3.467013
53.13,3.466922
53.135,3.466806
53.14,3.466665
53.145,3.46648
53.15,3.466242
53.155,3.465961
53.16,3.46565
53.165,3.46536
53.17,3.465135
53.175,3.464993
53.18,3.464897
53.185,3.464776
53.19,3.464588
53.195,3.464326
53.2,3.463985
53.205,3.463588
53.21,3.463145
53.215,3.462671
53.22,3.462186
53.225,3.461695
53.23,3.461219
53.235,3.46077
53.24,3.460339
53.245,3.459944
53.25,3.459586
53.255,3.459262
53.26,3.458969
53.265,3.45871
53.27,3.458468
53.275,3.458257
53.28,3.458072
53.285,3.457889
53.29,3.457724
53.295,3.457594
53.3,3.457496
53.305,3.457385
53.31,3.457261
53.315,3.457144
53.32,3.457053
53.325,3.456997
53.33,3.45697
53.335,3.456932
53.34,3.45685
53.345,3.456739
53.35,3.456629
53.355,3.456549
53.36,3.456544
53.365,3.45662
53.37,3.456742
53.375,3.456866
53.38,3.456962
53.385,3.45702
53.39,3.457044
53.395,3.457042
53.4,3.457032
53.405,3.457058
53.41,3.457152
53.415,3.457337
53.42,3.457616
53.425,3.457948
53.43,3.458299
53.435,3.45862
53.44,3.458882
53.445,3.459105
53.45,3.459309
53.455,3.459551
53.46,3.459874
53.465,3.460287
53.47,3.460794
53.475,3.461365
53.48,3.461953
53.485,3.462523
53.49,3.463016
53.495,3.463424
53.5,3.463754
53.505,3.464034
53.51,3.464258
53.515,3.464447
53.52,3.464626
53.525,3.464787
53.53,3.464941
53.535,3.465107
53.54,3.465269
53.545,3.465432
53.55,3.465609
53.555,3.465783
53.56,3.465968
53.565,3.466158
53.57,3.466344
53.575,3.466541
53.58,3.466732
53.585,3.466929
53.59,3.467129
53.595,3.467316
53.6,3.467509
53.605,3.467697
53.61,3.467855
53.615,3.467965
53.62,3.468025
53.625,3.468046
53.63,3.468042
53.635,3.468026
53.64,3.468021
53.645,3.468073
53.65,3.468178
53.655,3.468302
53.66,3.468412
53.665,3.468489
53.67,3.46853
53.675,3.468541
53.68,3.468535
53.685,3.468521
53.69,3.468491
53.695,3.46841
53.7,3.46829
53.705,3.468165
53.71,3.468063
53.715,3.467992
53.72,3.467913
53.725,3.467792
53.73,3.467609
53.735,3.467385
53.74,3.46713
53.745,3.466876
53.75,3.466632
53.755,3.4664
53.76,3.466201
53.765,3.466018
53.77,3.465817
53.775,3.465571
53.78,3.465268
53.785,3.464907
53.79,3.464509
53.795,3.464079
53.8,3.463647
53.805,3.463212
53.81,3.462779
53.815,3.46235
53.82,3.46192
53.825,3.461494
53.83,3.46108
53.835,3.460686
53.84,3.460338
53.845,3.460027
53.85,3.459733
53.855,3.459453
53.86,3.459177
53.865,3.458915
53.87,3.458673
53.875,3.458441
53.88,3.458238
53.885,3.458072
53.89,3.45791
53.895,3.457754
53.9,3.457624
53.905,3.457533
53.91,3.457468
53.915,3.45738
53.92,3.457268
53.925,3.457155
53.93,3.457063
53.935,3.457002
53.94,3.456973
53.945,3.456967
53.95,3.456974
53.955,3.456986
53.96,3.456996
53.965,3.45701
53.97,3.457068
53.975,3.457174
53.98,3.457298
53.985,3.457408
53.99,3.457486
53.995,3.457527
54,3.457551
54.005,3.457611
54.01,3.457746
54.015,3.457973
54.02,3.458279
54.025,3.458633
54.03,3.458985
54.035,3.459278
54.04,3.459516
54.045,3.45972
54.05,3.459943
54.055,3.460242
54.06,3.460651
54.065,3.461186
54.07,3.461809
54.075,3.462462
54.08,3.463083
54.085,3.463626
54.09,3.464063
54.095,3.464399
54.1,3.464661
54.105,3.464883
54.11,3.465091
54.115,3.465276
54.12,3.465458
54.125,3.465643
54.13,3.465829
54.135,3.466031
54.14,3.466231
54.145,3.466441
54.15,3.46665
54.155,3.466856
54.16,3.467068
54.165,3.46727
54.17,3.467478
54.175,3.467681
54.18,3.467889
54.185,3.468102
54.19,3.468316
54.195,3.46854
54.2,3.468744
54.205,3.468901
54.21,3.469
54.215,3.469046
54.22,3.469054
54.225,3.469054
54.23,3.469101
54.235,3.469197
54.24,3.469312
54.245,3.469414
54.25,3.469487
54.255,3.469526
54.26,3.469538
54.265,3.469532
54.27,3.46952
54.275,3.469507
54.28,3.469498
54.285,3.469494
54.29,3.469493
54.295,3.469495
54.3,3.469497
54.305,3.469489
54.31,3.46943
54.315,3.46932
54.32,3.469178
54.325,3.468993
54.33,3.468763
54.335,3.468491
54.34,3.468186
54.345,3.467894
54.35,3.467653
54.355,3.467445
54.36,3.467253
54.365,3.467046
54.37,3.466796
54.375,3.466492
54.38,3.466126
54.385,3.465717
54.39,3.46527
54.395,3.464805
54.4,3.464341
54.405,3.463889
54.41,3.463472
54.415,3.463083
54.42,3.462711
54.425,3.462367
54.43,3.462031
54.435,3.46169
54.44,3.461354
54.445,3.461032
54.45,3.46073
54.455,3.460448
54.46,3.460175
54.465,3.459909
54.47,3.459641
54.475,3.45938
54.48,3.459118
54.485,3.45887
54.49,3.458645
54.495,3.458427
54.5,3.458236
54.505,3.458091
54.51,3.458001
54.515,3.45796
54.52,3.457953
54.525,3.457964
54.53,3.457982
54.535,3.457997
54.54,3.458006
54.545,3.458009
54.55,3.458009
54.555,3.458006
54.56,3.458003
54.565,3.458
54.57,3.457999
54.575,3.457999
54.58,3.458018
54.585,3.458095
54.59,3.458213
54.595,3.458337
54.6,3.458457
54.605,3.458603
54.61,3.458811
54.615,3.459102
54.62,3.45946
54.625,3.459841
54.63,3.460179
54.635,3.460468
54.64,3.460719
54.645,3.460985
54.65,3.461317
54.655,3.461749
54.66,3.462283
54.665,3.46287
54.67,3.46345
54.675,3.463978
54.68,3.464435
54.685,3.46483
54.69,3.465152
54.695,3.465419
54.7,3.465647
54.705,3.465846
54.71,3.466044
54.715,3.466235
54.72,3.466436
54.725,3.466641
54.73,3.466844
54.735,3.467055
54.74,3.467254
54.745,3.467451
54.75,3.467648
54.755,3.467828
54.76,3.468012
54.765,3.468194
54.77,3.468364
54.775,3.468544
54.78,3.468739
54.785,3.468961
54.79,3.469188
54.795,3.469425
54.8,3.469653
54.805,3.469841
54.81,3.469969
54.815,3.470037
54.82,3.470058
54.825,3.47005
54.83,3.470042
54.835,3.470086
54.84,3.470185
54.845,3.470303
54.85,3.47041
54.855,3.470486
54.86,3.470527
54.865,3.470539
54.87,3.470534
54.875,3.470521
54.88,3.470508
54.885,3.470498
54.89,3.470494
54.895,3.470477
54.9,3.470407
54.905,3.470294
54.91,3.470171
54.915,3.470044
54.92,3.469891
54.925,3.469696
54.93,3.469445
54.935,3.469149
54.94,3.46886
54.945,3.468591
54.95,3.468348
54.955,3.468145
54.96,3.467952
54.965,3.467745
54.97,3.467482
54.975,3.467154
54.98,3.466768
54.985,3.466333
54.99,3.465872
54.995,3.465407
55,3.464941
55.005,3.464505
55.01,3.464095
55.015,3.463704
55.02,3.46334
55.025,3.462999
55.03,3.462668
55.035,3.462341
55.04,3.462025
55.045,3.461722
55.05,3.46143
55.055,3.461138
55.06,3.460847
55.065,3.460553
55.07,3.46026
55.075,3.459976
55.08,3.459712
55.085,3.45946
55.09,3.459242
55.095,3.459042
55.1,3.458851
55.105,3.458686
55.11,3.458565
55.115,3.458492
55.12,3.458461
55.125,3.458459
55.13,3.458471
55.135,3.458486
55.14,3.458499
55.145,3.458506
55.15,3.458508
55.155,3.458507
55.16,3.458505
55.165,3.458502
55.17,3.4585
55.175,3.458505
55.18,3.458557
55.185,3.458663
55.19,3.458789
55.195,3.458936
55.2,3.459118
55.205,3.459366
55.21,3.459687
55.215,3.460052
55.22,3.46042
55.225,3.46074
55.23,3.46102
55.235,3.461297
55.24,3.461612
55.245,3.462001
55.25,3.462487
55.255,3.463034
55.26,3.463603
55.265,3.464152
55.27,3.464644
55.275,3.465078
55.28,3.465454
55.285,3.465776
55.29,3.466057
55.295,3.466296
55.3,3.466522
55.305,3.466761
55.31,3.467012
55.315,3.467249
55.32,3.467483
55.325,3.467698
55.33,3.467885
55.335,3.468068
55.34,3.468241
55.345,3.468403
55.35,3.468577
55.355,3.468749
55.36,3.468927
55.365,3.469117
55.37,3.4693
55.375,3.469492
55.38,3.469684
55.385,3.469873
55.39,3.470071
55.395,3.470256
55.4,3.470401
55.405,3.470494
55.41,3.470539
55.415,3.470548
55.42,3.470538
55.425,3.470521
55.43,3.470523
55.435,3.470587
55.44,3.470699
55.445,3.470824
55.45,3.470929
55.455,3.471
55.46,3.471034
55.465,3.471041
55.47,3.471032
55.475,3.471018
55.48,3.471005
55.485,3.470996
55.49,3.470993
55.495,3.470993
55.5,3.470991
55.505,3.470945
55.51,3.470846
55.515,3.470722
55.52,3.470597
55.525,3.470451
55.53,3.470256
55.535,3.47002
55.54,3.469758
55.545,3.469486
55.55,3.469241
55.555,3.469011
55.56,3.468802
55.565,3.46861
55.57,3.468413
55.575,3.468184
55.58,3.467895
55.585,3.467538
55.59,3.467133
55.595,3.466688
55.6,3.466231
55.605,3.465772
55.61,3.465317
55.615,3.464876
55.62,3.464447
55.625,3.464053
55.63,3.4637
55.635,3.463359
55.64,3.463032
55.645,3.46272
55.65,3.462431
55.655,3.46216
55.66,3.461905
55.665,3.461655
55.67,3.461406
55.675,3.461147
55.68,3.460892
55.685,3.460639
55.69,3.460396
55.695,3.460172
55.7,3.459951
55.705,3.459754
55.71,3.459602
55.715,3.459505
55.72,3.45946
55.725,3.459451
55.73,3.459462
55.735,3.45948
55.74,3.459496
55.745,3.459506
55.75,3.45951
55.755,3.459509
55.76,3.459506
55.765,3.459503
55.77,3.4595
55.775,3.459499
55.78,3.459512
55.785,3.459581
55.79,3.459695
55.795,3.459824
55.8,3.459976
55.805,3.460168
55.81,3.460436
55.815,3.460766
55.82,3.461128
55.825,3.46148
55.83,3.461786
55.835,3.462056
55.84,3.462311
55.845,3.462615
55.85,3.462991
55.855,3.463437
55.86,3.463939
55.865,3.464463
55.87,3.464984
55.875,3.465472
55.88,3.465917
55.885,3.466319
55.89,3.466661
55.895,3.466957
55.9,3.467214
55.905,3.467456
55.91,3.467679
55.915,3.46789
55.92,3.468099
55.925,3.468294
55.93,3.468493
55.935,3.468687
55.94,3.468866
55.945,3.469051
55.95,3.469229
55.955,3.469383
55.96,3.46954
55.965,3.469701
55.97,3.469867
55.975,3.470053
55.98,3.470246
55.985,3.470458
55.99,3.470677
55.995,3.470912
56,3.471142
56.005,3.471333
56.01,3.471465
56.015,3.471536
56.02,3.471558
56.025,3.471554
56.03,3.471575
56.035,3.471651
56.04,3.471761
56.045,3.471872
56.05,3.471959
56.055,3.472012
56.06,3.472035
56.065,3.472036
56.07,3.472026
56.075,3.472012
56.08,3.472002
56.085,3.471995
56.09,3.471993
56.095,3.471985
56.1,3.471927
56.105,3.47182
56.11,3.471696
56.115,3.471566
56.12,3.471411
56.125,3.471212
56.13,3.470964
56.135,3.470674
56.14,3.470389
56.145,3.470141
56.15,3.469916
56.155,3.469719
56.16,3.469525
56.165,3.469325
56.17,3.469085
56.175,3.468778
56.18,3.468401
56.185,3.467965
56.19,3.467493
56.195,3.467022
56.2,3.46656
56.205,3.466124
56.21,3.4657
56.215,3.465284
56.22,3.464893
56.225,3.464517
56.23,3.464154
56.235,3.463816
56.24,3.463506
56.245,3.463238
56.25,3.462991
56.255,3.462737
56.26,3.462464
56.265,3.462163
56.27,3.461839
56.275,3.461509
56.28,3.461181
56.285,3.460884
56.29,3.460646
56.295,3.46044
56.3,3.460261
56.305,3.460121
56.31,3.460028
56.315,3.459979
56.32,3.459963
56.325,3.459968
56.33,3.45998
56.335,3.459994
56.34,3.460003
56.345,3.460007
56.35,3.460007
56.355,3.460006
56.36,3.460003
56.365,3.460001
56.37,3.459999
56.375,3.459999
56.38,3.46002
56.385,3.460099
56.39,3.46022
56.395,3.460381
56.4,3.460594
56.405,3.460884
56.41,3.461233
56.415,3.461582
56.42,3.461912
56.425,3.462212
56.43,3.462506
56.435,3.462836
56.44,3.463218
56.445,3.463663
56.45,3.464169
56.455,3.464697
56.46,3.465233
56.465,3.465747
56.47,3.466225
56.475,3.466667
56.48,3.467052
56.485,3.467386
56.49,3.46767
56.495,3.467928
56.5,3.468162
56.505,3.46839
56.51,3.468613
56.515,3.468821
56.52,3.46903
56.525,3.469225
56.53,3.469387
56.535,3.469545
56.54,3.469703
56.545,3.469856
56.55,3.470026
56.555,3.470202
56.56,3.470373
56.565,3.470557
56.57,3.470751
56.575,3.470968
56.58,3.471189
56.585,3.471421
56.59,3.471648
56.595,3.471863
56.6,3.472077
56.605,3.472268
56.61,3.472412
56.615,3.472502
56.62,3.472542
56.625,3.472549
56.63,3.472536
56.635,3.472545
56.64,3.472614
56.645,3.472725
56.65,3.472844
56.655,3.472942
56.66,3.473005
56.665,3.473035
56.67,3.473039
56.675,3.47303
56.68,3.473015
56.685,3.472971
56.69,3.472874
56.695,3.472749
56.7,3.472629
56.705,3.472537
56.71,3.472477
56.715,3.472403
56.72,3.472285
56.725,3.472103
56.73,3.471852
56.735,3.471557
56.74,3.471236
56.745,3.470929
56.75,3.470682
56.755,3.470491
56.76,3.470308
56.765,3.470081
56.77,3.469787
56.775,3.469433
56.78,3.469023
56.785,3.468576
56.79,3.468097
56.795,3.467608
56.8,3.467118
56.805,3.466651
56.81,3.466209
56.815,3.465787
56.82,3.465398
56.825,3.465014
56.83,3.464639
56.835,3.464277
56.84,3.463942
56.845,3.463628
56.85,3.463331
56.855,3.463042
56.86,3.462757
56.865,3.462477
56.87,3.462197
56.875,3.461929
56.88,3.461674
56.885,3.46143
56.89,3.461212
56.895,3.460998
56.9,3.460799
56.905,3.460637
56.91,3.460528
56.915,3.460471
56.92,3.460453
56.925,3.460459
56.93,3.460475
56.935,3.460492
56.94,3.460503
56.945,3.460509
56.95,3.460509
56.955,3.460507
56.96,3.460504
56.965,3.460501
56.97,3.460499
56.975,3.4605
56.98,3.460539
56.985,3.460634
56.99,3.460759
56.995,3.460904
57,3.461087
57.005,3.461329
57.01,3.46164
57.015,3.461983
57.02,3.462332
57.025,3.462649
57.03,3.462941
57.035,3.463249
57.04,3.463604
57.045,3.46404
57.05,3.464542
57.055,3.465093
57.06,3.465664
57.065,3.466228
57.07,3.466762
57.075,3.467249
57.08,3.467682
57.085,3.468051
57.09,3.468367
57.095,3.46864
57.1,3.468895
57.105,3.469136
57.11,3.46938
57.115,3.469616
57.12,3.469829
57.125,3.470038
57.13,3.470231
57.135,3.47041
57.14,3.470595
57.145,3.470782
57.15,3.470988
57.155,3.471199
57.16,3.471425
57.165,3.471648
57.17,3.471859
57.175,3.472069
57.18,3.472267
57.185,3.472471
57.19,3.472678
57.195,3.472905
57.2,3.473132
57.205,3.473324
57.21,3.473458
57.215,3.473532
57.22,3.473558
57.225,3.473552
57.23,3.473533
57.235,3.47353
57.24,3.473588
57.245,3.473696
57.25,3.473819
57.255,3.473925
57.26,3.473997
57.265,3.474033
57.27,3.474041
57.275,3.474033
57.28,3.474019
57.285,3.474006
57.29,3.473997
57.295,3.473993
57.3,3.473992
57.305,3.47396
57.31,3.473871
57.315,3.47375
57.32,3.473626
57.325,3.473481
57.33,3.473313
57.335,3.473107
57.34,3.472868
57.345,3.472598
57.35,3.472337
57.355,3.472089
57.36,3.471855
57.365,3.471614
57.37,3.471333
57.375,3.470998
57.38,3.4706
57.385,3.470143
57.39,3.469651
57.395,3.469139
57.4,3.468629
57.405,3.468121
57.41,3.467634
57.415,3.467166
57.42,3.466722
57.425,3.466305
57.43,3.465915
57.435,3.465544
57.44,3.465185
57.445,3.464844
57.45,3.464525
57.455,3.464233
57.46,3.46396
57.465,3.463693
57.47,3.463434
57.475,3.463181
57.48,3.462935
57.485,3.462719
57.49,3.462518
57.495,3.462327
57.5,3.462166
57.505,3.462022
57.51,3.46187
57.515,3.461723
57.52,3.461602
57.525,3.461519
57.53,3.461476
57.535,3.461462
57.54,3.461468
57.545,3.461481
57.55,3.461493
57.555,3.461502
57.56,3.461507
57.565,3.461507
57.57,3.461505
57.575,3.461503
57.58,3.461501
57.585,3.461519
57.59,3.461595
57.595,3.461712
57.6,3.461838
57.605,3.461974
57.61,3.46214
57.615,3.462372
57.62,3.462684
57.625,3.463056
57.63,3.463433
57.635,3.463756
57.64,3.46403
57.645,3.46428
57.65,3.464558
57.655,3.464901
57.66,3.465337
57.665,3.465856
57.67,3.466432
57.675,3.467019
57.68,3.467576
57.685,3.468089
57.69,3.468556
57.695,3.468962
57.7,3.46931
57.705,3.469609
57.71,3.469883
57.715,3.470139
57.72,3.470393
57.725,3.470641
57.73,3.470896
57.735,3.471139
57.74,3.471365
57.745,3.471584
57.75,3.471786
57.755,3.471991
57.76,3.472189
57.765,3.472381
57.77,3.47258
57.775,3.472777
57.78,3.472988
57.785,3.4732
57.79,3.473424
57.795,3.473646
57.8,3.473866
57.805,3.474087
57.81,3.47428
57.815,3.474424
57.82,3.474511
57.825,3.474548
57.83,3.474552
57.835,3.474575
57.84,3.47465
57.845,3.474758
57.85,3.474868
57.855,3.474955
57.86,3.47501
57.865,3.475034
57.87,3.475035
57.875,3.475026
57.88,3.475013
57.885,3.475002
57.89,3.474996
57.895,3.474993
57.9,3.474994
57.905,3.474991
57.91,3.474943
57.915,3.47484
57.92,3.474683
57.925,3.474479
57.93,3.474245
57.935,3.473993
57.94,3.473739
57.945,3.473484
57.95,3.473247
57.955,3.473013
57.96,3.472785
57.965,3.472525
57.97,3.472211
57.975,3.471827
57.98,3.47136
57.985,3.470833
57.99,3.470265
57.995,3.469697
58,3.469145
58.005,3.468634
58.01,3.46816
58.015,3.46772
58.02,3.467314
58.025,3.46694
58.03,3.46659
58.035,3.466252
58.04,3.465934
58.045,3.465629
58.05,3.465349
58.055,3.465083
58.06,3.464834
58.065,3.464584
58.07,3.464327
58.075,3.464056
58.08,3.463804
58.085,3.463567
58.09,3.463346
58.095,3.463163
58.1,3.462997
58.105,3.462832
58.11,3.462684
58.115,3.462571
58.12,3.462478
58.125,3.462366
58.13,3.462241
58.135,3.462127
58.14,3.462041
58.145,3.46199
58.15,3.461968
58.155,3.461968
58.16,3.461977
58.165,3.461989
58.17,3.462009
58.175,3.462075
58.18,3.462187
58.185,3.462312
58.19,3.462419
58.195,3.462493
58.2,3.462559
58.205,3.462662
58.21,3.462832
58.215,3.463084
58.22,3.46343
58.225,3.463816
58.23,3.464164
58.235,3.464452
58.24,3.464726
58.245,3.465011
58.25,3.465351
58.255,3.465774
58.26,3.466288
58.265,3.466871
58.27,3.467481
58.275,3.468076
58.28,3.468621
58.285,3.469106
58.29,3.469519
58.295,3.469874
58.3,3.470173
58.305,3.470442
58.31,3.470716
58.315,3.470995
58.32,3.471276
58.325,3.47155
58.33,3.471804
58.335,3.472047
58.34,3.472262
58.345,3.472467
58.35,3.472663
58.355,3.472848
58.36,3.47304
58.365,3.473228
58.37,3.473422
58.375,3.473623
58.38,3.473825
58.385,3.474039
58.39,3.474259
58.395,3.474493
58.4,3.474711
58.405,3.474883
58.41,3.474993
58.415,3.475047
58.42,3.475058
58.425,3.475047
58.43,3.475064
58.435,3.475139
58.44,3.475251
58.445,3.475365
58.45,3.475455
58.455,3.475511
58.46,3.475536
58.465,3.475537
58.47,3.475527
58.475,3.475513
58.48,3.475502
58.485,3.475495
58.49,3.475493
58.495,3.475494
58.5,3.475496
58.505,3.475498
58.51,3.4755
58.515,3.475477
58.52,3.475397
58.525,3.475259
58.53,3.475062
58.535,3.474819
58.54,3.474544
58.545,3.474243
58.55,3.473948
58.555,3.473703
58.56,3.473505
58.565,3.473321
58.57,3.473105
58.575,3.472818
58.58,3.472452
58.585,3.472
58.59,3.471479
58.595,3.47091
58.6,3.470325
58.605,3.46975
58.61,3.469212
58.615,3.468718
58.62,3.468266
58.625,3.467863
58.63,3.467483
58.635,3.467122
58.64,3.46678
58.645,3.466465
58.65,3.466174
58.655,3.465907
58.66,3.465652
58.665,3.465409
58.67,3.465174
58.675,3.464941
58.68,3.464719
58.685,3.464492
58.69,3.464283
58.695,3.464087
58.7,3.463893
58.705,3.463718
58.71,3.463584
58.715,3.46347
58.72,3.463343
58.725,3.463214
58.73,3.463104
58.735,3.463026
58.74,3.462982
58.745,3.462967
58.75,3.46297
58.755,3.462981
58.76,3.462992
58.765,3.463001
58.77,3.463008
58.775,3.463051
58.78,3.463147
58.785,3.46327
58.79,3.463385
58.795,3.463471
58.8,3.463545
58.805,3.463649
58.81,3.463816
58.815,3.464074
58.82,3.464428
58.825,3.46482
58.83,3.465169
58.835,3.465453
58.84,3.465699
58.845,3.46595
58.85,3.466246
58.855,3.466627
58.86,3.467096
58.865,3.467627
58.87,3.468197
58.875,3.468752
58.88,3.46926
58.885,3.469716
58.89,3.470115
58.895,3.470465
58.9,3.47077
58.905,3.47105
58.91,3.471326
58.915,3.471595
58.92,3.471864
58.925,3.47212
58.93,3.472355
58.935,3.472581
58.94,3.472779
58.945,3.472968
58.95,3.473154
58.955,3.473321
58.96,3.473489
58.965,3.473663
58.97,3.473831
58.975,3.474014
58.98,3.474203
58.985,3.47441
58.99,3.474624
58.995,3.474837
59,3.475055
59.005,3.475254
59.01,3.475406
59.015,3.475501
59.02,3.475545
59.025,3.475558
59.03,3.475599
59.035,3.475686
59.04,3.475795
59.045,3.475898
59.05,3.475974
59.055,3.476018
59.06,3.476034
59.065,3.476032
59.07,3.476021
59.075,3.476009
59.08,3.476
59.085,3.475995
59.09,3.475994
59.095,3.475987
59.1,3.475931
59.105,3.475825
59.11,3.4757
59.115,3.475557
59.12,3.475376
59.125,3.475143
59.13,3.474874
59.135,3.474581
59.14,3.474313
59.145,3.474105
59.15,3.473931
59.155,3.473773
59.16,3.473607
59.165,3.473392
59.17,3.473103
59.175,3.472738
59.18,3.472295
59.185,3.471786
59.19,3.471222
59.195,3.470635
59.2,3.470069
59.205,3.469535
59.21,3.469058
59.215,3.46864
59.22,3.468266
59.225,3.467925
59.23,3.467604
59.235,3.467309
59.24,3.467031
59.245,3.466782
59.25,3.466546
59.255,3.466327
59.26,3.466117
59.265,3.465907
59.27,3.465706
59.275,3.465495
59.28,3.46529
59.285,3.46508
59.29,3.46487
59.295,3.464688
59.3,3.464529
59.305,3.464368
59.31,3.464217
59.315,3.464096
59.32,3.464015
59.325,3.463944
59.33,3.463845
59.335,3.46373
59.34,3.463622
59.345,3.463539
59.35,3.46349
59.355,3.463469
59.36,3.463469
59.365,3.46351
59.37,3.463611
59.375,3.463743
59.38,3.463869
59.385,3.463964
59.39,3.46402
59.395,3.464043
59.4,3.464074
59.405,3.464156
59.41,3.464318
59.415,3.464577
59.42,3.464929
59.425,3.465319
59.43,3.465668
59.435,3.465958
59.44,3.466227
59.445,3.46652
59.45,3.466878
59.455,3.467321
59.46,3.467833
59.465,3.468386
59.47,3.468939
59.475,3.469473
59.48,3.469954
59.485,3.470389
59.49,3.470794
59.495,3.471174
59.5,3.471527
59.505,3.471859
59.51,3.472172
59.515,3.47247
59.52,3.47274
59.525,3.472996
59.53,3.473221
59.535,3.473423
59.54,3.473619
59.545,3.473796
59.55,3.473976
59.555,3.474161
59.56,3.474361
59.565,3.474575
59.57,3.474801
59.575,3.47504
59.58,3.475288
59.585,3.475541
59.59,3.475799
59.595,3.476056
59.6,3.476275
59.605,3.476433
59.61,3.476524
59.615,3.476559
59.62,3.476558
59.625,3.476539
59.63,3.47653
59.635,3.47658
59.64,3.476684
59.645,3.476806
59.65,3.476915
59.655,3.476991
59.66,3.47703
59.665,3.477041
59.67,3.477034
59.675,3.47702
59.68,3.477007
59.685,3.476998
59.69,3.476981
59.695,3.476915
59.7,3.476804
59.705,3.47668
59.71,3.47654
59.715,3.47637
59.72,3.476155
59.725,3.475914
59.73,3.475648
59.735,3.475387
59.74,3.475151
59.745,3.474927
59.75,3.474721
59.755,3.474501
59.76,3.474233
59.765,3.473914
59.77,3.473526
59.775,3.47308
59.78,3.47258
59.785,3.472037
59.79,3.471466
59.795,3.470883
59.8,3.470325
59.805,3.469817
59.81,3.469384
59.815,3.469011
59.82,3.468672
59.825,3.468363
59.83,3.468069
59.835,3.467801
59.84,3.467544
59.845,3.467307
59.85,3.467076
59.855,3.466855
59.86,3.466647
59.865,3.466438
59.87,3.46624
59.875,3.466036
59.88,3.465834
59.885,3.465636
59.89,3.465431
59.895,3.465242
59.9,3.465096
59.905,3.464983
59.91,3.464863
59.915,3.464737
59.92,3.464625
59.925,3.464541
59.93,3.464485
59.935,3.464412
59.94,3.464306
59.945,3.464189
59.95,3.464088
59.955,3.464016
59.96,3.46398
59.965,3.464007
59.97,3.464107
59.975,3.464243
59.98,3.464373
59.985,3.46447
59.99,3.464526
59.995,3.46455
60,3.464595
60.005,3.464696
60.01,3.46489
60.015,3.465188
60.02,3.465566
60.025,3.465951
60.03,3.46627
60.035,3.466513
60.04,3.46674
60.045,3.46699
60.05,3.467309
60.055,3.467718
60.06,3.468213
60.065,3.468763
60.07,3.46932
60.075,3.469861
60.08,3.470367
60.085,3.470842
60.09,3.471286
60.095,3.471699
60.1,3.472069
60.105,3.472402
60.11,3.472694
60.115,3.472962
60.12,3.473215
60.125,3.473467
60.13,3.473703
60.135,3.473935
60.14,3.474159
60.145,3.474383
60.15,3.474606
60.155,3.474822
60.16,3.475042
60.165,3.475267
60.17,3.475504
60.175,3.475731
60.18,3.47596
60.185,3.476179
60.19,3.476393
60.195,3.476607
60.2,3.476793
60.205,3.476931
60.21,3.477012
60.215,3.477047
60.22,3.477049
60.225,3.477034
60.23,3.477016
60.235,3.477001
60.24,3.477005
60.245,3.477068
60.25,3.477182
60.255,3.477311
60.26,3.477421
60.265,3.477496
60.27,3.477533
60.275,3.477542
60.28,3.477534
60.285,3.477519
60.29,3.477506
60.295,3.477497
60.3,3.477493
60.305,3.477472
60.31,3.477397
60.315,3.477281
60.32,3.477159
60.325,3.477029
60.33,3.476871
60.335,3.476668
60.34,3.476415
60.345,3.476123
60.35,3.475843
60.355,3.475584
60.36,3.47535
60.365,3.475163
60.37,3.475004
60.375,3.474819
60.38,3.474563
60.385,3.474225
60.39,3.47381
60.395,3.473344
60.4,3.472846
60.405,3.472327
60.41,3.471794
60.415,3.471248
60.42,3.470723
60.425,3.470236
60.43,3.469792
60.435,3.469399
60.44,3.469052
60.445,3.468754
60.45,3.468487
60.455,3.468248
60.46,3.468016
60.465,3.46779
60.47,3.467555
60.475,3.467327
60.48,3.467096
60.485,3.466872
60.49,3.466681
60.495,3.466514
60.5,3.466348
60.505,3.466198
60.51,3.466082
60.515,3.465997
60.52,3.465898
60.525,3.465779
60.53,3.465662
60.535,3.465566
60.54,3.465504
60.545,3.465473
60.55,3.465466
60.555,3.465473
60.56,3.465485
60.565,3.4655
60.57,3.465555
60.575,3.46566
60.58,3.465785
60.585,3.465898
60.59,3.46598
60.595,3.466025
60.6,3.466042
60.605,3.466076
60.61,3.466176
60.615,3.466383
60.62,3.466687
60.625,3.467019
60.63,3.467347
60.635,3.467639
60.64,3.46786
60.645,3.467999
60.65,3.468063
60.655,3.46808
60.66,3.468116
60.665,3.468195
60.67,3.4683
60.675,3.468443
60.68,3.468617
60.685,3.468802
60.69,3.469007
60.695,3.469208