"Time (s)","Position (mm)"
0,4.74E-12
0.005,4.74E-12
0.01,4.74E-12
0.015,4.74E-12
0.02,4.74E-12
0.025,4.74E-12
0.03,4.74E-12
0.035,4.74E-12
0.04,4.74E-12
0.045,4.74E-12
0.05,4.74E-12
0.055,4.74E-12
0.06,4.74E-12
0.065,4.74E-12
0.07,4.74E-12
0.075,4.74E-12
0.08,4.74E-12
0.085,4.74E-12
0.09,4.74E-12
0.095,4.74E-12
0.1,4.74E-12
0.105,4.74E-12
0.11,4.74E-12
0.115,4.74E-12
0.12,4.74E-12
0.125,4.74E-12
0.13,4.74E-12
0.135,4.74E-12
0.14,4.74E-12
0.145,4.74E-12
0.15,4.74E-12
0.155,4.74E-12
0.16,4.74E-12
0.165,4.74E-12
0.17,4.74E-12
0.175,4.74E-12
0.18,4.74E-12
0.185,4.74E-12
0.19,4.74E-12
0.195,4.74E-12
0.2,4.74E-12
0.205,4.74E-12
0.21,4.74E-12
0.215,4.74E-12
0.22,4.74E-12
0.225,4.74E-12
0.23,4.74E-12
0.235,4.74E-12
0.24,4.74E-12
0.245,4.74E-12
0.25,4.74E-12
0.255,6.48E-06
0.26,0.000139
0.265,0.00094
0.27,0.003667
0.275,0.009759
0.28,0.020193
0.285,0.035225
0.29,0.054512
0.295,0.077214
0.3,0.102104
0.305,0.128113
0.31,0.15448
0.315,0.180641
0.32,0.206426
0.325,0.231829
0.33,0.256875
0.335,0.281778
0.34,0.306734
0.345,0.331754
0.35,0.356844
0.355,0.38199
0.36,0.407108
0.365,0.432212
0.37,0.457329
0.375,0.482374
0.38,0.507388
0.385,0.532406
0.39,0.557379
0.395,0.582364
0.4,0.607425
0.405,0.632531
0.41,0.657656
0.415,0.682746
0.42,0.707795
0.425,0.732946
0.43,0.758209
0.435,0.783392
0.44,0.808397
0.445,0.833331
0.45,0.858244
0.455,0.883163
0.46,0.908126
0.465,0.933067
0.47,0.958034
0.475,0.983094
0.48,1.008133
0.485,1.033094
0.49,1.058023
0.495,1.082983
0.5,1.108063
0.505,1.133187
0.51,1.158269
0.515,1.183392
0.52,1.208501
0.525,1.233428
0.53,1.258242
0.535,1.283031
0.54,1.307883
0.545,1.332945
0.55,1.35818
0.555,1.383418
0.56,1.408586
0.565,1.433578
0.57,1.458387
0.575,1.48328
0.58,1.508256
0.585,1.533205
0.59,1.558245
0.595,1.583297
0.6,1.608269
0.605,1.633283
0.61,1.658368
0.615,1.683453
0.62,1.708451
0.625,1.733058
0.63,1.756755
0.635,1.778902
0.64,1.79888
0.645,1.816287
0.65,1.830963
0.655,1.842952
0.66,1.852595
0.665,1.860549
0.67,1.867528
0.675,1.874091
0.68,1.88061
0.685,1.887256
0.69,1.894034
0.695,1.900858
0.7,1.907692
0.705,1.914574
0.71,1.921526
0.715,1.928547
0.72,1.935623
0.725,1.942715
0.73,1.949797
0.735,1.956857
0.74,1.963925
0.745,1.971004
0.75,1.977897
0.755,1.984311
0.76,1.990218
0.765,1.995803
0.77,2.00124
0.775,2.006614
0.78,2.011966
0.785,2.017328
0.79,2.022707
0.795,2.0281
0.8,2.033463
0.805,2.03874
0.81,2.043887
0.815,2.048958
0.82,2.054073
0.825,2.059328
0.83,2.064794
0.835,2.070509
0.84,2.076407
0.845,2.082366
0.85,2.088269
0.855,2.094074
0.86,2.099796
0.865,2.105451
0.87,2.111055
0.875,2.116622
0.88,2.122129
0.885,2.127523
0.89,2.132862
0.895,2.138248
0.9,2.143716
0.905,2.14931
0.91,2.155087
0.915,2.161034
0.92,2.167009
0.925,2.172828
0.93,2.178397
0.935,2.183685
0.94,2.188689
0.945,2.193476
0.95,2.198175
0.955,2.202894
0.96,2.207695
0.965,2.212603
0.97,2.21761
0.975,2.222727
0.98,2.227971
0.985,2.233279
0.99,2.238549
0.995,2.243699
1,2.248739
1.005,2.253731
1.01,2.258699
1.015,2.263608
1.02,2.268403
1.025,2.273109
1.03,2.277818
1.035,2.28261
1.04,2.28751
1.045,2.292512
1.05,2.297577
1.055,2.302673
1.06,2.307834
1.065,2.313065
1.07,2.318336
1.075,2.323583
1.08,2.328708
1.085,2.333592
1.09,2.338161
1.095,2.342435
1.1,2.346487
1.105,2.350394
1.11,2.35421
1.115,2.357999
1.12,2.361877
1.125,2.365928
1.13,2.370111
1.135,2.374324
1.14,2.378411
1.145,2.382219
1.15,2.385709
1.155,2.388912
1.16,2.39186
1.165,2.394622
1.17,2.397336
1.175,2.400121
1.18,2.403022
1.185,2.406041
1.19,2.409164
1.195,2.412396
1.2,2.415691
1.205,2.418948
1.21,2.422059
1.215,2.424991
1.22,2.427821
1.225,2.430612
1.23,2.433391
1.235,2.436205
1.24,2.439112
1.245,2.442109
1.25,2.445141
1.255,2.448192
1.26,2.451264
1.265,2.454341
1.27,2.457415
1.275,2.460504
1.28,2.463595
1.285,2.466654
1.29,2.469664
1.295,2.472634
1.3,2.475595
1.305,2.478552
1.31,2.481502
1.315,2.48445
1.32,2.487396
1.325,2.490345
1.33,2.493301
1.335,2.496224
1.34,2.499027
1.345,2.501735
1.35,2.504445
1.355,2.507216
1.36,2.510069
1.365,2.513012
1.37,2.516029
1.375,2.519079
1.38,2.522092
1.385,2.525012
1.39,2.527812
1.395,2.530502
1.4,2.533137
1.405,2.535757
1.41,2.538368
1.415,2.540975
1.42,2.543625
1.425,2.54637
1.43,2.549133
1.435,2.551787
1.44,2.554256
1.445,2.556549
1.45,2.558697
1.455,2.560727
1.46,2.562717
1.465,2.564767
1.47,2.566939
1.475,2.569213
1.48,2.571512
1.485,2.573738
1.49,2.575846
1.495,2.577892
1.5,2.57993
1.505,2.581998
1.51,2.584114
1.515,2.586268
1.52,2.58844
1.525,2.590607
1.53,2.592735
1.535,2.594826
1.54,2.596905
1.545,2.598978
1.55,2.60105
1.555,2.603118
1.56,2.605175
1.565,2.60723
1.57,2.609291
1.575,2.611353
1.58,2.613405
1.585,2.61544
1.59,2.617481
1.595,2.619534
1.6,2.621592
1.605,2.623647
1.61,2.625711
1.615,2.627824
1.62,2.630033
1.625,2.632293
1.63,2.634535
1.635,2.63673
1.64,2.638853
1.645,2.640909
1.65,2.642928
1.655,2.644921
1.66,2.64684
1.665,2.648677
1.67,2.650507
1.675,2.652394
1.68,2.654353
1.685,2.656361
1.69,2.658404
1.695,2.660475
1.7,2.66254
1.705,2.664552
1.71,2.666467
1.715,2.66824
1.72,2.669927
1.725,2.67162
1.73,2.67337
1.735,2.675157
1.74,2.676899
1.745,2.678532
1.75,2.680034
1.755,2.681448
1.76,2.682837
1.765,2.684245
1.77,2.685697
1.775,2.687193
1.78,2.688707
1.785,2.690234
1.79,2.691765
1.795,2.693294
1.8,2.694831
1.805,2.696391
1.81,2.697981
1.815,2.699596
1.82,2.701248
1.825,2.702937
1.83,2.704626
1.835,2.706268
1.84,2.707825
1.845,2.709308
1.85,2.710767
1.855,2.71226
1.86,2.7138
1.865,2.715365
1.87,2.716918
1.875,2.71844
1.88,2.719909
1.885,2.721284
1.89,2.722582
1.895,2.723874
1.9,2.725223
1.905,2.726652
1.91,2.728147
1.915,2.729681
1.92,2.731232
1.925,2.732796
1.93,2.734378
1.935,2.735985
1.94,2.737629
1.945,2.739312
1.95,2.740999
1.955,2.742646
1.96,2.744266
1.965,2.745887
1.97,2.747488
1.975,2.74904
1.98,2.750542
1.985,2.752003
1.99,2.753435
1.995,2.754844
2,2.756233
2.005,2.757614
2.01,2.759007
2.015,2.760404
2.02,2.761794
2.025,2.76317
2.03,2.76451
2.035,2.765791
2.04,2.766999
2.045,2.768142
2.05,2.769238
2.055,2.770292
2.06,2.771305
2.065,2.772276
2.07,2.773238
2.075,2.774228
2.08,2.775274
2.085,2.77641
2.09,2.777671
2.095,2.779018
2.1,2.78036
2.105,2.781629
2.11,2.782799
2.115,2.783885
2.12,2.78494
2.125,2.786022
2.13,2.787152
2.135,2.788315
2.14,2.789491
2.145,2.790668
2.15,2.79184
2.155,2.793003
2.16,2.794141
2.165,2.795246
2.17,2.796319
2.175,2.797362
2.18,2.79837
2.185,2.799357
2.19,2.800353
2.195,2.801386
2.2,2.802458
2.205,2.803565
2.21,2.804705
2.215,2.80589
2.22,2.807148
2.225,2.808472
2.23,2.809789
2.235,2.811038
2.24,2.812206
2.245,2.813338
2.25,2.814467
2.255,2.815592
2.26,2.81669
2.265,2.817723
2.27,2.818687
2.275,2.819616
2.28,2.820564
2.285,2.821568
2.29,2.822635
2.295,2.823756
2.3,2.824904
2.305,2.826058
2.31,2.827201
2.315,2.82833
2.32,2.829444
2.325,2.830545
2.33,2.831644
2.335,2.832742
2.34,2.833827
2.345,2.834893
2.35,2.835928
2.355,2.83693
2.36,2.837911
2.365,2.838887
2.37,2.839862
2.375,2.840843
2.38,2.841834
2.385,2.842834
2.39,2.843831
2.395,2.844822
2.4,2.845817
2.405,2.846824
2.41,2.847865
2.415,2.848973
2.42,2.850147
2.425,2.851329
2.43,2.852447
2.435,2.853468
2.44,2.854398
2.445,2.855261
2.45,2.856089
2.455,2.856901
2.46,2.857711
2.465,2.858518
2.47,2.85932
2.475,2.860115
2.48,2.860911
2.485,2.861718
2.49,2.862536
2.495,2.863364
2.5,2.864208
2.505,2.865071
2.51,2.865963
2.515,2.866884
2.52,2.867833
2.525,2.868794
2.53,2.869734
2.535,2.87062
2.54,2.871456
2.545,2.87227
2.55,2.873092
2.555,2.873945
2.56,2.874841
2.565,2.875761
2.57,2.876683
2.575,2.877604
2.58,2.878513
2.585,2.879408
2.59,2.880294
2.595,2.881171
2.6,2.882039
2.605,2.882892
2.61,2.883732
2.615,2.884568
2.62,2.8854
2.625,2.88624
2.63,2.887107
2.635,2.888017
2.64,2.888957
2.645,2.889892
2.65,2.890782
2.655,2.891617
2.66,2.8924
2.665,2.893142
2.67,2.893872
2.675,2.894615
2.68,2.895388
2.685,2.896214
2.69,2.897114
2.695,2.898065
2.7,2.899014
2.705,2.899921
2.71,2.900773
2.715,2.901568
2.72,2.902321
2.725,2.903051
2.73,2.903761
2.735,2.904449
2.74,2.905112
2.745,2.905758
2.75,2.9064
2.755,2.907051
2.76,2.90772
2.765,2.908411
2.77,2.909114
2.775,2.909819
2.78,2.910515
2.785,2.911193
2.79,2.911845
2.795,2.912456
2.8,2.913015
2.805,2.913538
2.81,2.914067
2.815,2.914647
2.82,2.915293
2.825,2.915992
2.83,2.916726
2.835,2.917485
2.84,2.918257
2.845,2.919028
2.85,2.9198
2.855,2.920575
2.86,2.921355
2.865,2.922133
2.87,2.922889
2.875,2.923612
2.88,2.92431
2.885,2.924998
2.89,2.925686
2.895,2.926376
2.9,2.927062
2.905,2.927742
2.91,2.928413
2.915,2.929069
2.92,2.929704
2.925,2.930317
2.93,2.930914
2.935,2.931516
2.94,2.932142
2.945,2.93279
2.95,2.933454
2.955,2.934136
2.96,2.934827
2.965,2.93551
2.97,2.93618
2.975,2.936839
2.98,2.937492
2.985,2.938158
2.99,2.938842
2.995,2.939541
3,2.940242
3.005,2.940932
3.01,2.941612
3.015,2.942281
3.02,2.942937
3.025,2.943581
3.03,2.944214
3.035,2.94484
3.04,2.945461
3.045,2.946077
3.05,2.946695
3.055,2.947315
3.06,2.94794
3.065,2.948573
3.07,2.949209
3.075,2.949847
3.08,2.950482
3.085,2.951122
3.09,2.951772
3.095,2.952429
3.1,2.95308
3.105,2.953712
3.11,2.954328
3.115,2.954942
3.12,2.955565
3.125,2.956203
3.13,2.956857
3.135,2.957526
3.14,2.958207
3.145,2.958882
3.15,2.959553
3.155,2.960214
3.16,2.960862
3.165,2.961493
3.17,2.962115
3.175,2.962735
3.18,2.963354
3.185,2.963969
3.19,2.964575
3.195,2.965175
3.2,2.96578
3.205,2.966406
3.21,2.967057
3.215,2.967757
3.22,2.968513
3.225,2.969293
3.23,2.97005
3.235,2.970742
3.24,2.971356
3.245,2.971902
3.25,2.972409
3.255,2.972906
3.26,2.973412
3.265,2.973937
3.27,2.974478
3.275,2.975025
3.28,2.975569
3.285,2.976103
3.29,2.97663
3.295,2.977155
3.3,2.977677
3.305,2.978199
3.31,2.978719
3.315,2.979235
3.32,2.979752
3.325,2.980274
3.33,2.980797
3.335,2.981311
3.34,2.981816
3.345,2.982309
3.35,2.982785
3.355,2.983241
3.36,2.983678
3.365,2.984095
3.37,2.98448
3.375,2.984842
3.38,2.985202
3.385,2.985586
3.39,2.986005
3.395,2.986462
3.4,2.98695
3.405,2.987458
3.41,2.98798
3.415,2.98851
3.42,2.98904
3.425,2.989562
3.43,2.990069
3.435,2.990566
3.44,2.991067
3.445,2.991578
3.45,2.992099
3.455,2.992624
3.46,2.99314
3.465,2.993642
3.47,2.994142
3.475,2.994655
3.48,2.995175
3.485,2.995688
3.49,2.99619
3.495,2.996691
3.5,2.997205
3.505,2.997749
3.51,2.998339
3.515,2.998988
3.52,2.999698
3.525,3.000435
3.53,3.001152
3.535,3.001814
3.54,3.002407
3.545,3.002937
3.55,3.003424
3.555,3.003889
3.56,3.004349
3.565,3.004813
3.57,3.005278
3.575,3.005738
3.58,3.006184
3.585,3.006598
3.59,3.006978
3.595,3.007335
3.6,3.007696
3.605,3.008087
3.61,3.008523
3.615,3.009001
3.62,3.0095
3.625,3.01
3.63,3.010491
3.635,3.010966
3.64,3.011426
3.645,3.01188
3.65,3.012332
3.655,3.012787
3.66,3.013242
3.665,3.0137
3.67,3.014167
3.675,3.014643
3.68,3.015124
3.685,3.015605
3.69,3.016083
3.695,3.016557
3.7,3.017029
3.705,3.017501
3.71,3.017981
3.715,3.018469
3.72,3.018952
3.725,3.019426
3.73,3.01989
3.735,3.020363
3.74,3.020862
3.745,3.02139
3.75,3.021942
3.755,3.022496
3.76,3.023022
3.765,3.023487
3.77,3.023889
3.775,3.024247
3.78,3.024593
3.785,3.024949
3.79,3.025327
3.795,3.025733
3.8,3.026165
3.805,3.02661
3.81,3.027058
3.815,3.027501
3.82,3.027939
3.825,3.02838
3.83,3.028821
3.835,3.029255
3.84,3.029678
3.845,3.030091
3.85,3.030497
3.855,3.0309
3.86,3.031303
3.865,3.031713
3.87,3.032136
3.875,3.032572
3.88,3.033024
3.885,3.033502
3.89,3.034008
3.895,3.034532
3.9,3.035055
3.905,3.03556
3.91,3.036039
3.915,3.03649
3.92,3.036904
3.925,3.037283
3.93,3.03763
3.935,3.037954
3.94,3.038264
3.945,3.038557
3.95,3.03884
3.955,3.039116
3.96,3.039399
3.965,3.039704
3.97,3.040032
3.975,3.040379
3.98,3.040741
3.985,3.041111
3.99,3.041484
3.995,3.04186
4,3.042242
4.005,3.042634
4.01,3.043017
4.015,3.043389
4.02,3.043758
4.025,3.044138
4.03,3.044537
4.035,3.044954
4.04,3.045377
4.045,3.0458
4.05,3.046222
4.055,3.04665
4.06,3.047093
4.065,3.047553
4.07,3.04802
4.075,3.048479
4.08,3.048915
4.085,3.049324
4.09,3.049712
4.095,3.050085
4.1,3.050459
4.105,3.050838
4.11,3.051222
4.115,3.051602
4.12,3.051973
4.125,3.052341
4.13,3.052712
4.135,3.053086
4.14,3.053451
4.145,3.053804
4.15,3.054155
4.155,3.054514
4.16,3.054872
4.165,3.05522
4.17,3.055558
4.175,3.05589
4.18,3.056218
4.185,3.056537
4.19,3.05685
4.195,3.057138
4.2,3.057407
4.205,3.057664
4.21,3.057928
4.215,3.058217
4.22,3.058537
4.225,3.058883
4.23,3.059254
4.235,3.059643
4.24,3.06003
4.245,3.060413
4.25,3.060791
4.255,3.061157
4.26,3.061522
4.265,3.061882
4.27,3.062237
4.275,3.062596
4.28,3.062951
4.285,3.063303
4.29,3.063655
4.295,3.064013
4.3,3.064376
4.305,3.06474
4.31,3.065102
4.315,3.065453
4.32,3.065797
4.325,3.066137
4.33,3.066486
4.335,3.066847
4.34,3.067224
4.345,3.067613
4.35,3.068007
4.355,3.068394
4.36,3.068772
4.365,3.069142
4.37,3.069512
4.375,3.06988
4.38,3.070245
4.385,3.070609
4.39,3.070962
4.395,3.071303
4.4,3.071641
4.405,3.07198
4.41,3.072324
4.415,3.072668
4.42,3.073017
4.425,3.073369
4.43,3.073721
4.435,3.074057
4.44,3.074385
4.445,3.074716
4.45,3.075049
4.455,3.075383
4.46,3.075716
4.465,3.076034
4.47,3.076339
4.475,3.076624
4.48,3.0769
4.485,3.077176
4.49,3.077458
4.495,3.077753
4.5,3.078054
4.505,3.078362
4.51,3.078673
4.515,3.078984
4.52,3.079296
4.525,3.079603
4.53,3.079908
4.535,3.080217
4.54,3.080537
4.545,3.08087
4.55,3.081214
4.555,3.081562
4.56,3.08191
4.565,3.082258
4.57,3.082615
4.575,3.082966
4.58,3.08331
4.585,3.083636
4.59,3.083954
4.595,3.084275
4.6,3.084599
4.605,3.084926
4.61,3.085261
4.615,3.085602
4.62,3.085957
4.625,3.086331
4.63,3.086728
4.635,3.08714
4.64,3.087553
4.645,3.087945
4.65,3.08831
4.655,3.088652
4.66,3.088976
4.665,3.089294
4.67,3.089623
4.675,3.089973
4.68,3.090351
4.685,3.090746
4.69,3.09114
4.695,3.091505
4.7,3.091839
4.705,3.092137
4.71,3.092415
4.715,3.092684
4.72,3.092953
4.725,3.093212
4.73,3.09347
4.735,3.093728
4.74,3.093991
4.745,3.094238
4.75,3.094481
4.755,3.094717
4.76,3.094958
4.765,3.095195
4.77,3.095437
4.775,3.095676
4.78,3.095922
4.785,3.096157
4.79,3.096381
4.795,3.096599
4.8,3.096792
4.805,3.096975
4.81,3.097158
4.815,3.097322
4.82,3.097489
4.825,3.097664
4.83,3.097861
4.835,3.098083
4.84,3.098337
4.845,3.098617
4.85,3.098919
4.855,3.099235
4.86,3.099566
4.865,3.0999
4.87,3.100228
4.875,3.100538
4.88,3.100833
4.885,3.101109
4.89,3.101378
4.895,3.101641
4.9,3.101911
4.905,3.10219
4.91,3.102478
4.915,3.102782
4.92,3.103107
4.925,3.103446
4.93,3.103793
4.935,3.104144
4.94,3.1045
4.945,3.104861
4.95,3.105223
4.955,3.105578
4.96,3.105923
4.965,3.106259
4.97,3.106591
4.975,3.106931
4.98,3.107281
4.985,3.107621
4.99,3.107946
4.995,3.108254
5,3.108548
5.005,3.108839
5.01,3.109119
5.015,3.109399
5.02,3.109688
5.025,3.109979
5.03,3.110257
5.035,3.110524
5.04,3.110763
5.045,3.110992
5.05,3.111201
5.055,3.111385
5.06,3.111569
5.065,3.111745
5.07,3.111931
5.075,3.112126
5.08,3.112305
5.085,3.112481
5.09,3.112661
5.095,3.112828
5.1,3.113005
5.105,3.113185
5.11,3.113351
5.115,3.113526
5.12,3.113705
5.125,3.113897
5.13,3.114108
5.135,3.114347
5.14,3.114608
5.145,3.11489
5.15,3.115191
5.155,3.115495
5.16,3.115799
5.165,3.116099
5.17,3.116402
5.175,3.116712
5.18,3.117023
5.185,3.117338
5.19,3.117652
5.195,3.117963
5.2,3.11827
5.205,3.118576
5.21,3.118887
5.215,3.119208
5.22,3.119539
5.225,3.119883
5.23,3.120238
5.235,3.120584
5.24,3.120916
5.245,3.121215
5.25,3.121492
5.255,3.121739
5.26,3.121977
5.265,3.122201
5.27,3.12243
5.275,3.122656
5.28,3.12289
5.285,3.12312
5.29,3.123343
5.295,3.123565
5.3,3.123779
5.305,3.124001
5.31,3.124217
5.315,3.124439
5.32,3.124655
5.325,3.124853
5.33,3.125051
5.335,3.125236
5.34,3.125401
5.345,3.125573
5.35,3.12574
5.355,3.125904
5.36,3.126082
5.365,3.12626
5.37,3.126455
5.375,3.126668
5.38,3.126909
5.385,3.127148
5.39,3.127379
5.395,3.127605
5.4,3.12784
5.405,3.128078
5.41,3.128318
5.415,3.128559
5.42,3.128803
5.425,3.129049
5.43,3.129296
5.435,3.129544
5.44,3.12979
5.445,3.130037
5.45,3.130274
5.455,3.130516
5.46,3.130777
5.465,3.131042
5.47,3.131299
5.475,3.131549
5.48,3.131796
5.485,3.132044
5.49,3.1323
5.495,3.132563
5.5,3.132842
5.505,3.133113
5.51,3.133377
5.515,3.133629
5.52,3.133883
5.525,3.134131
5.53,3.134385
5.535,3.134639
5.54,3.134901
5.545,3.135159
5.55,3.135422
5.555,3.135679
5.56,3.135938
5.565,3.136192
5.57,3.136451
5.575,3.136708
5.58,3.13697
5.585,3.137224
5.59,3.137477
5.595,3.137715
5.6,3.137951
5.605,3.138175
5.61,3.138402
5.615,3.138626
5.62,3.138855
5.625,3.139085
5.63,3.139317
5.635,3.139551
5.64,3.139765
5.645,3.139972
5.65,3.140171
5.655,3.140348
5.66,3.140529
5.665,3.140715
5.67,3.140924
5.675,3.141138
5.68,3.141329
5.685,3.141513
5.69,3.141695
5.695,3.141889
5.7,3.142095
5.705,3.142295
5.71,3.142504
5.715,3.14271
5.72,3.142928
5.725,3.143145
5.73,3.143356
5.735,3.143569
5.74,3.143769
5.745,3.143971
5.75,3.144169
5.755,3.144359
5.76,3.144556
5.765,3.144752
5.77,3.144962
5.775,3.145171
5.78,3.145383
5.785,3.145598
5.79,3.145798
5.795,3.146003
5.8,3.1462
5.805,3.1464
5.81,3.146605
5.815,3.146817
5.82,3.14704
5.825,3.147253
5.83,3.147469
5.835,3.147677
5.84,3.147886
5.845,3.148098
5.85,3.148307
5.855,3.148525
5.86,3.148749
5.865,3.148987
5.87,3.149238
5.875,3.149499
5.88,3.149765
5.885,3.150031
5.89,3.150297
5.895,3.15056
5.9,3.150825
5.905,3.151082
5.91,3.151314
5.915,3.151538
5.92,3.151741
5.925,3.151944
5.93,3.152144
5.935,3.152317
5.94,3.152456
5.945,3.152598
5.95,3.152741
5.955,3.152866
5.96,3.152966
5.965,3.153079
5.97,3.153209
5.975,3.153335
5.98,3.153438
5.985,3.153548
5.99,3.153679
5.995,3.153814
6,3.15397
6.005,3.154144
6.01,3.154307
6.015,3.154465
6.02,3.154632
6.025,3.154808
6.03,3.155008
6.035,3.155219
6.04,3.155448
6.045,3.155679
6.05,3.155921
6.055,3.156157
6.06,3.156397
6.065,3.156632
6.07,3.15687
6.075,3.157104
6.08,3.157337
6.085,3.15757
6.09,3.157795
6.095,3.158023
6.1,3.158246
6.105,3.158475
6.11,3.1587
6.115,3.158932
6.12,3.159159
6.125,3.15939
6.13,3.159618
6.135,3.159852
6.14,3.160086
6.145,3.160313
6.15,3.160541
6.155,3.160749
6.16,3.160946
6.165,3.161141
6.17,3.161314
6.175,3.161485
6.18,3.161662
6.185,3.161852
6.19,3.162059
6.195,3.162262
6.2,3.162472
6.205,3.162679
6.21,3.16289
6.215,3.163105
6.22,3.16332
6.225,3.163543
6.23,3.163763
6.235,3.163992
6.24,3.164219
6.245,3.164456
6.25,3.164701
6.255,3.164958
6.26,3.165214
6.265,3.165472
6.27,3.165707
6.275,3.165914
6.28,3.166111
6.285,3.166285
6.29,3.166439
6.295,3.166602
6.3,3.166759
6.305,3.166905
6.31,3.167065
6.315,3.167228
6.32,3.167368
6.325,3.167484
6.33,3.167613
6.335,3.16775
6.34,3.167871
6.345,3.167968
6.35,3.168078
6.355,3.168207
6.36,3.168332
6.365,3.168433
6.37,3.168513
6.375,3.168615
6.38,3.168736
6.385,3.168853
6.39,3.168964
6.395,3.169097
6.4,3.169241
6.405,3.169375
6.41,3.169523
6.415,3.169683
6.42,3.16983
6.425,3.169976
6.43,3.170134
6.435,3.170287
6.44,3.17043
6.445,3.170588
6.45,3.170747
6.455,3.170904
6.46,3.171078
6.465,3.171248
6.47,3.171407
6.475,3.171578
6.48,3.171745
6.485,3.171915
6.49,3.172098
6.495,3.172283
6.5,3.172485
6.505,3.17269
6.51,3.172904
6.515,3.173121
6.52,3.173326
6.525,3.173536
6.53,3.173734
6.535,3.173935
6.54,3.174137
6.545,3.174325
6.55,3.174519
6.555,3.174708
6.56,3.174895
6.565,3.175091
6.57,3.175278
6.575,3.175473
6.58,3.175668
6.585,3.175856
6.59,3.176054
6.595,3.176245
6.6,3.176443
6.605,3.176643
6.61,3.176839
6.615,3.177044
6.62,3.177239
6.625,3.177431
6.63,3.177626
6.635,3.17781
6.64,3.178002
6.645,3.178193
6.65,3.178389
6.655,3.178594
6.66,3.178798
6.665,3.179014
6.67,3.179219
6.675,3.179418
6.68,3.179617
6.685,3.179804
6.69,3.179997
6.695,3.180192
6.7,3.180402
6.705,3.180623
6.71,3.180863
6.715,3.18111
6.72,3.181369
6.725,3.181619
6.73,3.181832
6.735,3.18203
6.74,3.182213
6.745,3.18237
6.75,3.18253
6.755,3.182694
6.76,3.182849
6.765,3.183018
6.77,3.183192
6.775,3.183347
6.78,3.183501
6.785,3.183663
6.79,3.183822
6.795,3.184
6.8,3.184184
6.805,3.184343
6.81,3.18447
6.815,3.184601
6.82,3.184737
6.825,3.18486
6.83,3.18496
6.835,3.185073
6.84,3.185205
6.845,3.185332
6.85,3.185434
6.855,3.185502
6.86,3.185579
6.865,3.185685
6.87,3.185802
6.875,3.185905
6.88,3.185979
6.885,3.18602
6.89,3.18604
6.895,3.186092
6.9,3.186188
6.905,3.186302
6.91,3.186405
6.915,3.186487
6.92,3.186584
6.925,3.186704
6.93,3.18684
6.935,3.187008
6.94,3.187192
6.945,3.187393
6.95,3.187604
6.955,3.187813
6.96,3.188031
6.965,3.188239
6.97,3.188452
6.975,3.188666
6.98,3.188891
6.985,3.189117
6.99,3.189324
6.995,3.189529
7,3.18972
7.005,3.189891
7.01,3.190067
7.015,3.190237
7.02,3.1904
7.025,3.190577
7.03,3.190753
7.035,3.190941
7.04,3.191137
7.045,3.191344
7.05,3.191563
7.055,3.191763
7.06,3.191954
7.065,3.192142
7.07,3.192319
7.075,3.192506
7.08,3.192696
7.085,3.192901
7.09,3.193113
7.095,3.19331
7.1,3.193507
7.105,3.193699
7.11,3.193893
7.115,3.194095
7.12,3.1943
7.125,3.194518
7.13,3.19476
7.135,3.195016
7.14,3.195246
7.145,3.195417
7.15,3.195526
7.155,3.195622
7.16,3.195729
7.165,3.195836
7.17,3.195925
7.175,3.195986
7.18,3.196025
7.185,3.19609
7.19,3.196193
7.195,3.196309
7.2,3.196411
7.205,3.196484
7.21,3.196523
7.215,3.196562
7.22,3.196641
7.225,3.19675
7.23,3.19686
7.235,3.196949
7.24,3.197005
7.245,3.197052
7.25,3.197132
7.255,3.197242
7.26,3.197353
7.265,3.197444
7.27,3.197534
7.275,3.197651
7.28,3.197778
7.285,3.197899
7.29,3.198039
7.295,3.198194
7.3,3.19834
7.305,3.198492
7.31,3.198657
7.315,3.19881
7.32,3.198937
7.325,3.19907
7.33,3.199212
7.335,3.199353
7.34,3.199516
7.345,3.199688
7.35,3.199842
7.355,3.19999
7.36,3.200147
7.365,3.200295
7.37,3.200425
7.375,3.200566
7.38,3.200716
7.385,3.200858
7.39,3.201016
7.395,3.201184
7.4,3.201339
7.405,3.201499
7.41,3.201668
7.415,3.201828
7.42,3.202
7.425,3.202178
7.43,3.202351
7.435,3.202539
7.44,3.202723
7.445,3.202909
7.45,3.203102
7.455,3.20328
7.46,3.203429
7.465,3.203582
7.47,3.203734
7.475,3.203881
7.48,3.204046
7.485,3.204216
7.49,3.204387
7.495,3.204574
7.5,3.20476
7.505,3.204962
7.51,3.205166
7.515,3.205374
7.52,3.205588
7.525,3.205785
7.53,3.205984
7.535,3.206178
7.54,3.206341
7.545,3.206458
7.55,3.206553
7.555,3.206665
7.56,3.206784
7.565,3.20689
7.57,3.206968
7.575,3.20703
7.58,3.20712
7.585,3.207236
7.59,3.20735
7.595,3.207442
7.6,3.207508
7.605,3.207588
7.61,3.207698
7.615,3.207815
7.62,3.207916
7.625,3.207986
7.63,3.208023
7.635,3.208036
7.64,3.208068
7.645,3.208151
7.65,3.208263
7.655,3.208374
7.66,3.208477
7.665,3.208602
7.67,3.20874
7.675,3.208866
7.68,3.208969
7.685,3.209086
7.69,3.209219
7.695,3.209344
7.7,3.209461
7.705,3.209597
7.71,3.209742
7.715,3.209871
7.72,3.20999
7.725,3.210128
7.73,3.210269
7.735,3.210401
7.74,3.210551
7.745,3.210709
7.75,3.210861
7.755,3.211027
7.76,3.2112
7.765,3.21138
7.77,3.211576
7.775,3.21176
7.78,3.211917
7.785,3.212074
7.79,3.21223
7.795,3.212366
7.8,3.212502
7.805,3.212652
7.81,3.212798
7.815,3.212945
7.82,3.213109
7.825,3.213269
7.83,3.213422
7.835,3.213589
7.84,3.213752
7.845,3.213888
7.85,3.214011
7.855,3.214147
7.86,3.214284
7.865,3.2144
7.87,3.214515
7.875,3.21465
7.88,3.214788
7.885,3.214934
7.89,3.215101
7.895,3.215266
7.9,3.21543
7.905,3.215606
7.91,3.215773
7.915,3.215925
7.92,3.216088
7.925,3.216248
7.93,3.216395
7.935,3.216554
7.94,3.216717
7.945,3.216878
7.95,3.217055
7.955,3.21723
7.96,3.217376
7.965,3.217476
7.97,3.217541
7.975,3.217622
7.98,3.217728
7.985,3.217838
7.99,3.21793
7.995,3.217992
8,3.218046
8.005,3.218134
8.01,3.218247
8.015,3.21836
8.02,3.218449
8.025,3.218505
8.03,3.218534
8.035,3.218583
8.04,3.218675
8.045,3.218787
8.05,3.218893
8.055,3.218971
8.06,3.219017
8.065,3.219034
8.07,3.219048
8.075,3.219108
8.08,3.21921
8.085,3.219326
8.09,3.219425
8.095,3.219493
8.1,3.219553
8.105,3.219643
8.11,3.219757
8.115,3.219867
8.12,3.219962
8.125,3.220077
8.13,3.220211
8.135,3.220341
8.14,3.220476
8.145,3.220632
8.15,3.220784
8.155,3.220937
8.16,3.221105
8.165,3.221268
8.17,3.221412
8.175,3.221566
8.18,3.221723
8.185,3.221876
8.19,3.222046
8.195,3.222219
8.2,3.222382
8.205,3.222557
8.21,3.222729
8.215,3.222897
8.22,3.223078
8.225,3.223254
8.23,3.223433
8.235,3.223621
8.24,3.223801
8.245,3.223992
8.25,3.224183
8.255,3.224351
8.26,3.22452
8.265,3.22469
8.27,3.224845
8.275,3.225006
8.28,3.225176
8.285,3.225328
8.29,3.225468
8.295,3.225621
8.3,3.22577
8.305,3.225902
8.31,3.226043
8.315,3.226196
8.32,3.226335
8.325,3.226447
8.33,3.226565
8.335,3.226699
8.34,3.226828
8.345,3.226932
8.35,3.227036
8.355,3.227162
8.36,3.227292
8.365,3.227403
8.37,3.227481
8.375,3.22755
8.38,3.227649
8.385,3.227765
8.39,3.227875
8.395,3.227959
8.4,3.22801
8.405,3.228032
8.41,3.228033
8.415,3.228051
8.42,3.228124
8.425,3.228235
8.43,3.228351
8.435,3.228446
8.44,3.228506
8.445,3.228534
8.45,3.228538
8.455,3.228542
8.46,3.228597
8.465,3.228699
8.47,3.228817
8.475,3.22892
8.48,3.228991
8.485,3.229029
8.49,3.22907
8.495,3.229151
8.5,3.22926
8.505,3.229369
8.51,3.229455
8.515,3.229544
8.52,3.22966
8.525,3.229785
8.53,3.229896
8.535,3.229983
8.54,3.230087
8.545,3.230211
8.55,3.230333
8.555,3.230432
8.56,3.230511
8.565,3.23061
8.57,3.230731
8.575,3.230848
8.58,3.230945
8.585,3.231051
8.59,3.231179
8.595,3.231308
8.6,3.231417
8.605,3.231525
8.61,3.231655
8.615,3.231788
8.62,3.231914
8.625,3.232058
8.63,3.232214
8.635,3.232355
8.64,3.2325
8.645,3.232657
8.65,3.232806
8.655,3.232927
8.66,3.23305
8.665,3.233187
8.67,3.233319
8.675,3.233432
8.68,3.233555
8.685,3.233694
8.69,3.233828
8.695,3.23394
8.7,3.234062
8.705,3.2342
8.71,3.234331
8.715,3.234442
8.72,3.234564
8.725,3.234702
8.73,3.234833
8.735,3.234946
8.74,3.235074
8.745,3.235215
8.75,3.235345
8.755,3.235445
8.76,3.235508
8.765,3.235572
8.77,3.235667
8.775,3.235781
8.78,3.235886
8.785,3.235973
8.79,3.236075
8.795,3.236201
8.8,3.236326
8.805,3.236428
8.81,3.236511
8.815,3.236616
8.82,3.236739
8.825,3.236857
8.83,3.236949
8.835,3.23704
8.84,3.237157
8.845,3.237283
8.85,3.237394
8.855,3.237481
8.86,3.237582
8.865,3.237706
8.87,3.237828
8.875,3.237937
8.88,3.23806
8.885,3.238201
8.89,3.238334
8.895,3.238438
8.9,3.238513
8.905,3.238604
8.91,3.238718
8.915,3.238834
8.92,3.23893
8.925,3.239018
8.93,3.23913
8.935,3.239257
8.94,3.239374
8.945,3.239461
8.95,3.239513
8.955,3.239561
8.96,3.239644
8.965,3.239754
8.97,3.239864
8.975,3.239951
8.98,3.240006
8.985,3.240049
8.99,3.240125
8.995,3.240233
9,3.240345
9.005,3.240438
9.01,3.240501
9.015,3.240573
9.02,3.240677
9.025,3.240794
9.03,3.240899
9.035,3.24098
9.04,3.241074
9.045,3.241193
9.05,3.241315
9.055,3.241418
9.06,3.241497
9.065,3.241591
9.07,3.241709
9.075,3.241828
9.08,3.241927
9.085,3.242016
9.09,3.242129
9.095,3.242256
9.1,3.242372
9.105,3.242463
9.11,3.242561
9.115,3.242683
9.12,3.242808
9.125,3.242913
9.13,3.243
9.135,3.243106
9.14,3.243231
9.145,3.243351
9.15,3.243445
9.155,3.243536
9.16,3.243652
9.165,3.243778
9.17,3.24389
9.175,3.243979
9.18,3.244081
9.185,3.244205
9.19,3.244329
9.195,3.244429
9.2,3.244519
9.205,3.244632
9.21,3.244759
9.215,3.244875
9.22,3.244961
9.225,3.245038
9.23,3.245142
9.235,3.245262
9.24,3.245374
9.245,3.245459
9.25,3.245514
9.255,3.245578
9.26,3.245677
9.265,3.245792
9.27,3.245897
9.275,3.245974
9.28,3.246042
9.285,3.24614
9.29,3.246257
9.295,3.246369
9.3,3.246456
9.305,3.24651
9.31,3.246567
9.315,3.246659
9.32,3.246773
9.325,3.246881
9.33,3.246963
9.335,3.247021
9.34,3.247101
9.345,3.247211
9.35,3.247327
9.355,3.247424
9.36,3.247491
9.365,3.247542
9.37,3.247624
9.375,3.247734
9.38,3.247847
9.385,3.247939
9.39,3.247999
9.395,3.24805
9.4,3.248134
9.405,3.248245
9.41,3.248357
9.415,3.248446
9.42,3.248504
9.425,3.24856
9.43,3.248651
9.435,3.248764
9.44,3.248874
9.445,3.248961
9.45,3.249056
9.455,3.249176
9.46,3.249302
9.465,3.24941
9.47,3.249489
9.475,3.249577
9.48,3.249692
9.485,3.249812
9.49,3.249915
9.495,3.249994
9.5,3.25009
9.505,3.25021
9.51,3.250331
9.515,3.25043
9.52,3.250503
9.525,3.250593
9.53,3.250708
9.535,3.250827
9.54,3.250931
9.545,3.251051
9.55,3.251189
9.555,3.251324
9.56,3.251431
9.565,3.251532
9.57,3.251653
9.575,3.251782
9.58,3.251894
9.585,3.251986
9.59,3.252097
9.595,3.252225
9.6,3.252348
9.605,3.252445
9.61,3.252542
9.615,3.252662
9.62,3.252789
9.625,3.252902
9.63,3.253024
9.635,3.253165
9.64,3.253304
9.645,3.253417
9.65,3.253498
9.655,3.253587
9.66,3.2537
9.665,3.253818
9.67,3.253918
9.675,3.253987
9.68,3.254041
9.685,3.254125
9.69,3.254237
9.695,3.25435
9.7,3.254441
9.705,3.254501
9.71,3.254534
9.715,3.25459
9.72,3.254685
9.725,3.254798
9.73,3.254902
9.735,3.254977
9.74,3.25502
9.745,3.255059
9.75,3.255138
9.755,3.255247
9.76,3.255357
9.765,3.255447
9.77,3.255504
9.775,3.255548
9.78,3.255626
9.785,3.255734
9.79,3.255846
9.795,3.255939
9.8,3.256031
9.805,3.256148
9.81,3.256276
9.815,3.256389
9.82,3.256471
9.825,3.256518
9.83,3.256535
9.835,3.256541
9.84,3.256589
9.845,3.256685
9.85,3.256801
9.855,3.256906
9.86,3.256982
9.865,3.257024
9.87,3.257038
9.875,3.257063
9.88,3.257138
9.885,3.257247
9.89,3.257359
9.895,3.257449
9.9,3.257507
9.905,3.257533
9.91,3.257536
9.915,3.25753
9.92,3.25756
9.925,3.257647
9.93,3.257765
9.935,3.257879
9.94,3.257966
9.945,3.258018
9.95,3.258038
9.955,3.258037
9.96,3.258028
9.965,3.25806
9.97,3.25815
9.975,3.258269
9.98,3.258383
9.985,3.25847
9.99,3.258554
9.995,3.258662
10,3.258783
10.005,3.258891
10.01,3.258988
10.015,3.259108
10.02,3.259241
10.025,3.259364
10.03,3.25946
10.035,3.259562
10.04,3.259686
10.045,3.259812
10.05,3.259917
10.055,3.260003
10.06,3.260111
10.065,3.260236
10.07,3.260355
10.075,3.260455
10.08,3.260569
10.085,3.260702
10.09,3.260831
10.095,3.260933
10.1,3.261006
10.105,3.261091
10.11,3.261203
10.115,3.26132
10.12,3.261419
10.125,3.261492
10.13,3.261576
10.135,3.261688
10.14,3.261808
10.145,3.261911
10.15,3.261984
10.155,3.262022
10.16,3.262053
10.165,3.262124
10.17,3.262229
10.175,3.262342
10.18,3.262435
10.185,3.262498
10.19,3.262531
10.195,3.262577
10.2,3.262665
10.205,3.262777
10.21,3.262884
10.215,3.262965
10.22,3.263014
10.225,3.263034
10.23,3.263065
10.235,3.263142
10.24,3.263252
10.245,3.263363
10.25,3.263452
10.255,3.263514
10.26,3.263593
10.265,3.263701
10.27,3.263818
10.275,3.263917
10.28,3.263987
10.285,3.264048
10.29,3.26414
10.295,3.264255
10.3,3.264366
10.305,3.264457
10.31,3.26456
10.315,3.264685
10.32,3.264813
10.325,3.264918
10.33,3.26499
10.335,3.265046
10.34,3.265132
10.345,3.265243
10.35,3.265355
10.355,3.265444
10.36,3.265503
10.365,3.265562
10.37,3.265655
10.375,3.265769
10.38,3.265878
10.385,3.265961
10.39,3.266011
10.395,3.266044
10.4,3.266109
10.405,3.266211
10.41,3.266325
10.415,3.266422
10.42,3.26649
10.425,3.266538
10.43,3.266613
10.435,3.26672
10.44,3.266834
10.445,3.266929
10.45,3.266993
10.455,3.267026
10.46,3.267059
10.465,3.267134
10.47,3.267242
10.475,3.267354
10.48,3.267445
10.485,3.267504
10.49,3.267563
10.495,3.267657
10.5,3.267771
10.505,3.267879
10.51,3.267961
10.515,3.268011
10.52,3.268032
10.525,3.268035
10.53,3.268065
10.535,3.268148
10.54,3.268263
10.545,3.268375
10.55,3.268462
10.555,3.268515
10.56,3.268541
10.565,3.26859
10.57,3.268681
10.575,3.268793
10.58,3.268897
10.585,3.268974
10.59,3.269023
10.595,3.26909
10.6,3.269191
10.605,3.269305
10.61,3.269407
10.615,3.26948
10.62,3.269521
10.625,3.269535
10.63,3.269563
10.635,3.269641
10.64,3.269751
10.645,3.269863
10.65,3.269953
10.655,3.270009
10.66,3.270052
10.665,3.27013
10.67,3.270237
10.675,3.270348
10.68,3.270439
10.685,3.270504
10.69,3.270584
10.695,3.270693
10.7,3.270811
10.705,3.270913
10.71,3.270989
10.715,3.271078
10.72,3.271193
10.725,3.271314
10.73,3.271416
10.735,3.271487
10.74,3.271527
10.745,3.271582
10.75,3.271676
10.755,3.271789
10.76,3.271894
10.765,3.271972
10.77,3.272021
10.775,3.272084
10.78,3.272184
10.785,3.272298
10.79,3.272401
10.795,3.27248
10.8,3.272568
10.805,3.272683
10.81,3.272805
10.815,3.272914
10.82,3.273033
10.825,3.273172
10.83,3.273309
10.835,3.273425
10.84,3.273548
10.845,3.273686
10.85,3.27382
10.855,3.273927
10.86,3.273996
10.865,3.27405
10.87,3.274133
10.875,3.274242
10.88,3.274353
10.885,3.274443
10.89,3.274501
10.895,3.274529
10.9,3.274533
10.905,3.27453
10.91,3.274568
10.915,3.27466
10.92,3.274778
10.925,3.27489
10.93,3.274973
10.935,3.275021
10.94,3.275038
10.945,3.275036
10.95,3.275023
10.955,3.275011
10.96,3.275032
10.965,3.275116
10.97,3.275237
10.975,3.275359
10.98,3.275455
10.985,3.275514
10.99,3.275539
10.995,3.27554
11,3.275528
11.005,3.275514
11.01,3.275502
11.015,3.275504
11.02,3.275562
11.025,3.275672
11.03,3.2758
11.035,3.275912
11.04,3.27599
11.045,3.276031
11.05,3.276042
11.055,3.276035
11.06,3.276021
11.065,3.276007
11.07,3.276011
11.075,3.276075
11.08,3.276188
11.085,3.276315
11.09,3.276424
11.095,3.276497
11.1,3.276533
11.105,3.27655
11.11,3.276601
11.115,3.276695
11.12,3.276807
11.125,3.276909
11.13,3.276986
11.135,3.277073
11.14,3.277187
11.145,3.277308
11.15,3.277412
11.155,3.277502
11.16,3.277615
11.165,3.277743
11.17,3.277863
11.175,3.277978
11.18,3.278116
11.185,3.278259
11.19,3.278383
11.195,3.278481
11.2,3.278592
11.205,3.278719
11.21,3.278841
11.215,3.27894
11.22,3.279039
11.225,3.279162
11.23,3.279291
11.235,3.279403
11.24,3.279515
11.245,3.279648
11.25,3.279785
11.255,3.2799
11.26,3.279997
11.265,3.280112
11.27,3.280241
11.275,3.28036
11.28,3.280457
11.285,3.280565
11.29,3.280693
11.295,3.280821
11.3,3.280925
11.305,3.281001
11.31,3.281092
11.315,3.281207
11.32,3.281325
11.325,3.281427
11.33,3.281536
11.335,3.281667
11.34,3.281801
11.345,3.281912
11.35,3.281987
11.355,3.282027
11.36,3.282037
11.365,3.282031
11.37,3.282018
11.375,3.282006
11.38,3.281997
11.385,3.281993
11.39,3.281993
11.395,3.281995
11.4,3.281997
11.405,3.281999
11.41,3.282001
11.415,3.282001
11.42,3.282001
11.425,3.282001
11.43,3.282
11.435,3.282
11.44,3.282
11.445,3.282
11.45,3.282
11.455,3.282
11.46,3.282
11.465,3.282
11.47,3.28201
11.475,3.282073
11.48,3.282183
11.485,3.282309
11.49,3.282418
11.495,3.282492
11.5,3.282531
11.505,3.282541
11.51,3.282533
11.515,3.28252
11.52,3.282506
11.525,3.282514
11.53,3.282583
11.535,3.282699
11.54,3.282825
11.545,3.282931
11.55,3.283023
11.555,3.283135
11.56,3.28326
11.565,3.283374
11.57,3.28346
11.575,3.283511
11.58,3.283554
11.585,3.283633
11.59,3.283741
11.595,3.283853
11.6,3.283948
11.605,3.284056
11.61,3.284186
11.615,3.284316
11.62,3.284424
11.625,3.284532
11.63,3.284661
11.635,3.284794
11.64,3.284905
11.645,3.284983
11.65,3.285056
11.655,3.285158
11.66,3.285275
11.665,3.285384
11.67,3.285465
11.675,3.285521
11.68,3.2856
11.685,3.285708
11.69,3.285823
11.695,3.285922
11.7,3.285991
11.705,3.286061
11.71,3.286163
11.715,3.28628
11.72,3.286388
11.725,3.286468
11.73,3.286525
11.735,3.286604
11.74,3.286713
11.745,3.286828
11.75,3.286925
11.755,3.286991
11.76,3.287043
11.765,3.287126
11.77,3.287237
11.775,3.287349
11.78,3.287441
11.785,3.2875
11.79,3.287529
11.795,3.287534
11.8,3.287526
11.805,3.287514
11.81,3.287503
11.815,3.287497
11.82,3.287494
11.825,3.287494
11.83,3.287496
11.835,3.287498
11.84,3.2875
11.845,3.287501
11.85,3.287501
11.855,3.287501
11.86,3.287501
11.865,3.2875
11.87,3.2875
11.875,3.2875
11.88,3.2875
11.885,3.2875
11.89,3.2875
11.895,3.2875
11.9,3.2875
11.905,3.2875
11.91,3.2875
11.915,3.2875
11.92,3.2875
11.925,3.2875
11.93,3.287523
11.935,3.287602
11.94,3.287721
11.945,3.287844
11.95,3.287944
11.955,3.288007
11.96,3.288036
11.965,3.28804
11.97,3.28803
11.975,3.288028
11.98,3.288083
11.985,3.288189
11.99,3.288311
11.995,3.288434
12,3.288578
12.005,3.288731
12.01,3.288893
12.015,3.289074
12.02,3.289251
12.025,3.289395
12.03,3.289523
12.035,3.289662
12.04,3.289797
12.045,3.289908
12.05,3.289992
12.055,3.29009
12.06,3.290211
12.065,3.290331
12.07,3.29043
12.075,3.290502
12.08,3.290589
12.085,3.290703
12.09,3.290822
12.095,3.290922
12.1,3.291001
12.105,3.291099
12.11,3.29122
12.115,3.29134
12.12,3.291437
12.125,3.291533
12.13,3.291653
12.135,3.291781
12.14,3.291894
12.145,3.291984
12.15,3.29209
12.155,3.292216
12.16,3.292339
12.165,3.292438
12.17,3.292537
12.175,3.29266
12.18,3.292789
12.185,3.2929
12.19,3.293004
12.195,3.29313
12.2,3.293264
12.205,3.293383
12.21,3.293469
12.215,3.293518
12.22,3.293536
12.225,3.293534
12.23,3.293524
12.235,3.293547
12.24,3.29363
12.245,3.293748
12.25,3.293866
12.255,3.293958
12.26,3.294015
12.265,3.294038
12.27,3.294038
12.275,3.294027
12.28,3.294013
12.285,3.294001
12.29,3.293995
12.295,3.293993
12.3,3.293994
12.305,3.293996
12.31,3.293998
12.315,3.294
12.32,3.294001
12.325,3.294001
12.33,3.294001
12.335,3.294001
12.34,3.294
12.345,3.294
12.35,3.294
12.355,3.294
12.36,3.294
12.365,3.294
12.37,3.294
12.375,3.294
12.38,3.294
12.385,3.294
12.39,3.294
12.395,3.294
12.4,3.294
12.405,3.294
12.41,3.294
12.415,3.294
12.42,3.294
12.425,3.294007
12.43,3.294064
12.435,3.294171
12.44,3.294297
12.445,3.294408
12.45,3.294487
12.455,3.294528
12.46,3.294541
12.465,3.294535
12.47,3.294521
12.475,3.294507
12.48,3.294498
12.485,3.294493
12.49,3.294493
12.495,3.294494
12.5,3.294497
12.505,3.294499
12.51,3.294511
12.515,3.294574
12.52,3.294684
12.525,3.29481
12.53,3.294918
12.535,3.295
12.54,3.295094
12.545,3.295211
12.55,3.295333
12.555,3.295477
12.56,3.295642
12.565,3.295803
12.57,3.29597
12.575,3.296147
12.58,3.29631
12.585,3.296471
12.59,3.296641
12.595,3.296799
12.6,3.296937
12.605,3.297087
12.61,3.297239
12.615,3.297394
12.62,3.29757
12.625,3.297745
12.63,3.297924
12.635,3.298113
12.64,3.298302
12.645,3.298506
12.65,3.298704
12.655,3.298866
12.66,3.298977
12.665,3.299034
12.67,3.299051
12.675,3.299044
12.68,3.299026
12.685,3.299009
12.69,3.298996
12.695,3.298991
12.7,3.29899
12.705,3.299013
12.71,3.299094
12.715,3.299215
12.72,3.29934
12.725,3.299442
12.73,3.299507
12.735,3.299537
12.74,3.299541
12.745,3.29953
12.75,3.299516
12.755,3.299503
12.76,3.299496
12.765,3.299493
12.77,3.299493
12.775,3.299495
12.78,3.299498
12.785,3.2995
12.79,3.299501
12.795,3.299501
12.8,3.299501
12.805,3.299501
12.81,3.2995
12.815,3.2995
12.82,3.2995
12.825,3.2995
12.83,3.2995
12.835,3.2995
12.84,3.2995
12.845,3.2995
12.85,3.2995
12.855,3.2995
12.86,3.2995
12.865,3.2995
12.87,3.2995
12.875,3.2995
12.88,3.2995
12.885,3.2995
12.89,3.2995
12.895,3.299508
12.9,3.299567
12.905,3.299676
12.91,3.299801
12.915,3.299912
12.92,3.299989
12.925,3.300029
12.93,3.300055
12.935,3.300118
12.94,3.300219
12.945,3.30033
12.95,3.30043
12.955,3.300544
12.96,3.30068
12.965,3.300814
12.97,3.300927
12.975,3.301044
12.98,3.301179
12.985,3.301312
12.99,3.301445
12.995,3.301598
13,3.301754
13.005,3.301886
13.01,3.302005
13.015,3.302139
13.02,3.302275
13.025,3.302396
13.03,3.302524
13.035,3.302669
13.04,3.30281
13.045,3.302927
13.05,3.303049
13.055,3.303188
13.06,3.303321
13.065,3.303427
13.07,3.303522
13.075,3.303638
13.08,3.303765
13.085,3.30388
13.09,3.303993
13.095,3.304127
13.1,3.304267
13.105,3.304389
13.11,3.304501
13.115,3.304632
13.12,3.304769
13.125,3.304887
13.13,3.304972
13.135,3.305019
13.14,3.305036
13.145,3.305033
13.15,3.305021
13.155,3.305009
13.16,3.304999
13.165,3.304994
13.17,3.304993
13.175,3.304994
13.18,3.304997
13.185,3.304999
13.19,3.305
13.195,3.305001
13.2,3.305001
13.205,3.305001
13.21,3.305
13.215,3.305
13.22,3.305
13.225,3.305
13.23,3.305
13.235,3.305
13.24,3.305
13.245,3.305
13.25,3.305
13.255,3.305
13.26,3.305
13.265,3.305
13.27,3.305
13.275,3.305
13.28,3.305
13.285,3.305
13.29,3.305
13.295,3.305
13.3,3.305
13.305,3.305
13.31,3.305
13.315,3.305
13.32,3.305
13.325,3.305
13.33,3.305
13.335,3.305
13.34,3.305
13.345,3.305
13.35,3.305
13.355,3.305
13.36,3.305
13.365,3.305
13.37,3.305
13.375,3.305
13.38,3.305
13.385,3.305
13.39,3.305
13.395,3.305
13.4,3.305
13.405,3.305
13.41,3.305
13.415,3.305
13.42,3.305
13.425,3.305
13.43,3.305
13.435,3.305
13.44,3.305028
13.445,3.305113
13.45,3.305234
13.455,3.305356
13.46,3.305452
13.465,3.305527
13.47,3.305623
13.475,3.30574
13.48,3.305865
13.485,3.30602
13.49,3.30619
13.495,3.306343
13.5,3.306486
13.505,3.306639
13.51,3.306786
13.515,3.306928
13.52,3.307088
13.525,3.307248
13.53,3.307395
13.535,3.307554
13.54,3.307717
13.545,3.307858
13.55,3.30796
13.555,3.308021
13.56,3.308085
13.565,3.308181
13.57,3.308292
13.575,3.308395
13.58,3.308471
13.585,3.308515
13.59,3.308544
13.595,3.308607
13.6,3.308709
13.605,3.308823
13.61,3.308921
13.615,3.308996
13.62,3.309084
13.625,3.309199
13.63,3.309319
13.635,3.30942
13.64,3.309489
13.645,3.309525
13.65,3.309537
13.655,3.309571
13.66,3.309655
13.665,3.309767
13.67,3.309877
13.675,3.309962
13.68,3.310014
13.685,3.310035
13.69,3.310042
13.695,3.310088
13.7,3.310182
13.705,3.310298
13.71,3.310403
13.715,3.31048
13.72,3.310523
13.725,3.310538
13.73,3.310568
13.735,3.310647
13.74,3.310757
13.745,3.310868
13.75,3.310955
13.755,3.31101
13.76,3.311048
13.765,3.311119
13.77,3.311224
13.775,3.311336
13.78,3.31143
13.785,3.311494
13.79,3.311527
13.795,3.311535
13.8,3.311528
13.805,3.311516
13.81,3.311505
13.815,3.311497
13.82,3.311494
13.825,3.311494
13.83,3.311496
13.835,3.311505
13.84,3.311562
13.845,3.311669
13.85,3.311795
13.855,3.311907
13.86,3.311986
13.865,3.312028
13.87,3.312041
13.875,3.312035
13.88,3.312021
13.885,3.312008
13.89,3.311998
13.895,3.311993
13.9,3.311993
13.905,3.311994
13.91,3.311997
13.915,3.311999
13.92,3.312001
13.925,3.312001
13.93,3.312001
13.935,3.312001
13.94,3.312
13.945,3.312
13.95,3.312
13.955,3.312
13.96,3.312
13.965,3.312
13.97,3.312
13.975,3.312
13.98,3.312
13.985,3.312
13.99,3.312
13.995,3.312
14,3.312014
14.005,3.312082
14.01,3.312196
14.015,3.312321
14.02,3.312427
14.025,3.312498
14.03,3.312533
14.035,3.312541
14.04,3.312532
14.045,3.312518
14.05,3.312505
14.055,3.312497
14.06,3.312493
14.065,3.312493
14.07,3.312512
14.075,3.312587
14.08,3.312705
14.085,3.312831
14.09,3.312935
14.095,3.313007
14.1,3.313089
14.105,3.313197
14.11,3.313313
14.115,3.313413
14.12,3.313483
14.125,3.313523
14.13,3.313574
14.135,3.313664
14.14,3.313777
14.145,3.313884
14.15,3.313965
14.155,3.314014
14.16,3.314039
14.165,3.31409
14.17,3.314184
14.175,3.314297
14.18,3.314401
14.185,3.314477
14.19,3.314522
14.195,3.31458
14.2,3.314674
14.205,3.314787
14.21,3.314892
14.215,3.31497
14.22,3.315023
14.225,3.315097
14.23,3.315203
14.235,3.315318
14.24,3.315417
14.245,3.315487
14.25,3.315555
14.255,3.315654
14.26,3.315771
14.265,3.31588
14.27,3.315966
14.275,3.31606
14.28,3.316179
14.285,3.316304
14.29,3.316416
14.295,3.31654
14.3,3.316682
14.305,3.31682
14.31,3.316929
14.315,3.316999
14.32,3.317032
14.325,3.317039
14.33,3.31703
14.335,3.317016
14.34,3.317004
14.345,3.316996
14.35,3.316993
14.355,3.316993
14.36,3.316995
14.365,3.316998
14.37,3.317
14.375,3.317001
14.38,3.317001
14.385,3.317001
14.39,3.317001
14.395,3.317
14.4,3.317001
14.405,3.317038
14.41,3.31713
14.415,3.317254
14.42,3.317373
14.425,3.317464
14.43,3.317518
14.435,3.317539
14.44,3.317538
14.445,3.317526
14.45,3.317512
14.455,3.317501
14.46,3.317494
14.465,3.317493
14.47,3.317494
14.475,3.317496
14.48,3.317498
14.485,3.3175
14.49,3.317501
14.495,3.317501
14.5,3.317501
14.505,3.317501
14.51,3.3175
14.515,3.3175
14.52,3.3175
14.525,3.3175
14.53,3.3175
14.535,3.3175
14.54,3.3175
14.545,3.3175
14.55,3.3175
14.555,3.3175
14.56,3.3175
14.565,3.3175
14.57,3.3175
14.575,3.3175
14.58,3.317501
14.585,3.317535
14.59,3.317626
14.595,3.317749
14.6,3.317869
14.605,3.317961
14.61,3.318017
14.615,3.318039
14.62,3.318038
14.625,3.318026
14.63,3.318012
14.635,3.318008
14.64,3.318057
14.645,3.318161
14.65,3.318288
14.655,3.318403
14.66,3.318516
14.665,3.31865
14.67,3.318786
14.675,3.318901
14.68,3.318983
14.685,3.319067
14.69,3.319177
14.695,3.319296
14.7,3.319401
14.705,3.319493
14.71,3.319607
14.715,3.319737
14.72,3.319858
14.725,3.319951
14.73,3.320009
14.735,3.320033
14.74,3.32004
14.745,3.320082
14.75,3.320173
14.755,3.320288
14.76,3.320396
14.765,3.320475
14.77,3.32052
14.775,3.320537
14.78,3.320534
14.785,3.320522
14.79,3.320509
14.795,3.3205
14.8,3.320497
14.805,3.320535
14.81,3.320632
14.815,3.320758
14.82,3.320878
14.825,3.320969
14.83,3.321021
14.835,3.321041
14.84,3.321038
14.845,3.321026
14.85,3.321011
14.855,3.321
14.86,3.320994
14.865,3.320992
14.87,3.320996
14.875,3.321038
14.88,3.321136
14.885,3.321262
14.89,3.321381
14.895,3.32147
14.9,3.321521
14.905,3.32154
14.91,3.321538
14.915,3.321525
14.92,3.321511
14.925,3.3215
14.93,3.321494
14.935,3.321493
14.94,3.321494
14.945,3.321496
14.95,3.321499
14.955,3.321523
14.96,3.321603
14.965,3.321722
14.97,3.321845
14.975,3.321944
14.98,3.322008
14.985,3.322036
14.99,3.32204
14.995,3.322029
15,3.322015
15.005,3.322003
15.01,3.321996
15.015,3.321993
15.02,3.321993
15.025,3.321995
15.03,3.321998
15.035,3.322
15.04,3.322002
15.045,3.322035
15.05,3.322125
15.055,3.322247
15.06,3.322367
15.065,3.32246
15.07,3.322516
15.075,3.322538
15.08,3.322538
15.085,3.322527
15.09,3.322513
15.095,3.322501
15.1,3.322495
15.105,3.322493
15.11,3.322494
15.115,3.322496
15.12,3.322498
15.125,3.322525
15.13,3.322607
15.135,3.322727
15.14,3.32285
15.145,3.322948
15.15,3.323009
15.155,3.323037
15.16,3.323039
15.165,3.323029
15.17,3.323015
15.175,3.323003
15.18,3.322995
15.185,3.322993
15.19,3.323008
15.195,3.323079
15.2,3.323196
15.205,3.323323
15.21,3.323429
15.215,3.3235
15.22,3.323534
15.225,3.323544
15.23,3.323577
15.235,3.32366
15.24,3.323771
15.245,3.32388
15.25,3.323964
15.255,3.324016
15.26,3.324075
15.265,3.32417
15.27,3.324283
15.275,3.324389
15.28,3.324468
15.285,3.324517
15.29,3.324575
15.295,3.324669
15.3,3.324783
15.305,3.324889
15.31,3.324969
15.315,3.325016
15.32,3.325064
15.325,3.325149
15.33,3.325261
15.335,3.32537
15.34,3.325455
15.345,3.325508
15.35,3.325534
15.355,3.325576
15.36,3.325662
15.365,3.325774
15.37,3.325882
15.375,3.325964
15.38,3.326016
15.385,3.326077
15.39,3.326174
15.395,3.326288
15.4,3.326393
15.405,3.326471
15.41,3.326516
15.415,3.326538
15.42,3.326587
15.425,3.32668
15.43,3.326793
15.435,3.326898
15.44,3.326975
15.445,3.327019
15.45,3.327035
15.455,3.327033
15.46,3.327021
15.465,3.327009
15.47,3.327
15.475,3.326995
15.48,3.326993
15.485,3.326995
15.49,3.326997
15.495,3.326999
15.5,3.327
15.505,3.327001
15.51,3.327001
15.515,3.327001
15.52,3.327
15.525,3.327
15.53,3.327
15.535,3.327
15.54,3.327
15.545,3.327
15.55,3.327
15.555,3.327016
15.56,3.327088
15.565,3.327203
15.57,3.327328
15.575,3.327432
15.58,3.327501
15.585,3.327534
15.59,3.32754
15.595,3.327531
15.6,3.327517
15.605,3.327505
15.61,3.327496
15.615,3.327493
15.62,3.327493
15.625,3.327495
15.63,3.327498
15.635,3.3275
15.64,3.327501
15.645,3.327501
15.65,3.327501
15.655,3.327501
15.66,3.3275
15.665,3.3275
15.67,3.3275
15.675,3.3275
15.68,3.3275
15.685,3.3275
15.69,3.3275
15.695,3.3275
15.7,3.3275
15.705,3.3275
15.71,3.327503
15.715,3.327548
15.72,3.327647
15.725,3.327772
15.73,3.327888
15.735,3.327974
15.74,3.328023
15.745,3.32804
15.75,3.328037
15.755,3.328024
15.76,3.32801
15.765,3.327999
15.77,3.327994
15.775,3.327993
15.78,3.327994
15.785,3.327996
15.79,3.328
15.795,3.328037
15.8,3.328129
15.805,3.328253
15.81,3.328372
15.815,3.328463
15.82,3.328525
15.825,3.328603
15.83,3.328709
15.835,3.328823
15.84,3.32892
15.845,3.329
15.85,3.329101
15.855,3.329224
15.86,3.329344
15.865,3.32944
15.87,3.329502
15.875,3.329554
15.88,3.329639
15.885,3.32975
15.89,3.329861
15.895,3.329949
15.9,3.330005
15.905,3.330051
15.91,3.330131
15.915,3.330241
15.92,3.330353
15.925,3.330443
15.93,3.330502
15.935,3.330533
15.94,3.330582
15.945,3.330673
15.95,3.330786
15.955,3.330891
15.96,3.33097
15.965,3.331017
15.97,3.331046
15.975,3.331111
15.98,3.331213
15.985,3.331326
15.99,3.331423
15.995,3.331491
16,3.331534
16.005,3.331601
16.01,3.331703
16.015,3.331816
16.02,3.331916
16.025,3.331985
16.03,3.332023
16.035,3.332034
16.04,3.33203
16.045,3.332018
16.05,3.332007
16.055,3.331998
16.06,3.331994
16.065,3.331994
16.07,3.331997
16.075,3.332039
16.08,3.332137
16.085,3.332262
16.09,3.332381
16.095,3.332469
16.1,3.332521
16.105,3.33254
16.11,3.332538
16.115,3.332525
16.12,3.332511
16.125,3.3325
16.13,3.332494
16.135,3.332493
16.14,3.332494
16.145,3.332496
16.15,3.332499
16.155,3.3325
16.16,3.332501
16.165,3.332501
16.17,3.332501
16.175,3.332501
16.18,3.3325
16.185,3.3325
16.19,3.3325
16.195,3.3325
16.2,3.3325
16.205,3.3325
16.21,3.3325
16.215,3.3325
16.22,3.3325
16.225,3.3325
16.23,3.3325
16.235,3.3325
16.24,3.3325
16.245,3.3325
16.25,3.3325
16.255,3.3325
16.26,3.3325
16.265,3.33251
16.27,3.332571
16.275,3.332681
16.28,3.332806
16.285,3.332916
16.29,3.332991
16.295,3.33303
16.3,3.333041
16.305,3.333034
16.31,3.33302
16.315,3.333007
16.32,3.332997
16.325,3.332993
16.33,3.332993
16.335,3.332995
16.34,3.332997
16.345,3.332999
16.35,3.333001
16.355,3.333001
16.36,3.333013
16.365,3.333079
16.37,3.333191
16.375,3.333316
16.38,3.333423
16.385,3.333495
16.39,3.333532
16.395,3.333541
16.4,3.333533
16.405,3.333519
16.41,3.333507
16.415,3.333532
16.42,3.333619
16.425,3.333742
16.43,3.333864
16.435,3.333958
16.44,3.334017
16.445,3.334072
16.45,3.334161
16.455,3.334271
16.46,3.334378
16.465,3.334459
16.47,3.334513
16.475,3.334582
16.48,3.334684
16.485,3.3348
16.49,3.334903
16.495,3.334978
16.5,3.33502
16.505,3.335063
16.51,3.335146
16.515,3.335256
16.52,3.335366
16.525,3.335453
16.53,3.335507
16.535,3.335531
16.54,3.335534
16.545,3.335527
16.55,3.335553
16.555,3.335637
16.56,3.335755
16.565,3.335871
16.57,3.335961
16.575,3.336016
16.58,3.336038
16.585,3.336045
16.59,3.33609
16.595,3.336183
16.6,3.336298
16.605,3.336403
16.61,3.336479
16.615,3.336522
16.62,3.336537
16.625,3.336536
16.63,3.336566
16.635,3.336651
16.64,3.336766
16.645,3.336878
16.65,3.336964
16.655,3.337016
16.66,3.337037
16.665,3.337051
16.67,3.337109
16.675,3.33721
16.68,3.337324
16.685,3.337423
16.69,3.337492
16.695,3.337527
16.7,3.337537
16.705,3.33753
16.71,3.337518
16.715,3.337506
16.72,3.337498
16.725,3.337494
16.73,3.337494
16.735,3.337495
16.74,3.337497
16.745,3.337499
16.75,3.337502
16.755,3.337536
16.76,3.337627
16.765,3.33775
16.77,3.337869
16.775,3.337961
16.78,3.338016
16.785,3.338039
16.79,3.338038
16.795,3.338026
16.8,3.338012
16.805,3.338001
16.81,3.337995
16.815,3.337993
16.82,3.337994
16.825,3.337996
16.83,3.337998
16.835,3.338
16.84,3.338001
16.845,3.338001
16.85,3.338001
16.855,3.338001
16.86,3.338
16.865,3.338
16.87,3.338
16.875,3.338
16.88,3.338
16.885,3.338
16.89,3.338
16.895,3.338008
16.9,3.338067
16.905,3.338176
16.91,3.338302
16.915,3.338412
16.92,3.338489
16.925,3.338529
16.93,3.338541
16.935,3.338534
16.94,3.33852
16.945,3.338507
16.95,3.338498
16.955,3.338493
16.96,3.338493
16.965,3.338495
16.97,3.338497
16.975,3.338499
16.98,3.338501
16.985,3.338501
16.99,3.338501
16.995,3.338501
17,3.3385
17.005,3.338516
17.01,3.338588
17.015,3.338703
17.02,3.338828
17.025,3.338932
17.03,3.339001
17.035,3.339034
17.04,3.33904
17.045,3.339031
17.05,3.339017
17.055,3.339005
17.06,3.338996
17.065,3.338993
17.07,3.338993
17.075,3.33901
17.08,3.339081
17.085,3.339198
17.09,3.339324
17.095,3.33943
17.1,3.3395
17.105,3.339534
17.11,3.339541
17.115,3.339532
17.12,3.339518
17.125,3.339505
17.13,3.339496
17.135,3.339493
17.14,3.339493
17.145,3.339495
17.15,3.339507
17.155,3.339569
17.16,3.339679
17.165,3.339805
17.17,3.339915
17.175,3.339991
17.18,3.34003
17.185,3.340041
17.19,3.340034
17.195,3.34002
17.2,3.340007
17.205,3.339997
17.21,3.339993
17.215,3.339993
17.22,3.339995
17.225,3.340009
17.23,3.340077
17.235,3.340191
17.24,3.340317
17.245,3.340424
17.25,3.340496
17.255,3.340532
17.26,3.340541
17.265,3.340533
17.27,3.340518
17.275,3.340505
17.28,3.340497
17.285,3.340493
17.29,3.340493
17.295,3.340517
17.3,3.340599
17.305,3.34072
17.31,3.340845
17.315,3.340945
17.32,3.341009
17.325,3.341037
17.33,3.34104
17.335,3.34103
17.34,3.341015
17.345,3.341003
17.35,3.340995
17.355,3.340993
17.36,3.340993
17.365,3.340996
17.37,3.341023
17.375,3.341106
17.38,3.341227
17.385,3.34135
17.39,3.341448
17.395,3.34151
17.4,3.341537
17.405,3.34154
17.41,3.341529
17.415,3.341515
17.42,3.341503
17.425,3.341495
17.43,3.341493
17.435,3.341493
17.44,3.341496
17.445,3.341528
17.45,3.341617
17.455,3.34174
17.46,3.341861
17.465,3.341956
17.47,3.342014
17.475,3.342038
17.48,3.342039
17.485,3.342027
17.49,3.342013
17.495,3.342002
17.5,3.341995
17.505,3.341993
17.51,3.341994
17.515,3.341997
17.52,3.342032
17.525,3.342124
17.53,3.342247
17.535,3.342368
17.54,3.342461
17.545,3.342516
17.55,3.342539
17.555,3.342538
17.56,3.342527
17.565,3.342512
17.57,3.342501
17.575,3.342495
17.58,3.342493
17.585,3.342494
17.59,3.342496
17.595,3.342515
17.6,3.34259
17.605,3.342707
17.61,3.342832
17.615,3.342935
17.62,3.343002
17.625,3.343035
17.63,3.34304
17.635,3.343031
17.64,3.343017
17.645,3.343004
17.65,3.342996
17.655,3.342993
17.66,3.342993
17.665,3.342999
17.67,3.343047
17.675,3.343149
17.68,3.343275
17.685,3.343391
17.69,3.343476
17.695,3.343524
17.7,3.34354
17.705,3.343537
17.71,3.343523
17.715,3.343509
17.72,3.343499
17.725,3.343494
17.73,3.343493
17.735,3.343494
17.74,3.343499
17.745,3.343545
17.75,3.343645
17.755,3.34377
17.76,3.343887
17.765,3.343973
17.77,3.344023
17.775,3.34404
17.78,3.344037
17.785,3.344024
17.79,3.34401
17.795,3.343999
17.8,3.343994
17.805,3.343993
17.81,3.343994
17.815,3.343996
17.82,3.34402
17.825,3.3441
17.83,3.34422
17.835,3.344343
17.84,3.344443
17.845,3.344507
17.85,3.344536
17.855,3.34454
17.86,3.34453
17.865,3.344515
17.87,3.344503
17.875,3.344496
17.88,3.344493
17.885,3.344493
17.89,3.344505
17.895,3.344569
17.9,3.344681
17.905,3.344807
17.91,3.344917
17.915,3.344992
17.92,3.345031
17.925,3.345041
17.93,3.345034
17.935,3.34502
17.94,3.345006
17.945,3.345009
17.95,3.345069
17.955,3.345181
17.96,3.345308
17.965,3.345418
17.97,3.345494
17.975,3.345532
17.98,3.345542
17.985,3.345534
17.99,3.34552
17.995,3.345506
18,3.345497
18.005,3.345499
18.01,3.345551
18.015,3.345658
18.02,3.345786
18.025,3.345901
18.03,3.345984
18.035,3.346028
18.04,3.346042
18.045,3.346036
18.05,3.346022
18.055,3.346008
18.06,3.345998
18.065,3.345993
18.07,3.345993
18.075,3.34601
18.08,3.346085
18.085,3.346202
18.09,3.346328
18.095,3.346433
18.1,3.346502
18.105,3.346535
18.11,3.346541
18.115,3.346532
18.12,3.346517
18.125,3.346504
18.13,3.346496
18.135,3.346493
18.14,3.346493
18.145,3.346495
18.15,3.346522
18.155,3.346606
18.16,3.346727
18.165,3.34685
18.17,3.346948
18.175,3.34701
18.18,3.347037
18.185,3.34704
18.19,3.347029
18.195,3.347015
18.2,3.347003
18.205,3.346995
18.21,3.346993
18.215,3.346993
18.22,3.347002
18.225,3.347058
18.23,3.347166
18.235,3.347293
18.24,3.347405
18.245,3.347485
18.25,3.347528
18.255,3.347541
18.26,3.347535
18.265,3.347521
18.27,3.347508
18.275,3.347498
18.28,3.347493
18.285,3.347493
18.29,3.347494
18.295,3.347497
18.3,3.347499
18.305,3.347518
18.31,3.347593
18.315,3.34771
18.32,3.347834
18.325,3.347936
18.33,3.348003
18.335,3.348035
18.34,3.34804
18.345,3.348031
18.35,3.348017
18.355,3.348004
18.36,3.347996
18.365,3.347993
18.37,3.347993
18.375,3.347995
18.38,3.347998
18.385,3.348
18.39,3.34802
18.395,3.348097
18.4,3.348214
18.405,3.348338
18.41,3.348439
18.415,3.348505
18.42,3.348535
18.425,3.34854
18.43,3.34853
18.435,3.348516
18.44,3.348504
18.445,3.348496
18.45,3.348493
18.455,3.348493
18.46,3.348495
18.465,3.348498
18.47,3.3485
18.475,3.348501
18.48,3.348518
18.485,3.348591
18.49,3.348707
18.495,3.348831
18.5,3.348934
18.505,3.349002
18.51,3.349034
18.515,3.34904
18.52,3.349031
18.525,3.349017
18.53,3.349004
18.535,3.348996
18.54,3.348993
18.545,3.348993
18.55,3.348995
18.555,3.348998
18.56,3.349002
18.565,3.349047
18.57,3.349146
18.575,3.34927
18.58,3.349387
18.585,3.349473
18.59,3.349522
18.595,3.34954
18.6,3.349537
18.605,3.349524
18.61,3.34951
18.615,3.3495
18.62,3.349498
18.625,3.349543
18.63,3.349646
18.635,3.349773
18.64,3.349891
18.645,3.349977
18.65,3.350025
18.655,3.350041
18.66,3.350037
18.665,3.350024
18.67,3.35001
18.675,3.349999
18.68,3.349994
18.685,3.349992
18.69,3.35
18.695,3.350057
18.7,3.350165
18.705,3.350292
18.71,3.350405
18.715,3.350485
18.72,3.350528
18.725,3.350541
18.73,3.350535
18.735,3.350521
18.74,3.350508
18.745,3.350498
18.75,3.350493
18.755,3.350493
18.76,3.350494
18.765,3.350508
18.77,3.350574
18.775,3.350686
18.78,3.350812
18.785,3.350921
18.79,3.350994
18.795,3.351032
18.8,3.351041
18.805,3.351033
18.81,3.351019
18.815,3.351006
18.82,3.350997
18.825,3.350995
18.83,3.351036
18.835,3.351135
18.84,3.351261
18.845,3.351381
18.85,3.35147
18.855,3.351522
18.86,3.351541
18.865,3.351538
18.87,3.351525
18.875,3.351511
18.88,3.3515
18.885,3.351507
18.89,3.351573
18.895,3.351687
18.9,3.351815
18.905,3.351923
18.91,3.351997
18.915,3.352034
18.92,3.352042
18.925,3.352033
18.93,3.352019
18.935,3.352013
18.94,3.35206
18.945,3.352164
18.95,3.352289
18.955,3.352403
18.96,3.352484
18.965,3.352528
18.97,3.352541
18.975,3.352536
18.98,3.352522
18.985,3.35253
18.99,3.352598
18.995,3.352712
19,3.352835
19.005,3.352937
19.01,3.353003
19.015,3.353035
19.02,3.35304
19.025,3.353031
19.03,3.353017
19.035,3.353004
19.04,3.352996
19.045,3.352993
19.05,3.352994
19.055,3.353025
19.06,3.353115
19.065,3.353238
19.07,3.353361
19.075,3.353456
19.08,3.353514
19.085,3.353539
19.09,3.353539
19.095,3.353528
19.1,3.353513
19.105,3.353502
19.11,3.353495
19.115,3.353493
19.12,3.353493
19.125,3.353496
19.13,3.353498
19.135,3.3535
19.14,3.353501
19.145,3.353501
19.15,3.353501
19.155,3.353501
19.16,3.3535
19.165,3.3535
19.17,3.3535
19.175,3.3535
19.18,3.353507
19.185,3.353564
19.19,3.353671
19.195,3.353797
19.2,3.353908
19.205,3.353987
19.21,3.354028
19.215,3.354041
19.22,3.354035
19.225,3.354021
19.23,3.354007
19.235,3.353998
19.24,3.353993
19.245,3.353993
19.25,3.353994
19.255,3.353997
19.26,3.353999
19.265,3.354001
19.27,3.354001
19.275,3.354001
19.28,3.354001
19.285,3.354
19.29,3.354
19.295,3.354015
19.3,3.354086
19.305,3.354201
19.31,3.354325
19.315,3.35443
19.32,3.3545
19.325,3.354534
19.33,3.354541
19.335,3.354532
19.34,3.354518
19.345,3.354505
19.35,3.354496
19.355,3.354493
19.36,3.354493
19.365,3.354495
19.37,3.354498
19.375,3.3545
19.38,3.354501
19.385,3.354506
19.39,3.354557
19.395,3.354659
19.4,3.354785
19.405,3.354898
19.41,3.35498
19.415,3.355026
19.42,3.35504
19.425,3.355036
19.43,3.355022
19.435,3.355009
19.44,3.354999
19.445,3.354994
19.45,3.354993
19.455,3.354994
19.46,3.355019
19.465,3.355101
19.47,3.355221
19.475,3.355345
19.48,3.355445
19.485,3.355508
19.49,3.355537
19.495,3.35554
19.5,3.355529
19.505,3.355515
19.51,3.355503
19.515,3.355495
19.52,3.355493
19.525,3.355493
19.53,3.355497
19.535,3.355533
19.54,3.355626
19.545,3.35575
19.55,3.35587
19.555,3.355962
19.56,3.356017
19.565,3.356039
19.57,3.356038
19.575,3.356026
19.58,3.356012
19.585,3.356001
19.59,3.355994
19.595,3.355993
19.6,3.355994
19.605,3.355996
19.61,3.356013
19.615,3.356084
19.62,3.356199
19.625,3.356324
19.63,3.356429
19.635,3.356499
19.64,3.356533
19.645,3.35654
19.65,3.356532
19.655,3.356518
19.66,3.356505
19.665,3.356496
19.67,3.356493
19.675,3.356493
19.68,3.356496
19.685,3.35653
19.69,3.356621
19.695,3.356745
19.7,3.356866
19.705,3.356959
19.71,3.357016
19.715,3.357039
19.72,3.357039
19.725,3.357027
19.73,3.357013
19.735,3.357001
19.74,3.356995
19.745,3.356993
19.75,3.356994
19.755,3.357001
19.76,3.357055
19.765,3.357161
19.77,3.357288
19.775,3.357401
19.78,3.357483
19.785,3.357527
19.79,3.357541
19.795,3.357535
19.8,3.357522
19.805,3.357508
19.81,3.357498
19.815,3.357494
19.82,3.357493
19.825,3.357498
19.83,3.357546
19.835,3.357648
19.84,3.357775
19.845,3.357891
19.85,3.357976
19.855,3.358024
19.86,3.358041
19.865,3.358037
19.87,3.358024
19.875,3.358009
19.88,3.357999
19.885,3.357994
19.89,3.357993
19.895,3.357995
19.9,3.358033
19.905,3.358127
19.91,3.358252
19.915,3.358372
19.92,3.358464
19.925,3.358518
19.93,3.358539
19.935,3.358538
19.94,3.358526
19.945,3.358512
19.95,3.358501
19.955,3.358494
19.96,3.358505
19.965,3.358572
19.97,3.358687
19.975,3.358814
19.98,3.358923
19.985,3.358997
19.99,3.359033
19.995,3.359042
20,3.359033
20.005,3.359019
20.01,3.359006
20.015,3.359011
20.02,3.359077
20.025,3.359191
20.03,3.359318
20.035,3.359426
20.04,3.359498
20.045,3.359534
20.05,3.359542
20.055,3.359533
20.06,3.359519
20.065,3.359505
20.07,3.359497
20.075,3.359493
20.08,3.359493
20.085,3.359506
20.09,3.359574
20.095,3.359688
20.1,3.359814
20.105,3.359922
20.11,3.359996
20.115,3.360032
20.12,3.360041
20.125,3.360033
20.13,3.360019
20.135,3.360006
20.14,3.359997
20.145,3.359993
20.15,3.359993
20.155,3.359995
20.16,3.360018
20.165,3.360097
20.17,3.360217
20.175,3.360341
20.18,3.360442
20.185,3.360506
20.19,3.360536
20.195,3.36054
20.2,3.36053
20.205,3.360516
20.21,3.360503
20.215,3.360496
20.22,3.360493
20.225,3.360493
20.23,3.360495
20.235,3.360502
20.24,3.360554
20.245,3.360657
20.25,3.360783
20.255,3.360897
20.26,3.36098
20.265,3.361025
20.27,3.36104
20.275,3.361036
20.28,3.361023
20.285,3.361009
20.29,3.360999
20.295,3.360994
20.3,3.360993
20.305,3.360994
20.31,3.360997
20.315,3.361002
20.32,3.361047
20.325,3.361146
20.33,3.36127
20.335,3.361387
20.34,3.361473
20.345,3.361522
20.35,3.36154
20.355,3.361537
20.36,3.361524
20.365,3.36151
20.37,3.3615
20.375,3.361494
20.38,3.361493
20.385,3.361494
20.39,3.361496
20.395,3.361499
20.4,3.361507
20.405,3.361563
20.41,3.36167
20.415,3.361795
20.42,3.361907
20.425,3.361985
20.43,3.362028
20.435,3.36204
20.44,3.362035
20.445,3.362021
20.45,3.362008
20.455,3.361998
20.46,3.361993
20.465,3.361993
20.47,3.361994
20.475,3.361997
20.48,3.361999
20.485,3.362
20.49,3.362001
20.495,3.362025
20.5,3.362105
20.505,3.362224
20.51,3.362347
20.515,3.362445
20.52,3.362508
20.525,3.362536
20.53,3.36254
20.535,3.362529
20.54,3.362515
20.545,3.362503
20.55,3.362495
20.555,3.362493
20.56,3.362493
20.565,3.362495
20.57,3.362498
20.575,3.362501
20.58,3.36254
20.585,3.362634
20.59,3.362758
20.595,3.362876
20.6,3.362966
20.605,3.363019
20.61,3.363039
20.615,3.363038
20.62,3.363025
20.625,3.363011
20.63,3.363
20.635,3.362994
20.64,3.362993
20.645,3.362994
20.65,3.363022
20.655,3.363107
20.66,3.363229
20.665,3.363352
20.67,3.36345
20.675,3.363511
20.68,3.363538
20.685,3.36354
20.69,3.363529
20.695,3.363514
20.7,3.363502
20.705,3.363495
20.71,3.363493
20.715,3.363493
20.72,3.363496
20.725,3.363503
20.73,3.363554
20.735,3.363657
20.74,3.363783
20.745,3.363897
20.75,3.36398
20.755,3.364025
20.76,3.36404
20.765,3.364036
20.77,3.364023
20.775,3.364009
20.78,3.363999
20.785,3.363994
20.79,3.363993
20.795,3.363994
20.8,3.364003
20.805,3.364059
20.81,3.364166
20.815,3.364293
20.82,3.364405
20.825,3.364485
20.83,3.364528
20.835,3.364541
20.84,3.364535
20.845,3.364521
20.85,3.364508
20.855,3.364498
20.86,3.364493
20.865,3.364493
20.87,3.364494
20.875,3.364504
20.88,3.364563
20.885,3.364671
20.89,3.364798
20.895,3.364909
20.9,3.364987
20.905,3.365029
20.91,3.365041
20.915,3.365035
20.92,3.365021
20.925,3.365007
20.93,3.364998
20.935,3.364993
20.94,3.365001
20.945,3.365062
20.95,3.365173
20.955,3.365301
20.96,3.365412
20.965,3.36549
20.97,3.365531
20.975,3.365542
20.98,3.365535
20.985,3.36552
20.99,3.365507
20.995,3.365497
21,3.365493
21.005,3.365493
21.01,3.365495
21.015,3.365497
21.02,3.365515
21.025,3.365586
21.03,3.365702
21.035,3.365827
21.04,3.365931
21.045,3.366
21.05,3.366034
21.055,3.36604
21.06,3.366032
21.065,3.366017
21.07,3.366005
21.075,3.365996
21.08,3.365993
21.085,3.365993
21.09,3.366023
21.095,3.36611
21.1,3.366233
21.105,3.366356
21.11,3.366453
21.115,3.366513
21.12,3.366538
21.125,3.36654
21.13,3.366528
21.135,3.366514
21.14,3.366502
21.145,3.366497
21.15,3.366533
21.155,3.366629
21.16,3.366755
21.165,3.366876
21.17,3.366967
21.175,3.36702
21.18,3.367041
21.185,3.367039
21.19,3.367026
21.195,3.367011
21.2,3.367
21.205,3.366994
21.21,3.36702
21.215,3.367106
21.22,3.36723
21.225,3.367354
21.23,3.367452
21.235,3.367513
21.24,3.367539
21.245,3.36754
21.25,3.367529
21.255,3.367514
21.26,3.367502
21.265,3.367495
21.27,3.367492
21.275,3.367493
21.28,3.367496
21.285,3.367498
21.29,3.3675
21.295,3.367501
21.3,3.367501
21.305,3.367501
21.31,3.367501
21.315,3.3675
21.32,3.3675
21.325,3.3675
21.33,3.3675
21.335,3.3675
21.34,3.3675
21.345,3.3675
21.35,3.3675
21.355,3.3675
21.36,3.3675
21.365,3.3675
21.37,3.3675
21.375,3.3675
21.38,3.3675
21.385,3.3675
21.39,3.3675
21.395,3.3675
21.4,3.3675
21.405,3.3675
21.41,3.3675
21.415,3.3675
21.42,3.3675
21.425,3.3675
21.43,3.3675
21.435,3.3675
21.44,3.3675
21.445,3.3675
21.45,3.3675
21.455,3.3675
21.46,3.3675
21.465,3.3675
21.47,3.3675
21.475,3.3675
21.48,3.3675
21.485,3.3675
21.49,3.3675
21.495,3.3675
21.5,3.3675
21.505,3.3675
21.51,3.367511
21.515,3.367574
21.52,3.367686
21.525,3.367811
21.53,3.367919
21.535,3.367993
21.54,3.368031
21.545,3.368041
21.55,3.368033
21.555,3.368019
21.56,3.368006
21.565,3.367997
21.57,3.367993
21.575,3.367993
21.58,3.367995
21.585,3.367997
21.59,3.367999
21.595,3.368001
21.6,3.368001
21.605,3.368001
21.61,3.368001
21.615,3.368
21.62,3.368
21.625,3.368
21.63,3.368
21.635,3.368
21.64,3.368
21.645,3.368016
21.65,3.368088
21.655,3.368203
21.66,3.368328
21.665,3.368432
21.67,3.368501
21.675,3.368549
21.68,3.368624
21.685,3.36873
21.69,3.36884
21.695,3.368933
21.7,3.368995
21.705,3.369026
21.71,3.369034
21.715,3.369027
21.72,3.369015
21.725,3.369005
21.73,3.36901
21.735,3.369074
21.74,3.369187
21.745,3.369314
21.75,3.369423
21.755,3.369496
21.76,3.369533
21.765,3.369542
21.77,3.369533
21.775,3.369535
21.78,3.369593
21.785,3.3697
21.79,3.369821
21.795,3.369925
21.8,3.369996
21.805,3.370031
21.81,3.37004
21.815,3.370038
21.82,3.370079
21.825,3.370172
21.83,3.370289
21.835,3.370397
21.84,3.370477
21.845,3.370522
21.85,3.370538
21.855,3.370538
21.86,3.37057
21.865,3.370656
21.87,3.370771
21.875,3.370882
21.88,3.370967
21.885,3.371017
21.89,3.371037
21.895,3.371036
21.9,3.371024
21.905,3.371011
21.91,3.371001
21.915,3.370995
21.92,3.370993
21.925,3.370994
21.93,3.370996
21.935,3.370999
21.94,3.371
21.945,3.371001
21.95,3.371001
21.955,3.371001
21.96,3.371001
21.965,3.371
21.97,3.371
21.975,3.371
21.98,3.371
21.985,3.371
21.99,3.371
21.995,3.371
22,3.371
22.005,3.371
22.01,3.371
22.015,3.371
22.02,3.371
22.025,3.371
22.03,3.371
22.035,3.371
22.04,3.371
22.045,3.371
22.05,3.370999
22.055,3.370964
22.06,3.370872
22.065,3.370748
22.07,3.370629
22.075,3.370537
22.08,3.370483
22.085,3.370461
22.09,3.370462
22.095,3.370474
22.1,3.370488
22.105,3.370499
22.11,3.370506
22.115,3.370507
22.12,3.370506
22.125,3.370504
22.13,3.370502
22.135,3.3705
22.14,3.370499
22.145,3.370499
22.15,3.370499
22.155,3.370499
22.16,3.3705
22.165,3.3705
22.17,3.3705
22.175,3.3705
22.18,3.3705
22.185,3.3705
22.19,3.3705
22.195,3.3705
22.2,3.3705
22.205,3.3705
22.21,3.3705
22.215,3.3705
22.22,3.3705
22.225,3.3705
22.23,3.3705
22.235,3.3705
22.24,3.3705
22.245,3.3705
22.25,3.3705
22.255,3.3705
22.26,3.3705
22.265,3.3705
22.27,3.3705
22.275,3.3705
22.28,3.3705
22.285,3.3705
22.29,3.3705
22.295,3.3705
22.3,3.3705
22.305,3.3705
22.31,3.3705
22.315,3.3705
22.32,3.3705
22.325,3.3705
22.33,3.3705
22.335,3.3705
22.34,3.3705
22.345,3.3705
22.35,3.3705
22.355,3.3705
22.36,3.3705
22.365,3.3705
22.37,3.3705
22.375,3.3705
22.38,3.3705
22.385,3.3705
22.39,3.3705
22.395,3.3705
22.4,3.370501
22.405,3.370536
22.41,3.370628
22.415,3.370752
22.42,3.370871
22.425,3.370963
22.43,3.371017
22.435,3.371039
22.44,3.371038
22.445,3.371026
22.45,3.371012
22.455,3.371001
22.46,3.370994
22.465,3.370993
22.47,3.371006
22.475,3.371074
22.48,3.371191
22.485,3.371359
22.49,3.371564
22.495,3.371761
22.5,3.371944
22.505,3.372126
22.51,3.372295
22.515,3.37247
22.52,3.372653
22.525,3.372819
22.53,3.372984
22.535,3.373155
22.54,3.373311
22.545,3.37343
22.55,3.373504
22.555,3.373537
22.56,3.373541
22.565,3.373531
22.57,3.373522
22.575,3.373563
22.58,3.373661
22.585,3.373784
22.59,3.373897
22.595,3.373979
22.6,3.374025
22.605,3.37404
22.61,3.374042
22.615,3.374083
22.62,3.374175
22.625,3.374291
22.63,3.374398
22.635,3.374477
22.64,3.374522
22.645,3.37454
22.65,3.374582
22.655,3.374669
22.66,3.374781
22.665,3.374887
22.67,3.374969
22.675,3.375052
22.68,3.375163
22.685,3.375285
22.69,3.375394
22.695,3.375473
22.7,3.375518
22.705,3.375534
22.71,3.375532
22.715,3.375521
22.72,3.375509
22.725,3.375499
22.73,3.375495
22.735,3.375494
22.74,3.375495
22.745,3.375497
22.75,3.375499
22.755,3.3755
22.76,3.375501
22.765,3.375501
22.77,3.375501
22.775,3.3755
22.78,3.3755
22.785,3.3755
22.79,3.3755
22.795,3.3755
22.8,3.3755
22.805,3.3755
22.81,3.3755
22.815,3.3755
22.82,3.3755
22.825,3.3755
22.83,3.3755
22.835,3.3755
22.84,3.375498
22.845,3.375459
22.85,3.375365
22.855,3.375241
22.86,3.375122
22.865,3.375033
22.87,3.374981
22.875,3.374961
22.88,3.374962
22.885,3.374975
22.89,3.374989
22.895,3.375
22.9,3.375006
22.905,3.375007
22.91,3.375006
22.915,3.375004
22.92,3.374982
22.925,3.374904
22.93,3.374786
22.935,3.374661
22.94,3.37456
22.945,3.374495
22.95,3.374464
22.955,3.37446
22.96,3.37447
22.965,3.374484
22.97,3.374496
22.975,3.374504
22.98,3.374506
22.985,3.374473
22.99,3.374381
22.995,3.374256
23,3.374134
23.005,3.37404
23.01,3.373983
23.015,3.37396
23.02,3.373954
23.025,3.373913
23.03,3.373821
23.035,3.373707
23.04,3.373601
23.045,3.373523
23.05,3.373479
23.055,3.373463
23.06,3.373467
23.065,3.373478
23.07,3.373491
23.075,3.373501
23.08,3.373506
23.085,3.373507
23.09,3.373505
23.095,3.373503
23.1,3.373503
23.105,3.373522
23.11,3.373568
23.115,3.373637
23.12,3.373731
23.125,3.373833
23.13,3.373922
23.135,3.373984
23.14,3.374019
23.145,3.374029
23.15,3.374026
23.155,3.374016
23.16,3.374006
23.165,3.373999
23.17,3.373995
23.175,3.373995
23.18,3.373996
23.185,3.374
23.19,3.374041
23.195,3.374138
23.2,3.374262
23.205,3.374384
23.21,3.37452
23.215,3.374672
23.22,3.374817
23.225,3.374965
23.23,3.375127
23.235,3.375284
23.24,3.375409
23.245,3.375492
23.25,3.375532
23.255,3.375542
23.26,3.375534
23.265,3.375519
23.27,3.375519
23.275,3.375578
23.28,3.375688
23.285,3.375836
23.29,3.376023
23.295,3.376216
23.3,3.376383
23.305,3.376546
23.31,3.376733
23.315,3.376956
23.32,3.377179
23.325,3.377364
23.33,3.377528
23.335,3.377686
23.34,3.377827
23.345,3.377933
23.35,3.377999
23.355,3.37803
23.36,3.378035
23.365,3.378026
23.37,3.378013
23.375,3.378002
23.38,3.377996
23.385,3.377994
23.39,3.37803
23.395,3.378124
23.4,3.37825
23.405,3.378371
23.41,3.378463
23.415,3.378518
23.42,3.37854
23.425,3.378539
23.43,3.378526
23.435,3.378512
23.44,3.378501
23.445,3.378494
23.45,3.378492
23.455,3.378494
23.46,3.378496
23.465,3.378498
23.47,3.3785
23.475,3.378501
23.48,3.378501
23.485,3.378501
23.49,3.378501
23.495,3.3785
23.5,3.3785
23.505,3.3785
23.51,3.3785
23.515,3.3785
23.52,3.3785
23.525,3.3785
23.53,3.3785
23.535,3.3785
23.54,3.3785
23.545,3.3785
23.55,3.3785
23.555,3.3785
23.56,3.3785
23.565,3.3785
23.57,3.3785
23.575,3.3785
23.58,3.378499
23.585,3.378467
23.59,3.378378
23.595,3.378256
23.6,3.378135
23.605,3.378042
23.61,3.377983
23.615,3.377918
23.62,3.377822
23.625,3.377709
23.63,3.377605
23.635,3.377529
23.64,3.377484
23.645,3.377468
23.65,3.377469
23.655,3.377479
23.66,3.377491
23.665,3.3775
23.67,3.377505
23.675,3.377506
23.68,3.377505
23.685,3.377503
23.69,3.377485
23.695,3.377412
23.7,3.377296
23.705,3.377171
23.71,3.377067
23.715,3.376999
23.72,3.376966
23.725,3.37696
23.73,3.376969
23.735,3.376983
23.74,3.376996
23.745,3.377004
23.75,3.377007
23.755,3.377007
23.76,3.377005
23.765,3.377002
23.77,3.377
23.775,3.376999
23.78,3.376999
23.785,3.377013
23.79,3.377069
23.795,3.377169
23.8,3.37729
23.805,3.377399
23.81,3.377478
23.815,3.377523
23.82,3.377538
23.825,3.377534
23.83,3.377522
23.835,3.377509
23.84,3.377499
23.845,3.377494
23.85,3.377493
23.855,3.377495
23.86,3.377497
23.865,3.377499
23.87,3.3775
23.875,3.377502
23.88,3.377531
23.885,3.377618
23.89,3.377739
23.895,3.377866
23.9,3.378012
23.905,3.378174
23.91,3.378325
23.915,3.378439
23.92,3.378509
23.925,3.37854
23.93,3.378542
23.935,3.37853
23.94,3.378515
23.945,3.378502
23.95,3.378496
23.955,3.37853
23.96,3.378623
23.965,3.378749
23.97,3.378871
23.975,3.378964
23.98,3.379019
23.985,3.37904
23.99,3.379048
23.995,3.379094
24,3.379188
24.005,3.379302
24.01,3.379434
24.015,3.379594
24.02,3.379757
24.025,3.379892
24.03,3.379993
24.035,3.3801
24.04,3.380221
24.045,3.38034
24.05,3.380434
24.055,3.380496
24.06,3.380526
24.065,3.380533
24.07,3.380526
24.075,3.380516
24.08,3.380544
24.085,3.380632
24.09,3.380753
24.095,3.380872
24.1,3.380963
24.105,3.381017
24.11,3.381039
24.115,3.381041
24.12,3.381071
24.125,3.381154
24.13,3.381268
24.135,3.381378
24.14,3.381464
24.145,3.381515
24.15,3.381536
24.155,3.381536
24.16,3.381525
24.165,3.381512
24.17,3.381525
24.175,3.381599
24.18,3.381717
24.185,3.381841
24.19,3.381942
24.195,3.382007
24.2,3.382037
24.205,3.382041
24.21,3.38203
24.215,3.382016
24.22,3.382003
24.225,3.381996
24.23,3.381993
24.235,3.382021
24.24,3.382108
24.245,3.382232
24.25,3.382355
24.255,3.382453
24.26,3.382513
24.265,3.382539
24.27,3.38254
24.275,3.382528
24.28,3.382514
24.285,3.382502
24.29,3.382495
24.295,3.382493
24.3,3.382493
24.305,3.382496
24.31,3.382498
24.315,3.3825
24.32,3.382501
24.325,3.382501
24.33,3.382501
24.335,3.382501
24.34,3.3825
24.345,3.3825
24.35,3.3825
24.355,3.3825
24.36,3.3825
24.365,3.3825
24.37,3.3825
24.375,3.3825
24.38,3.3825
24.385,3.382495
24.39,3.382443
24.395,3.382339
24.4,3.382213
24.405,3.3821
24.41,3.382018
24.415,3.381974
24.42,3.381959
24.425,3.381964
24.43,3.381978
24.435,3.381992
24.44,3.382001
24.445,3.382006
24.45,3.382007
24.455,3.382006
24.46,3.382003
24.465,3.382001
24.47,3.382
24.475,3.381988
24.48,3.381924
24.485,3.381813
24.49,3.381688
24.495,3.381581
24.5,3.381507
24.505,3.381469
24.51,3.381459
24.515,3.381467
24.52,3.381481
24.525,3.381494
24.53,3.381503
24.535,3.381507
24.54,3.381507
24.545,3.381505
24.55,3.38148
24.555,3.381399
24.56,3.381278
24.565,3.381155
24.57,3.381055
24.575,3.380992
24.58,3.380963
24.585,3.38096
24.59,3.380971
24.595,3.380985
24.6,3.380997
24.605,3.381005
24.61,3.381007
24.615,3.381007
24.62,3.381005
24.625,3.381002
24.63,3.381
24.635,3.380999
24.64,3.380999
24.645,3.380999
24.65,3.380999
24.655,3.381
24.66,3.381
24.665,3.381
24.67,3.381009
24.675,3.381037
24.68,3.381078
24.685,3.381119
24.69,3.381154
24.695,3.38119
24.7,3.381244
24.705,3.381317
24.71,3.381393
24.715,3.381456
24.72,3.381498
24.725,3.381518
24.73,3.381523
24.735,3.381518
24.74,3.38151
24.745,3.381503
24.75,3.381498
24.755,3.381496
24.76,3.381497
24.765,3.381532
24.77,3.381625
24.775,3.381749
24.78,3.381869
24.785,3.381963
24.79,3.382051
24.795,3.382163
24.8,3.382285
24.805,3.382393
24.81,3.382472
24.815,3.382517
24.82,3.382533
24.825,3.382531
24.83,3.38252
24.835,3.382509
24.84,3.382505
24.845,3.38255
24.85,3.382652
24.855,3.382779
24.86,3.382895
24.865,3.382995
24.87,3.383112
24.875,3.383255
24.88,3.38344
24.885,3.383644
24.89,3.383825
24.895,3.38396
24.9,3.384082
24.905,3.38421
24.91,3.384331
24.915,3.384428
24.92,3.384492
24.925,3.384524
24.93,3.384531
24.935,3.384525
24.94,3.384514
24.945,3.384504
24.95,3.384497
24.955,3.384494
24.96,3.384494
24.965,3.384519
24.97,3.384602
24.975,3.384723
24.98,3.384847
24.985,3.384946
24.99,3.385009
24.995,3.385037
25,3.38504
25.005,3.385029
25.01,3.385015
25.015,3.385003
25.02,3.384995
25.025,3.384993
25.03,3.384993
25.035,3.384995
25.04,3.384998
25.045,3.385
25.05,3.385001
25.055,3.385001
25.06,3.385001
25.065,3.385001
25.07,3.385
25.075,3.385
25.08,3.385
25.085,3.385
25.09,3.385
25.095,3.385
25.1,3.385
25.105,3.384976
25.11,3.384896
25.115,3.384776
25.12,3.384653
25.125,3.384554
25.13,3.384492
25.135,3.384463
25.14,3.38446
25.145,3.384471
25.15,3.384485
25.155,3.384497
25.16,3.384505
25.165,3.384507
25.17,3.384507
25.175,3.384505
25.18,3.384502
25.185,3.3845
25.19,3.384499
25.195,3.384499
25.2,3.384499
25.205,3.384499
25.21,3.3845
25.215,3.3845
25.22,3.3845
25.225,3.3845
25.23,3.3845
25.235,3.3845
25.24,3.3845
25.245,3.3845
25.25,3.3845
25.255,3.3845
25.26,3.3845
25.265,3.3845
25.27,3.3845
25.275,3.3845
25.28,3.3845
25.285,3.3845
25.29,3.3845
25.295,3.3845
25.3,3.3845
25.305,3.3845
25.31,3.3845
25.315,3.3845
25.32,3.3845
25.325,3.3845
25.33,3.3845
25.335,3.3845
25.34,3.3845
25.345,3.3845
25.35,3.3845
25.355,3.3845
25.36,3.3845
25.365,3.3845
25.37,3.3845
25.375,3.3845
25.38,3.3845
25.385,3.3845
25.39,3.3845
25.395,3.3845
25.4,3.385
25.405,3.385
25.41,3.385
25.415,3.385
25.42,3.385
25.425,3.385
25.43,3.385
25.435,3.385
25.44,3.385
25.445,3.385
25.45,3.385
25.455,3.385
25.46,3.385
25.465,3.385
25.47,3.385
25.475,3.385
25.48,3.385
25.485,3.385
25.49,3.385
25.495,3.385
25.5,3.385
25.505,3.385
25.51,3.385
25.515,3.385
25.52,3.385
25.525,3.385
25.53,3.385005
25.535,3.385054
25.54,3.385156
25.545,3.385282
25.55,3.385396
25.555,3.385479
25.56,3.385525
25.565,3.38554
25.57,3.385536
25.575,3.385523
25.58,3.385509
25.585,3.385499
25.59,3.385502
25.595,3.38556
25.6,3.38567
25.605,3.38582
25.61,3.386011
25.615,3.386208
25.62,3.386395
25.625,3.386586
25.63,3.386763
25.635,3.386913
25.64,3.387067
25.645,3.387223
25.65,3.387359
25.655,3.38749
25.66,3.387636
25.665,3.387781
25.67,3.387901
25.675,3.387992
25.68,3.388096
25.685,3.388219
25.69,3.388339
25.695,3.388435
25.7,3.388498
25.705,3.388528
25.71,3.388534
25.715,3.388527
25.72,3.388517
25.725,3.388545
25.73,3.388634
25.735,3.388755
25.74,3.388874
25.745,3.388964
25.75,3.389018
25.755,3.389039
25.76,3.389038
25.765,3.389026
25.77,3.389012
25.775,3.389001
25.78,3.388994
25.785,3.388993
25.79,3.388994
25.795,3.388996
25.8,3.388998
25.805,3.389
25.81,3.389001
25.815,3.389001
25.82,3.389001
25.825,3.389001
25.83,3.389
25.835,3.389
25.84,3.389
25.845,3.389
25.85,3.389
25.855,3.389
25.86,3.389
25.865,3.389
25.87,3.389
25.875,3.389
25.88,3.389
25.885,3.389
25.89,3.389
25.895,3.389
25.9,3.389
25.905,3.389
25.91,3.389
25.915,3.389
25.92,3.389
25.925,3.389
25.93,3.389
25.935,3.389
25.94,3.389
25.945,3.388983
25.95,3.38891
25.955,3.388794
25.96,3.38867
25.965,3.388566
25.97,3.388498
25.975,3.38844
25.98,3.38835
25.985,3.388207
25.99,3.38801
25.995,3.387803
26,3.387629
26.005,3.387512
26.01,3.387452
26.015,3.387438
26.02,3.387449
26.025,3.387471
26.03,3.387491
26.035,3.387505
26.04,3.387511
26.045,3.387511
26.05,3.387508
26.055,3.387504
26.06,3.387501
26.065,3.387499
26.07,3.387498
26.075,3.387498
26.08,3.387499
26.085,3.387499
26.09,3.3875
26.095,3.3875
26.1,3.3875
26.105,3.3875
26.11,3.3875
26.115,3.3875
26.12,3.3875
26.125,3.3875
26.13,3.3875
26.135,3.3875
26.14,3.3875
26.145,3.3875
26.15,3.3875
26.155,3.3875
26.16,3.3875
26.165,3.3875
26.17,3.3875
26.175,3.3875
26.18,3.3875
26.185,3.3875
26.19,3.3875
26.195,3.3875
26.2,3.3875
26.205,3.3875
26.21,3.3875
26.215,3.3875
26.22,3.387509
26.225,3.387569
26.23,3.387679
26.235,3.38783
26.24,3.388022
26.245,3.388219
26.25,3.388383
26.255,3.388531
26.26,3.388681
26.265,3.388819
26.27,3.388926
26.275,3.388995
26.28,3.389049
26.285,3.389135
26.29,3.389246
26.295,3.389357
26.3,3.389446
26.305,3.389506
26.31,3.389579
26.315,3.38969
26.32,3.389862
26.325,3.390072
26.33,3.390293
26.335,3.390524
26.34,3.390735
26.345,3.390898
26.35,3.391015
26.355,3.391132
26.36,3.391254
26.365,3.391366
26.37,3.391458
26.375,3.391568
26.38,3.3917
26.385,3.391829
26.39,3.391932
26.395,3.391999
26.4,3.392031
26.405,3.392043
26.41,3.392087
26.415,3.392179
26.42,3.392293
26.425,3.392398
26.43,3.392476
26.435,3.39252
26.44,3.392536
26.445,3.392548
26.45,3.392607
26.455,3.39271
26.46,3.392825
26.465,3.392925
26.47,3.392993
26.475,3.393028
26.48,3.393037
26.485,3.393031
26.49,3.393018
26.495,3.393006
26.5,3.392997
26.505,3.392989
26.51,3.39294
26.515,3.392839
26.52,3.392716
26.525,3.392603
26.53,3.392521
26.535,3.392476
26.54,3.392461
26.545,3.392465
26.55,3.392478
26.555,3.392491
26.56,3.392501
26.565,3.392504
26.57,3.392468
26.575,3.392373
26.58,3.392243
26.585,3.392075
26.59,3.391883
26.595,3.391704
26.6,3.391566
26.605,3.391451
26.61,3.391326
26.615,3.391202
26.62,3.391097
26.625,3.391023
26.63,3.390982
26.635,3.390954
26.64,3.390888
26.645,3.390784
26.65,3.39067
26.655,3.390573
26.66,3.390507
26.665,3.390473
26.67,3.390464
26.675,3.390471
26.68,3.390483
26.685,3.390495
26.69,3.390503
26.695,3.390506
26.7,3.390506
26.705,3.390505
26.71,3.390502
26.715,3.390501
26.72,3.390499
26.725,3.390499
26.73,3.390499
26.735,3.390499
26.74,3.3905
26.745,3.3905
26.75,3.3905
26.755,3.3905
26.76,3.3905
26.765,3.3905
26.77,3.3905
26.775,3.3905
26.78,3.3905
26.785,3.3905
26.79,3.3905
26.795,3.3905
26.8,3.3905
26.805,3.3905
26.81,3.3905
26.815,3.3905
26.82,3.3905
26.825,3.3905
26.83,3.3905
26.835,3.3905
26.84,3.3905
26.845,3.3905
26.85,3.3905
26.855,3.3905
26.86,3.3905
26.865,3.3905
26.87,3.3905
26.875,3.3905
26.88,3.3905
26.885,3.3905
26.89,3.3905
26.895,3.3905
26.9,3.3905
26.905,3.3905
26.91,3.3905
26.915,3.3905
26.92,3.3905
26.925,3.3905
26.93,3.3905
26.935,3.3905
26.94,3.3905
26.945,3.3905
26.95,3.3905
26.955,3.3905
26.96,3.3905
26.965,3.3905
26.97,3.3905
26.975,3.3905
26.98,3.3905
26.985,3.3905
26.99,3.3905
26.995,3.3905
27,3.3905
27.005,3.3905
27.01,3.3905
27.015,3.3905
27.02,3.390512
27.025,3.390578
27.03,3.390691
27.035,3.390816
27.04,3.390923
27.045,3.391012
27.05,3.39112
27.055,3.39125
27.06,3.391421
27.065,3.391617
27.07,3.391798
27.075,3.391959
27.08,3.392122
27.085,3.392275
27.09,3.392399
27.095,3.392482
27.1,3.392528
27.105,3.39258
27.11,3.392681
27.115,3.392857
27.12,3.39308
27.125,3.393338
27.13,3.393603
27.135,3.393872
27.14,3.394128
27.145,3.394379
27.15,3.394617
27.155,3.394815
27.16,3.394979
27.165,3.395139
27.17,3.395286
27.175,3.395404
27.18,3.395483
27.185,3.395523
27.19,3.395539
27.195,3.395582
27.2,3.395672
27.205,3.395785
27.21,3.395891
27.215,3.395971
27.22,3.396018
27.225,3.396035
27.23,3.396057
27.235,3.396127
27.24,3.396233
27.245,3.396347
27.25,3.39644
27.255,3.396502
27.26,3.396531
27.265,3.396536
27.27,3.396528
27.275,3.396515
27.28,3.396504
27.285,3.396497
27.29,3.396494
27.295,3.396494
27.3,3.396496
27.305,3.396498
27.31,3.3965
27.315,3.396501
27.32,3.396483
27.325,3.396409
27.33,3.396292
27.335,3.396168
27.34,3.396065
27.345,3.395997
27.35,3.395957
27.355,3.395894
27.36,3.395796
27.365,3.395679
27.37,3.395529
27.375,3.395355
27.38,3.395186
27.385,3.395009
27.39,3.394828
27.395,3.394669
27.4,3.394552
27.405,3.394484
27.41,3.394451
27.415,3.394398
27.42,3.394307
27.425,3.394198
27.43,3.394098
27.435,3.394024
27.44,3.393982
27.445,3.393965
27.45,3.39393
27.455,3.393847
27.46,3.39373
27.465,3.39357
27.47,3.393379
27.475,3.393161
27.48,3.39293
27.485,3.392703
27.49,3.392474
27.495,3.392266
27.5,3.392105
27.505,3.392001
27.51,3.391912
27.515,3.391807
27.52,3.391695
27.525,3.391597
27.53,3.391526
27.535,3.391485
27.54,3.391471
27.545,3.391472
27.55,3.391482
27.555,3.391492
27.56,3.3915
27.565,3.391505
27.57,3.391506
27.575,3.391505
27.58,3.391503
27.585,3.391501
27.59,3.3915
27.595,3.391499
27.6,3.391499
27.605,3.391499
27.61,3.3915
27.615,3.3915
27.62,3.3915
27.625,3.3915
27.63,3.3915
27.635,3.3915
27.64,3.3915
27.645,3.3915
27.65,3.3915
27.655,3.3915
27.66,3.391524
27.665,3.391604
27.67,3.391743
27.675,3.391942
27.68,3.39216
27.685,3.392381
27.69,3.392607
27.695,3.39285
27.7,3.393095
27.705,3.393303
27.71,3.39345
27.715,3.393547
27.72,3.393656
27.725,3.393827
27.73,3.394078
27.735,3.394388
27.74,3.394739
27.745,3.395116
27.75,3.395479
27.755,3.395804
27.76,3.396093
27.765,3.396362
27.77,3.396613
27.775,3.396855
27.78,3.39709
27.785,3.397319
27.79,3.39755
27.795,3.397755
27.8,3.39791
27.805,3.398005
27.81,3.398048
27.815,3.398053
27.82,3.398066
27.825,3.39813
27.83,3.398234
27.835,3.398346
27.84,3.39844
27.845,3.398501
27.85,3.398531
27.855,3.398537
27.86,3.398528
27.865,3.398515
27.87,3.398504
27.875,3.398497
27.88,3.398494
27.885,3.398494
27.89,3.398496
27.895,3.398498
27.9,3.3985
27.905,3.398501
27.91,3.398501
27.915,3.398501
27.92,3.398501
27.925,3.3985
27.93,3.398475
27.935,3.398394
27.94,3.398264
27.945,3.39808
27.95,3.397872
27.955,3.397684
27.96,3.397517
27.965,3.397332
27.97,3.397104
27.975,3.396869
27.98,3.396669
27.985,3.396531
27.99,3.396457
27.995,3.396435
28,3.396444
28.005,3.396466
28.01,3.396488
28.015,3.396493
28.02,3.396439
28.025,3.396327
28.03,3.396159
28.035,3.39595
28.04,3.395722
28.045,3.39548
28.05,3.395251
28.055,3.395024
28.06,3.394801
28.065,3.394567
28.07,3.394341
28.075,3.394155
28.08,3.394011
28.085,3.393869
28.09,3.393722
28.095,3.393545
28.1,3.393352
28.105,3.39318
28.11,3.393053
28.115,3.392979
28.12,3.39295
28.125,3.392951
28.13,3.392967
28.135,3.392985
28.14,3.393
28.145,3.393007
28.15,3.392982
28.155,3.392896
28.16,3.392771
28.165,3.392646
28.17,3.392548
28.175,3.392487
28.18,3.392461
28.185,3.39246
28.19,3.392497
28.195,3.392594
28.2,3.392727
28.205,3.392856
28.21,3.392956
28.215,3.393017
28.22,3.393042
28.225,3.393041
28.23,3.393029
28.235,3.393013
28.24,3.393012
28.245,3.393067
28.25,3.393182
28.255,3.393362
28.26,3.393579
28.265,3.393808
28.27,3.394044
28.275,3.39428
28.28,3.394522
28.285,3.394739
28.29,3.394903
28.295,3.395018
28.3,3.395152
28.305,3.395352
28.31,3.395623
28.315,3.395959
28.32,3.396329
28.325,3.396703
28.33,3.397066
28.335,3.397411
28.34,3.397717
28.345,3.397998
28.35,3.398277
28.355,3.398547
28.36,3.398798
28.365,3.399039
28.37,3.399251
28.375,3.399446
28.38,3.399636
28.385,3.399817
28.39,3.40001
28.395,3.400201
28.4,3.400398
28.405,3.400602
28.41,3.400785
28.415,3.400923
28.42,3.401008
28.425,3.401045
28.43,3.401068
28.435,3.401129
28.44,3.401228
28.445,3.401337
28.45,3.401431
28.455,3.401494
28.46,3.401526
28.465,3.401535
28.47,3.401528
28.475,3.401516
28.48,3.401505
28.485,3.401498
28.49,3.401494
28.495,3.401494
28.5,3.401496
28.505,3.401498
28.51,3.401499
28.515,3.40149
28.52,3.401427
28.525,3.401315
28.53,3.401189
28.535,3.401075
28.54,3.400946
28.545,3.400782
28.55,3.40057
28.555,3.400346
28.56,3.400125
28.565,3.399907
28.57,3.399715
28.575,3.399574
28.58,3.399482
28.585,3.399391
28.59,3.399282
28.595,3.399171
28.6,3.399077
28.605,3.399007
28.61,3.398921
28.615,3.398793
28.62,3.398603
28.625,3.398348
28.63,3.398025
28.635,3.39767
28.64,3.397332
28.645,3.397019
28.65,3.396718
28.655,3.396437
28.66,3.396207
28.665,3.396022
28.67,3.395847
28.675,3.395649
28.68,3.395432
28.685,3.395232
28.69,3.395047
28.695,3.394864
28.7,3.394701
28.705,3.394577
28.71,3.3945
28.715,3.394465
28.72,3.394456
28.725,3.394423
28.73,3.39434
28.735,3.394228
28.74,3.394119
28.745,3.394036
28.75,3.393985
28.755,3.393965
28.76,3.393965
28.765,3.393976
28.77,3.393989
28.775,3.393999
28.78,3.394005
28.785,3.394007
28.79,3.394006
28.795,3.394004
28.8,3.394001
28.805,3.394011
28.81,3.394074
28.815,3.394185
28.82,3.39431
28.825,3.394423
28.83,3.394545
28.835,3.394713
28.84,3.394935
28.845,3.395193
28.85,3.395471
28.855,3.395721
28.86,3.395918
28.865,3.39609
28.87,3.396252
28.875,3.396439
28.88,3.396683
28.885,3.396989
28.89,3.397366
28.895,3.397786
28.9,3.398218
28.905,3.398642
28.91,3.39902
28.915,3.399338
28.92,3.399606
28.925,3.399834
28.93,3.40005
28.935,3.400274
28.94,3.400512
28.945,3.400757
28.95,3.401009
28.955,3.401241
28.96,3.401467
28.965,3.401678
28.97,3.401883
28.975,3.402103
28.98,3.402357
28.985,3.402615
28.99,3.402872
28.995,3.403116
29,3.403318
29.005,3.403457
29.01,3.403532
29.015,3.403564
29.02,3.403611
29.025,3.403696
29.03,3.403801
29.035,3.403899
29.04,3.403973
29.045,3.404016
29.05,3.404032
29.055,3.40403
29.06,3.40402
29.065,3.404009
29.07,3.404
29.075,3.403995
29.08,3.403994
29.085,3.403995
29.09,3.403997
29.095,3.403999
29.1,3.404
29.105,3.403993
29.11,3.403937
29.115,3.403805
29.12,3.403597
29.125,3.403344
29.13,3.403065
29.135,3.402789
29.14,3.402518
29.145,3.40228
29.15,3.402102
29.155,3.401994
29.16,3.401935
29.165,3.401867
29.17,3.401773
29.175,3.401668
29.18,3.401537
29.185,3.40133
29.19,3.401049
29.195,3.400715
29.2,3.40036
29.205,3.399993
29.21,3.39963
29.215,3.399304
29.22,3.398999
29.225,3.39869
29.23,3.398401
29.235,3.398135
29.24,3.397882
29.245,3.397624
29.25,3.397377
29.255,3.397162
29.26,3.396958
29.265,3.396771
29.27,3.39662
29.275,3.396475
29.28,3.396323
29.285,3.396183
29.29,3.396073
29.295,3.396003
29.3,3.39597
29.305,3.395948
29.31,3.395886
29.315,3.395784
29.32,3.395671
29.325,3.395574
29.33,3.395507
29.335,3.395473
29.34,3.395464
29.345,3.39546
29.35,3.39541
29.355,3.395311
29.36,3.395194
29.365,3.395089
29.37,3.395018
29.375,3.395023
29.38,3.395111
29.385,3.395241
29.39,3.39537
29.395,3.395468
29.4,3.395525
29.405,3.395546
29.41,3.395544
29.415,3.395558
29.42,3.395628
29.425,3.395756
29.43,3.395953
29.435,3.39622
29.44,3.396542
29.445,3.396886
29.45,3.39719
29.455,3.397412
29.46,3.397563
29.465,3.397734
29.47,3.397995
29.475,3.398372
29.48,3.398845
29.485,3.399352
29.49,3.399842
29.495,3.400292
29.5,3.400699
29.505,3.401052
29.51,3.401363
29.515,3.401638
29.52,3.401902
29.525,3.402179
29.53,3.402467
29.535,3.402761
29.54,3.403046
29.545,3.403315
29.55,3.40357
29.555,3.403809
29.56,3.404044
29.565,3.404284
29.57,3.404541
29.575,3.404825
29.58,3.40511
29.585,3.405396
29.59,3.405656
29.595,3.405859
29.6,3.405989
29.605,3.406052
29.61,3.406068
29.615,3.406098
29.62,3.406172
29.625,3.406276
29.63,3.406379
29.635,3.40646
29.64,3.40651
29.645,3.406532
29.65,3.406533
29.655,3.406523
29.66,3.406511
29.665,3.406502
29.67,3.406496
29.675,3.406494
29.68,3.406495
29.685,3.406496
29.69,3.406498
29.695,3.4065
29.7,3.406501
29.705,3.406478
29.71,3.406399
29.715,3.406257
29.72,3.406027
29.725,3.405724
29.73,3.405402
29.735,3.405082
29.74,3.404804
29.745,3.4046
29.75,3.404479
29.755,3.40442
29.76,3.404357
29.765,3.404251
29.77,3.40407
29.775,3.403807
29.78,3.403479
29.785,3.403098
29.79,3.402699
29.795,3.402329
29.8,3.40198
29.805,3.401643
29.81,3.401339
29.815,3.401056
29.82,3.400769
29.825,3.400485
29.83,3.400216
29.835,3.399959
29.84,3.399719
29.845,3.399482
29.85,3.39924
29.855,3.39899
29.86,3.398759
29.865,3.398536
29.87,3.398326
29.875,3.398149
29.88,3.397981
29.885,3.397814
29.89,3.397666
29.895,3.39752
29.9,3.397362
29.905,3.39721
29.91,3.397089
29.915,3.397009
29.92,3.396961
29.925,3.396892
29.93,3.396792
29.935,3.39668
29.94,3.396583
29.945,3.396515
29.95,3.396478
29.955,3.396467
29.96,3.396471
29.965,3.396485
29.97,3.39654
29.975,3.396646
29.98,3.396775
29.985,3.396892
29.99,3.396977
29.995,3.397029
30,3.397091
30.005,3.397197
30.01,3.397369
30.015,3.397618
30.02,3.397912
30.025,3.398215
30.03,3.39851
30.035,3.398763
30.04,3.398995
30.045,3.399251
30.05,3.399554
30.055,3.399925
30.06,3.40036
30.065,3.400836
30.07,3.401321
30.075,3.401794
30.08,3.402239
30.085,3.402627
30.09,3.402964
30.095,3.403274
30.1,3.403571
30.105,3.40387
30.11,3.404156
30.115,3.404436
30.12,3.404693
30.125,3.40494
30.13,3.405169
30.135,3.40539
30.14,3.405608
30.145,3.405817
30.15,3.406033
30.155,3.406253
30.16,3.406488
30.165,3.406738
30.17,3.407002
30.175,3.407279
30.18,3.407555
30.185,3.407824
30.19,3.408081
30.195,3.408295
30.2,3.408445
30.205,3.408535
30.21,3.408619
30.215,3.408721
30.22,3.408827
30.225,3.408918
30.23,3.408982
30.235,3.409023
30.24,3.409088
30.245,3.409189
30.25,3.409305
30.255,3.409407
30.26,3.409461
30.265,3.409453
30.27,3.409386
30.275,3.409277
30.28,3.409159
30.285,3.409062
30.29,3.408997
30.295,3.408966
30.3,3.408926
30.305,3.408841
30.31,3.408683
30.315,3.40843
30.32,3.408122
30.325,3.407814
30.33,3.407521
30.335,3.407271
30.34,3.40709
30.345,3.406975
30.35,3.406868
30.355,3.406707
30.36,3.406472
30.365,3.406145
30.37,3.405738
30.375,3.40529
30.38,3.404832
30.385,3.404384
30.39,3.403974
30.395,3.403605
30.4,3.403269
30.405,3.40296
30.41,3.402668
30.415,3.402399
30.42,3.402171
30.425,3.401959
30.43,3.401768
30.435,3.401584
30.44,3.401395
30.445,3.401201
30.45,3.400989
30.455,3.400755
30.46,3.400503
30.465,3.400264
30.47,3.40003
30.475,3.399813
30.48,3.399619
30.485,3.399425
30.49,3.399247
30.495,3.399106
30.5,3.399004
30.505,3.398895
30.51,3.398773
30.515,3.398655
30.52,3.398562
30.525,3.398501
30.53,3.398438
30.535,3.398342
30.54,3.398226
30.545,3.398117
30.55,3.398036
30.555,3.397987
30.56,3.397967
30.565,3.397983
30.57,3.398063
30.575,3.398191
30.58,3.398325
30.585,3.398435
30.59,3.398507
30.595,3.398574
30.6,3.398674
30.605,3.398835
30.61,3.399065
30.615,3.399351
30.62,3.399659
30.625,3.399968
30.63,3.400236
30.635,3.400465
30.64,3.400682
30.645,3.400949
30.65,3.401309
30.655,3.401768
30.66,3.402302
30.665,3.402857
30.67,3.403401
30.675,3.403908
30.68,3.404364
30.685,3.404774
30.69,3.405147
30.695,3.405484
30.7,3.405788
30.705,3.406064
30.71,3.406324
30.715,3.406571
30.72,3.406812
30.725,3.40705
30.73,3.407289
30.735,3.407532
30.74,3.407771
30.745,3.408012
30.75,3.40825
30.755,3.408494
30.76,3.408753
30.765,3.409026
30.77,3.409315
30.775,3.409604
30.78,3.409892
30.785,3.410161
30.79,3.410422
30.795,3.41066
30.8,3.410849
30.805,3.410974
30.81,3.411038
30.815,3.411057
30.82,3.41108
30.825,3.411149
30.83,3.411252
30.835,3.41136
30.84,3.411448
30.845,3.411504
30.85,3.411531
30.855,3.411534
30.86,3.411526
30.865,3.411514
30.87,3.411503
30.875,3.411496
30.88,3.411494
30.885,3.411494
30.89,3.411472
30.895,3.411394
30.9,3.411257
30.905,3.411058
30.91,3.4108
30.915,3.41048
30.92,3.410132
30.925,3.409821
30.93,3.409587
30.935,3.409401
30.94,3.409245
30.945,3.409115
30.95,3.408962
30.955,3.408734
30.96,3.408416
30.965,3.408013
30.97,3.407552
30.975,3.407078
30.98,3.406607
30.985,3.406165
30.99,3.405768
30.995,3.405396
31,3.405052
31.005,3.404753
31.01,3.404483
31.015,3.404254
31.02,3.404044
31.025,3.403824
31.03,3.403579
31.035,3.403339
31.04,3.403114
31.045,3.402896
31.05,3.402702
31.055,3.402509
31.06,3.402321
31.065,3.402158
31.07,3.402002
31.075,3.401839
31.08,3.401681
31.085,3.401505
31.09,3.401323
31.095,3.401163
31.1,3.401047
31.105,3.40098
31.11,3.400949
31.115,3.400901
31.12,3.400812
31.125,3.400703
31.13,3.400602
31.135,3.400527
31.14,3.400483
31.145,3.400467
31.15,3.400469
31.155,3.400479
31.16,3.400491
31.165,3.4005
31.17,3.400505
31.175,3.400506
31.18,3.400505
31.185,3.400503
31.19,3.400501
31.195,3.400506
31.2,3.400558
31.205,3.400669
31.21,3.400847
31.215,3.401086
31.22,3.401388
31.225,3.401737
31.23,3.402072
31.235,3.402336
31.24,3.402534
31.245,3.402706
31.25,3.402904
31.255,3.403182
31.26,3.403555
31.265,3.404016
31.27,3.404532
31.275,3.405059
31.28,3.405571
31.285,3.406024
31.29,3.406415
31.295,3.406757
31.3,3.407068
31.305,3.407368
31.31,3.407647
31.315,3.407918
31.32,3.408171
31.325,3.40842
31.33,3.408654
31.335,3.408883
31.34,3.409113
31.345,3.409357
31.35,3.409605
31.355,3.409859
31.36,3.410106
31.365,3.410341
31.37,3.41057
31.375,3.410777
31.38,3.410982
31.385,3.411184
31.39,3.4114
31.395,3.41162
31.4,3.41181
31.405,3.411946
31.41,3.412024
31.415,3.412054
31.42,3.412051
31.425,3.412034
31.43,3.412021
31.435,3.41206
31.44,3.412157
31.445,3.412281
31.45,3.412395
31.455,3.412479
31.46,3.412525
31.465,3.412541
31.47,3.412537
31.475,3.412523
31.48,3.412509
31.485,3.412499
31.49,3.412484
31.495,3.412422
31.5,3.412313
31.505,3.41219
31.51,3.412076
31.515,3.411938
31.52,3.411731
31.525,3.41148
31.53,3.411198
31.535,3.410918
31.54,3.410688
31.545,3.410512
31.55,3.410354
31.555,3.410212
31.56,3.410099
31.565,3.409996
31.57,3.409864
31.575,3.409673
31.58,3.409401
31.585,3.409056
31.59,3.408673
31.595,3.40827
31.6,3.407854
31.605,3.407464
31.61,3.407097
31.615,3.406737
31.62,3.406411
31.625,3.406118
31.63,3.405834
31.635,3.405551
31.64,3.405296
31.645,3.405062
31.65,3.404846
31.655,3.404668
31.66,3.404508
31.665,3.404346
31.67,3.404197
31.675,3.404059
31.68,3.403904
31.685,3.403749
31.69,3.403618
31.695,3.40352
31.7,3.403416
31.705,3.403294
31.71,3.403172
31.715,3.403073
31.72,3.403008
31.725,3.402973
31.73,3.402926
31.735,3.402837
31.74,3.402725
31.745,3.402618
31.75,3.402536
31.755,3.402487
31.76,3.402467
31.765,3.402467
31.77,3.402481
31.775,3.402542
31.78,3.402653
31.785,3.402784
31.79,3.402901
31.795,3.402983
31.8,3.403038
31.805,3.403115
31.81,3.403253
31.815,3.403469
31.82,3.403754
31.825,3.404068
31.83,3.404388
31.835,3.404674
31.84,3.404888
31.845,3.405049
31.85,3.405203
31.855,3.40541
31.86,3.405704
31.865,3.40609
31.87,3.406548
31.875,3.407039
31.88,3.407523
31.885,3.407962
31.89,3.40835
31.895,3.408699
31.9,3.409013
31.905,3.409295
31.91,3.409555
31.915,3.409782
31.92,3.41
31.925,3.410202
31.93,3.410394
31.935,3.410591
31.94,3.410776
31.945,3.410966
31.95,3.411159
31.955,3.411354
31.96,3.411561
31.965,3.411763
31.97,3.411972
31.975,3.412197
31.98,3.412445
31.985,3.412698
31.99,3.412959
31.995,3.413197
32,3.413381
32.005,3.413498
32.01,3.413553
32.015,3.413591
32.02,3.413662
32.025,3.413761
32.03,3.413863
32.035,3.413946
32.04,3.414001
32.045,3.414039
32.05,3.41411
32.055,3.414215
32.06,3.414326
32.065,3.4144
32.07,3.41442
32.075,3.414377
32.08,3.414282
32.085,3.41417
32.09,3.414072
32.095,3.414004
32.1,3.41397
32.105,3.413959
32.11,3.413923
32.115,3.413825
32.12,3.413632
32.125,3.413343
32.13,3.413022
32.135,3.412723
32.14,3.412452
32.145,3.412228
32.15,3.412071
32.155,3.411976
32.16,3.411892
32.165,3.411763
32.17,3.411546
32.175,3.411246
32.18,3.410889
32.185,3.410483
32.19,3.410067
32.195,3.409656
32.2,3.409254
32.205,3.408889
32.21,3.408544
32.215,3.408202
32.22,3.407885
32.225,3.407588
32.23,3.407299
32.235,3.407015
32.24,3.406736
32.245,3.406467
32.25,3.406231
32.255,3.406012
32.26,3.405811
32.265,3.405636
32.27,3.405459
32.275,3.405285
32.28,3.405107
32.285,3.404915
32.29,3.404735
32.295,3.404594
32.3,3.404486
32.305,3.404369
32.31,3.404243
32.315,3.40413
32.32,3.404044
32.325,3.403993
32.33,3.40397
32.335,3.403939
32.34,3.403861
32.345,3.403751
32.35,3.403639
32.355,3.403564
32.36,3.403577
32.365,3.403666
32.37,3.403788
32.375,3.403902
32.38,3.403985
32.385,3.404031
32.39,3.404053
32.395,3.404104
32.4,3.404209
32.405,3.404385
32.41,3.404628
32.415,3.404917
32.42,3.40523
32.425,3.405536
32.43,3.405798
32.435,3.406034
32.44,3.406284
32.445,3.406601
32.45,3.40701
32.455,3.407501
32.46,3.408042
32.465,3.408587
32.47,3.4091
32.475,3.409541
32.48,3.40991
32.485,3.410226
32.49,3.41051
32.495,3.410768
32.5,3.411017
32.505,3.411259
32.51,3.411503
32.515,3.411744
32.52,3.411989
32.525,3.412227
32.53,3.41247
32.535,3.412701
32.54,3.412933
32.545,3.413157
32.55,3.413381
32.555,3.413625
32.56,3.413898
32.565,3.414186
32.57,3.414479
32.575,3.414748
32.58,3.415004
32.585,3.415238
32.59,3.415469
32.595,3.415684
32.6,3.415857
32.605,3.415973
32.61,3.416035
32.615,3.416086
32.62,3.416168
32.625,3.416273
32.63,3.416375
32.635,3.416456
32.64,3.416506
32.645,3.416529
32.65,3.416531
32.655,3.416523
32.66,3.416511
32.665,3.416502
32.67,3.416496
32.675,3.416494
32.68,3.416495
32.685,3.416496
32.69,3.416498
32.695,3.416493
32.7,3.416439
32.705,3.416323
32.71,3.416136
32.715,3.415888
32.72,3.41558
32.725,3.415232
32.73,3.414903
32.735,3.414649
32.74,3.414475
32.745,3.414335
32.75,3.414195
32.755,3.414
32.76,3.413719
32.765,3.41336
32.77,3.412944
32.775,3.412487
32.78,3.412018
32.785,3.411542
32.79,3.411097
32.795,3.410701
32.8,3.410342
32.805,3.410013
32.81,3.409705
32.815,3.409423
32.82,3.409166
32.825,3.408922
32.83,3.408679
32.835,3.408431
32.84,3.408167
32.845,3.407904
32.85,3.407643
32.855,3.407395
32.86,3.40717
32.865,3.406953
32.87,3.406747
32.875,3.406532
32.88,3.406324
32.885,3.406128
32.89,3.405929
32.895,3.405745
32.9,3.405576
32.905,3.4054
32.91,3.405235
32.915,3.405102
32.92,3.405014
32.925,3.40497
32.93,3.404958
32.935,3.404965
32.94,3.40498
32.945,3.404994
32.95,3.405004
32.955,3.405008
32.96,3.405008
32.965,3.405006
32.97,3.405003
32.975,3.405014
32.98,3.405081
32.985,3.405195
32.99,3.405345
32.995,3.405535
33,3.405753
33.005,3.406008
33.01,3.406303
33.015,3.406594
33.02,3.406867
33.025,3.407118
33.03,3.407336
33.035,3.407563
33.04,3.40784
33.045,3.4082
33.05,3.408648
33.055,3.409158
33.06,3.409698
33.065,3.410222
33.07,3.4107
33.075,3.4111
33.08,3.411434
33.085,3.41174
33.09,3.412031
33.095,3.412322
33.1,3.412598
33.105,3.412862
33.11,3.413109
33.115,3.413349
33.12,3.413585
33.125,3.413825
33.13,3.414072
33.135,3.414336
33.14,3.414599
33.145,3.414864
33.15,3.415116
33.155,3.415351
33.16,3.415579
33.165,3.415781
33.17,3.41598
33.175,3.416174
33.18,3.416374
33.185,3.416585
33.19,3.416805
33.195,3.417036
33.2,3.417247
33.205,3.417407
33.21,3.417506
33.215,3.417551
33.22,3.417565
33.225,3.417611
33.23,3.417699
33.235,3.417807
33.24,3.417907
33.245,3.417979
33.25,3.41802
33.255,3.418034
33.26,3.418031
33.265,3.41802
33.27,3.418008
33.275,3.417999
33.28,3.417995
33.285,3.417994
33.29,3.417995
33.295,3.417975
33.3,3.417899
33.305,3.417766
33.31,3.417572
33.315,3.417319
33.32,3.416996
33.325,3.416641
33.33,3.416323
33.335,3.41609
33.34,3.415949
33.345,3.415844
33.35,3.415728
33.355,3.415561
33.36,3.415321
33.365,3.414996
33.37,3.41462
33.375,3.414206
33.38,3.413776
33.385,3.413357
33.39,3.412951
33.395,3.412571
33.4,3.412214
33.405,3.41186
33.41,3.411523
33.415,3.411206
33.42,3.410912
33.425,3.410626
33.43,3.410366
33.435,3.410131
33.44,3.40991
33.445,3.409714
33.45,3.409521
33.455,3.409331
33.46,3.40916
33.465,3.408982
33.47,3.408805
33.475,3.408639
33.48,3.408462
33.485,3.408286
33.49,3.408125
33.495,3.407955
33.5,3.407785
33.505,3.407633
33.51,3.407475
33.515,3.407311
33.52,3.407164
33.525,3.407055
33.53,3.406989
33.535,3.406962
33.54,3.40696
33.545,3.406972
33.55,3.406987
33.555,3.406999
33.56,3.407006
33.565,3.407009
33.57,3.407043
33.575,3.407133
33.58,3.407253
33.585,3.407371
33.59,3.407462
33.595,3.407544
33.6,3.407652
33.605,3.407807
33.61,3.40804
33.615,3.408335
33.62,3.408627
33.625,3.408894
33.63,3.409135
33.635,3.409353
33.64,3.409595
33.645,3.409902
33.65,3.410278
33.655,3.410726
33.66,3.411205
33.665,3.411682
33.67,3.412142
33.675,3.412554
33.68,3.412919
33.685,3.413255
33.69,3.413575
33.695,3.41389
33.7,3.414178
33.705,3.414448
33.71,3.414694
33.715,3.414933
33.72,3.41517
33.725,3.41542
33.73,3.415658
33.735,3.415865
33.74,3.416063
33.745,3.416243
33.75,3.416416
33.755,3.416599
33.76,3.416773
33.765,3.416954
33.77,3.417142
33.775,3.417338
33.78,3.41755
33.785,3.417765
33.79,3.417993
33.795,3.418207
33.8,3.418377
33.805,3.418489
33.81,3.418543
33.815,3.418556
33.82,3.418547
33.825,3.418567
33.83,3.418644
33.835,3.418756
33.84,3.418869
33.845,3.418958
33.85,3.419013
33.855,3.419036
33.86,3.419037
33.865,3.419026
33.87,3.419013
33.875,3.419002
33.88,3.418995
33.885,3.418993
33.89,3.418994
33.895,3.418996
33.9,3.418998
33.905,3.418989
33.91,3.418926
33.915,3.418809
33.92,3.418629
33.925,3.418374
33.93,3.418078
33.935,3.417783
33.94,3.417499
33.945,3.417257
33.95,3.417082
33.955,3.416955
33.96,3.416833
33.965,3.416712
33.97,3.41659
33.975,3.416429
33.98,3.416203
33.985,3.415925
33.99,3.415593
33.995,3.415225
34,3.414841
34.005,3.414455
34.01,3.414081
34.015,3.413724
34.02,3.413395
34.025,3.413086
34.03,3.412817
34.035,3.412574
34.04,3.412333
34.045,3.412077
34.05,3.41183
34.055,3.411587
34.06,3.411358
34.065,3.411165
34.07,3.410983
34.075,3.410809
34.08,3.410653
34.085,3.410491
34.09,3.410322
34.095,3.410171
34.1,3.410048
34.105,3.409919
34.11,3.40978
34.115,3.409653
34.12,3.409551
34.125,3.409444
34.13,3.409317
34.135,3.409188
34.14,3.409082
34.145,3.409011
34.15,3.408974
34.155,3.408964
34.16,3.40897
34.165,3.408993
34.17,3.409067
34.175,3.409186
34.18,3.409315
34.185,3.409424
34.19,3.409497
34.195,3.409555
34.2,3.409641
34.205,3.409776
34.21,3.409978
34.215,3.410248
34.22,3.410538
34.225,3.410814
34.23,3.411072
34.235,3.411288
34.24,3.411478
34.245,3.411693
34.25,3.411985
34.255,3.41236
34.26,3.412815
34.265,3.413325
34.27,3.413843
34.275,3.414331
34.28,3.414773
34.285,3.415161
34.29,3.415499
34.295,3.415772
34.3,3.416007
34.305,3.416211
34.31,3.416403
34.315,3.416597
34.32,3.416783
34.325,3.416978
34.33,3.417174
34.335,3.417373
34.34,3.417581
34.345,3.41778
34.35,3.417985
34.355,3.418186
34.36,3.418386
34.365,3.418592
34.37,3.418804
34.375,3.419029
34.38,3.419268
34.385,3.419517
34.39,3.419759
34.395,3.420003
34.4,3.420223
34.405,3.420391
34.41,3.420498
34.415,3.420547
34.42,3.420556
34.425,3.420544
34.43,3.42056
34.435,3.420635
34.44,3.420747
34.445,3.420862
34.45,3.420954
34.455,3.421011
34.46,3.421036
34.465,3.421038
34.47,3.421027
34.475,3.421013
34.48,3.421002
34.485,3.420995
34.49,3.420993
34.495,3.420994
34.5,3.420996
34.505,3.420998
34.51,3.421
34.515,3.420994
34.52,3.420939
34.525,3.420832
34.53,3.420687
34.535,3.420475
34.54,3.420197
34.545,3.419892
34.55,3.41958
34.555,3.419304
34.56,3.4191
34.565,3.418962
34.57,3.41884
34.575,3.418719
34.58,3.418571
34.585,3.418374
34.59,3.418105
34.595,3.417759
34.6,3.417359
34.605,3.416945
34.61,3.416531
34.615,3.416133
34.62,3.415765
34.625,3.415416
34.63,3.415082
34.635,3.414767
34.64,3.414474
34.645,3.414202
34.65,3.413943
34.655,3.413682
34.66,3.413427
34.665,3.413195
34.67,3.412969
34.675,3.412764
34.68,3.412565
34.685,3.412368
34.69,3.412194
34.695,3.412034
34.7,3.411868
34.705,3.411711
34.71,3.411546
34.715,3.411368
34.72,3.411203
34.725,3.411076
34.73,3.410997
34.735,3.410961
34.74,3.410955
34.745,3.410967
34.75,3.410983
34.755,3.410997
34.76,3.411005
34.765,3.411009
34.77,3.411008
34.775,3.411006
34.78,3.411038
34.785,3.411126
34.79,3.411248
34.795,3.411374
34.8,3.411522
34.805,3.411692
34.81,3.4119
34.815,3.412166
34.82,3.41246
34.825,3.41273
34.83,3.412976
34.835,3.41322
34.84,3.413478
34.845,3.413777
34.85,3.414139
34.855,3.414556
34.86,3.415011
34.865,3.415475
34.87,3.415923
34.875,3.416337
34.88,3.41669
34.885,3.416994
34.89,3.41728
34.895,3.417555
34.9,3.417831
34.905,3.418097
34.91,3.418353
34.915,3.418596
34.92,3.418816
34.925,3.419031
34.93,3.419231
34.935,3.41943
34.94,3.419631
34.945,3.419826
34.95,3.420032
34.955,3.420234
34.96,3.420446
34.965,3.420659
34.97,3.420878
34.975,3.421103
34.98,3.42134
34.985,3.421581
34.99,3.421819
34.995,3.422057
35,3.422265
35.005,3.42242
35.01,3.422512
35.015,3.422551
35.02,3.422555
35.025,3.422568
35.03,3.422633
35.035,3.422738
35.04,3.42285
35.045,3.422943
35.05,3.423003
35.055,3.423032
35.06,3.423037
35.065,3.423028
35.07,3.423015
35.075,3.423004
35.08,3.422996
35.085,3.422994
35.09,3.422994
35.095,3.422993
35.1,3.422953
35.105,3.422857
35.11,3.422706
35.115,3.422494
35.12,3.422215
35.125,3.421873
35.13,3.421524
35.135,3.421232
35.14,3.421027
35.145,3.42087
35.15,3.420736
35.155,3.420624
35.16,3.420505
35.165,3.420345
35.17,3.420109
35.175,3.419797
35.18,3.419426
35.185,3.418998
35.19,3.418545
35.195,3.41809
35.2,3.417657
35.205,3.417254
35.21,3.416889
35.215,3.416557
35.22,3.416272
35.225,3.41601
35.23,3.415748
35.235,3.415484
35.24,3.415234
35.245,3.414989
35.25,3.414769
35.255,3.414565
35.26,3.414367
35.265,3.414189
35.27,3.414011
35.275,3.413831
35.28,3.413663
35.285,3.413486
35.29,3.413307
35.295,3.413153
35.3,3.413042
35.305,3.412948
35.31,3.412837
35.315,3.412717
35.32,3.41261
35.325,3.412532
35.33,3.412481
35.335,3.41241
35.34,3.412306
35.345,3.412191
35.35,3.412089
35.355,3.412022
35.36,3.412028
35.365,3.412113
35.37,3.412241
35.375,3.412368
35.38,3.412465
35.385,3.412523
35.39,3.412545
35.395,3.412565
35.4,3.412631
35.405,3.412752
35.41,3.412937
35.415,3.413179
35.42,3.413454
35.425,3.413737
35.43,3.414016
35.435,3.414263
35.44,3.414503
35.445,3.414776
35.45,3.415112
35.455,3.415529
35.46,3.416013
35.465,3.416541
35.47,3.417081
35.475,3.417594
35.48,3.418044
35.485,3.418429
35.49,3.418762
35.495,3.419054
35.5,3.419324
35.505,3.419577
35.51,3.419819
35.515,3.420056
35.52,3.420279
35.525,3.420502
35.53,3.420714
35.535,3.42093
35.54,3.421145
35.545,3.421367
35.55,3.421592
35.555,3.421814
35.56,3.422041
35.565,3.422266
35.57,3.4225
35.575,3.422747
35.58,3.423011
35.585,3.423293
35.59,3.423571
35.595,3.423801
35.6,3.423959
35.605,3.42406
35.61,3.424158
35.615,3.424265
35.62,3.424366
35.625,3.424445
35.63,3.424503
35.635,3.424582
35.64,3.424693
35.645,3.424813
35.65,3.424916
35.655,3.424987
35.66,3.425025
35.665,3.425036
35.67,3.425015
35.675,3.424938
35.68,3.424815
35.685,3.424683
35.69,3.424573
35.695,3.4245
35.7,3.424447
35.705,3.424367
35.71,3.42423
35.715,3.423995
35.72,3.423677
35.725,3.423308
35.73,3.422954
35.735,3.422675
35.74,3.422497
35.745,3.422402
35.75,3.422323
35.755,3.422219
35.76,3.42204
35.765,3.421764
35.77,3.421406
35.775,3.420991
35.78,3.420536
35.785,3.42007
35.79,3.419603
35.795,3.419156
35.8,3.418731
35.805,3.41832
35.81,3.417946
35.815,3.417604
35.82,3.417279
35.825,3.416974
35.83,3.416684
35.835,3.416415
35.84,3.416173
35.845,3.415941
35.85,3.415733
35.855,3.415527
35.86,3.415327
35.865,3.415139
35.87,3.414943
35.875,3.414749
35.88,3.414541
35.885,3.414334
35.89,3.414158
35.895,3.414001
35.9,3.413842
35.905,3.413696
35.91,3.413582
35.915,3.413498
35.92,3.413401
35.925,3.413282
35.93,3.413164
35.935,3.413068
35.94,3.413005
35.945,3.412973
35.95,3.412966
35.955,3.412973
35.96,3.412985
35.965,3.412996
35.97,3.413003
35.975,3.413021
35.98,3.413092
35.985,3.413205
35.99,3.413328
35.995,3.413431
36,3.413511
36.005,3.413609
36.01,3.413742
36.015,3.413929
36.02,3.414166
36.025,3.414438
36.03,3.414724
36.035,3.41501
36.04,3.41527
36.045,3.415525
36.05,3.415805
36.055,3.416157
36.06,3.416606
36.065,3.41714
36.07,3.417721
36.075,3.418296
36.08,3.418814
36.085,3.419251
36.09,3.419626
36.095,3.419958
36.1,3.420262
36.105,3.420544
36.11,3.420811
36.115,3.421069
36.12,3.421326
36.125,3.421578
36.13,3.42183
36.135,3.422078
36.14,3.422322
36.145,3.422564
36.15,3.422799
36.155,3.423042
36.16,3.423307
36.165,3.423585
36.17,3.423876
36.175,3.42416
36.18,3.424439
36.185,3.424699
36.19,3.424953
36.195,3.425183
36.2,3.425364
36.205,3.425483
36.21,3.425576
36.215,3.425682
36.22,3.425794
36.225,3.425895
36.23,3.425968
36.235,3.426012
36.24,3.426065
36.245,3.426156
36.25,3.42627
36.255,3.426379
36.26,3.426463
36.265,3.426492
36.27,3.426435
36.275,3.426317
36.28,3.426184
36.285,3.42607
36.29,3.425995
36.295,3.425938
36.3,3.425851
36.305,3.425701
36.31,3.425482
36.315,3.425202
36.32,3.424899
36.325,3.424588
36.33,3.424312
36.335,3.424102
36.34,3.423931
36.345,3.423774
36.35,3.423599
36.355,3.423369
36.36,3.423065
36.365,3.422674
36.37,3.422207
36.375,3.421708
36.38,3.421212
36.385,3.420743
36.39,3.420316
36.395,3.419914
36.4,3.419539
36.405,3.419188
36.41,3.418853
36.415,3.418531
36.42,3.418215
36.425,3.417919
36.43,3.417639
36.435,3.417382
36.44,3.417158
36.445,3.416946
36.45,3.416743
36.455,3.416528
36.46,3.416319
36.465,3.416111
36.47,3.415902
36.475,3.415708
36.48,3.415511
36.485,3.415318
36.49,3.415155
36.495,3.415011
36.5,3.41486
36.505,3.414715
36.51,3.414595
36.515,3.414477
36.52,3.41434
36.525,3.414204
36.53,3.414091
36.535,3.414015
36.54,3.413975
36.545,3.413963
36.55,3.413969
36.555,3.413982
36.56,3.413996
36.565,3.414042
36.57,3.414139
36.575,3.414263
36.58,3.41438
36.585,3.414469
36.59,3.414546
36.595,3.41465
36.6,3.414802
36.605,3.415011
36.61,3.415278
36.615,3.415583
36.62,3.415904
36.625,3.416197
36.63,3.416466
36.635,3.416742
36.64,3.41708
36.645,3.417496
36.65,3.417973
36.655,3.418487
36.66,3.418998
36.665,3.419491
36.67,3.419941
36.675,3.420341
36.68,3.4207
36.685,3.421032
36.69,3.421353
36.695,3.421651
36.7,3.421935
36.705,3.422192
36.71,3.422437
36.715,3.422667
36.72,3.422895
36.725,3.423125
36.73,3.423371
36.735,3.423621
36.74,3.423883
36.745,3.424135
36.75,3.424378
36.755,3.42461
36.76,3.424832
36.765,3.425054
36.77,3.425273
36.775,3.425501
36.78,3.425719
36.785,3.42594
36.79,3.426153
36.795,3.426332
36.8,3.426457
36.805,3.426527
36.81,3.426551
36.815,3.426547
36.82,3.426537
36.825,3.426574
36.83,3.426667
36.835,3.426785
36.84,3.426896
36.845,3.426977
36.85,3.427023
36.855,3.427039
36.86,3.427035
36.865,3.427023
36.87,3.427009
36.875,3.426999
36.88,3.426994
36.885,3.426993
36.89,3.426994
36.895,3.426997
36.9,3.426998
36.905,3.426965
36.91,3.426875
36.915,3.426725
36.92,3.426496
36.925,3.426199
36.93,3.425872
36.935,3.425545
36.94,3.425265
36.945,3.425068
36.95,3.424932
36.955,3.42481
36.96,3.424696
36.965,3.424583
36.97,3.424438
36.975,3.424242
36.98,3.423974
36.985,3.423648
36.99,3.423273
36.995,3.422854
37,3.422409
37.005,3.421957
37.01,3.421523
37.015,3.421121
37.02,3.420752
37.025,3.420428
37.03,3.420142
37.035,3.419862
37.04,3.419576
37.045,3.41931
37.05,3.419054
37.055,3.418821
37.06,3.418611
37.065,3.418406
37.07,3.418201
37.075,3.417982
37.08,3.417744
37.085,3.417489
37.09,3.417222
37.095,3.416956
37.1,3.416727
37.105,3.416564
37.11,3.416471
37.115,3.416436
37.12,3.416439
37.125,3.41646
37.13,3.416483
37.135,3.416501
37.14,3.416511
37.145,3.416513
37.15,3.41651
37.155,3.416506
37.16,3.416502
37.165,3.4165
37.17,3.416498
37.175,3.416498
37.18,3.4165
37.185,3.416538
37.19,3.416633
37.195,3.416775
37.2,3.416971
37.205,3.417224
37.21,3.417526
37.215,3.417856
37.22,3.418183
37.225,3.418494
37.23,3.418789
37.235,3.419116
37.24,3.4195
37.245,3.419938
37.25,3.420417
37.255,3.420899
37.26,3.421375
37.265,3.421823
37.27,3.422224
37.275,3.42258
37.28,3.422908
37.285,3.423224
37.29,3.423523
37.295,3.423796
37.3,3.424052
37.305,3.424284
37.31,3.424511
37.315,3.424725
37.32,3.424943
37.325,3.425157
37.33,3.425368
37.335,3.425582
37.34,3.425783
37.345,3.425989
37.35,3.426187
37.355,3.426372
37.36,3.426562
37.365,3.426744
37.37,3.42693
37.375,3.427129
37.38,3.427352
37.385,3.427586
37.39,3.427824
37.395,3.428063
37.4,3.428272
37.405,3.428425
37.41,3.428516
37.415,3.428554
37.42,3.428555
37.425,3.428562
37.43,3.428622
37.435,3.428724
37.44,3.428838
37.445,3.428934
37.45,3.428999
37.455,3.429031
37.46,3.429037
37.465,3.429029
37.47,3.429016
37.475,3.429005
37.48,3.428997
37.485,3.428994
37.49,3.428994
37.495,3.428995
37.5,3.428973
37.505,3.428893
37.51,3.428759
37.515,3.428566
37.52,3.428322
37.525,3.428008
37.53,3.427657
37.535,3.427338
37.54,3.427101
37.545,3.426949
37.55,3.426826
37.555,3.426714
37.56,3.426583
37.565,3.426402
37.57,3.426156
37.575,3.425844
37.58,3.425464
37.585,3.425042
37.59,3.42459
37.595,3.424126
37.6,3.423669
37.605,3.423231
37.61,3.422818
37.615,3.42243
37.62,3.422071
37.625,3.42174
37.63,3.421432
37.635,3.42113
37.64,3.420852
37.645,3.420585
37.65,3.420342
37.655,3.420116
37.66,3.419899
37.665,3.419688
37.67,3.41947
37.675,3.419263
37.68,3.419054
37.685,3.418848
37.69,3.418641
37.695,3.418428
37.7,3.418224
37.705,3.418013
37.71,3.41781
37.715,3.417644
37.72,3.41753
37.725,3.417469
37.73,3.41745
37.735,3.417456
37.74,3.417473
37.745,3.417491
37.75,3.417503
37.755,3.417509
37.76,3.41751
37.765,3.417507
37.77,3.417504
37.775,3.417501
37.78,3.417513
37.785,3.41758
37.79,3.417694
37.795,3.417843
37.8,3.418033
37.805,3.418267
37.81,3.418558
37.815,3.418885
37.82,3.419224
37.825,3.419551
37.83,3.419865
37.835,3.420185
37.84,3.420559
37.845,3.421016
37.85,3.42154
37.855,3.422101
37.86,3.422654
37.865,3.423167
37.87,3.423627
37.875,3.424029
37.88,3.424384
37.885,3.424692
37.89,3.424972
37.895,3.425221
37.9,3.425459
37.905,3.42568
37.91,3.425898
37.915,3.426113
37.92,3.426322
37.925,3.426537
37.93,3.426745
37.935,3.426959
37.94,3.427178
37.945,3.427415
37.95,3.427652
37.955,3.427897
37.96,3.428133
37.965,3.428353
37.97,3.42857
37.975,3.428773
37.98,3.42898
37.985,3.429188
37.99,3.429412
37.995,3.429635
38,3.429824
38.005,3.429957
38.01,3.430031
38.015,3.430056
38.02,3.430056
38.025,3.430088
38.03,3.430171
38.035,3.430282
38.04,3.430389
38.045,3.43047
38.05,3.430517
38.055,3.430536
38.06,3.430534
38.065,3.430523
38.07,3.43051
38.075,3.4305
38.08,3.430495
38.085,3.430493
38.09,3.430494
38.095,3.430495
38.1,3.430458
38.105,3.430365
38.11,3.430214
38.115,3.430007
38.12,3.429736
38.125,3.429393
38.13,3.429039
38.135,3.42874
38.14,3.428535
38.145,3.428399
38.15,3.428282
38.155,3.428171
38.16,3.428029
38.165,3.427818
38.17,3.427544
38.175,3.427209
38.18,3.426824
38.185,3.426412
38.19,3.425977
38.195,3.425537
38.2,3.425096
38.205,3.424671
38.21,3.424268
38.215,3.42388
38.22,3.423521
38.225,3.423202
38.23,3.4229
38.235,3.422601
38.24,3.422308
38.245,3.422021
38.25,3.421758
38.255,3.421506
38.26,3.421277
38.265,3.421056
38.27,3.420845
38.275,3.420654
38.28,3.42046
38.285,3.420275
38.29,3.420092
38.295,3.419901
38.3,3.419701
38.305,3.419484
38.31,3.419278
38.315,3.419114
38.32,3.419008
38.325,3.418956
38.33,3.418945
38.335,3.418956
38.34,3.418976
38.345,3.418994
38.35,3.419005
38.355,3.41901
38.36,3.41901
38.365,3.419007
38.37,3.419004
38.375,3.419001
38.38,3.418999
38.385,3.419021
38.39,3.419101
38.395,3.419223
38.4,3.419389
38.405,3.419596
38.41,3.419847
38.415,3.42014
38.42,3.420454
38.425,3.420771
38.43,3.421069
38.435,3.421337
38.44,3.42162
38.445,3.421953
38.45,3.422374
38.455,3.422878
38.46,3.423428
38.465,3.423983
38.47,3.424499
38.475,3.424974
38.48,3.425398
38.485,3.425768
38.49,3.426082
38.495,3.426345
38.5,3.42658
38.505,3.426791
38.51,3.427003
38.515,3.427209
38.52,3.427421
38.525,3.427635
38.53,3.42785
38.535,3.428071
38.54,3.428287
38.545,3.428509
38.55,3.428725
38.555,3.428948
38.56,3.429164
38.565,3.429376
38.57,3.42959
38.575,3.429814
38.58,3.430051
38.585,3.430303
38.59,3.430558
38.595,3.430778
38.6,3.430937
38.605,3.431028
38.61,3.431064
38.615,3.431103
38.62,3.431179
38.625,3.431281
38.63,3.431381
38.635,3.43146
38.64,3.431508
38.645,3.43153
38.65,3.431531
38.655,3.431523
38.66,3.431511
38.665,3.431502
38.67,3.431496
38.675,3.431494
38.68,3.431495
38.685,3.431497
38.69,3.431498
38.695,3.4315
38.7,3.431499
38.705,3.431459
38.71,3.431359
38.715,3.431185
38.72,3.430952
38.725,3.43066
38.73,3.430317
38.735,3.429977
38.74,3.429701
38.745,3.429517
38.75,3.429393
38.755,3.429281
38.76,3.429165
38.765,3.428999
38.77,3.428756
38.775,3.428441
38.78,3.428051
38.785,3.427617
38.79,3.427161
38.795,3.426703
38.8,3.42626
38.805,3.425833
38.81,3.425425
38.815,3.425038
38.82,3.424671
38.825,3.424349
38.83,3.42406
38.835,3.423777
38.84,3.423496
38.845,3.423216
38.85,3.422945
38.855,3.422694
38.86,3.422452
38.865,3.422237
38.87,3.422029
38.875,3.421817
38.88,3.421584
38.885,3.421353
38.89,3.42114
38.895,3.420932
38.9,3.420745
38.905,3.420594
38.91,3.420449
38.915,3.420299
38.92,3.420164
38.925,3.420062
38.93,3.419998
38.935,3.419969
38.94,3.419965
38.945,3.419974
38.95,3.419987
38.955,3.419998
38.96,3.420005
38.965,3.420007
38.97,3.420014
38.975,3.420068
38.98,3.420173
38.985,3.420297
38.99,3.420407
38.995,3.420493
39,3.420593
39.005,3.420738
39.01,3.420974
39.015,3.421305
39.02,3.421695
39.025,3.422071
39.03,3.42241
39.035,3.422729
39.04,3.423095
39.045,3.423546
39.05,3.424077
39.055,3.424665
39.06,3.425246
39.065,3.425773
39.07,3.426228
39.075,3.426606
39.08,3.426931
39.085,3.427209
39.09,3.427466
39.095,3.4277
39.1,3.427932
39.105,3.428154
39.11,3.428369
39.115,3.428584
39.12,3.428792
39.125,3.429009
39.13,3.429223
39.135,3.42945
39.14,3.429672
39.145,3.429897
39.15,3.430119
39.155,3.430336
39.16,3.430557
39.165,3.430791
39.17,3.431036
39.175,3.431297
39.18,3.431558
39.185,3.431806
39.19,3.432045
39.195,3.432255
39.2,3.432411
39.205,3.432506
39.21,3.432547
39.215,3.432553
39.22,3.432563
39.225,3.432625
39.23,3.432728
39.235,3.432842
39.24,3.432937
39.245,3.433
39.25,3.433031
39.255,3.433037
39.26,3.433029
39.265,3.433016
39.27,3.433004
39.275,3.432997
39.28,3.432994
39.285,3.432994
39.29,3.432995
39.295,3.432998
39.3,3.432975
39.305,3.432894
39.31,3.432755
39.315,3.432555
39.32,3.432295
39.325,3.431959
39.33,3.431599
39.335,3.431286
39.34,3.431063
39.345,3.430922
39.35,3.430805
39.355,3.430697
39.36,3.430568
39.365,3.430374
39.37,3.43011
39.375,3.429773
39.38,3.429378
39.385,3.428954
39.39,3.428508
39.395,3.428062
39.4,3.427625
39.405,3.427207
39.41,3.426821
39.415,3.426456
39.42,3.426109
39.425,3.425792
39.43,3.425496
39.435,3.425205
39.44,3.424918
39.445,3.424629
39.45,3.424358
39.455,3.424101
39.46,3.423864
39.465,3.423646
39.47,3.423432
39.475,3.423234
39.48,3.423031
39.485,3.422832
39.49,3.422639
39.495,3.422438
39.5,3.42225
39.505,3.422073
39.51,3.421891
39.515,3.421723
39.52,3.421591
39.525,3.421507
39.53,3.421466
39.535,3.421457
39.54,3.421466
39.545,3.421481
39.55,3.421496
39.555,3.421505
39.56,3.421508
39.565,3.421508
39.57,3.421506
39.575,3.421503
39.58,3.421509
39.585,3.421566
39.59,3.421675
39.595,3.421803
39.6,3.421958
39.605,3.422159
39.61,3.422436
39.615,3.422782
39.62,3.423171
39.625,3.423539
39.63,3.423861
39.635,3.42416
39.64,3.424493
39.645,3.424913
39.65,3.425415
39.655,3.425963
39.66,3.426515
39.665,3.427031
39.67,3.427483
39.675,3.427871
39.68,3.42821
39.685,3.428511
39.69,3.428773
39.695,3.429018
39.7,3.429252
39.705,3.429491
39.71,3.429722
39.715,3.429957
39.72,3.430182
39.725,3.430406
39.73,3.430626
39.735,3.430848
39.74,3.431073
39.745,3.431292
39.75,3.431515
39.755,3.43173
39.76,3.43195
39.765,3.432172
39.77,3.432409
39.775,3.432648
39.78,3.432894
39.785,3.433144
39.79,3.433406
39.795,3.433654
39.8,3.433852
39.805,3.433982
39.81,3.434047
39.815,3.434068
39.82,3.434103
39.825,3.434181
39.83,3.434285
39.835,3.434386
39.84,3.434465
39.845,3.434512
39.85,3.434532
39.855,3.434532
39.86,3.434522
39.865,3.434511
39.87,3.434501
39.875,3.434496
39.88,3.434494
39.885,3.434495
39.89,3.434496
39.895,3.434463
39.9,3.434374
39.905,3.434229
39.91,3.434024
39.915,3.43376
39.92,3.433452
39.925,3.433124
39.93,3.432828
39.935,3.432593
39.94,3.432392
39.945,3.432221
39.95,3.432061
39.955,3.431884
39.96,3.431661
39.965,3.431372
39.97,3.431013
39.975,3.430605
39.98,3.430154
39.985,3.429699
39.99,3.429257
39.995,3.428825
40,3.42843
40.005,3.428059
40.01,3.427699
40.015,3.427363
40.02,3.427048
40.025,3.42675
40.03,3.426465
40.035,3.426182
40.04,3.425911
40.045,3.42565
40.05,3.425403
40.055,3.425174
40.06,3.42495
40.065,3.424743
40.07,3.424536
40.075,3.424334
40.08,3.42414
40.085,3.42394
40.09,3.423744
40.095,3.423535
40.1,3.423329
40.105,3.423157
40.11,3.423018
40.115,3.422879
40.12,3.42274
40.125,3.422621
40.13,3.422536
40.135,3.422486
40.14,3.422468
40.145,3.422469
40.15,3.422479
40.155,3.422491
40.16,3.4225
40.165,3.422505
40.17,3.422512
40.175,3.422561
40.18,3.422662
40.185,3.422785
40.19,3.422898
40.195,3.422985
40.2,3.423084
40.205,3.423227
40.21,3.423458
40.215,3.42378
40.22,3.424164
40.225,3.424538
40.23,3.424875
40.235,3.425188
40.24,3.425531
40.245,3.425937
40.25,3.426408
40.255,3.426941
40.26,3.427498
40.265,3.428037
40.27,3.428514
40.275,3.428925
40.28,3.429289
40.285,3.429609
40.29,3.429905
40.295,3.43017
40.3,3.430419
40.305,3.430652
40.31,3.430882
40.315,3.431107
40.32,3.431325
40.325,3.431547
40.33,3.431757
40.335,3.431971
40.34,3.432179
40.345,3.43239
40.35,3.432605
40.355,3.432829
40.36,3.433065
40.365,3.433321
40.37,3.433578
40.375,3.433827
40.38,3.434068
40.385,3.434286
40.39,3.434498
40.395,3.434696
40.4,3.434858
40.405,3.434969
40.41,3.435028
40.415,3.435047
40.42,3.435041
40.425,3.435025
40.43,3.435034
40.435,3.435104
40.44,3.435218
40.445,3.43534
40.45,3.43544
40.455,3.435505
40.46,3.435536
40.465,3.43554
40.47,3.43553
40.475,3.435516
40.48,3.435504
40.485,3.435495
40.49,3.435468
40.495,3.435391
40.5,3.435277
40.505,3.435156
40.51,3.43503
40.515,3.434879
40.52,3.43469
40.525,3.434436
40.53,3.434131
40.535,3.433798
40.54,3.433475
40.545,3.433211
40.55,3.433033
40.555,3.432938
40.56,3.432865
40.565,3.432745
40.57,3.432546
40.575,3.432261
40.58,3.431901
40.585,3.431503
40.59,3.431074
40.595,3.430639
40.6,3.430201
40.605,3.429769
40.61,3.42937
40.615,3.429003
40.62,3.428657
40.625,3.428339
40.63,3.428039
40.635,3.427746
40.64,3.427461
40.645,3.427176
40.65,3.426903
40.655,3.426638
40.66,3.426389
40.665,3.426159
40.67,3.425936
40.675,3.425733
40.68,3.425531
40.685,3.425333
40.69,3.425139
40.695,3.424936
40.7,3.424748
40.705,3.424581
40.71,3.42441
40.715,3.424247
40.72,3.424113
40.725,3.424023
40.73,3.423975
40.735,3.42396
40.74,3.423965
40.745,3.423979
40.75,3.423993
40.755,3.424003
40.76,3.424007
40.765,3.424008
40.77,3.424006
40.775,3.424003
40.78,3.424007
40.785,3.42406
40.79,3.424165
40.795,3.424292
40.8,3.42444
40.805,3.42464
40.81,3.42492
40.815,3.425269
40.82,3.42566
40.825,3.426031
40.83,3.426356
40.835,3.426649
40.84,3.426952
40.845,3.427318
40.85,3.427749
40.855,3.428238
40.86,3.428764
40.865,3.429291
40.87,3.429783
40.875,3.430221
40.88,3.430617
40.885,3.430973
40.89,3.431292
40.895,3.431577
40.9,3.431823
40.905,3.432053
40.91,3.432263
40.915,3.432475
40.92,3.432683
40.925,3.432899
40.93,3.433117
40.935,3.433334
40.94,3.433556
40.945,3.43377
40.95,3.433989
40.955,3.434203
40.96,3.434424
40.965,3.434641
40.97,3.434852
40.975,3.43507
40.98,3.435313
40.985,3.435571
40.99,3.435842
40.995,3.436104
41,3.436319
41.005,3.436466
41.01,3.436543
41.015,3.436567
41.02,3.436585
41.025,3.436647
41.03,3.436745
41.035,3.436851
41.04,3.43694
41.045,3.436999
41.05,3.437028
41.055,3.437034
41.06,3.437027
41.065,3.437015
41.07,3.437004
41.075,3.436997
41.08,3.436994
41.085,3.436994
41.09,3.436992
41.095,3.436947
41.1,3.436848
41.105,3.4367
41.11,3.436497
41.115,3.436237
41.12,3.435935
41.125,3.435614
41.13,3.435322
41.135,3.43507
41.14,3.434848
41.145,3.434666
41.15,3.434493
41.155,3.434292
41.16,3.434042
41.165,3.433733
41.17,3.433371
41.175,3.432975
41.18,3.432552
41.185,3.432128
41.19,3.431712
41.195,3.431303
41.2,3.430917
41.205,3.430541
41.21,3.430171
41.215,3.429818
41.22,3.429492
41.225,3.429193
41.23,3.428919
41.235,3.428657
41.24,3.428406
41.245,3.42816
41.25,3.427918
41.255,3.427679
41.26,3.427441
41.265,3.427223
41.27,3.427008
41.275,3.426806
41.28,3.426616
41.285,3.426422
41.29,3.426242
41.295,3.426088
41.3,3.425931
41.305,3.425774
41.31,3.425638
41.315,3.425523
41.32,3.425395
41.325,3.425257
41.33,3.425134
41.335,3.425042
41.34,3.424988
41.345,3.424966
41.35,3.424966
41.355,3.424976
41.36,3.424989
41.365,3.424999
41.37,3.425005
41.375,3.425025
41.38,3.425098
41.385,3.425212
41.39,3.425334
41.395,3.425436
41.4,3.425537
41.405,3.425671
41.41,3.425869
41.415,3.426141
41.42,3.426462
41.425,3.426808
41.43,3.427126
41.435,3.427408
41.44,3.427677
41.445,3.427972
41.45,3.42833
41.455,3.428762
41.46,3.42926
41.465,3.429796
41.47,3.43033
41.475,3.430831
41.48,3.431282
41.485,3.431673
41.49,3.432011
41.495,3.432307
41.5,3.432572
41.505,3.432813
41.51,3.433047
41.515,3.433269
41.52,3.433496
41.525,3.433717
41.53,3.433947
41.535,3.434168
41.54,3.434378
41.545,3.434586
41.55,3.434792
41.555,3.435009
41.56,3.435223
41.565,3.435446
41.57,3.435669
41.575,3.435902
41.58,3.436132
41.585,3.436359
41.59,3.436584
41.595,3.436781
41.6,3.436926
41.605,3.437012
41.61,3.437049
41.615,3.437051
41.62,3.437036
41.625,3.437017
41.63,3.437001
41.635,3.436992
41.64,3.437004
41.645,3.437075
41.65,3.437193
41.655,3.437321
41.66,3.437429
41.665,3.4375
41.67,3.437535
41.675,3.437542
41.68,3.437533
41.685,3.437509
41.69,3.43744
41.695,3.437327
41.7,3.437199
41.705,3.437088
41.71,3.437011
41.715,3.436967
41.72,3.436911
41.725,3.436812
41.73,3.436651
41.735,3.43641
41.74,3.436117
41.745,3.435823
41.75,3.435537
41.755,3.435288
41.76,3.435103
41.765,3.434988
41.77,3.434893
41.775,3.434779
41.78,3.43461
41.785,3.434375
41.79,3.434078
41.795,3.433733
41.8,3.433355
41.805,3.432967
41.81,3.432567
41.815,3.432171
41.82,3.4318
41.825,3.431448
41.83,3.431111
41.835,3.430797
41.84,3.430499
41.845,3.430208
41.85,3.429926
41.855,3.429645
41.86,3.429382
41.865,3.429152
41.87,3.428934
41.875,3.428741
41.88,3.428557
41.885,3.428369
41.89,3.428202
41.895,3.428059
41.9,3.427909
41.905,3.427758
41.91,3.427627
41.915,3.427495
41.92,3.427348
41.925,3.427204
41.93,3.427088
41.935,3.42701
41.94,3.426971
41.945,3.426961
41.95,3.426968
41.955,3.426982
41.96,3.426995
41.965,3.427003
41.97,3.427007
41.975,3.427008
41.98,3.427038
41.985,3.427124
41.99,3.427245
41.995,3.427364
42,3.427482
42.005,3.42762
42.01,3.427791
42.015,3.428003
42.02,3.428263
42.025,3.428569
42.03,3.428897
42.035,3.429191
42.04,3.429446
42.045,3.429684
42.05,3.429948
42.055,3.430265
42.06,3.430665
42.065,3.43113
42.07,3.431624
42.075,3.432114
42.08,3.43256
42.085,3.432958
42.09,3.433324
42.095,3.433641
42.1,3.433924
42.105,3.434169
42.11,3.434384
42.115,3.43459
42.12,3.434778
42.125,3.43497
42.13,3.435162
42.135,3.435353
42.14,3.435555
42.145,3.435747
42.15,3.43594
42.155,3.436136
42.16,3.436325
42.165,3.436525
42.17,3.43672
42.175,3.436917
42.18,3.43712
42.185,3.437327
42.19,3.437554
42.195,3.437813
42.2,3.438076
42.205,3.4383
42.21,3.438467
42.215,3.438614
42.22,3.438753
42.225,3.438871
42.23,3.438961
42.235,3.439062
42.24,3.439186
42.245,3.439313
42.25,3.439418
42.255,3.43949
42.26,3.439525
42.265,3.439497
42.27,3.439397
42.275,3.439261
42.28,3.43913
42.285,3.439032
42.29,3.438975
42.295,3.438936
42.3,3.438865
42.305,3.438732
42.31,3.43853
42.315,3.438252
42.32,3.437898
42.325,3.437535
42.33,3.437231
42.335,3.437026
42.34,3.436887
42.345,3.436766
42.35,3.436615
42.355,3.436385
42.36,3.436071
42.365,3.435685
42.37,3.435253
42.375,3.434805
42.38,3.434361
42.385,3.433929
42.39,3.433527
42.395,3.433156
42.4,3.432813
42.405,3.432481
42.41,3.432151
42.415,3.431842
42.42,3.431547
42.425,3.431253
42.43,3.430963
42.435,3.430673
42.44,3.430399
42.445,3.430147
42.45,3.42991
42.455,3.429697
42.46,3.429487
42.465,3.42929
42.47,3.429105
42.475,3.428915
42.48,3.428735
42.485,3.428552
42.49,3.428362
42.495,3.428193
42.5,3.42806
42.505,3.42793
42.51,3.427791
42.515,3.427663
42.52,3.427562
42.525,3.42746
42.53,3.427336
42.535,3.427207
42.54,3.427096
42.545,3.427019
42.55,3.426978
42.555,3.426964
42.56,3.426969
42.565,3.427002
42.57,3.427089
42.575,3.427213
42.58,3.42734
42.585,3.427442
42.59,3.427509
42.595,3.427575
42.6,3.427673
42.605,3.427825
42.61,3.428042
42.615,3.428321
42.62,3.428644
42.625,3.428973
42.63,3.429263
42.635,3.42952
42.64,3.429752
42.645,3.430015
42.65,3.430362
42.655,3.430806
42.66,3.43133
42.665,3.431888
42.67,3.432443
42.675,3.432959
42.68,3.433419
42.685,3.433828
42.69,3.434172
42.695,3.434472
42.7,3.434723
42.705,3.434952
42.71,3.435165
42.715,3.435375
42.72,3.43559
42.725,3.435797
42.73,3.436012
42.735,3.436221
42.74,3.436436
42.745,3.436648
42.75,3.436855
42.755,3.437067
42.76,3.437275
42.765,3.437496
42.77,3.437743
42.775,3.438014
42.78,3.438308
42.785,3.438596
42.79,3.438873
42.795,3.439127
42.8,3.439331
42.805,3.439467
42.81,3.439544
42.815,3.439618
42.82,3.439715
42.825,3.43982
42.83,3.439912
42.835,3.439978
42.84,3.440016
42.845,3.440029
42.85,3.440027
42.855,3.440017
42.86,3.440007
42.865,3.439999
42.87,3.439995
42.875,3.439994
42.88,3.439996
42.885,3.439997
42.89,3.439999
42.895,3.43999
42.9,3.439919
42.905,3.439748
42.91,3.439484
42.915,3.439154
42.92,3.438787
42.925,3.43844
42.93,3.438169
42.935,3.437984
42.94,3.437837
42.945,3.437683
42.95,3.437478
42.955,3.437205
42.96,3.436859
42.965,3.43645
42.97,3.436005
42.975,3.435534
42.98,3.435068
42.985,3.434616
42.99,3.434192
42.995,3.433805
43,3.43345
43.005,3.433118
43.01,3.432811
43.015,3.432519
43.02,3.432228
43.025,3.431939
43.03,3.431644
43.035,3.43137
43.04,3.431115
43.045,3.430879
43.05,3.430664
43.055,3.430451
43.06,3.430253
43.065,3.430052
43.07,3.429851
43.075,3.42966
43.08,3.42946
43.085,3.429271
43.09,3.429118
43.095,3.429001
43.1,3.428878
43.105,3.428748
43.11,3.428632
43.115,3.428545
43.12,3.428492
43.125,3.428437
43.13,3.428347
43.135,3.428234
43.14,3.428125
43.145,3.428041
43.15,3.42799
43.155,3.427968
43.16,3.427967
43.165,3.427986
43.17,3.428059
43.175,3.428179
43.18,3.428311
43.185,3.428422
43.19,3.428497
43.195,3.428551
43.2,3.428632
43.205,3.428759
43.21,3.428957
43.215,3.429232
43.22,3.429569
43.225,3.429922
43.23,3.430235
43.235,3.430509
43.24,3.430768
43.245,3.431075
43.25,3.431469
43.255,3.431968
43.26,3.432532
43.265,3.433126
43.27,3.433698
43.275,3.434211
43.28,3.434656
43.285,3.435046
43.29,3.435395
43.295,3.435699
43.3,3.435977
43.305,3.436227
43.31,3.436471
43.315,3.4367
43.32,3.43693
43.325,3.437156
43.33,3.437392
43.335,3.437628
43.34,3.437874
43.345,3.438145
43.35,3.438435
43.355,3.438728
43.36,3.439014
43.365,3.439279
43.37,3.439532
43.375,3.439773
43.38,3.440014
43.385,3.440249
43.39,3.440488
43.395,3.440708
43.4,3.44088
43.405,3.440991
43.41,3.441055
43.415,3.441131
43.42,3.44123
43.425,3.441335
43.43,3.441425
43.435,3.441488
43.44,3.441526
43.445,3.441586
43.45,3.441685
43.455,3.441795
43.46,3.441878
43.465,3.441924
43.47,3.441903
43.475,3.441818
43.48,3.441704
43.485,3.441596
43.49,3.441518
43.495,3.441458
43.5,3.441372
43.505,3.441233
43.51,3.44103
43.515,3.440763
43.52,3.44046
43.525,3.440138
43.53,3.439846
43.535,3.439615
43.54,3.439421
43.545,3.43924
43.55,3.439027
43.555,3.438753
43.56,3.438402
43.565,3.437979
43.57,3.437513
43.575,3.437023
43.58,3.43654
43.585,3.436069
43.59,3.435628
43.595,3.435218
43.6,3.434824
43.605,3.43446
43.61,3.434123
43.615,3.43382
43.62,3.433538
43.625,3.433262
43.63,3.432988
43.635,3.43271
43.64,3.432438
43.645,3.432176
43.65,3.431924
43.655,3.431688
43.66,3.431456
43.665,3.431241
43.67,3.431024
43.675,3.430815
43.68,3.430604
43.685,3.430389
43.69,3.430167
43.695,3.429938
43.7,3.429732
43.705,3.429544
43.71,3.42936
43.715,3.429197
43.72,3.429074
43.725,3.428998
43.73,3.428964
43.735,3.428959
43.74,3.42897
43.745,3.428985
43.75,3.428998
43.755,3.429005
43.76,3.429008
43.765,3.429007
43.77,3.429019
43.775,3.429086
43.78,3.429198
43.785,3.429322
43.79,3.429437
43.795,3.42957
43.8,3.429735
43.805,3.429961
43.81,3.430258
43.815,3.430612
43.82,3.43097
43.825,3.43129
43.83,3.431578
43.835,3.431871
43.84,3.432222
43.845,3.432658
43.85,3.433178
43.855,3.433731
43.86,3.434279
43.865,3.434786
43.87,3.435234
43.875,3.435629
43.88,3.435981
43.885,3.436308
43.89,3.436602
43.895,3.436871
43.9,3.437119
43.905,3.437358
43.91,3.437594
43.915,3.43784
43.92,3.438107
43.925,3.438396
43.93,3.438676
43.935,3.438948
43.94,3.439192
43.945,3.439412
43.95,3.43962
43.955,3.439815
43.96,3.440019
43.965,3.440217
43.97,3.440422
43.975,3.44063
43.98,3.440837
43.985,3.441052
43.99,3.441249
43.995,3.441402
44,3.441499
44.005,3.441544
44.01,3.441553
44.015,3.441573
44.02,3.441644
44.025,3.441751
44.03,3.441861
44.035,3.44195
44.04,3.442006
44.045,3.442032
44.05,3.442035
44.055,3.442026
44.06,3.442014
44.065,3.442003
44.07,3.441996
44.075,3.441994
44.08,3.441994
44.085,3.441996
44.09,3.441998
44.095,3.442
44.1,3.441999
44.105,3.441961
44.11,3.441864
44.115,3.441704
44.12,3.441487
44.125,3.441216
44.13,3.440885
44.135,3.440541
44.14,3.440249
44.145,3.440047
44.15,3.439923
44.155,3.439819
44.16,3.439692
44.165,3.439505
44.17,3.439242
44.175,3.438912
44.18,3.438525
44.185,3.438093
44.19,3.437648
44.195,3.437201
44.2,3.436766
44.205,3.436356
44.21,3.43596
44.215,3.435583
44.22,3.435226
44.225,3.434891
44.23,3.434572
44.235,3.434271
44.24,3.433987
44.245,3.433733
44.25,3.433492
44.255,3.433278
44.26,3.43308
44.265,3.432883
44.27,3.432691
44.275,3.432485
44.28,3.432283
44.285,3.432075
44.29,3.431867
44.295,3.431662
44.3,3.43145
44.305,3.431255
44.31,3.431097
44.315,3.430948
44.32,3.430797
44.325,3.430662
44.33,3.43056
44.335,3.430497
44.34,3.430469
44.345,3.430465
44.35,3.430474
44.355,3.430487
44.36,3.430498
44.365,3.430505
44.37,3.430525
44.375,3.430598
44.38,3.430713
44.385,3.430835
44.39,3.430936
44.395,3.431035
44.4,3.431164
44.405,3.431357
44.41,3.431634
44.415,3.431978
44.42,3.432349
44.425,3.432685
44.43,3.432981
44.435,3.433266
44.44,3.433613
44.445,3.434046
44.45,3.434563
44.455,3.435126
44.46,3.435688
44.465,3.436208
44.47,3.436648
44.475,3.437029
44.48,3.437376
44.485,3.437705
44.49,3.438018
44.495,3.438321
44.5,3.438617
44.505,3.438911
44.51,3.43918
44.515,3.439431
44.52,3.439659
44.525,3.439862
44.53,3.440061
44.535,3.440245
44.54,3.440418
44.545,3.440599
44.55,3.440785
44.555,3.440992
44.56,3.441203
44.565,3.441428
44.57,3.441651
44.575,3.441877
44.58,3.442103
44.585,3.442333
44.59,3.442565
44.595,3.442771
44.6,3.442923
44.605,3.443014
44.61,3.443052
44.615,3.443059
44.62,3.443094
44.625,3.443177
44.63,3.443286
44.635,3.44339
44.64,3.443469
44.645,3.443516
44.65,3.443534
44.655,3.443533
44.66,3.443523
44.665,3.44351
44.67,3.4435
44.675,3.443495
44.68,3.443494
44.685,3.443495
44.69,3.443497
44.695,3.443499
44.7,3.443485
44.705,3.443415
44.71,3.443289
44.715,3.443099
44.72,3.442854
44.725,3.442546
44.73,3.442199
44.735,3.441875
44.74,3.441629
44.745,3.441451
44.75,3.441302
44.755,3.441156
44.76,3.440956
44.765,3.440687
44.77,3.440352
44.775,3.439956
44.78,3.43953
44.785,3.439073
44.79,3.438609
44.795,3.438137
44.8,3.437683
44.805,3.437257
44.81,3.436851
44.815,3.436476
44.82,3.436127
44.825,3.435792
44.83,3.435468
44.835,3.435149
44.84,3.434857
44.845,3.434581
44.85,3.434334
44.855,3.434103
44.86,3.433883
44.865,3.433667
44.87,3.433446
44.875,3.433226
44.88,3.432998
44.885,3.432785
44.89,3.432592
44.895,3.432401
44.9,3.432227
44.905,3.432068
44.91,3.431899
44.915,3.431737
44.92,3.431606
44.925,3.431517
44.93,3.431472
44.935,3.431459
44.94,3.431465
44.945,3.43148
44.95,3.431493
44.955,3.431503
44.96,3.431507
44.965,3.431508
44.97,3.431506
44.975,3.431521
44.98,3.431593
44.985,3.431708
44.99,3.431831
44.995,3.431941
45,3.432062
45.005,3.432222
45.01,3.432441
45.015,3.432724
45.02,3.433058
45.025,3.433406
45.03,3.433722
45.035,3.434011
45.04,3.434301
45.045,3.434652
45.05,3.435098
45.055,3.435619
45.06,3.436178
45.065,3.436725
45.07,3.437233
45.075,3.437694
45.08,3.438114
45.085,3.438484
45.09,3.438809
45.095,3.439108
45.1,3.4394
45.105,3.439667
45.11,3.43992
45.115,3.440152
45.12,3.440355
45.125,3.440553
45.13,3.440737
45.135,3.440919
45.14,3.441109
45.145,3.441303
45.15,3.441513
45.155,3.441716
45.16,3.441916
45.165,3.442118
45.17,3.442324
45.175,3.442542
45.18,3.442766
45.185,3.443004
45.19,3.443252
45.195,3.443509
45.2,3.443738
45.205,3.443909
45.21,3.444013
45.215,3.444075
45.22,3.444151
45.225,3.44425
45.23,3.444351
45.235,3.444436
45.24,3.444493
45.245,3.444522
45.25,3.44453
45.255,3.444524
45.26,3.444514
45.265,3.444504
45.27,3.444498
45.275,3.444495
45.28,3.444495
45.285,3.444496
45.29,3.444498
45.295,3.44448
45.3,3.444405
45.305,3.444267
45.31,3.444064
45.315,3.443806
45.32,3.443492
45.325,3.443148
45.33,3.442837
45.335,3.442606
45.34,3.442446
45.345,3.44231
45.35,3.442167
45.355,3.441957
45.36,3.44167
45.365,3.441313
45.37,3.440903
45.375,3.440472
45.38,3.440038
45.385,3.439621
45.39,3.439223
45.395,3.438839
45.4,3.438468
45.405,3.438106
45.41,3.437749
45.415,3.43742
45.42,3.437114
45.425,3.436806
45.43,3.436504
45.435,3.43621
45.44,3.435935
45.445,3.435681
45.45,3.43544
45.455,3.43522
45.46,3.435003
45.465,3.434798
45.47,3.434593
45.475,3.434386
45.48,3.43419
45.485,3.433987
45.49,3.433792
45.495,3.433624
45.5,3.433455
45.505,3.433288
45.51,3.433145
45.515,3.433025
45.52,3.432892
45.525,3.432753
45.53,3.43263
45.535,3.43254
45.54,3.432487
45.545,3.432466
45.55,3.432466
45.555,3.432477
45.56,3.43249
45.565,3.4325
45.57,3.432531
45.575,3.432615
45.58,3.432734
45.585,3.432855
45.59,3.432951
45.595,3.433044
45.6,3.433167
45.605,3.433353
45.61,3.433618
45.615,3.433953
45.62,3.43432
45.625,3.434666
45.63,3.434984
45.635,3.435301
45.64,3.435681
45.645,3.436135
45.65,3.436663
45.655,3.437239
45.66,3.437824
45.665,3.438394
45.67,3.438912
45.675,3.439362
45.68,3.439724
45.685,3.440022
45.69,3.440278
45.695,3.44052
45.7,3.440738
45.705,3.440952
45.71,3.441161
45.715,3.441372
45.72,3.441588
45.725,3.441788
45.73,3.441991
45.735,3.442188
45.74,3.442387
45.745,3.442594
45.75,3.442805
45.755,3.443029
45.76,3.443248
45.765,3.443474
45.77,3.443705
45.775,3.44395
45.78,3.444204
45.785,3.444468
45.79,3.444707
45.795,3.44489
45.8,3.445004
45.805,3.445071
45.81,3.445147
45.815,3.445245
45.82,3.445347
45.825,3.445433
45.83,3.445492
45.835,3.445557
45.84,3.445658
45.845,3.445776
45.85,3.445885
45.855,3.445967
45.86,3.446015
45.865,3.446029
45.87,3.445976
45.875,3.445861
45.88,3.445723
45.885,3.4456
45.89,3.445513
45.895,3.445451
45.9,3.445366
45.905,3.44523
45.91,3.445028
45.915,3.444759
45.92,3.444437
45.925,3.444096
45.93,3.443797
45.935,3.44358
45.94,3.443423
45.945,3.443281
45.95,3.443101
45.955,3.442839
45.96,3.442491
45.965,3.442079
45.97,3.44162
45.975,3.441161
45.98,3.440722
45.985,3.440304
45.99,3.439919
45.995,3.439566
46,3.439237
46.005,3.438922
46.01,3.438613
46.015,3.438327
46.02,3.438048
46.025,3.437758
46.03,3.437464
46.035,3.437165
46.04,3.436886
46.045,3.436626
46.05,3.436387
46.055,3.436167
46.06,3.43595
46.065,3.435726
46.07,3.435489
46.075,3.43525
46.08,3.435003
46.085,3.434775
46.09,3.434554
46.095,3.434343
46.1,3.434164
46.105,3.433995
46.11,3.433825
46.115,3.433675
46.12,3.433563
46.125,3.433495
46.13,3.433465
46.135,3.433461
46.14,3.433472
46.145,3.433486
46.15,3.433498
46.155,3.433505
46.16,3.433508
46.165,3.433511
46.17,3.433557
46.175,3.433656
46.18,3.433779
46.185,3.433893
46.19,3.433987
46.195,3.434097
46.2,3.434251
46.205,3.434468
46.21,3.434747
46.215,3.435062
46.22,3.435395
46.225,3.435741
46.23,3.436116
46.235,3.436548
46.24,3.437064
46.245,3.437678
46.25,3.438347
46.255,3.439015
46.26,3.439627
46.265,3.440151
46.27,3.440568
46.275,3.440887
46.28,3.441139
46.285,3.441347
46.29,3.441546
46.295,3.441754
46.3,3.441983
46.305,3.442207
46.31,3.442435
46.315,3.442655
46.32,3.442872
46.325,3.443089
46.33,3.4433
46.335,3.443518
46.34,3.443726
46.345,3.443937
46.35,3.444157
46.355,3.444398
46.36,3.444645
46.365,3.444901
46.37,3.445149
46.375,3.445396
46.38,3.445631
46.385,3.445853
46.39,3.446073
46.395,3.446267
46.4,3.446413
46.405,3.446504
46.41,3.446565
46.415,3.446649
46.42,3.446755
46.425,3.44686
46.43,3.446945
46.435,3.447
46.44,3.447026
46.445,3.447031
46.45,3.447024
46.455,3.447013
46.46,3.447003
46.465,3.446997
46.47,3.446994
46.475,3.446995
46.48,3.446996
46.485,3.446998
46.49,3.446998
46.495,3.44696
46.5,3.446862
46.505,3.446689
46.51,3.446449
46.515,3.446152
46.52,3.445814
46.525,3.445482
46.53,3.44521
46.535,3.445023
46.54,3.444881
46.545,3.444718
46.55,3.444483
46.555,3.444161
46.56,3.443751
46.565,3.443285
46.57,3.442783
46.575,3.442275
46.58,3.441782
46.585,3.441317
46.59,3.440905
46.595,3.440531
46.6,3.440177
46.605,3.439842
46.61,3.439527
46.615,3.439244
46.62,3.43898
46.625,3.438716
46.63,3.438441
46.635,3.438149
46.64,3.437855
46.645,3.43756
46.65,3.437289
46.655,3.437032
46.66,3.436793
46.665,3.436554
46.67,3.436327
46.675,3.436105
46.68,3.435885
46.685,3.435665
46.69,3.43544
46.695,3.435231
46.7,3.435021
46.705,3.43482
46.71,3.434653
46.715,3.434537
46.72,3.434474
46.725,3.434452
46.73,3.434457
46.735,3.434473
46.74,3.43449
46.745,3.434502
46.75,3.434508
46.755,3.434509
46.76,3.434507
46.765,3.434504
46.77,3.434501
46.775,3.434499
46.78,3.434499
46.785,3.434499
46.79,3.434499
46.795,3.434501
46.8,3.434538
46.805,3.434631
46.81,3.434755
46.815,3.434904
46.82,3.435091
46.825,3.435332
46.83,3.435632
46.835,3.435956
46.84,3.436277
46.845,3.436578
46.85,3.436861
46.855,3.437167
46.86,3.43756
46.865,3.438082
46.87,3.438706
46.875,3.43937
46.88,3.440008
46.885,3.44058
46.89,3.441055
46.895,3.441441
46.9,3.441742
46.905,3.441997
46.91,3.442237
46.915,3.442482
46.92,3.442725
46.925,3.442973
46.93,3.44322
46.935,3.443471
46.94,3.443708
46.945,3.443941
46.95,3.444174
46.955,3.444422
46.96,3.444672
46.965,3.444929
46.97,3.445177
46.975,3.445424
46.98,3.445659
46.985,3.445891
46.99,3.446116
46.995,3.446308
47,3.446444
47.005,3.446522
47.01,3.446552
47.015,3.446559
47.02,3.446602
47.025,3.446692
47.03,3.446803
47.035,3.446905
47.04,3.44698
47.045,3.447021
47.05,3.447036
47.055,3.447032
47.06,3.447021
47.065,3.447008
47.07,3.446999
47.075,3.446995
47.08,3.446994
47.085,3.446995
47.09,3.446997
47.095,3.446996
47.1,3.446956
47.105,3.446856
47.11,3.446691
47.115,3.446451
47.12,3.446141
47.125,3.44578
47.13,3.445436
47.135,3.445165
47.14,3.444994
47.145,3.444907
47.15,3.44484
47.155,3.444731
47.16,3.444551
47.165,3.444292
47.17,3.443951
47.175,3.443568
47.18,3.443152
47.185,3.442719
47.19,3.442282
47.195,3.44185
47.2,3.441434
47.205,3.441046
47.21,3.440685
47.215,3.440373
47.22,3.440105
47.225,3.439864
47.23,3.439628
47.235,3.439396
47.24,3.439169
47.245,3.43894
47.25,3.438723
47.255,3.438501
47.26,3.438293
47.265,3.438093
47.27,3.437893
47.275,3.437699
47.28,3.437493
47.285,3.437295
47.29,3.437109
47.295,3.436917
47.3,3.43674
47.305,3.436583
47.31,3.436418
47.315,3.436257
47.32,3.436122
47.325,3.436028
47.33,3.435977
47.335,3.43596
47.34,3.435964
47.345,3.435978
47.35,3.435992
47.355,3.436002
47.36,3.436007
47.365,3.436008
47.37,3.436006
47.375,3.436023
47.38,3.436097
47.385,3.436213
47.39,3.436336
47.395,3.436438
47.4,3.43652
47.405,3.436627
47.41,3.436798
47.415,3.437056
47.42,3.437378
47.425,3.437736
47.43,3.438073
47.435,3.43836
47.44,3.438637
47.445,3.438957
47.45,3.439368
47.455,3.439881
47.46,3.440454
47.465,3.441038
47.47,3.441591
47.475,3.442073
47.48,3.442475
47.485,3.442784
47.49,3.443035
47.495,3.44325
47.5,3.443466
47.505,3.443675
47.51,3.443881
47.515,3.444094
47.52,3.444323
47.525,3.44456
47.53,3.444784
47.535,3.445007
47.54,3.445212
47.545,3.445395
47.55,3.445578
47.555,3.44575
47.56,3.445915
47.565,3.446091
47.57,3.446262
47.575,3.446442
47.58,3.44663
47.585,3.446819
47.59,3.447022
47.595,3.447217
47.6,3.447376
47.605,3.447482
47.61,3.447536
47.615,3.447551
47.62,3.447542
47.625,3.447525
47.63,3.447511
47.635,3.447547
47.64,3.447642
47.645,3.447767
47.65,3.447885
47.655,3.447973
47.66,3.448023
47.665,3.448041
47.67,3.448038
47.675,3.448025
47.68,3.44801
47.685,3.448
47.69,3.447991
47.695,3.447945
47.7,3.447847
47.705,3.447725
47.71,3.44759
47.715,3.447426
47.72,3.447216
47.725,3.446975
47.73,3.446715
47.735,3.446452
47.74,3.446218
47.745,3.445999
47.75,3.445799
47.755,3.445639
47.76,3.44553
47.765,3.44544
47.77,3.445326
47.775,3.445147
47.78,3.444882
47.785,3.444552
47.79,3.444159
47.795,3.443729
47.8,3.443284
47.805,3.44284
47.81,3.442412
47.815,3.442012
47.82,3.441641
47.825,3.441314
47.83,3.44102
47.835,3.440748
47.84,3.440487
47.845,3.440247
47.85,3.44001
47.855,3.439793
47.86,3.439589
47.865,3.439387
47.87,3.439206
47.875,3.439028
47.88,3.438848
47.885,3.438687
47.89,3.438547
47.895,3.438397
47.9,3.438248
47.905,3.43812
47.91,3.438008
47.915,3.437878
47.92,3.437742
47.925,3.437621
47.93,3.437534
47.935,3.437484
47.94,3.437465
47.945,3.437466
47.95,3.437478
47.955,3.437491
47.96,3.4375
47.965,3.437506
47.97,3.437507
47.975,3.437506
47.98,3.437503
47.985,3.437501
47.99,3.4375
47.995,3.437526
48,3.437609
48.005,3.43773
48.01,3.437853
48.015,3.437957
48.02,3.438071
48.025,3.438206
48.03,3.438375
48.035,3.438609
48.04,3.438897
48.045,3.439218
48.05,3.439533
48.055,3.439799
48.06,3.44003
48.065,3.44025
48.07,3.440527
48.075,3.440911
48.08,3.441392
48.085,3.441927
48.09,3.442468
48.095,3.442971
48.1,3.443409
48.105,3.443757
48.11,3.444037
48.115,3.444278
48.12,3.44451
48.125,3.444739
48.13,3.44498
48.135,3.445204
48.14,3.445409
48.145,3.445609
48.15,3.445786
48.155,3.445938
48.16,3.446097
48.165,3.446252
48.17,3.446401
48.175,3.446568
48.18,3.446735
48.185,3.446906
48.19,3.447091
48.195,3.4473
48.2,3.44753
48.205,3.447742
48.21,3.447906
48.215,3.448008
48.22,3.448053
48.225,3.448059
48.23,3.448043
48.235,3.448022
48.24,3.448004
48.245,3.447993
48.25,3.448003
48.255,3.448074
48.26,3.448191
48.265,3.44832
48.27,3.448428
48.275,3.4485
48.28,3.448535
48.285,3.448542
48.29,3.448533
48.295,3.448517
48.3,3.448468
48.305,3.448368
48.31,3.448241
48.315,3.448122
48.32,3.448032
48.325,3.447975
48.33,3.447905
48.335,3.447802
48.34,3.44765
48.345,3.447456
48.35,3.447247
48.355,3.447023
48.36,3.446806
48.365,3.446601
48.37,3.446398
48.375,3.446217
48.38,3.446079
48.385,3.445956
48.39,3.445824
48.395,3.445667
48.4,3.445444
48.405,3.445149
48.41,3.444791
48.415,3.444383
48.42,3.443951
48.425,3.443525
48.43,3.443112
48.435,3.442713
48.44,3.442341
48.445,3.44199
48.45,3.441652
48.455,3.44134
48.46,3.441045
48.465,3.440789
48.47,3.440557
48.475,3.440344
48.48,3.440159
48.485,3.439974
48.49,3.439794
48.495,3.439641
48.5,3.439493
48.505,3.439337
48.51,3.439191
48.515,3.439077
48.52,3.439003
48.525,3.438933
48.53,3.438835
48.535,3.438721
48.54,3.438615
48.545,3.438535
48.55,3.438488
48.555,3.438468
48.56,3.438469
48.565,3.438482
48.57,3.438538
48.575,3.438646
48.58,3.438776
48.585,3.438894
48.59,3.438979
48.595,3.439026
48.6,3.43905
48.605,3.439104
48.61,3.439214
48.615,3.439396
48.62,3.439636
48.625,3.439938
48.63,3.440282
48.635,3.440607
48.64,3.440862
48.645,3.441068
48.65,3.441289
48.655,3.441585
48.66,3.441982
48.665,3.442486
48.67,3.443042
48.675,3.443604
48.68,3.444136
48.685,3.444599
48.69,3.444985
48.695,3.445288
48.7,3.445541
48.705,3.445747
48.71,3.445927
48.715,3.446106
48.72,3.446273
48.725,3.44644
48.73,3.446618
48.735,3.446791
48.74,3.446978
48.745,3.447168
48.75,3.447356
48.755,3.447554
48.76,3.447745
48.765,3.44794
48.77,3.448138
48.775,3.448341
48.78,3.448554
48.785,3.448781
48.79,3.44902
48.795,3.449238
48.8,3.449405
48.805,3.449507
48.81,3.449553
48.815,3.44956
48.82,3.449576
48.825,3.449643
48.83,3.449747
48.835,3.449857
48.84,3.449947
48.845,3.450005
48.85,3.450032
48.855,3.450036
48.86,3.450027
48.865,3.450014
48.87,3.450003
48.875,3.449996
48.88,3.449994
48.885,3.449994
48.89,3.449996
48.895,3.449998
48.9,3.45
48.905,3.449978
48.91,3.449899
48.915,3.449766
48.92,3.449574
48.925,3.449344
48.93,3.449063
48.935,3.448736
48.94,3.448418
48.945,3.448166
48.95,3.448001
48.955,3.447886
48.96,3.447764
48.965,3.44759
48.97,3.447351
48.975,3.447049
48.98,3.446697
48.985,3.446308
48.99,3.445896
48.995,3.445483
49,3.445071
49.005,3.444668
49.01,3.444273
49.015,3.443879
49.02,3.443498
49.025,3.443128
49.03,3.442763
49.035,3.442408
49.04,3.44207
49.045,3.441774
49.05,3.441506
49.055,3.441266
49.06,3.441033
49.065,3.440817
49.07,3.440611
49.075,3.440404
49.08,3.440221
49.085,3.440058
49.09,3.439892
49.095,3.439735
49.1,3.439606
49.105,3.439496
49.11,3.43937
49.115,3.439237
49.12,3.43912
49.125,3.439035
49.13,3.438985
49.135,3.438966
49.14,3.438967
49.145,3.438978
49.15,3.438991
49.155,3.439
49.16,3.439005
49.165,3.439007
49.17,3.439036
49.175,3.43912
49.18,3.43924
49.185,3.43936
49.19,3.439454
49.195,3.439513
49.2,3.439565
49.205,3.439654
49.21,3.439809
49.215,3.440033
49.22,3.440316
49.225,3.440636
49.23,3.440961
49.235,3.441239
49.24,3.441469
49.245,3.441698
49.25,3.441975
49.255,3.442354
49.26,3.442849
49.265,3.443421
49.27,3.444019
49.275,3.444592
49.28,3.445101
49.285,3.445521
49.29,3.445848
49.295,3.446111
49.3,3.44632
49.305,3.446515
49.31,3.4467
49.315,3.446889
49.32,3.44709
49.325,3.447281
49.33,3.447477
49.335,3.447672
49.34,3.447842
49.345,3.448009
49.35,3.448179
49.355,3.448346
49.36,3.448532
49.365,3.448718
49.37,3.448913
49.375,3.449115
49.38,3.449325
49.385,3.449547
49.39,3.44976
49.395,3.449977
49.4,3.450184
49.405,3.450354
49.41,3.45047
49.415,3.450532
49.42,3.450551
49.425,3.450544
49.43,3.450536
49.435,3.450578
49.44,3.450675
49.445,3.450795
49.45,3.450904
49.455,3.450983
49.46,3.451026
49.465,3.45104
49.47,3.451035
49.475,3.451022
49.48,3.451008
49.485,3.450998
49.49,3.450962
49.495,3.450874
49.5,3.450753
49.505,3.450634
49.51,3.450526
49.515,3.450398
49.52,3.450243
49.525,3.450036
49.53,3.449764
49.535,3.449467
49.54,3.449163
49.545,3.448881
49.55,3.448659
49.555,3.448515
49.56,3.448431
49.565,3.448342
49.57,3.448189
49.575,3.447948
49.58,3.447628
49.585,3.447242
49.59,3.446819
49.595,3.446398
49.6,3.445977
49.605,3.44558
49.61,3.44522
49.615,3.444872
49.62,3.444538
49.625,3.444221
49.63,3.443909
49.635,3.443598
49.64,3.443297
49.645,3.443008
49.65,3.442754
49.655,3.442517
49.66,3.442287
49.665,3.442045
49.67,3.4418
49.675,3.441544
49.68,3.441305
49.685,3.441079
49.69,3.440864
49.695,3.440679
49.7,3.440504
49.705,3.440329
49.71,3.440176
49.715,3.440062
49.72,3.439993
49.725,3.439963
49.73,3.43996
49.735,3.439972
49.74,3.439986
49.745,3.439999
49.75,3.440006
49.755,3.440008
49.76,3.440007
49.765,3.440005
49.77,3.440002
49.775,3.44
49.78,3.44
49.785,3.440033
49.79,3.440123
49.795,3.440246
49.8,3.440367
49.805,3.440474
49.81,3.440601
49.815,3.440771
49.82,3.440994
49.825,3.441269
49.83,3.441555
49.835,3.441833
49.84,3.442094
49.845,3.442335
49.85,3.442608
49.855,3.442961
49.86,3.443407
49.865,3.443943
49.87,3.444527
49.875,3.445111
49.88,3.445653
49.885,3.446107
49.89,3.446475
49.895,3.446757
49.9,3.44699
49.905,3.447192
49.91,3.447395
49.915,3.447602
49.92,3.447794
49.925,3.447987
49.93,3.448178
49.935,3.448349
49.94,3.448526
49.945,3.448701
49.95,3.448867
49.955,3.449044
49.96,3.449223
49.965,3.449414
49.97,3.449615
49.975,3.449803
49.98,3.449994
49.985,3.450189
49.99,3.4504
49.995,3.450618
50,3.450808
50.005,3.450945
50.01,3.451024
50.015,3.451054
50.02,3.451052
50.025,3.451034
50.03,3.451015
50.035,3.451007
50.04,3.451055
50.045,3.45116
50.05,3.451288
50.055,3.451403
50.06,3.451485
50.065,3.451529
50.07,3.451542
50.075,3.451536
50.08,3.451522
50.085,3.451508
50.09,3.451495
50.095,3.451444
50.1,3.451343
50.105,3.45122
50.11,3.451106
50.115,3.450991
50.12,3.450852
50.125,3.450666
50.13,3.450423
50.135,3.450134
50.14,3.44985
50.145,3.449581
50.15,3.449338
50.155,3.449148
50.16,3.449023
50.165,3.44894
50.17,3.448841
50.175,3.44868
50.18,3.448442
50.185,3.448129
50.19,3.447745
50.195,3.447318
50.2,3.446877
50.205,3.446431
50.21,3.446009
50.215,3.445618
50.22,3.445252
50.225,3.444924
50.23,3.444626
50.235,3.44434
50.24,3.444054
50.245,3.443772
50.25,3.443495
50.255,3.443247
50.26,3.443013
50.265,3.442794
50.27,3.44257
50.275,3.442348
50.28,3.442121
50.285,3.441894
50.29,3.441681
50.295,3.441467
50.3,3.44127
50.305,3.441114
50.31,3.441013
50.315,3.440963
50.32,3.44095
50.325,3.44096
50.33,3.440978
50.335,3.440994
50.34,3.441005
50.345,3.441009
50.35,3.441009
50.355,3.441007
50.36,3.441003
50.365,3.441001
50.37,3.440999
50.375,3.440999
50.38,3.44103
50.385,3.441118
50.39,3.441241
50.395,3.441362
50.4,3.441474
50.405,3.441606
50.41,3.441782
50.415,3.442014
50.42,3.442297
50.425,3.442594
50.43,3.442892
50.435,3.443168
50.44,3.443437
50.445,3.443741
50.45,3.444113
50.455,3.44457
50.46,3.445104
50.465,3.44566
50.47,3.446208
50.475,3.446718
50.48,3.447157
50.485,3.447521
50.49,3.447801
50.495,3.44803
50.5,3.448225
50.505,3.448414
50.51,3.448608
50.515,3.44879
50.52,3.44898
50.525,3.449171
50.53,3.449346
50.535,3.449529
50.54,3.449708
50.545,3.449887
50.55,3.450078
50.555,3.450263
50.56,3.450457
50.565,3.450653
50.57,3.450849
50.575,3.451054
50.58,3.451268
50.585,3.451498
50.59,3.451717
50.595,3.451931
50.6,3.452139
50.605,3.452316
50.61,3.452444
50.615,3.452518
50.62,3.452546
50.625,3.452546
50.63,3.452531
50.635,3.452513
50.64,3.452502
50.645,3.452529
50.65,3.452616
50.655,3.452738
50.66,3.452861
50.665,3.452956
50.67,3.453015
50.675,3.453039
50.68,3.453038
50.685,3.452998
50.69,3.452901
50.695,3.45277
50.7,3.452643
50.705,3.452521
50.71,3.452381
50.715,3.452203
50.72,3.451988
50.725,3.451744
50.73,3.451484
50.735,3.451247
50.74,3.451025
50.745,3.450819
50.75,3.45065
50.755,3.450493
50.76,3.450299
50.765,3.450055
50.77,3.449754
50.775,3.449391
50.78,3.448985
50.785,3.448548
50.79,3.448089
50.795,3.447642
50.8,3.447219
50.805,3.446816
50.81,3.446449
50.815,3.446114
50.82,3.445799
50.825,3.445503
50.83,3.445236
50.835,3.444983
50.84,3.444752
50.845,3.444524
50.85,3.444311
50.855,3.444111
50.86,3.443911
50.865,3.443717
50.87,3.443513
50.875,3.443312
50.88,3.44313
50.885,3.442945
50.89,3.442768
50.895,3.442613
50.9,3.442451
50.905,3.442287
50.91,3.442143
50.915,3.441998
50.92,3.441842
50.925,3.441694
50.93,3.441578
50.935,3.441503
50.94,3.441468
50.945,3.44146
50.95,3.441469
50.955,3.441483
50.96,3.441496
50.965,3.441504
50.97,3.441508
50.975,3.441534
50.98,3.441616
50.985,3.441734
50.99,3.441854
50.995,3.441951
51,3.442048
51.005,3.442179
51.01,3.442372
51.015,3.442627
51.02,3.442922
51.025,3.443232
51.03,3.443532
51.035,3.443794
51.04,3.444049
51.045,3.444352
51.05,3.444757
51.055,3.445279
51.06,3.445877
51.065,3.446491
51.07,3.447069
51.075,3.447574
51.08,3.447993
51.085,3.44833
51.09,3.448607
51.095,3.448836
51.1,3.449049
51.105,3.449258
51.11,3.449481
51.115,3.449698
51.12,3.449918
51.125,3.450135
51.13,3.450332
51.135,3.45053
51.14,3.450719
51.145,3.450914
51.15,3.451116
51.155,3.451321
51.16,3.451538
51.165,3.451746
51.17,3.451957
51.175,3.452164
51.18,3.452369
51.185,3.452579
51.19,3.45278
51.195,3.452988
51.2,3.453189
51.205,3.453355
51.21,3.453469
51.215,3.45353
51.22,3.45355
51.225,3.453544
51.23,3.453527
51.235,3.453514
51.24,3.453549
51.245,3.453645
51.25,3.45377
51.255,3.453887
51.26,3.453974
51.265,3.454023
51.27,3.454041
51.275,3.454038
51.28,3.454025
51.285,3.454006
51.29,3.453946
51.295,3.453837
51.3,3.453711
51.305,3.453596
51.31,3.453475
51.315,3.453333
51.32,3.453154
51.325,3.452943
51.33,3.452714
51.335,3.452473
51.34,3.452239
51.345,3.452004
51.35,3.451788
51.355,3.45161
51.36,3.451439
51.365,3.451243
51.37,3.450988
51.375,3.450647
51.38,3.450234
51.385,3.44977
51.39,3.449293
51.395,3.448832
51.4,3.448392
51.405,3.447976
51.41,3.447581
51.415,3.447202
51.42,3.446856
51.425,3.446535
51.43,3.446229
51.435,3.445937
51.44,3.44565
51.445,3.445384
51.45,3.445139
51.455,3.444907
51.46,3.444698
51.465,3.444489
51.47,3.444286
51.475,3.44407
51.48,3.443856
51.485,3.443665
51.49,3.443477
51.495,3.443297
51.5,3.443145
51.505,3.443022
51.51,3.44289
51.515,3.442752
51.52,3.442631
51.525,3.442541
51.53,3.442488
51.535,3.442467
51.54,3.442467
51.545,3.442477
51.55,3.44249
51.555,3.4425
51.56,3.442505
51.565,3.442507
51.57,3.442506
51.575,3.442506
51.58,3.442543
51.585,3.442637
51.59,3.442761
51.595,3.442879
51.6,3.442977
51.605,3.443092
51.61,3.443261
51.615,3.443494
51.62,3.443786
51.625,3.444099
51.63,3.444417
51.635,3.444701
51.64,3.444966
51.645,3.445263
51.65,3.445635
51.655,3.44611
51.66,3.44666
51.665,3.447242
51.67,3.447793
51.675,3.448283
51.68,3.44871
51.685,3.449074
51.69,3.449394
51.695,3.449669
51.7,3.449918
51.705,3.450147
51.71,3.450366
51.715,3.450585
51.72,3.450809
51.725,3.451042
51.73,3.451279
51.735,3.451523
51.74,3.451742
51.745,3.45193
51.75,3.452112
51.755,3.452282
51.76,3.452465
51.765,3.452654
51.77,3.452851
51.775,3.453061
51.78,3.453268
51.785,3.453485
51.79,3.453695
51.795,3.453902
51.8,3.45411
51.805,3.454293
51.81,3.454428
51.815,3.45451
51.82,3.454545
51.825,3.454548
51.83,3.454534
51.835,3.454516
51.84,3.454528
51.845,3.454604
51.85,3.454722
51.855,3.454845
51.86,3.454945
51.865,3.455009
51.87,3.455037
51.875,3.455041
51.88,3.45503
51.885,3.455004
51.89,3.454929
51.895,3.45481
51.9,3.454681
51.905,3.454569
51.91,3.454447
51.915,3.454301
51.92,3.454115
51.925,3.453901
51.93,3.453665
51.935,3.453423
51.94,3.453195
51.945,3.45297
51.95,3.452767
51.955,3.452589
51.96,3.452406
51.965,3.452187
51.97,3.45191
51.975,3.451558
51.98,3.451148
51.985,3.450687
51.99,3.450205
51.995,3.449726
52,3.449269
52.005,3.44885
52.01,3.448465
52.015,3.448108
52.02,3.447791
52.025,3.447499
52.03,3.447215
52.035,3.446935
52.04,3.446649
52.045,3.446377
52.05,3.446116
52.055,3.445873
52.06,3.44565
52.065,3.445432
52.07,3.445235
52.075,3.445039
52.08,3.444844
52.085,3.444642
52.09,3.44443
52.095,3.444235
52.1,3.444057
52.105,3.443878
52.11,3.443715
52.115,3.44358
52.12,3.443443
52.125,3.443296
52.13,3.443162
52.135,3.44306
52.14,3.442996
52.145,3.442967
52.15,3.442964
52.155,3.442973
52.16,3.442991
52.165,3.443045
52.17,3.443148
52.175,3.443273
52.18,3.443389
52.185,3.443474
52.19,3.443522
52.195,3.443548
52.2,3.443605
52.205,3.443728
52.21,3.44395
52.215,3.444263
52.22,3.444636
52.225,3.445004
52.23,3.445329
52.235,3.445619
52.24,3.445921
52.245,3.446302
52.25,3.44678
52.255,3.447328
52.26,3.4479
52.265,3.448445
52.27,3.448941
52.275,3.449379
52.28,3.449763
52.285,3.450089
52.29,3.450372
52.295,3.450621
52.3,3.450848
52.305,3.451069
52.31,3.451294
52.315,3.451528
52.32,3.451763
52.325,3.452007
52.33,3.452228
52.335,3.452425
52.34,3.452617
52.345,3.452793
52.35,3.452978
52.355,3.453166
52.36,3.453362
52.365,3.453569
52.37,3.453775
52.375,3.453991
52.38,3.454203
52.385,3.454423
52.39,3.454641
52.395,3.45486
52.4,3.455081
52.405,3.455277
52.41,3.455423
52.415,3.455511
52.42,3.455549
52.425,3.455552
52.43,3.455537
52.435,3.455517
52.44,3.455503
52.445,3.455532
52.45,3.455622
52.455,3.455748
52.46,3.45587
52.465,3.455963
52.47,3.456015
52.475,3.455991
52.48,3.45589
52.485,3.455753
52.49,3.455622
52.495,3.455526
52.5,3.45547
52.505,3.455417
52.51,3.455328
52.515,3.455179
52.52,3.454969
52.525,3.454706
52.53,3.454424
52.535,3.454135
52.54,3.453867
52.545,3.453654
52.55,3.453485
52.555,3.453327
52.56,3.453143
52.565,3.452889
52.57,3.452561
52.575,3.452154
52.58,3.451688
52.585,3.451194
52.59,3.450692
52.595,3.450212
52.6,3.449766
52.605,3.449343
52.61,3.44896
52.615,3.448611
52.62,3.44829
52.625,3.44799
52.63,3.447703
52.635,3.447433
52.64,3.447179
52.645,3.446937
52.65,3.446711
52.655,3.446487
52.66,3.446279
52.665,3.446076
52.67,3.445874
52.675,3.445685
52.68,3.445487
52.685,3.445296
52.69,3.445135
52.695,3.444982
52.7,3.444824
52.705,3.444681
52.71,3.44457
52.715,3.444494
52.72,3.444406
52.725,3.444294
52.73,3.444177
52.735,3.444079
52.74,3.444012
52.745,3.443977
52.75,3.443967
52.755,3.443972
52.76,3.443983
52.765,3.443996
52.77,3.44404
52.775,3.444136
52.78,3.44426
52.785,3.444378
52.79,3.444466
52.795,3.444519
52.8,3.44454
52.805,3.444575
52.81,3.444664
52.815,3.444844
52.82,3.445126
52.825,3.445476
52.83,3.445849
52.835,3.446183
52.84,3.446475
52.845,3.446762
52.85,3.447096
52.855,3.447523
52.86,3.44803
52.865,3.448593
52.87,3.449156
52.875,3.449681
52.88,3.45016
52.885,3.450575
52.89,3.450933
52.895,3.451231
52.9,3.451496
52.905,3.451736
52.91,3.451976
52.915,3.452202
52.92,3.452429
52.925,3.452647
52.93,3.452845
52.935,3.453044
52.94,3.453231
52.945,3.453415
52.95,3.453605
52.955,3.453796
52.96,3.454002
52.965,3.45421
52.97,3.454431
52.975,3.454649
52.98,3.454859
52.985,3.455071
52.99,3.455279
52.995,3.455498
53,3.455705
53.005,3.455872
53.01,3.455983
53.015,3.456039
53.02,3.456054
53.025,3.456044
53.03,3.456025
53.035,3.456007
53.04,3.455995
53.045,3.45599
53.05,3.455995
53.055,3.456047
53.06,3.456153
53.065,3.456281
53.07,3.456397
53.075,3.456481
53.08,3.456525
53.085,3.4565
53.09,3.456399
53.095,3.456261
53.1,3.456129
53.105,3.45603
53.11,3.455973
53.115,3.45592
53.12,3.455835
53.125,3.45571
53.13,3.455532
53.135,3.455328
53.14,3.455101
53.145,3.454871
53.15,3.454647
53.155,3.454425
53.16,3.454229
53.165,3.454051
53.17,3.453862
53.175,3.453632
53.18,3.453341
53.185,3.452986
53.19,3.452588
53.195,3.452154
53.2,3.451705
53.205,3.451243
53.21,3.450775
53.215,3.450317
53.22,3.449879
53.225,3.449489
53.23,3.449145
53.235,3.448837
53.24,3.448547
53.245,3.448268
53.25,3.447997
53.255,3.447743
53.26,3.447495
53.265,3.447261
53.27,3.447024
53.275,3.446793
53.28,3.446555
53.285,3.446328
53.29,3.446119
53.295,3.445913
53.3,3.44573
53.305,3.445567
53.31,3.4454
53.315,3.44524
53.32,3.44511
53.325,3.445021
53.33,3.444974
53.335,3.44496
53.34,3.444966
53.345,3.444979
53.35,3.444993
53.355,3.445003
53.36,3.445007
53.365,3.445008
53.37,3.445006
53.375,3.445003
53.38,3.445002
53.385,3.445037
53.39,3.445129
53.395,3.445253
53.4,3.445372
53.405,3.445473
53.41,3.445587
53.415,3.445743
53.42,3.445956
53.425,3.446227
53.43,3.446522
53.435,3.446824
53.44,3.447107
53.445,3.447364
53.45,3.447643
53.455,3.447982
53.46,3.448412
53.465,3.448927
53.47,3.449493
53.475,3.450065
53.48,3.450604
53.485,3.451094
53.49,3.451514
53.495,3.451868
53.5,3.452156
53.505,3.452399
53.51,3.452617
53.515,3.452824
53.52,3.453037
53.525,3.453256
53.53,3.45349
53.535,3.453709
53.54,3.453908
53.545,3.454102
53.55,3.45428
53.555,3.454463
53.56,3.454651
53.565,3.454841
53.57,3.455046
53.575,3.455247
53.58,3.455457
53.585,3.455665
53.59,3.455844
53.595,3.456017
53.6,3.456187
53.605,3.456336
53.61,3.456445
53.615,3.45651
53.62,3.456537
53.625,3.456538
53.63,3.456527
53.635,3.456512
53.64,3.456501
53.645,3.456494
53.65,3.456492
53.655,3.456493
53.66,3.456496
53.665,3.456498
53.67,3.4565
53.675,3.456501
53.68,3.456501
53.685,3.456501
53.69,3.456501
53.695,3.4565
53.7,3.4565
53.705,3.4565
53.71,3.4565
53.715,3.456483
53.72,3.45641
53.725,3.456288
53.73,3.456111
53.735,3.455903
53.74,3.455685
53.745,3.455459
53.75,3.455242
53.755,3.455019
53.76,3.454809
53.765,3.454637
53.77,3.454489
53.775,3.454329
53.78,3.454126
53.785,3.453861
53.79,3.453523
53.795,3.453133
53.8,3.452703
53.805,3.452253
53.81,3.451804
53.815,3.451369
53.82,3.450942
53.825,3.450541
53.83,3.450167
53.835,3.449812
53.84,3.449485
53.845,3.449185
53.85,3.448914
53.855,3.448679
53.86,3.448458
53.865,3.448256
53.87,3.44805
53.875,3.447844
53.88,3.447628
53.885,3.447405
53.89,3.447196
53.895,3.446984
53.9,3.446786
53.905,3.446627
53.91,3.446521
53.915,3.446466
53.92,3.446451
53.925,3.446459
53.93,3.446476
53.935,3.446493
53.94,3.446504
53.945,3.446509
53.95,3.446509
53.955,3.446507
53.96,3.446504
53.965,3.446501
53.97,3.446499
53.975,3.446499
53.98,3.446499
53.985,3.446499
53.99,3.446502
53.995,3.446546
54,3.446645
54.005,3.446769
54.01,3.446902
54.015,3.447061
54.02,3.447257
54.025,3.447491
54.03,3.447763
54.035,3.448041
54.04,3.4483
54.045,3.448546
54.05,3.448795
54.055,3.449064
54.06,3.449393
54.065,3.449799
54.07,3.450265
54.075,3.450775
54.08,3.45128
54.085,3.451749
54.09,3.452179
54.095,3.452554
54.1,3.452883
54.105,3.45316
54.11,3.453398
54.115,3.453616
54.12,3.453807
54.125,3.454
54.13,3.454189
54.135,3.454375
54.14,3.454571
54.145,3.454759
54.15,3.454951
54.155,3.455145
54.16,3.455329
54.165,3.455522
54.17,3.455711
54.175,3.455892
54.18,3.456083
54.185,3.45626
54.19,3.456408
54.195,3.456555
54.2,3.456707
54.205,3.456843
54.21,3.456945
54.215,3.457007
54.22,3.457034
54.225,3.457036
54.23,3.457026
54.235,3.457013
54.24,3.457001
54.245,3.456997
54.25,3.457033
54.255,3.457129
54.26,3.457255
54.265,3.457376
54.27,3.457467
54.275,3.45752
54.28,3.457541
54.285,3.457539
54.29,3.457518
54.295,3.457452
54.3,3.457338
54.305,3.457208
54.31,3.457094
54.315,3.457014
54.32,3.456971
54.325,3.456952
54.33,3.456901
54.335,3.456807
54.34,3.456661
54.345,3.456458
54.35,3.456199
54.355,3.455927
54.36,3.45567
54.365,3.455428
54.37,3.455223
54.375,3.455074
54.38,3.454983
54.385,3.454893
54.39,3.454734
54.395,3.454483
54.4,3.454141
54.405,3.453724
54.41,3.453276
54.415,3.452834
54.42,3.452398
54.425,3.451991
54.43,3.451602
54.435,3.451221
54.44,3.450855
54.445,3.4505
54.45,3.450154
54.455,3.449843
54.46,3.449559
54.465,3.449313
54.47,3.449103
54.475,3.448903
54.48,3.448726
54.485,3.448556
54.49,3.448379
54.495,3.448215
54.5,3.44806
54.505,3.447894
54.51,3.447734
54.515,3.447579
54.52,3.44741
54.525,3.447245
54.53,3.44711
54.535,3.447018
54.54,3.44697
54.545,3.446957
54.55,3.446964
54.555,3.446978
54.56,3.446993
54.565,3.447003
54.57,3.447008
54.575,3.447008
54.58,3.447007
54.585,3.44704
54.59,3.447129
54.595,3.447251
54.6,3.44737
54.605,3.447471
54.61,3.447587
54.615,3.44774
54.62,3.447943
54.625,3.448188
54.63,3.44846
54.635,3.44872
54.64,3.448972
54.645,3.449208
54.65,3.449453
54.655,3.449748
54.66,3.450111
54.665,3.450546
54.67,3.451044
54.675,3.451569
54.68,3.45208
54.685,3.452555
54.69,3.452975
54.695,3.453342
54.7,3.453646
54.705,3.453904
54.71,3.454131
54.715,3.454331
54.72,3.45453
54.725,3.45472
54.73,3.45491
54.735,3.455107
54.74,3.455295
54.745,3.455492
54.75,3.455686
54.755,3.455869
54.76,3.456059
54.765,3.456241
54.77,3.456422
54.775,3.456611
54.78,3.456795
54.785,3.456993
54.79,3.457189
54.795,3.457367
54.8,3.457549
54.805,3.457725
54.81,3.45787
54.815,3.457971
54.82,3.458025
54.825,3.458043
54.83,3.458038
54.835,3.458035
54.84,3.458085
54.845,3.458186
54.85,3.458306
54.855,3.458413
54.86,3.458488
54.865,3.458528
54.87,3.45854
54.875,3.458533
54.88,3.45852
54.885,3.458507
54.89,3.458475
54.895,3.458392
54.9,3.458272
54.905,3.45815
54.91,3.458048
54.915,3.457935
54.92,3.457801
54.925,3.457634
54.93,3.457435
54.935,3.457213
54.94,3.456974
54.945,3.456754
54.95,3.456553
54.955,3.45636
54.96,3.456193
54.965,3.456052
54.97,3.455881
54.975,3.455651
54.98,3.455371
54.985,3.455035
54.99,3.454654
54.995,3.454237
55,3.453793
55.005,3.453343
55.01,3.452914
55.015,3.452505
55.02,3.452122
55.025,3.451769
55.03,3.451432
55.035,3.451102
55.04,3.450781
55.045,3.450474
55.05,3.450178
55.055,3.449902
55.06,3.449638
55.065,3.449391
55.07,3.449171
55.075,3.448958
55.08,3.448765
55.085,3.448598
55.09,3.448427
55.095,3.448263
55.1,3.448123
55.105,3.447985
55.11,3.447836
55.115,3.447693
55.12,3.44758
55.125,3.447506
55.13,3.44747
55.135,3.447462
55.14,3.44747
55.145,3.447483
55.15,3.447496
55.155,3.447504
55.16,3.447507
55.165,3.447507
55.17,3.447506
55.175,3.447538
55.18,3.447626
55.185,3.447748
55.19,3.447868
55.195,3.447967
55.2,3.448078
55.205,3.44823
55.21,3.448441
55.215,3.448714
55.22,3.449029
55.225,3.449362
55.23,3.449663
55.235,3.449917
55.24,3.450158
55.245,3.450431
55.25,3.450789
55.255,3.451245
55.26,3.45176
55.265,3.452302
55.27,3.452817
55.275,3.453277
55.28,3.453691
55.285,3.454052
55.29,3.454374
55.295,3.454649
55.3,3.45489
55.305,3.455112
55.31,3.455308
55.315,3.455504
55.32,3.455694
55.325,3.455876
55.33,3.456068
55.335,3.456252
55.34,3.456437
55.345,3.456628
55.35,3.456811
55.355,3.457003
55.36,3.457194
55.365,3.457385
55.37,3.457584
55.375,3.457776
55.38,3.457975
55.385,3.458186
55.39,3.45842
55.395,3.458652
55.4,3.458843
55.405,3.458973
55.41,3.459041
55.415,3.459061
55.42,3.459052
55.425,3.459031
55.43,3.459033
55.435,3.459098
55.44,3.45921
55.445,3.459333
55.45,3.459435
55.455,3.459503
55.46,3.459535
55.465,3.459541
55.47,3.459531
55.475,3.459517
55.48,3.459504
55.485,3.459496
55.49,3.459493
55.495,3.459491
55.5,3.459456
55.505,3.459365
55.51,3.459237
55.515,3.459067
55.52,3.458858
55.525,3.458609
55.53,3.458355
55.535,3.458099
55.54,3.457858
55.545,3.457641
55.55,3.457431
55.555,3.457243
55.56,3.457072
55.565,3.456883
55.57,3.456642
55.575,3.456331
55.58,3.455955
55.585,3.455542
55.59,3.455106
55.595,3.454669
55.6,3.454227
55.605,3.453785
55.61,3.453358
55.615,3.452938
55.62,3.452549
55.625,3.4522
55.63,3.451876
55.635,3.451566
55.64,3.451263
55.645,3.450974
55.65,3.450705
55.655,3.450449
55.66,3.450197
55.665,3.449948
55.67,3.449704
55.675,3.449462
55.68,3.449248
55.685,3.449061
55.69,3.448879
55.695,3.448716
55.7,3.448587
55.705,3.448465
55.71,3.448329
55.715,3.448196
55.72,3.448087
55.725,3.448013
55.73,3.447975
55.735,3.447965
55.74,3.44797
55.745,3.447983
55.75,3.447995
55.755,3.448003
55.76,3.448006
55.765,3.448007
55.77,3.448005
55.775,3.448003
55.78,3.448001
55.785,3.448024
55.79,3.448105
55.795,3.448225
55.8,3.448348
55.805,3.448453
55.81,3.44857
55.815,3.448724
55.82,3.448938
55.825,3.449217
55.83,3.449523
55.835,3.449839
55.84,3.45013
55.845,3.450379
55.85,3.45062
55.855,3.450898
55.86,3.451257
55.865,3.451702
55.87,3.452209
55.875,3.45275
55.88,3.45328
55.885,3.45377
55.89,3.454211
55.895,3.454605
55.9,3.454956
55.905,3.455266
55.91,3.455545
55.915,3.455786
55.92,3.456012
55.925,3.456217
55.93,3.456417
55.935,3.456619
55.94,3.456817
55.945,3.457027
55.95,3.457231
55.955,3.457443
55.96,3.457654
55.965,3.457864
55.97,3.45808
55.975,3.458298
55.98,3.458526
55.985,3.458743
55.99,3.458961
55.995,3.45917
56,3.459344
56.005,3.459463
56.01,3.459529
56.015,3.45955
56.02,3.459545
56.025,3.459528
56.03,3.45951
56.035,3.459498
56.04,3.459491
56.045,3.45949
56.05,3.459492
56.055,3.459496
56.06,3.459499
56.065,3.459501
56.07,3.459501
56.075,3.459502
56.08,3.459501
56.085,3.459501
56.09,3.4595
56.095,3.4595
56.1,3.4595
56.105,3.4595
56.11,3.4595
56.115,3.459499
56.12,3.459463
56.125,3.45936
56.13,3.459172
56.135,3.45893
56.14,3.458649
56.145,3.458375
56.15,3.458124
56.155,3.457891
56.16,3.457698
56.165,3.457553
56.17,3.457416
56.175,3.457258
56.18,3.457033
56.185,3.45672
56.19,3.456337
56.195,3.455915
56.2,3.455468
56.205,3.455033
56.21,3.454605
56.215,3.454187
56.22,3.45378
56.225,3.453384
56.23,3.453016
56.235,3.452676
56.24,3.452358
56.245,3.452053
56.25,3.45178
56.255,3.451524
56.26,3.451298
56.265,3.451095
56.27,3.450899
56.275,3.450709
56.28,3.450505
56.285,3.450306
56.29,3.450134
56.295,3.449964
56.3,3.449797
56.305,3.449653
56.31,3.449542
56.315,3.44943
56.32,3.449301
56.325,3.449176
56.33,3.449074
56.335,3.449007
56.34,3.448974
56.345,3.448966
56.35,3.448972
56.355,3.448984
56.36,3.448996
56.365,3.449003
56.37,3.449006
56.375,3.449006
56.38,3.449005
56.385,3.449027
56.39,3.449107
56.395,3.449225
56.4,3.449348
56.405,3.449452
56.41,3.449567
56.415,3.449715
56.42,3.449914
56.425,3.450165
56.43,3.450448
56.435,3.450737
56.44,3.451021
56.445,3.451271
56.45,3.451512
56.455,3.451781
56.46,3.452113
56.465,3.452531
56.47,3.453018
56.475,3.45355
56.48,3.454089
56.485,3.454602
56.49,3.455082
56.495,3.455506
56.5,3.455876
56.505,3.45618
56.51,3.45644
56.515,3.456666
56.52,3.456875
56.525,3.457083
56.53,3.457284
56.535,3.457495
56.54,3.457702
56.545,3.457913
56.55,3.458125
56.555,3.458332
56.56,3.458546
56.565,3.458749
56.57,3.458958
56.575,3.459163
56.58,3.45936
56.585,3.459563
56.59,3.459751
56.595,3.4599
56.6,3.460032
56.605,3.460171
56.61,3.460305
56.615,3.460413
56.62,3.460486
56.625,3.460524
56.63,3.460534
56.635,3.460529
56.64,3.460517
56.645,3.460505
56.65,3.460497
56.655,3.460494
56.66,3.460494
56.665,3.460495
56.67,3.460497
56.675,3.460499
56.68,3.460501
56.685,3.460501
56.69,3.460501
56.695,3.460501
56.7,3.4605
56.705,3.4605
56.71,3.4605
56.715,3.460498
56.72,3.460462
56.725,3.460367
56.73,3.460203
56.735,3.459986
56.74,3.459737
56.745,3.459474
56.75,3.459217
56.755,3.458966
56.76,3.458747
56.765,3.458583
56.77,3.458445
56.775,3.458301
56.78,3.458106
56.785,3.457826
56.79,3.457463
56.795,3.457029
56.8,3.456555
56.805,3.456074
56.81,3.455602
56.815,3.455156
56.82,3.454739
56.825,3.454335
56.83,3.453949
56.835,3.453577
56.84,3.453217
56.845,3.452876
56.85,3.452555
56.855,3.452273
56.86,3.452015
56.865,3.451788
56.87,3.451579
56.875,3.451377
56.88,3.451191
56.885,3.451
56.89,3.450812
56.895,3.450647
56.9,3.450481
56.905,3.450313
56.91,3.450165
56.915,3.450056
56.92,3.449969
56.925,3.449864
56.93,3.449745
56.935,3.449633
56.94,3.449547
56.945,3.449493
56.95,3.44947
56.955,3.449468
56.96,3.449477
56.965,3.449506
56.97,3.449585
56.975,3.449703
56.98,3.449828
56.985,3.449932
56.99,3.450001
56.995,3.450035
57,3.450075
57.005,3.450167
57.01,3.450343
57.015,3.450609
57.02,3.45094
57.025,3.451302
57.03,3.451635
57.035,3.451926
57.04,3.452184
57.045,3.452459
57.05,3.452798
57.055,3.453212
57.06,3.453703
57.065,3.454241
57.07,3.45479
57.075,3.455299
57.08,3.455741
57.085,3.456114
57.09,3.45644
57.095,3.456738
57.1,3.457018
57.105,3.457281
57.11,3.457535
57.115,3.457772
57.12,3.458007
57.125,3.458226
57.13,3.458444
57.135,3.458655
57.14,3.458858
57.145,3.459066
57.15,3.459263
57.155,3.459465
57.16,3.459665
57.165,3.459857
57.17,3.460057
57.175,3.46025
57.18,3.460453
57.185,3.460655
57.19,3.460828
57.195,3.46096
57.2,3.461088
57.205,3.461222
57.21,3.461345
57.215,3.46144
57.22,3.4615
57.225,3.461528
57.23,3.461533
57.235,3.461525
57.24,3.461513
57.245,3.461503
57.25,3.461496
57.255,3.461494
57.26,3.461494
57.265,3.461496
57.27,3.461498
57.275,3.4615
57.28,3.461501
57.285,3.461501
57.29,3.461501
57.295,3.461501
57.3,3.4615
57.305,3.4615
57.31,3.4615
57.315,3.4615
57.32,3.461485
57.325,3.461414
57.33,3.461295
57.335,3.46112
57.34,3.460872
57.345,3.460577
57.35,3.460256
57.355,3.459946
57.36,3.459695
57.365,3.459522
57.37,3.459383
57.375,3.45922
57.38,3.458978
57.385,3.458651
57.39,3.458233
57.395,3.457757
57.4,3.457255
57.405,3.456759
57.41,3.456289
57.415,3.455854
57.42,3.455458
57.425,3.455094
57.43,3.454747
57.435,3.454424
57.44,3.45411
57.445,3.453788
57.45,3.453472
57.455,3.453164
57.46,3.452883
57.465,3.452632
57.47,3.4524
57.475,3.452198
57.48,3.452
57.485,3.451811
57.49,3.451637
57.495,3.451455
57.5,3.451278
57.505,3.451131
57.51,3.451023
57.515,3.450915
57.52,3.450792
57.525,3.450672
57.53,3.450574
57.535,3.450508
57.54,3.450475
57.545,3.450467
57.55,3.450473
57.555,3.450485
57.56,3.450496
57.565,3.450503
57.57,3.450506
57.575,3.45051
57.58,3.450554
57.585,3.450651
57.59,3.450775
57.595,3.45089
57.6,3.450982
57.605,3.451087
57.61,3.451243
57.615,3.451465
57.62,3.45175
57.625,3.452065
57.63,3.452391
57.635,3.452682
57.64,3.452936
57.645,3.453182
57.65,3.453461
57.655,3.453813
57.66,3.454243
57.665,3.454739
57.67,3.455263
57.675,3.455783
57.68,3.456266
57.685,3.456692
57.69,3.457075
57.695,3.457426
57.7,3.457747
57.705,3.458041
57.71,3.458305
57.715,3.458552
57.72,3.458773
57.725,3.458989
57.73,3.459193
57.735,3.45939
57.74,3.459593
57.745,3.459785
57.75,3.459985
57.755,3.460183
57.76,3.460377
57.765,3.460578
57.77,3.460772
57.775,3.460974
57.78,3.461176
57.785,3.461385
57.79,3.4616
57.795,3.46179
57.8,3.461936
57.805,3.46207
57.81,3.462208
57.815,3.462335
57.82,3.462434
57.825,3.462497
57.83,3.462527
57.835,3.462533
57.84,3.462525
57.845,3.462516
57.85,3.462545
57.855,3.462634
57.86,3.462755
57.865,3.462874
57.87,3.462964
57.875,3.463018
57.88,3.463039
57.885,3.463024
57.89,3.462944
57.895,3.462816
57.9,3.46268
57.905,3.462568
57.91,3.462495
57.915,3.462439
57.92,3.462355
57.925,3.462225
57.93,3.462019
57.935,3.461739
57.94,3.461418
57.945,3.461087
57.95,3.460797
57.955,3.460586
57.96,3.460443
57.965,3.460289
57.97,3.460061
57.975,3.459735
57.98,3.459303
57.985,3.458802
57.99,3.45826
57.995,3.457718
58,3.457198
58.005,3.456721
58.01,3.456293
58.015,3.455902
58.02,3.455545
58.025,3.455218
58.03,3.454917
58.035,3.454624
58.04,3.454315
58.045,3.454004
58.05,3.453692
58.055,3.453402
58.06,3.453132
58.065,3.452885
58.07,3.452665
58.075,3.452451
58.08,3.452254
58.085,3.452056
58.09,3.451858
58.095,3.451685
58.1,3.451556
58.105,3.451437
58.11,3.451308
58.115,3.451183
58.12,3.451081
58.125,3.451012
58.13,3.450962
58.135,3.450883
58.14,3.450774
58.145,3.450661
58.15,3.450567
58.155,3.450504
58.16,3.450477
58.165,3.450519
58.17,3.450629
58.175,3.450766
58.18,3.450892
58.185,3.450982
58.19,3.451031
58.195,3.451056
58.2,3.451111
58.205,3.451227
58.21,3.451435
58.215,3.451739
58.22,3.452117
58.225,3.452493
58.23,3.452813
58.235,3.453093
58.24,3.45337
58.245,3.453686
58.25,3.454081
58.255,3.454551
58.26,3.455074
58.265,3.455608
58.27,3.456125
58.275,3.456614
58.28,3.457066
58.285,3.457497
58.29,3.457906
58.295,3.458291
58.3,3.458633
58.305,3.458942
58.31,3.459208
58.315,3.459452
58.32,3.459674
58.325,3.459888
58.33,3.460101
58.335,3.460308
58.34,3.460522
58.345,3.460731
58.35,3.460946
58.355,3.46116
58.36,3.461376
58.365,3.461595
58.37,3.461816
58.375,3.462044
58.38,3.462273
58.385,3.462509
58.39,3.462726
58.395,3.462922
58.4,3.463113
58.405,3.463284
58.41,3.463414
58.415,3.463497
58.42,3.463535
58.425,3.463542
58.43,3.463533
58.435,3.463526
58.44,3.463571
58.445,3.463671
58.45,3.463793
58.455,3.463904
58.46,3.463984
58.465,3.464027
58.47,3.46404
58.475,3.464035
58.48,3.464022
58.485,3.464008
58.49,3.463997
58.495,3.463957
58.5,3.463865
58.505,3.463743
58.51,3.46362
58.515,3.463478
58.52,3.463307
58.525,3.463089
58.53,3.462811
58.535,3.462512
58.54,3.46223
58.545,3.461965
58.55,3.461742
58.555,3.461561
58.56,3.461359
58.565,3.461088
58.57,3.460729
58.575,3.460282
58.58,3.459783
58.585,3.459246
58.59,3.458704
58.595,3.458174
58.6,3.457677
58.605,3.457222
58.61,3.456804
58.615,3.456437
58.62,3.456108
58.625,3.455817
58.63,3.455542
58.635,3.455263
58.64,3.454983
58.645,3.454699
58.65,3.454425
58.655,3.454157
58.66,3.453902
58.665,3.453659
58.67,3.453423
58.675,3.453201
58.68,3.452979
58.685,3.452775
58.69,3.452603
58.695,3.452435
58.7,3.452272
58.705,3.452135
58.71,3.452038
58.715,3.451975
58.72,3.451895
58.725,3.451789
58.73,3.451675
58.735,3.451579
58.74,3.451512
58.745,3.451477
58.75,3.451467
58.755,3.451472
58.76,3.451483
58.765,3.451494
58.77,3.451502
58.775,3.451506
58.78,3.451506
58.785,3.451522
58.79,3.451592
58.795,3.451707
58.8,3.45183
58.805,3.451935
58.81,3.452046
58.815,3.45219
58.82,3.452394
58.825,3.452662
58.83,3.45297
58.835,3.453298
58.84,3.453604
58.845,3.453873
58.85,3.454114
58.855,3.454359
58.86,3.454661
58.865,3.455039
58.87,3.45549
58.875,3.455988
58.88,3.456513
58.885,3.457043
58.89,3.457557
58.895,3.458049
58.9,3.458504
58.905,3.45891
58.91,3.459258
58.915,3.459556
58.92,3.459808
58.925,3.460039
58.93,3.460249
58.935,3.460462
58.94,3.460671
58.945,3.460885
58.95,3.461103
58.955,3.461323
58.96,3.46155
58.965,3.461772
58.97,3.462
58.975,3.462223
58.98,3.462455
58.985,3.462677
58.99,3.462887
58.995,3.463095
59,3.463279
59.005,3.463418
59.01,3.463504
59.015,3.463542
59.02,3.463547
59.025,3.463535
59.03,3.463518
59.035,3.463528
59.04,3.463602
59.045,3.463719
59.05,3.463843
59.055,3.463943
59.06,3.464008
59.065,3.464037
59.07,3.464041
59.075,3.46403
59.08,3.464016
59.085,3.464003
59.09,3.463996
59.095,3.463993
59.1,3.463993
59.105,3.463965
59.11,3.463881
59.115,3.463761
59.12,3.463636
59.125,3.463492
59.13,3.46331
59.135,3.46308
59.14,3.462811
59.145,3.462525
59.15,3.46227
59.155,3.462068
59.16,3.461888
59.165,3.461726
59.17,3.461556
59.175,3.461355
59.18,3.461076
59.185,3.460707
59.19,3.460262
59.195,3.45976
59.2,3.459238
59.205,3.458711
59.21,3.458198
59.215,3.457716
59.22,3.457275
59.225,3.456893
59.23,3.456557
59.235,3.456242
59.24,3.45595
59.245,3.45568
59.25,3.455427
59.255,3.455201
59.26,3.454982
59.265,3.45478
59.27,3.454584
59.275,3.454386
59.28,3.454194
59.285,3.453991
59.29,3.453794
59.295,3.453625
59.3,3.453458
59.305,3.453293
59.31,3.453151
59.315,3.453047
59.32,3.452972
59.325,3.452879
59.33,3.452764
59.335,3.452651
59.34,3.45256
59.345,3.452501
59.35,3.452473
59.355,3.452467
59.36,3.452475
59.365,3.452486
59.37,3.452497
59.375,3.452511
59.38,3.45257
59.385,3.452677
59.39,3.452801
59.395,3.45291
59.4,3.453007
59.405,3.453129
59.41,3.453305
59.415,3.453544
59.42,3.453836
59.425,3.454157
59.43,3.454477
59.435,3.45476
59.44,3.455018
59.445,3.455269
59.45,3.455546
59.455,3.455871
59.46,3.45625
59.465,3.456695
59.47,3.457181
59.475,3.457695
59.48,3.458212
59.485,3.458705
59.49,3.459161
59.495,3.459553
59.5,3.459882
59.505,3.460154
59.51,3.460382
59.515,3.460591
59.52,3.460784
59.525,3.460987
59.53,3.461188
59.535,3.461397
59.54,3.46161
59.545,3.461815
59.55,3.462027
59.555,3.462231
59.56,3.462443
59.565,3.462653
59.57,3.462863
59.575,3.463078
59.58,3.463285
59.585,3.463497
59.59,3.4637
59.595,3.463869
59.6,3.464026
59.605,3.464185
59.61,3.464328
59.615,3.464435
59.62,3.464502
59.625,3.464532
59.63,3.464537
59.635,3.464527
59.64,3.464514
59.645,3.464522
59.65,3.464591
59.655,3.464706
59.66,3.464831
59.665,3.464935
59.67,3.465003
59.675,3.465035
59.68,3.465041
59.685,3.465021
59.69,3.464943
59.695,3.464819
59.7,3.464685
59.705,3.464573
59.71,3.4645
59.715,3.464444
59.72,3.464359
59.725,3.46421
59.73,3.463982
59.735,3.46369
59.74,3.463387
59.745,3.463087
59.75,3.462822
59.755,3.462621
59.76,3.462473
59.765,3.462329
59.77,3.462138
59.775,3.461863
59.78,3.461512
59.785,3.461091
59.79,3.460624
59.795,3.460133
59.8,3.459626
59.805,3.459137
59.81,3.458666
59.815,3.458221
59.82,3.457812
59.825,3.457431
59.83,3.457077
59.835,3.45675
59.84,3.456454
59.845,3.456198
59.85,3.455962
59.855,3.455755
59.86,3.45556
59.865,3.455367
59.87,3.455187
59.875,3.454998
59.88,3.45481
59.885,3.454633
59.89,3.454447
59.895,3.454268
59.9,3.454121
59.905,3.454021
59.91,3.453932
59.915,3.453824
59.92,3.453707
59.925,3.453604
59.93,3.453528
59.935,3.453485
59.94,3.453469
59.945,3.453471
59.95,3.453481
59.955,3.453492
59.96,3.4535
59.965,3.453505
59.97,3.453506
59.975,3.453505
59.98,3.453503
59.985,3.453501
59.99,3.4535
59.995,3.4535
60,3.453528
60.005,3.453616
60.01,3.453778
60.015,3.45403
60.02,3.454367
60.025,3.45475
60.03,3.455105
60.035,3.455405
60.04,3.45566
60.045,3.4559
60.05,3.456165
60.055,3.456488
60.06,3.456895
60.065,3.457377
60.07,3.457921
60.075,3.458486
60.08,3.459024
60.085,3.459504
60.09,3.45992
60.095,3.460275
60.1,3.460578
60.105,3.460841
60.11,3.461081
60.115,3.461303
60.12,3.461525
60.125,3.46174
60.13,3.461962
60.135,3.462177
60.14,3.462387
60.145,3.462599
60.15,3.462802
60.155,3.463014
60.16,3.463219
60.165,3.463428
60.17,3.463637
60.175,3.463844
60.18,3.464058
60.185,3.464256
60.19,3.464445
60.195,3.464635
60.2,3.464803
60.205,3.464929
60.21,3.465006
60.215,3.46504
60.22,3.465043
60.225,3.465032
60.23,3.465015
60.235,3.465002
60.24,3.465005
60.245,3.465066
60.25,3.465178
60.255,3.465306
60.26,3.465417
60.265,3.465493
60.27,3.465532
60.275,3.465542
60.28,3.465534
60.285,3.46552
60.29,3.465496
60.295,3.465425
60.3,3.46531
60.305,3.465184
60.31,3.465077
60.315,3.465005
60.32,3.464945
60.325,3.464851
60.33,3.464689
60.335,3.464466
60.34,3.464192
60.345,3.46391
60.35,3.463635
60.355,3.46338
60.36,3.463174
60.365,3.463017
60.37,3.462866
60.375,3.462671
60.38,3.462391
60.385,3.462021
60.39,3.46158
60.395,3.461092
60.4,3.460596
60.405,3.460094
60.41,3.459611
60.415,3.459147
60.42,3.458707
60.425,3.458295
60.43,3.457906
60.435,3.457549
60.44,3.457234
60.445,3.456954
60.45,3.456719
60.455,3.456502
60.46,3.456303
60.465,3.456114
60.47,3.455918
60.475,3.455735
60.48,3.455551
60.485,3.455364
60.49,3.455196
60.495,3.455069
60.5,3.454992
60.505,3.454934
60.51,3.454849
60.515,3.454742
60.52,3.454636
60.525,3.454551
60.53,3.454497
60.535,3.454472
60.54,3.454468
60.545,3.454476
60.55,3.454488
60.555,3.454497
60.56,3.454504
60.565,3.454506
60.57,3.454505
60.575,3.454504
60.58,3.454502
60.585,3.4545
60.59,3.454499
60.595,3.454499
60.6,3.454499
60.605,3.454512
60.61,3.454578
60.615,3.454707
60.62,3.454904
60.625,3.455127
60.63,3.455358
60.635,3.455588
60.64,3.45579
60.645,3.455974
60.65,3.456154
60.655,3.456312
60.66,3.45643
60.665,3.456503
60.67,3.456535
60.675,3.456541
60.68,3.456568
60.685,3.456647
60.69,3.456759
60.695,3.456874