Time (s),Position (mm)
0,4.72E-12
0.005,4.72E-12
0.01,4.72E-12
0.015,4.72E-12
0.02,4.72E-12
0.025,4.72E-12
0.03,4.72E-12
0.035,4.72E-12
0.04,4.72E-12
0.045,4.72E-12
0.05,4.72E-12
0.055,4.72E-12
0.06,4.72E-12
0.065,4.72E-12
0.07,4.72E-12
0.075,4.72E-12
0.08,4.72E-12
0.085,4.72E-12
0.09,4.72E-12
0.095,4.72E-12
0.1,4.72E-12
0.105,4.72E-12
0.11,4.72E-12
0.115,4.72E-12
0.12,4.72E-12
0.125,4.72E-12
0.13,4.72E-12
0.135,4.72E-12
0.14,4.72E-12
0.145,4.72E-12
0.15,4.72E-12
0.155,4.72E-12
0.16,4.72E-12
0.165,4.72E-12
0.17,4.72E-12
0.175,4.72E-12
0.18,4.72E-12
0.185,4.72E-12
0.19,4.72E-12
0.195,4.72E-12
0.2,1.73E-05
0.205,0.000392
0.21,0.002186
0.215,0.006657
0.22,0.014834
0.225,0.027358
0.23,0.04426
0.235,0.064974
0.24,0.088623
0.245,0.114045
0.25,0.140156
0.255,0.166347
0.26,0.192282
0.265,0.217812
0.27,0.243026
0.275,0.268009
0.28,0.292853
0.285,0.317679
0.29,0.342593
0.295,0.367606
0.3,0.39268
0.305,0.417777
0.31,0.442864
0.315,0.467941
0.32,0.493028
0.325,0.518121
0.33,0.543221
0.335,0.56831
0.34,0.593336
0.345,0.618293
0.35,0.643251
0.355,0.668206
0.36,0.69314
0.365,0.718083
0.37,0.743146
0.375,0.768405
0.38,0.793743
0.385,0.81895
0.39,0.84397
0.395,0.868916
0.4,0.893839
0.405,0.918729
0.41,0.943574
0.415,0.968423
0.42,0.993329
0.425,1.018299
0.43,1.043314
0.435,1.068351
0.44,1.093392
0.445,1.118464
0.45,1.143622
0.455,1.168838
0.46,1.194061
0.465,1.219237
0.47,1.244241
0.475,1.269036
0.48,1.293754
0.485,1.318511
0.49,1.343395
0.495,1.36851
0.5,1.393759
0.505,1.419029
0.51,1.444185
0.515,1.469093
0.52,1.493918
0.525,1.518857
0.53,1.543815
0.535,1.56875
0.54,1.593764
0.545,1.618807
0.55,1.643798
0.555,1.668808
0.56,1.693874
0.565,1.718954
0.57,1.744058
0.575,1.769178
0.58,1.79427
0.585,1.819142
0.59,1.843358
0.595,1.866361
0.6,1.887605
0.605,1.906593
0.61,1.923029
0.615,1.937097
0.62,1.949491
0.625,1.960996
0.63,1.972192
0.635,1.983246
0.64,1.993704
0.645,2.002799
0.65,2.009942
0.655,2.015047
0.66,2.018486
0.665,2.020827
0.67,2.022627
0.675,2.024305
0.68,2.026101
0.685,2.0281
0.69,2.030293
0.695,2.03264
0.7,2.0351
0.705,2.037598
0.71,2.040054
0.715,2.042434
0.72,2.044798
0.725,2.047406
0.73,2.050732
0.735,2.055033
0.74,2.06013
0.745,2.065643
0.75,2.0713
0.755,2.076995
0.76,2.082698
0.765,2.0884
0.77,2.09412
0.775,2.099883
0.78,2.105649
0.785,2.111362
0.79,2.117022
0.795,2.122663
0.8,2.128301
0.805,2.133924
0.81,2.139474
0.815,2.144897
0.82,2.150204
0.825,2.155468
0.83,2.160788
0.835,2.166229
0.84,2.171799
0.845,2.177489
0.85,2.183266
0.855,2.189081
0.86,2.194903
0.865,2.200717
0.87,2.206488
0.875,2.212164
0.88,2.217719
0.885,2.223139
0.89,2.228462
0.895,2.233764
0.9,2.239099
0.905,2.244502
0.91,2.250014
0.915,2.255643
0.92,2.261323
0.925,2.266959
0.93,2.272471
0.935,2.277751
0.94,2.282706
0.945,2.28733
0.95,2.291657
0.955,2.295761
0.96,2.299777
0.965,2.303822
0.97,2.307983
0.975,2.312251
0.98,2.316606
0.985,2.32108
0.99,2.325656
0.995,2.330261
1,2.33478
1.005,2.339146
1.01,2.343438
1.015,2.34778
1.02,2.352191
1.025,2.35654
1.03,2.360697
1.035,2.364615
1.04,2.368327
1.045,2.371887
1.05,2.375342
1.055,2.378729
1.06,2.382117
1.065,2.385603
1.07,2.389268
1.075,2.393064
1.08,2.396877
1.085,2.400647
1.09,2.404325
1.095,2.407875
1.1,2.411331
1.105,2.414754
1.11,2.418203
1.115,2.421705
1.12,2.425282
1.125,2.428976
1.13,2.432798
1.135,2.436683
1.14,2.440555
1.145,2.44434
1.15,2.447967
1.155,2.451407
1.16,2.45472
1.165,2.45801
1.17,2.461384
1.175,2.464904
1.18,2.468538
1.185,2.472225
1.19,2.475901
1.195,2.479477
1.2,2.482894
1.205,2.486156
1.21,2.489312
1.215,2.492412
1.22,2.495506
1.225,2.498677
1.23,2.50195
1.235,2.505192
1.24,2.508276
1.245,2.511147
1.25,2.513823
1.255,2.516361
1.26,2.518837
1.265,2.52129
1.27,2.523717
1.275,2.526103
1.28,2.52847
1.285,2.530848
1.29,2.533255
1.295,2.535721
1.3,2.538239
1.305,2.540808
1.31,2.543432
1.315,2.546082
1.32,2.548693
1.325,2.551232
1.33,2.553697
1.335,2.556114
1.34,2.558528
1.345,2.56096
1.35,2.563395
1.355,2.56581
1.36,2.568236
1.365,2.570709
1.37,2.573239
1.375,2.575828
1.38,2.578457
1.385,2.581081
1.39,2.583632
1.395,2.586084
1.4,2.588454
1.405,2.590793
1.41,2.593138
1.415,2.595459
1.42,2.597767
1.425,2.600124
1.43,2.602548
1.435,2.605017
1.44,2.607529
1.445,2.610072
1.45,2.612597
1.455,2.615032
1.46,2.617346
1.465,2.619584
1.47,2.62184
1.475,2.624165
1.48,2.626566
1.485,2.628997
1.49,2.631381
1.495,2.633685
1.5,2.635909
1.505,2.638053
1.51,2.640142
1.515,2.642212
1.52,2.644288
1.525,2.646374
1.53,2.648451
1.535,2.650493
1.54,2.652518
1.545,2.654549
1.55,2.656556
1.555,2.658483
1.56,2.660315
1.565,2.662076
1.57,2.663797
1.575,2.665502
1.58,2.667189
1.585,2.668824
1.59,2.67041
1.595,2.672002
1.6,2.673639
1.605,2.675336
1.61,2.67708
1.615,2.678857
1.62,2.68067
1.625,2.682543
1.63,2.684471
1.635,2.686388
1.64,2.688216
1.645,2.689904
1.65,2.69146
1.655,2.69296
1.66,2.694493
1.665,2.696089
1.67,2.697746
1.675,2.699474
1.68,2.701245
1.685,2.702988
1.69,2.704679
1.695,2.706337
1.7,2.707991
1.705,2.709666
1.71,2.711358
1.715,2.713052
1.72,2.714753
1.725,2.716454
1.73,2.718164
1.735,2.719897
1.74,2.721652
1.745,2.723414
1.75,2.725199
1.755,2.727059
1.76,2.728981
1.765,2.730885
1.77,2.732727
1.775,2.734511
1.78,2.736262
1.785,2.737987
1.79,2.739668
1.795,2.741283
1.8,2.742834
1.805,2.744332
1.81,2.745774
1.815,2.747141
1.82,2.748464
1.825,2.74981
1.83,2.751201
1.835,2.752608
1.84,2.753997
1.845,2.755354
1.85,2.756677
1.855,2.757977
1.86,2.759273
1.865,2.760581
1.87,2.761911
1.875,2.763271
1.88,2.764667
1.885,2.766073
1.89,2.767455
1.895,2.768817
1.9,2.770159
1.905,2.771473
1.91,2.772747
1.915,2.773976
1.92,2.775186
1.925,2.776405
1.93,2.777648
1.935,2.77891
1.94,2.780172
1.945,2.781422
1.95,2.782669
1.955,2.783931
1.96,2.785204
1.965,2.786476
1.97,2.787736
1.975,2.788979
1.98,2.790206
1.985,2.791423
1.99,2.792639
1.995,2.793848
2,2.79502
2.005,2.796134
2.01,2.797215
2.015,2.798306
2.02,2.799441
2.025,2.800664
2.03,2.802021
2.035,2.803485
2.04,2.804967
2.045,2.806374
2.05,2.80766
2.055,2.808849
2.06,2.810016
2.065,2.811209
2.07,2.812427
2.075,2.813658
2.08,2.814904
2.085,2.816164
2.09,2.817423
2.095,2.818656
2.1,2.819854
2.105,2.821012
2.11,2.822139
2.115,2.823242
2.12,2.824328
2.125,2.825401
2.13,2.826467
2.135,2.827532
2.14,2.828609
2.145,2.829717
2.15,2.830887
2.155,2.832102
2.16,2.833315
2.165,2.834485
2.17,2.835595
2.175,2.836661
2.18,2.8377
2.185,2.838721
2.19,2.839723
2.195,2.840696
2.2,2.84162
2.205,2.842494
2.21,2.843342
2.215,2.844213
2.22,2.845136
2.225,2.846114
2.23,2.847131
2.235,2.848167
2.24,2.849204
2.245,2.850227
2.25,2.851234
2.255,2.852226
2.26,2.853202
2.265,2.854174
2.27,2.855161
2.275,2.856172
2.28,2.857201
2.285,2.858238
2.29,2.859277
2.295,2.860312
2.3,2.861348
2.305,2.862375
2.31,2.863381
2.315,2.864369
2.32,2.865359
2.325,2.866367
2.33,2.867399
2.335,2.868435
2.34,2.869469
2.345,2.870498
2.35,2.871527
2.355,2.872581
2.36,2.873706
2.365,2.874908
2.37,2.876134
2.375,2.877328
2.38,2.87846
2.385,2.879524
2.39,2.880528
2.395,2.881461
2.4,2.882322
2.405,2.883118
2.41,2.883859
2.415,2.884577
2.42,2.885322
2.425,2.886131
2.43,2.886996
2.435,2.887903
2.44,2.888841
2.445,2.889784
2.45,2.890708
2.455,2.891602
2.46,2.892469
2.465,2.893312
2.47,2.894121
2.475,2.894875
2.48,2.895579
2.485,2.896266
2.49,2.896975
2.495,2.897725
2.5,2.898518
2.505,2.899343
2.51,2.900185
2.515,2.90103
2.52,2.901862
2.525,2.902675
2.53,2.903472
2.535,2.90427
2.54,2.905091
2.545,2.905949
2.55,2.906842
2.555,2.907754
2.56,2.908658
2.565,2.909522
2.57,2.91032
2.575,2.91106
2.58,2.911775
2.585,2.912518
2.59,2.913324
2.595,2.914189
2.6,2.915067
2.605,2.915911
2.61,2.916716
2.615,2.917492
2.62,2.918272
2.625,2.919085
2.63,2.919948
2.635,2.920866
2.64,2.921841
2.645,2.922855
2.65,2.923868
2.655,2.924833
2.66,2.92573
2.665,2.926569
2.67,2.927372
2.675,2.928159
2.68,2.92894
2.685,2.929712
2.69,2.930459
2.695,2.931166
2.7,2.931822
2.705,2.932443
2.71,2.933065
2.715,2.933717
2.72,2.934417
2.725,2.935154
2.73,2.935895
2.735,2.936613
2.74,2.937297
2.745,2.937959
2.75,2.938609
2.755,2.939263
2.76,2.939927
2.765,2.940595
2.77,2.941263
2.775,2.941937
2.78,2.942609
2.785,2.943264
2.79,2.943911
2.795,2.944563
2.8,2.945232
2.805,2.945926
2.81,2.946655
2.815,2.947414
2.82,2.948197
2.825,2.948991
2.83,2.949772
2.835,2.950523
2.84,2.95124
2.845,2.951922
2.85,2.952575
2.855,2.953207
2.86,2.953828
2.865,2.954448
2.87,2.955074
2.875,2.955705
2.88,2.95634
2.885,2.956978
2.89,2.957607
2.895,2.958195
2.9,2.958725
2.905,2.959211
2.91,2.959692
2.915,2.960196
2.92,2.960743
2.925,2.961341
2.93,2.961987
2.935,2.962664
2.94,2.963353
2.945,2.964044
2.95,2.964732
2.955,2.96541
2.96,2.966079
2.965,2.966743
2.97,2.967393
2.975,2.968029
2.98,2.96866
2.985,2.969299
2.99,2.969955
2.995,2.970619
3,2.971279
3.005,2.971932
3.01,2.972572
3.015,2.973195
3.02,2.973808
3.025,2.974415
3.03,2.975014
3.035,2.975605
3.04,2.976186
3.045,2.976756
3.05,2.977319
3.055,2.97788
3.06,2.978446
3.065,2.979022
3.07,2.979606
3.075,2.980202
3.08,2.980817
3.085,2.981448
3.09,2.982085
3.095,2.982725
3.1,2.983355
3.105,2.983959
3.11,2.984544
3.115,2.985112
3.12,2.985667
3.125,2.986216
3.13,2.986763
3.135,2.987309
3.14,2.987852
3.145,2.988393
3.15,2.988935
3.155,2.989475
3.16,2.990013
3.165,2.990556
3.17,2.991111
3.175,2.991686
3.18,2.992287
3.185,2.992916
3.19,2.993562
3.195,2.994214
3.2,2.994857
3.205,2.995477
3.21,2.996079
3.215,2.996686
3.22,2.997319
3.225,2.997971
3.23,2.998619
3.235,2.999242
3.24,2.999826
3.245,3.000373
3.25,3.000895
3.255,3.00141
3.26,3.001928
3.265,3.002457
3.27,3.002998
3.275,3.003543
3.28,3.004088
3.285,3.004639
3.29,3.005191
3.295,3.005733
3.3,3.006258
3.305,3.006768
3.31,3.007265
3.315,3.007754
3.32,3.008236
3.325,3.008704
3.33,3.009149
3.335,3.009555
3.34,3.009921
3.345,3.010252
3.35,3.010577
3.355,3.010924
3.36,3.011309
3.365,3.011732
3.37,3.012187
3.375,3.012665
3.38,3.013155
3.385,3.013645
3.39,3.014127
3.395,3.014596
3.4,3.015054
3.405,3.015505
3.41,3.015952
3.415,3.016403
3.42,3.016868
3.425,3.01735
3.43,3.01785
3.435,3.018364
3.44,3.018882
3.445,3.019402
3.45,3.019911
3.455,3.020408
3.46,3.020897
3.465,3.021385
3.47,3.021877
3.475,3.02239
3.48,3.02295
3.485,3.023578
3.49,3.024265
3.495,3.024973
3.5,3.025657
3.505,3.026284
3.51,3.026852
3.515,3.02737
3.52,3.027859
3.525,3.028336
3.53,3.028815
3.535,3.029297
3.54,3.029777
3.545,3.030248
3.55,3.03071
3.555,3.031169
3.56,3.031632
3.565,3.032097
3.57,3.03256
3.575,3.033017
3.58,3.033457
3.585,3.033871
3.59,3.034258
3.595,3.03461
3.6,3.034942
3.605,3.035278
3.61,3.035631
3.615,3.036007
3.62,3.036403
3.625,3.036814
3.63,3.037235
3.635,3.037663
3.64,3.038094
3.645,3.038529
3.65,3.038971
3.655,3.039415
3.66,3.039855
3.665,3.040293
3.67,3.040731
3.675,3.041168
3.68,3.041601
3.685,3.042037
3.69,3.042476
3.695,3.042921
3.7,3.043369
3.705,3.043807
3.71,3.044235
3.715,3.044664
3.72,3.045098
3.725,3.045537
3.73,3.045978
3.735,3.046422
3.74,3.046873
3.745,3.047316
3.75,3.047736
3.755,3.048124
3.76,3.04849
3.765,3.048852
3.77,3.049222
3.775,3.049602
3.78,3.049991
3.785,3.050389
3.79,3.050796
3.795,3.051209
3.8,3.05162
3.805,3.052028
3.81,3.052435
3.815,3.052849
3.82,3.053271
3.825,3.0537
3.83,3.054128
3.835,3.054548
3.84,3.054959
3.845,3.055366
3.85,3.055776
3.855,3.056195
3.86,3.056622
3.865,3.057058
3.87,3.057502
3.875,3.057967
3.88,3.058456
3.885,3.058962
3.89,3.059468
3.895,3.059954
3.9,3.060401
3.905,3.060809
3.91,3.061175
3.915,3.061509
3.92,3.061829
3.925,3.062161
3.93,3.0625
3.935,3.062846
3.94,3.063197
3.945,3.063539
3.95,3.063873
3.955,3.064204
3.96,3.064538
3.965,3.064884
3.97,3.065244
3.975,3.065601
3.98,3.065954
3.985,3.066309
3.99,3.066665
3.995,3.067024
4,3.067386
4.005,3.067751
4.01,3.068123
4.015,3.068504
4.02,3.068901
4.025,3.069312
4.03,3.069731
4.035,3.070151
4.04,3.070568
4.045,3.070993
4.05,3.071423
4.055,3.071855
4.06,3.07229
4.065,3.072728
4.07,3.073164
4.075,3.073591
4.08,3.073999
4.085,3.074384
4.09,3.074753
4.095,3.075124
4.1,3.075497
4.105,3.075868
4.11,3.076236
4.115,3.076604
4.12,3.076978
4.125,3.077355
4.13,3.07773
4.135,3.078099
4.14,3.078474
4.145,3.078853
4.15,3.079232
4.155,3.079585
4.16,3.079914
4.165,3.080226
4.17,3.080525
4.175,3.080823
4.18,3.081127
4.185,3.081433
4.19,3.081729
4.195,3.082013
4.2,3.082278
4.205,3.082532
4.21,3.08277
4.215,3.083007
4.22,3.083251
4.225,3.083514
4.23,3.083808
4.235,3.084132
4.24,3.084483
4.245,3.084847
4.25,3.085211
4.255,3.085577
4.26,3.085938
4.265,3.086292
4.27,3.08663
4.275,3.086959
4.28,3.087289
4.285,3.087626
4.29,3.087969
4.295,3.088316
4.3,3.088663
4.305,3.089008
4.31,3.08935
4.315,3.089687
4.32,3.090013
4.325,3.090333
4.33,3.090649
4.335,3.090968
4.34,3.091299
4.345,3.091646
4.35,3.091998
4.355,3.092353
4.36,3.092711
4.365,3.093059
4.37,3.093396
4.375,3.093727
4.38,3.094053
4.385,3.094378
4.39,3.094705
4.395,3.09505
4.4,3.095412
4.405,3.095785
4.41,3.096162
4.415,3.096538
4.42,3.096917
4.425,3.097301
4.43,3.097691
4.435,3.098093
4.44,3.098509
4.445,3.098936
4.45,3.099359
4.455,3.099766
4.46,3.100144
4.465,3.100487
4.47,3.100794
4.475,3.101078
4.48,3.101357
4.485,3.101631
4.49,3.101909
4.495,3.10217
4.5,3.102425
4.505,3.102661
4.51,3.102876
4.515,3.103085
4.52,3.103293
4.525,3.103513
4.53,3.103756
4.535,3.104015
4.54,3.10429
4.545,3.104568
4.55,3.10485
4.555,3.105135
4.56,3.105425
4.565,3.105719
4.57,3.10601
4.575,3.1063
4.58,3.106586
4.585,3.106872
4.59,3.107155
4.595,3.107438
4.6,3.107719
4.605,3.107999
4.61,3.10828
4.615,3.108557
4.62,3.108837
4.625,3.109117
4.63,3.109404
4.635,3.109697
4.64,3.109997
4.645,3.110308
4.65,3.110624
4.655,3.110944
4.66,3.11127
4.665,3.111593
4.67,3.111911
4.675,3.112214
4.68,3.112501
4.685,3.112769
4.69,3.113034
4.695,3.113311
4.7,3.11359
4.705,3.113882
4.71,3.1142
4.715,3.114536
4.72,3.114882
4.725,3.115232
4.73,3.115572
4.735,3.115899
4.74,3.116208
4.745,3.116501
4.75,3.116782
4.755,3.117058
4.76,3.117339
4.765,3.117619
4.77,3.117904
4.775,3.118188
4.78,3.118472
4.785,3.118757
4.79,3.119039
4.795,3.119326
4.8,3.119611
4.805,3.1199
4.81,3.12018
4.815,3.120456
4.82,3.120724
4.825,3.120988
4.83,3.121245
4.835,3.121501
4.84,3.121754
4.845,3.122008
4.85,3.12226
4.855,3.122515
4.86,3.122777
4.865,3.123048
4.87,3.123333
4.875,3.12363
4.88,3.123941
4.885,3.124269
4.89,3.124611
4.895,3.124962
4.9,3.125317
4.905,3.125663
4.91,3.125988
4.915,3.126279
4.92,3.126544
4.925,3.126789
4.93,3.127031
4.935,3.127277
4.94,3.127529
4.945,3.127788
4.95,3.128046
4.955,3.128299
4.96,3.128547
4.965,3.128784
4.97,3.129022
4.975,3.129266
4.98,3.129517
4.985,3.129758
4.99,3.13
4.995,3.130223
5,3.13044
5.005,3.130649
5.01,3.130853
5.015,3.131062
5.02,3.131256
5.025,3.131443
5.03,3.131632
5.035,3.131801
5.04,3.13194
5.045,3.132085
5.05,3.132239
5.055,3.132421
5.06,3.132625
5.065,3.132854
5.07,3.133096
5.075,3.133354
5.08,3.133609
5.085,3.133863
5.09,3.134111
5.095,3.134362
5.1,3.13461
5.105,3.134861
5.11,3.13511
5.115,3.135362
5.12,3.135611
5.125,3.135866
5.13,3.136118
5.135,3.136376
5.14,3.136638
5.145,3.136912
5.15,3.137193
5.155,3.137478
5.16,3.137765
5.165,3.13805
5.17,3.138339
5.175,3.138626
5.18,3.138925
5.185,3.139245
5.19,3.139575
5.195,3.139907
5.2,3.140237
5.205,3.140568
5.21,3.140909
5.215,3.141266
5.22,3.141636
5.225,3.142007
5.23,3.142367
5.235,3.142685
5.24,3.142969
5.245,3.143209
5.25,3.143421
5.255,3.143621
5.26,3.143804
5.265,3.143994
5.27,3.144184
5.275,3.144378
5.28,3.144582
5.285,3.144776
5.29,3.144975
5.295,3.145171
5.3,3.145359
5.305,3.145556
5.31,3.145741
5.315,3.145894
5.32,3.146042
5.325,3.146194
5.33,3.146334
5.335,3.14648
5.34,3.146643
5.345,3.146828
5.35,3.147038
5.355,3.147266
5.36,3.147509
5.365,3.147748
5.37,3.147988
5.375,3.148218
5.38,3.148451
5.385,3.148677
5.39,3.148908
5.395,3.149135
5.4,3.149367
5.405,3.149598
5.41,3.149831
5.415,3.150072
5.42,3.150329
5.425,3.150591
5.43,3.15086
5.435,3.151127
5.44,3.151398
5.445,3.151656
5.45,3.151908
5.455,3.152148
5.46,3.152385
5.465,3.152615
5.47,3.152839
5.475,3.153063
5.48,3.153286
5.485,3.153517
5.49,3.153742
5.495,3.153973
5.5,3.154207
5.505,3.154454
5.51,3.154693
5.515,3.154933
5.52,3.155165
5.525,3.155402
5.53,3.155632
5.535,3.155847
5.54,3.156061
5.545,3.156263
5.55,3.156471
5.555,3.156678
5.56,3.156896
5.565,3.157117
5.57,3.157342
5.575,3.15757
5.58,3.157778
5.585,3.157982
5.59,3.158185
5.595,3.158403
5.6,3.158624
5.605,3.158833
5.61,3.159045
5.615,3.159246
5.62,3.159451
5.625,3.159654
5.63,3.159852
5.635,3.160058
5.64,3.160256
5.645,3.160463
5.65,3.160668
5.655,3.160876
5.66,3.16109
5.665,3.161298
5.67,3.161515
5.675,3.161722
5.68,3.161932
5.685,3.16214
5.69,3.162342
5.695,3.162551
5.7,3.162752
5.705,3.16296
5.71,3.163167
5.715,3.163377
5.72,3.16359
5.725,3.1638
5.73,3.164017
5.735,3.164228
5.74,3.164444
5.745,3.16466
5.75,3.164883
5.755,3.165108
5.76,3.165317
5.765,3.165527
5.77,3.165728
5.775,3.165934
5.78,3.166144
5.785,3.166366
5.79,3.166594
5.795,3.166815
5.8,3.167039
5.805,3.167259
5.81,3.167488
5.815,3.167704
5.82,3.167907
5.825,3.168108
5.83,3.168295
5.835,3.168491
5.84,3.168684
5.845,3.168863
5.85,3.169051
5.855,3.169254
5.86,3.169483
5.865,3.169741
5.87,3.170023
5.875,3.170331
5.88,3.170668
5.885,3.171001
5.89,3.171314
5.895,3.171596
5.9,3.171819
5.905,3.172001
5.91,3.172168
5.915,3.172315
5.92,3.17246
5.925,3.172621
5.93,3.172778
5.935,3.172928
5.94,3.173093
5.945,3.173256
5.95,3.173424
5.955,3.173606
5.96,3.173777
5.965,3.173922
5.97,3.174072
5.975,3.174224
5.98,3.174357
5.985,3.174461
5.99,3.174573
5.995,3.174702
6,3.174827
6.005,3.174929
6.01,3.174998
6.015,3.175072
6.02,3.175177
6.025,3.175294
6.03,3.175417
6.035,3.175567
6.04,3.175729
6.045,3.175908
6.05,3.176104
6.055,3.17631
6.06,3.176531
6.065,3.176748
6.07,3.176973
6.075,3.177189
6.08,3.177404
6.085,3.177616
6.09,3.177822
6.095,3.178036
6.1,3.178241
6.105,3.178453
6.11,3.178661
6.115,3.178857
6.12,3.179057
6.125,3.179255
6.13,3.179469
6.135,3.179681
6.14,3.179897
6.145,3.180115
6.15,3.180318
6.155,3.180525
6.16,3.180721
6.165,3.180914
6.17,3.181111
6.175,3.181313
6.18,3.18153
6.185,3.181734
6.19,3.181925
6.195,3.182117
6.2,3.182292
6.205,3.182471
6.21,3.182654
6.215,3.182834
6.22,3.183028
6.225,3.183218
6.23,3.183412
6.235,3.183612
6.24,3.183802
6.245,3.183999
6.25,3.184192
6.255,3.184383
6.26,3.184582
6.265,3.184788
6.27,3.18501
6.275,3.18522
6.28,3.18542
6.285,3.185618
6.29,3.185794
6.295,3.185959
6.3,3.186129
6.305,3.186302
6.31,3.186497
6.315,3.186693
6.32,3.186864
6.325,3.187031
6.33,3.187198
6.335,3.187352
6.34,3.187518
6.345,3.18769
6.35,3.187853
6.355,3.18803
6.36,3.188207
6.365,3.188368
6.37,3.188537
6.375,3.188707
6.38,3.188872
6.385,3.189052
6.39,3.189234
6.395,3.189428
6.4,3.18963
6.405,3.189826
6.41,3.19003
6.415,3.190226
6.42,3.190422
6.425,3.190623
6.43,3.190831
6.435,3.191054
6.44,3.191303
6.445,3.191558
6.45,3.191782
6.455,3.191979
6.46,3.192163
6.465,3.192321
6.47,3.192444
6.475,3.192569
6.48,3.192706
6.485,3.192835
6.49,3.192937
6.495,3.193039
6.5,3.193162
6.505,3.193292
6.51,3.193418
6.515,3.193567
6.52,3.193725
6.525,3.193863
6.53,3.193964
6.535,3.194048
6.54,3.194154
6.545,3.194273
6.55,3.194381
6.555,3.194463
6.56,3.194541
6.565,3.194648
6.57,3.19477
6.575,3.194885
6.58,3.195014
6.585,3.195163
6.59,3.19531
6.595,3.195463
6.6,3.195633
6.605,3.195793
6.61,3.195952
6.615,3.196122
6.62,3.196287
6.625,3.196461
6.63,3.196645
6.635,3.19683
6.64,3.197031
6.645,3.19723
6.65,3.197439
6.655,3.197648
6.66,3.19784
6.665,3.198035
6.67,3.198221
6.675,3.198406
6.68,3.198598
6.685,3.198781
6.69,3.198971
6.695,3.199163
6.7,3.199343
6.705,3.199533
6.71,3.199719
6.715,3.199909
6.72,3.200108
6.725,3.200293
6.73,3.200481
6.735,3.200668
6.74,3.200838
6.745,3.20101
6.75,3.201185
6.755,3.201343
6.76,3.201504
6.765,3.201673
6.77,3.201846
6.775,3.202039
6.78,3.202227
6.785,3.202384
6.79,3.202532
6.795,3.202685
6.8,3.202824
6.805,3.202951
6.81,3.203095
6.815,3.203244
6.82,3.203387
6.825,3.203547
6.83,3.203712
6.835,3.20386
6.84,3.20401
6.845,3.204169
6.85,3.204316
6.855,3.204452
6.86,3.204601
6.865,3.204753
6.87,3.204888
6.875,3.205034
6.88,3.205191
6.885,3.205359
6.89,3.20555
6.895,3.205736
6.9,3.205897
6.905,3.206057
6.91,3.206217
6.915,3.206355
6.92,3.206483
6.925,3.206626
6.93,3.20677
6.935,3.206895
6.94,3.207023
6.945,3.207167
6.95,3.207307
6.955,3.207441
6.96,3.207593
6.965,3.207748
6.97,3.20788
6.975,3.207993
6.98,3.208121
6.985,3.208257
6.99,3.20838
6.995,3.208514
7,3.208666
7.005,3.208814
7.01,3.208972
7.015,3.209143
7.02,3.209303
7.025,3.209453
7.03,3.209614
7.035,3.20977
7.04,3.209897
7.045,3.210004
7.05,3.210125
7.055,3.210257
7.06,3.210398
7.065,3.210567
7.07,3.210738
7.075,3.210891
7.08,3.211051
7.085,3.211221
7.09,3.211421
7.095,3.211634
7.1,3.21186
7.105,3.212091
7.11,3.212327
7.115,3.212568
7.12,3.212818
7.125,3.213069
7.13,3.21332
7.135,3.213566
7.14,3.213778
7.145,3.21395
7.15,3.214114
7.155,3.214266
7.16,3.21439
7.165,3.214493
7.17,3.214612
7.175,3.214743
7.18,3.214864
7.185,3.214966
7.19,3.215084
7.195,3.215219
7.2,3.215375
7.205,3.215561
7.21,3.215744
7.215,3.215892
7.22,3.215998
7.225,3.216104
7.23,3.216222
7.235,3.216338
7.24,3.216431
7.245,3.216493
7.25,3.216538
7.255,3.216615
7.26,3.216724
7.265,3.216838
7.27,3.216933
7.275,3.216996
7.28,3.217028
7.285,3.217038
7.29,3.217076
7.295,3.217163
7.3,3.217276
7.305,3.217385
7.31,3.217468
7.315,3.217517
7.32,3.217545
7.325,3.217605
7.33,3.217704
7.335,3.217819
7.34,3.217957
7.345,3.218121
7.35,3.218284
7.355,3.21845
7.36,3.218628
7.365,3.218794
7.37,3.218961
7.375,3.219138
7.38,3.2193
7.385,3.219458
7.39,3.219626
7.395,3.219787
7.4,3.219955
7.405,3.220134
7.41,3.220299
7.415,3.220441
7.42,3.22059
7.425,3.220741
7.43,3.220881
7.435,3.221038
7.44,3.221202
7.445,3.221356
7.45,3.221521
7.455,3.221692
7.46,3.221849
7.465,3.222012
7.47,3.222186
7.475,3.222382
7.48,3.222595
7.485,3.222814
7.49,3.223042
7.495,3.223256
7.5,3.223466
7.505,3.223669
7.51,3.22384
7.515,3.223996
7.52,3.224156
7.525,3.224305
7.53,3.224457
7.535,3.224624
7.54,3.224784
7.545,3.224935
7.55,3.225098
7.555,3.225258
7.56,3.22539
7.565,3.22548
7.57,3.225534
7.575,3.225603
7.58,3.225704
7.585,3.225815
7.59,3.225913
7.595,3.225983
7.6,3.226021
7.605,3.226033
7.61,3.226052
7.615,3.22612
7.62,3.226228
7.625,3.226343
7.63,3.226439
7.635,3.226501
7.64,3.226533
7.645,3.226578
7.65,3.226664
7.655,3.226775
7.66,3.226882
7.665,3.226963
7.67,3.227013
7.675,3.22704
7.68,3.227095
7.685,3.227192
7.69,3.227305
7.695,3.22741
7.7,3.227525
7.705,3.227664
7.71,3.227802
7.715,3.227916
7.72,3.228025
7.725,3.228153
7.73,3.228285
7.735,3.2284
7.74,3.228514
7.745,3.228649
7.75,3.228787
7.755,3.228907
7.76,3.229036
7.765,3.229181
7.77,3.22932
7.775,3.229461
7.78,3.22962
7.785,3.229776
7.79,3.229905
7.795,3.230028
7.8,3.230166
7.805,3.230301
7.81,3.230433
7.815,3.230585
7.82,3.230741
7.825,3.230892
7.83,3.231059
7.835,3.231227
7.84,3.231383
7.845,3.231551
7.85,3.23172
7.855,3.231864
7.86,3.231982
7.865,3.23211
7.87,3.232246
7.875,3.23237
7.88,3.232505
7.885,3.232657
7.89,3.232804
7.895,3.232944
7.9,3.233099
7.905,3.233254
7.91,3.233388
7.915,3.23352
7.92,3.233667
7.925,3.233816
7.93,3.233987
7.935,3.234169
7.94,3.234333
7.945,3.23449
7.95,3.234654
7.955,3.234805
7.96,3.234941
7.965,3.235089
7.97,3.235243
7.975,3.235411
7.98,3.235599
7.985,3.235775
7.99,3.235918
7.995,3.236055
8,3.236198
8.005,3.236331
8.01,3.236433
8.015,3.236498
8.02,3.23653
8.025,3.236568
8.03,3.236648
8.035,3.236758
8.04,3.236868
8.045,3.236954
8.05,3.237008
8.055,3.237045
8.06,3.237114
8.065,3.237218
8.07,3.237331
8.075,3.237427
8.08,3.237492
8.085,3.237526
8.09,3.237535
8.095,3.237548
8.1,3.237612
8.105,3.237719
8.11,3.237835
8.115,3.237933
8.12,3.237998
8.125,3.238033
8.13,3.238078
8.135,3.238165
8.14,3.238276
8.145,3.238382
8.15,3.238479
8.155,3.238599
8.16,3.238734
8.165,3.23886
8.17,3.238992
8.175,3.239143
8.18,3.239291
8.185,3.239438
8.19,3.239601
8.195,3.239762
8.2,3.239904
8.205,3.240056
8.21,3.240213
8.215,3.240352
8.22,3.240487
8.225,3.240637
8.23,3.240788
8.235,3.240955
8.24,3.241137
8.245,3.241307
8.25,3.241477
8.255,3.241654
8.26,3.241814
8.265,3.241973
8.27,3.242141
8.275,3.242298
8.28,3.242454
8.285,3.242621
8.29,3.242781
8.295,3.242919
8.3,3.243066
8.305,3.243219
8.31,3.243362
8.315,3.243521
8.32,3.243688
8.325,3.243838
8.33,3.243962
8.335,3.244094
8.34,3.244234
8.345,3.24436
8.35,3.244454
8.355,3.24454
8.36,3.24465
8.365,3.244773
8.37,3.244884
8.375,3.244967
8.38,3.245039
8.385,3.245139
8.39,3.245258
8.395,3.245371
8.4,3.245457
8.405,3.245515
8.41,3.24559
8.415,3.245697
8.42,3.245813
8.425,3.245914
8.43,3.245984
8.435,3.246022
8.44,3.246034
8.445,3.246032
8.45,3.24606
8.455,3.246144
8.46,3.24626
8.465,3.246374
8.47,3.246462
8.475,3.246515
8.48,3.246537
8.485,3.246537
8.49,3.246547
8.495,3.246612
8.5,3.24672
8.505,3.246837
8.51,3.246935
8.515,3.247005
8.52,3.247084
8.525,3.247192
8.53,3.247309
8.535,3.247413
8.54,3.247525
8.545,3.247661
8.55,3.247798
8.555,3.247912
8.56,3.248023
8.565,3.248154
8.57,3.248287
8.575,3.248403
8.58,3.24852
8.585,3.248658
8.59,3.248795
8.595,3.248912
8.6,3.249034
8.605,3.249173
8.61,3.249309
8.615,3.249423
8.62,3.249543
8.625,3.24968
8.63,3.249814
8.635,3.249927
8.64,3.250047
8.645,3.250185
8.65,3.250319
8.655,3.250453
8.66,3.250606
8.665,3.250761
8.67,3.25089
8.675,3.250985
8.68,3.251084
8.685,3.251203
8.69,3.251322
8.695,3.251442
8.7,3.251585
8.705,3.251737
8.71,3.251871
8.715,3.251967
8.72,3.252029
8.725,3.252106
8.73,3.252211
8.735,3.252324
8.74,3.25242
8.745,3.252492
8.75,3.252579
8.755,3.252694
8.76,3.252815
8.765,3.252917
8.77,3.252988
8.775,3.253041
8.78,3.253123
8.785,3.253233
8.79,3.253346
8.795,3.253438
8.8,3.253503
8.805,3.253582
8.81,3.25369
8.815,3.253808
8.82,3.253911
8.825,3.253985
8.83,3.254064
8.835,3.254172
8.84,3.254292
8.845,3.254398
8.85,3.254481
8.855,3.254577
8.86,3.254698
8.865,3.25482
8.87,3.254922
8.875,3.255006
8.88,3.25511
8.885,3.255233
8.89,3.255352
8.895,3.255446
8.9,3.255533
8.905,3.255646
8.91,3.255771
8.915,3.255883
8.92,3.255969
8.925,3.256056
8.93,3.256169
8.935,3.256292
8.94,3.256399
8.945,3.256485
8.95,3.256587
8.955,3.25671
8.96,3.256833
8.965,3.256933
8.97,3.257035
8.975,3.257159
8.98,3.257289
8.985,3.257401
8.99,3.257493
8.995,3.257604
9,3.257732
9.005,3.257853
9.01,3.257947
9.015,3.258035
9.02,3.258148
9.025,3.258273
9.03,3.258386
9.035,3.258468
9.04,3.258529
9.045,3.258614
9.05,3.258726
9.055,3.25884
9.06,3.258934
9.065,3.259007
9.07,3.259102
9.075,3.25922
9.08,3.259338
9.085,3.259434
9.09,3.259498
9.095,3.259541
9.1,3.259613
9.105,3.259718
9.11,3.259831
9.115,3.259927
9.12,3.259994
9.125,3.260065
9.13,3.260167
9.135,3.260285
9.14,3.260392
9.145,3.260471
9.15,3.260543
9.155,3.260644
9.16,3.260763
9.165,3.260874
9.17,3.260959
9.175,3.261011
9.18,3.261061
9.185,3.261148
9.19,3.261259
9.195,3.261369
9.2,3.261455
9.205,3.261526
9.21,3.261623
9.215,3.261742
9.22,3.261857
9.225,3.261948
9.23,3.262008
9.235,3.26208
9.24,3.262183
9.245,3.262299
9.25,3.262403
9.255,3.262478
9.26,3.262533
9.265,3.262616
9.27,3.262726
9.275,3.262841
9.28,3.262935
9.285,3.263
9.29,3.263075
9.295,3.263181
9.3,3.263299
9.305,3.263403
9.31,3.263484
9.315,3.263578
9.32,3.263698
9.325,3.26382
9.33,3.263922
9.335,3.263994
9.34,3.264077
9.345,3.264187
9.35,3.264306
9.355,3.264409
9.36,3.264483
9.365,3.264558
9.37,3.264662
9.375,3.264782
9.38,3.26489
9.385,3.26497
9.39,3.26504
9.395,3.26514
9.4,3.265258
9.405,3.26537
9.41,3.265456
9.415,3.265515
9.42,3.26559
9.425,3.265697
9.43,3.265813
9.435,3.265914
9.44,3.265984
9.445,3.266022
9.45,3.266055
9.455,3.266128
9.46,3.266234
9.465,3.266346
9.47,3.266439
9.475,3.2665
9.48,3.266532
9.485,3.26658
9.49,3.26667
9.495,3.266782
9.5,3.266888
9.505,3.266968
9.51,3.267031
9.515,3.26712
9.52,3.267234
9.525,3.267348
9.53,3.26744
9.535,3.267503
9.54,3.267574
9.545,3.267676
9.55,3.267793
9.555,3.267898
9.56,3.267974
9.565,3.268036
9.57,3.268125
9.575,3.26824
9.58,3.268353
9.585,3.268444
9.59,3.268515
9.595,3.268608
9.6,3.268725
9.605,3.268842
9.61,3.268937
9.615,3.269028
9.62,3.269143
9.625,3.269271
9.63,3.269385
9.635,3.269477
9.64,3.269584
9.645,3.26971
9.65,3.269834
9.655,3.269934
9.66,3.269998
9.665,3.270034
9.67,3.270091
9.675,3.270186
9.68,3.270299
9.685,3.270402
9.69,3.270477
9.695,3.270538
9.7,3.270628
9.705,3.270742
9.71,3.270855
9.715,3.270945
9.72,3.271006
9.725,3.271075
9.73,3.271176
9.735,3.271292
9.74,3.271397
9.745,3.271474
9.75,3.271528
9.755,3.271606
9.76,3.271715
9.765,3.271829
9.77,3.271926
9.775,3.271992
9.78,3.27203
9.785,3.272087
9.79,3.272182
9.795,3.272296
9.8,3.272399
9.805,3.272475
9.81,3.272532
9.815,3.272616
9.82,3.272727
9.825,3.272841
9.83,3.272935
9.835,3.273003
9.84,3.273086
9.845,3.273198
9.85,3.273316
9.855,3.273417
9.86,3.273491
9.865,3.273576
9.87,3.273688
9.875,3.273809
9.88,3.273912
9.885,3.273984
9.89,3.274032
9.895,3.274104
9.9,3.274208
9.905,3.274322
9.91,3.27442
9.915,3.274489
9.92,3.274556
9.925,3.274654
9.93,3.27477
9.935,3.27488
9.94,3.274963
9.945,3.275013
9.95,3.275062
9.955,3.275148
9.96,3.275259
9.965,3.275368
9.97,3.275454
9.975,3.275531
9.98,3.275633
9.985,3.275755
9.99,3.275869
9.995,3.275956
10,3.276036
10.005,3.276143
10.01,3.276265
10.015,3.276377
10.02,3.276465
10.025,3.276559
10.03,3.276677
10.035,3.276802
10.04,3.276909
10.045,3.276996
10.05,3.277103
10.055,3.277228
10.06,3.277349
10.065,3.27745
10.07,3.277565
10.075,3.277699
10.08,3.277829
10.085,3.277934
10.09,3.278039
10.095,3.278166
10.1,3.278296
10.105,3.278406
10.11,3.278482
10.115,3.278523
10.12,3.278565
10.125,3.278646
10.13,3.278755
10.135,3.278865
10.14,3.278952
10.145,3.279007
10.15,3.279031
10.155,3.279034
10.16,3.279025
10.165,3.279031
10.17,3.279094
10.175,3.279204
10.18,3.279326
10.185,3.27943
10.19,3.279499
10.195,3.279533
10.2,3.27954
10.205,3.279532
10.21,3.279518
10.215,3.279505
10.22,3.279497
10.225,3.279493
10.23,3.279493
10.235,3.279495
10.24,3.279497
10.245,3.279499
10.25,3.279501
10.255,3.279501
10.26,3.279501
10.265,3.279509
10.27,3.279566
10.275,3.279673
10.28,3.279799
10.285,3.27991
10.29,3.279988
10.295,3.280029
10.3,3.280041
10.305,3.280061
10.31,3.280131
10.315,3.280238
10.32,3.280351
10.325,3.280453
10.33,3.280573
10.335,3.28071
10.34,3.28084
10.345,3.280955
10.35,3.281087
10.355,3.281229
10.36,3.281362
10.365,3.281506
10.37,3.281666
10.375,3.281815
10.38,3.281945
10.385,3.282087
10.39,3.282235
10.395,3.282364
10.4,3.282479
10.405,3.28261
10.41,3.28275
10.415,3.282873
10.42,3.28299
10.425,3.283126
10.43,3.283275
10.435,3.283455
10.44,3.283649
10.445,3.283832
10.45,3.284018
10.455,3.284201
10.46,3.284368
10.465,3.284543
10.47,3.284716
10.475,3.284868
10.48,3.285021
10.485,3.285181
10.49,3.285338
10.495,3.285512
10.5,3.285691
10.505,3.285847
10.51,3.285958
10.515,3.286022
10.52,3.286045
10.525,3.286043
10.53,3.286028
10.535,3.286012
10.54,3.285999
10.545,3.285993
10.55,3.285991
10.555,3.285993
10.56,3.285996
10.565,3.285998
10.57,3.286
10.575,3.286001
10.58,3.286001
10.585,3.286001
10.59,3.286001
10.595,3.286
10.6,3.286
10.605,3.286
10.61,3.286
10.615,3.286
10.62,3.286
10.625,3.286
10.63,3.286
10.635,3.286
10.64,3.286
10.645,3.286
10.65,3.286029
10.655,3.286115
10.66,3.286236
10.665,3.286358
10.67,3.286453
10.675,3.286513
10.68,3.286538
10.685,3.286539
10.69,3.286528
10.695,3.286514
10.7,3.286502
10.705,3.286496
10.71,3.286529
10.715,3.286622
10.72,3.286747
10.725,3.286869
10.73,3.286963
10.735,3.287023
10.74,3.287096
10.745,3.287198
10.75,3.287311
10.755,3.28741
10.76,3.287481
10.765,3.287537
10.77,3.287623
10.775,3.287735
10.78,3.287849
10.785,3.287941
10.79,3.288002
10.795,3.288066
10.8,3.288163
10.805,3.288278
10.81,3.28839
10.815,3.288518
10.82,3.288668
10.825,3.288812
10.83,3.288954
10.835,3.289113
10.84,3.289268
10.845,3.289396
10.85,3.289484
10.855,3.289558
10.86,3.289656
10.865,3.289771
10.87,3.289879
10.875,3.289989
10.88,3.290125
10.885,3.290267
10.89,3.290389
10.895,3.290476
10.9,3.290525
10.905,3.290579
10.91,3.29067
10.915,3.290781
10.92,3.290886
10.925,3.290965
10.93,3.291013
10.935,3.291034
10.94,3.29107
10.945,3.291153
10.95,3.291264
10.955,3.291374
10.96,3.291459
10.965,3.291512
10.97,3.291535
10.975,3.291566
10.98,3.291644
10.985,3.291753
10.99,3.291864
10.995,3.291952
11,3.292008
11.005,3.292032
11.01,3.29205
11.015,3.292112
11.02,3.292214
11.025,3.292328
11.03,3.292426
11.035,3.292493
11.04,3.292528
11.045,3.292537
11.05,3.29253
11.055,3.292517
11.06,3.292506
11.065,3.292497
11.07,3.292494
11.075,3.292494
11.08,3.292495
11.085,3.292497
11.09,3.292499
11.095,3.292501
11.1,3.292501
11.105,3.292501
11.11,3.292501
11.115,3.2925
11.12,3.2925
11.125,3.2925
11.13,3.2925
11.135,3.2925
11.14,3.29251
11.145,3.292571
11.15,3.292681
11.155,3.292806
11.16,3.292916
11.165,3.292991
11.17,3.29303
11.175,3.293041
11.18,3.293036
11.185,3.293065
11.19,3.293149
11.195,3.293264
11.2,3.293389
11.205,3.293542
11.21,3.293707
11.215,3.293857
11.22,3.294009
11.225,3.29417
11.23,3.294318
11.235,3.29444
11.24,3.29457
11.245,3.294711
11.25,3.294841
11.255,3.294946
11.26,3.295056
11.265,3.295186
11.27,3.295315
11.275,3.295425
11.28,3.295542
11.285,3.295678
11.29,3.295813
11.295,3.295921
11.3,3.295996
11.305,3.296077
11.31,3.296184
11.315,3.296302
11.32,3.296405
11.325,3.296504
11.33,3.296628
11.335,3.296762
11.34,3.296881
11.345,3.296991
11.35,3.297122
11.355,3.29726
11.36,3.297396
11.365,3.297554
11.37,3.297719
11.375,3.297862
11.38,3.297964
11.385,3.298022
11.39,3.298043
11.395,3.298054
11.4,3.298108
11.405,3.298206
11.41,3.29832
11.415,3.29842
11.42,3.298489
11.425,3.298526
11.43,3.298537
11.435,3.298531
11.44,3.298518
11.445,3.298506
11.45,3.298498
11.455,3.298494
11.46,3.298494
11.465,3.298495
11.47,3.298497
11.475,3.298499
11.48,3.2985
11.485,3.298501
11.49,3.298501
11.495,3.298501
11.5,3.2985
11.505,3.2985
11.51,3.2985
11.515,3.2985
11.52,3.2985
11.525,3.2985
11.53,3.2985
11.535,3.2985
11.54,3.2985
11.545,3.298507
11.55,3.298562
11.555,3.298669
11.56,3.298794
11.565,3.298906
11.57,3.298985
11.575,3.299028
11.58,3.299041
11.585,3.299035
11.59,3.299021
11.595,3.299008
11.6,3.298998
11.605,3.298998
11.61,3.299047
11.615,3.299151
11.62,3.299279
11.625,3.299395
11.63,3.29948
11.635,3.299526
11.64,3.299566
11.645,3.299643
11.65,3.299749
11.655,3.299858
11.66,3.299946
11.665,3.300003
11.67,3.300052
11.675,3.300136
11.68,3.300247
11.685,3.300358
11.69,3.300447
11.695,3.300506
11.7,3.300569
11.705,3.300667
11.71,3.300782
11.715,3.300889
11.72,3.300982
11.725,3.301097
11.73,3.301229
11.735,3.301353
11.74,3.301465
11.745,3.301595
11.75,3.301736
11.755,3.301864
11.76,3.301958
11.765,3.302028
11.77,3.30212
11.775,3.302234
11.78,3.302348
11.785,3.30244
11.79,3.302507
11.795,3.302593
11.8,3.302707
11.805,3.302825
11.81,3.302924
11.815,3.302991
11.82,3.303043
11.825,3.303124
11.83,3.303234
11.835,3.303347
11.84,3.303439
11.845,3.303504
11.85,3.303582
11.855,3.30369
11.86,3.303808
11.865,3.303911
11.87,3.303983
11.875,3.304025
11.88,3.304082
11.885,3.304177
11.89,3.30429
11.895,3.304395
11.9,3.304472
11.905,3.304517
11.91,3.304534
11.915,3.304532
11.92,3.304521
11.925,3.304509
11.93,3.3045
11.935,3.304495
11.94,3.304507
11.945,3.304577
11.95,3.304693
11.955,3.30482
11.96,3.304927
11.965,3.304999
11.97,3.305034
11.975,3.305041
11.98,3.305033
11.985,3.305018
11.99,3.305005
11.995,3.304997
12,3.304993
12.005,3.304993
12.01,3.304995
12.015,3.304997
12.02,3.304999
12.025,3.305001
12.03,3.305001
12.035,3.305001
12.04,3.305001
12.045,3.305
12.05,3.305
12.055,3.305
12.06,3.305
12.065,3.305
12.07,3.305008
12.075,3.305065
12.08,3.305173
12.085,3.305299
12.09,3.30541
12.095,3.305488
12.1,3.305529
12.105,3.305541
12.11,3.305534
12.115,3.305523
12.12,3.305551
12.125,3.305638
12.13,3.305757
12.135,3.305875
12.14,3.305973
12.145,3.306087
12.15,3.306217
12.155,3.306342
12.16,3.306457
12.165,3.306592
12.17,3.306736
12.175,3.306866
12.18,3.306971
12.185,3.30709
12.19,3.307223
12.195,3.307348
12.2,3.307471
12.205,3.307615
12.21,3.307763
12.215,3.307888
12.22,3.307997
12.225,3.308122
12.23,3.308258
12.235,3.308419
12.24,3.308604
12.245,3.308786
12.25,3.308976
12.255,3.309168
12.26,3.309333
12.265,3.309452
12.27,3.309539
12.275,3.30964
12.28,3.309755
12.285,3.309864
12.29,3.30995
12.295,3.310003
12.3,3.310028
12.305,3.310031
12.31,3.310023
12.315,3.310012
12.32,3.310002
12.325,3.309996
12.33,3.309994
12.335,3.309995
12.34,3.309996
12.345,3.309998
12.35,3.31
12.355,3.310001
12.36,3.310001
12.365,3.310001
12.37,3.310001
12.375,3.31
12.38,3.31
12.385,3.31
12.39,3.31
12.395,3.310026
12.4,3.310108
12.405,3.310229
12.41,3.310351
12.415,3.310449
12.42,3.31051
12.425,3.310537
12.43,3.310539
12.435,3.310529
12.44,3.310514
12.445,3.310502
12.45,3.310495
12.455,3.310493
12.46,3.310493
12.465,3.310496
12.47,3.310498
12.475,3.3105
12.48,3.310501
12.485,3.310501
12.49,3.310501
12.495,3.310501
12.5,3.3105
12.505,3.3105
12.51,3.3105
12.515,3.3105
12.52,3.3105
12.525,3.3105
12.53,3.3105
12.535,3.3105
12.54,3.3105
12.545,3.3105
12.55,3.3105
12.555,3.3105
12.56,3.3105
12.565,3.3105
12.57,3.310521
12.575,3.310598
12.58,3.310716
12.585,3.31084
12.59,3.310941
12.595,3.311006
12.6,3.311036
12.605,3.31104
12.61,3.31103
12.615,3.311016
12.62,3.31101
12.625,3.311058
12.63,3.311161
12.635,3.311287
12.64,3.311405
12.645,3.311531
12.65,3.311674
12.655,3.311813
12.66,3.311929
12.665,3.312052
12.67,3.31219
12.675,3.312331
12.68,3.312496
12.685,3.312673
12.69,3.312863
12.695,3.313068
12.7,3.313259
12.705,3.313434
12.71,3.313612
12.715,3.313776
12.72,3.313905
12.725,3.31399
12.73,3.314045
12.735,3.314123
12.74,3.314229
12.745,3.31434
12.75,3.314462
12.755,3.314611
12.76,3.314764
12.765,3.314893
12.77,3.315011
12.775,3.315144
12.78,3.315279
12.785,3.315394
12.79,3.315475
12.795,3.31552
12.8,3.315535
12.805,3.315532
12.81,3.31552
12.815,3.315508
12.82,3.315499
12.825,3.315494
12.83,3.315499
12.835,3.315553
12.84,3.315661
12.845,3.315788
12.85,3.315903
12.855,3.315984
12.86,3.316028
12.865,3.316041
12.87,3.316036
12.875,3.316022
12.88,3.316008
12.885,3.315998
12.89,3.315993
12.895,3.315993
12.9,3.315994
12.905,3.315997
12.91,3.315999
12.915,3.316
12.92,3.316001
12.925,3.316001
12.93,3.316001
12.935,3.316
12.94,3.316
12.945,3.316
12.95,3.316
12.955,3.316
12.96,3.316
12.965,3.316
12.97,3.316
12.975,3.316
12.98,3.316
12.985,3.316
12.99,3.316
12.995,3.316
13,3.316
13.005,3.316
13.01,3.316
13.015,3.316
13.02,3.316
13.025,3.316007
13.03,3.316064
13.035,3.316171
13.04,3.316297
13.045,3.316408
13.05,3.316487
13.055,3.316528
13.06,3.316541
13.065,3.316535
13.07,3.316521
13.075,3.316529
13.08,3.316598
13.085,3.316712
13.09,3.316847
13.095,3.317015
13.1,3.317194
13.105,3.317351
13.11,3.317469
13.115,3.317584
13.12,3.31771
13.125,3.317831
13.13,3.317929
13.135,3.318001
13.14,3.318089
13.145,3.318204
13.15,3.318323
13.155,3.318423
13.16,3.318491
13.165,3.318541
13.17,3.318621
13.175,3.318729
13.18,3.318842
13.185,3.318936
13.19,3.318998
13.195,3.319059
13.2,3.319154
13.205,3.319268
13.21,3.319377
13.215,3.319461
13.22,3.319521
13.225,3.319603
13.23,3.319714
13.235,3.319829
13.24,3.319927
13.245,3.320012
13.25,3.320122
13.255,3.320248
13.26,3.320366
13.265,3.320463
13.27,3.320573
13.275,3.320704
13.28,3.320831
13.285,3.320932
13.29,3.320998
13.295,3.32103
13.3,3.321036
13.305,3.321028
13.31,3.321015
13.315,3.321004
13.32,3.320996
13.325,3.320993
13.33,3.320994
13.335,3.320996
13.34,3.320998
13.345,3.321
13.35,3.321001
13.355,3.321001
13.36,3.321001
13.365,3.321001
13.37,3.321
13.375,3.321
13.38,3.321004
13.385,3.321054
13.39,3.321156
13.395,3.321282
13.4,3.321396
13.405,3.321479
13.41,3.321525
13.415,3.32154
13.42,3.321536
13.425,3.321523
13.43,3.321509
13.435,3.321499
13.44,3.321494
13.445,3.321493
13.45,3.321494
13.455,3.321497
13.46,3.321499
13.465,3.3215
13.47,3.321501
13.475,3.321501
13.48,3.321501
13.485,3.3215
13.49,3.3215
13.495,3.3215
13.5,3.3215
13.505,3.3215
13.51,3.3215
13.515,3.3215
13.52,3.3215
13.525,3.321502
13.53,3.321541
13.535,3.321635
13.54,3.321759
13.545,3.321878
13.55,3.321967
13.555,3.322019
13.56,3.322039
13.565,3.322038
13.57,3.322033
13.575,3.322075
13.58,3.322171
13.585,3.322291
13.59,3.322401
13.595,3.322485
13.6,3.322577
13.605,3.322693
13.61,3.322814
13.615,3.322916
13.62,3.323004
13.625,3.323115
13.63,3.323243
13.635,3.323362
13.64,3.323453
13.645,3.323527
13.65,3.323624
13.655,3.323743
13.66,3.323857
13.665,3.323947
13.67,3.324004
13.675,3.324037
13.68,3.324096
13.685,3.324194
13.69,3.324307
13.695,3.324409
13.7,3.324481
13.705,3.324522
13.71,3.324558
13.715,3.324635
13.72,3.324743
13.725,3.324854
13.73,3.324944
13.735,3.325003
13.74,3.32503
13.745,3.325038
13.75,3.325074
13.755,3.325161
13.76,3.325275
13.765,3.325384
13.77,3.325468
13.775,3.325517
13.78,3.325536
13.785,3.325535
13.79,3.325524
13.795,3.325519
13.8,3.325566
13.805,3.325668
13.81,3.325792
13.815,3.325904
13.82,3.325984
13.825,3.326028
13.83,3.326041
13.835,3.326035
13.84,3.326022
13.845,3.326008
13.85,3.325998
13.855,3.325993
13.86,3.325993
13.865,3.325994
13.87,3.326001
13.875,3.32605
13.88,3.326152
13.885,3.326278
13.89,3.326393
13.895,3.326477
13.9,3.326524
13.905,3.32654
13.91,3.326536
13.915,3.326523
13.92,3.326509
13.925,3.326499
13.93,3.326494
13.935,3.326493
13.94,3.326494
13.945,3.326497
13.95,3.3265
13.955,3.326534
13.96,3.326625
13.965,3.326748
13.97,3.326868
13.975,3.32696
13.98,3.327016
13.985,3.327039
13.99,3.327038
13.995,3.327027
14,3.327012
14.005,3.327001
14.01,3.326995
14.015,3.326993
14.02,3.326994
14.025,3.326996
14.03,3.326998
14.035,3.327
14.04,3.327001
14.045,3.327001
14.05,3.327006
14.055,3.327056
14.06,3.327159
14.065,3.327284
14.07,3.327398
14.075,3.32748
14.08,3.327526
14.085,3.32754
14.09,3.327536
14.095,3.327522
14.1,3.327509
14.105,3.327499
14.11,3.327494
14.115,3.32752
14.12,3.327605
14.125,3.327728
14.13,3.327852
14.135,3.327951
14.14,3.328012
14.145,3.328043
14.15,3.328092
14.155,3.328183
14.16,3.328293
14.165,3.328396
14.17,3.32849
14.175,3.328607
14.18,3.328739
14.185,3.328862
14.19,3.328959
14.195,3.329062
14.2,3.329186
14.205,3.329312
14.21,3.329417
14.215,3.329489
14.22,3.329554
14.225,3.32965
14.23,3.329766
14.235,3.329875
14.24,3.329972
14.245,3.33009
14.25,3.330225
14.255,3.330351
14.26,3.330451
14.265,3.330552
14.27,3.330676
14.275,3.330803
14.28,3.33091
14.285,3.330984
14.29,3.331023
14.295,3.331035
14.3,3.33103
14.305,3.331018
14.31,3.331006
14.315,3.330998
14.32,3.331021
14.325,3.331104
14.33,3.331226
14.335,3.331351
14.34,3.33145
14.345,3.331511
14.35,3.331538
14.355,3.33154
14.36,3.331529
14.365,3.331515
14.37,3.331502
14.375,3.331495
14.38,3.331493
14.385,3.331493
14.39,3.331496
14.395,3.331498
14.4,3.3315
14.405,3.331501
14.41,3.331501
14.415,3.331501
14.42,3.331501
14.425,3.3315
14.43,3.3315
14.435,3.3315
14.44,3.3315
14.445,3.3315
14.45,3.3315
14.455,3.3315
14.46,3.3315
14.465,3.3315
14.47,3.3315
14.475,3.3315
14.48,3.3315
14.485,3.3315
14.49,3.3315
14.495,3.3315
14.5,3.3315
14.505,3.3315
14.51,3.3315
14.515,3.331505
14.52,3.331557
14.525,3.331661
14.53,3.331787
14.535,3.3319
14.54,3.331982
14.545,3.332026
14.55,3.332041
14.555,3.332036
14.56,3.332022
14.565,3.332008
14.57,3.331999
14.575,3.331998
14.58,3.332047
14.585,3.332151
14.59,3.332278
14.595,3.332395
14.6,3.332481
14.605,3.332565
14.61,3.332674
14.615,3.332793
14.62,3.332899
14.625,3.332974
14.63,3.33303
14.635,3.333111
14.64,3.333221
14.645,3.333336
14.65,3.333431
14.655,3.333495
14.66,3.333554
14.665,3.333645
14.67,3.333759
14.675,3.333869
14.68,3.333955
14.685,3.334008
14.69,3.334052
14.695,3.334131
14.7,3.33424
14.705,3.334352
14.71,3.334442
14.715,3.334501
14.72,3.33453
14.725,3.334568
14.73,3.33465
14.735,3.334761
14.74,3.33487
14.745,3.334956
14.75,3.335017
14.755,3.335098
14.76,3.335208
14.765,3.335324
14.77,3.335424
14.775,3.335529
14.78,3.335657
14.785,3.335791
14.79,3.335904
14.795,3.335982
14.8,3.336024
14.805,3.336037
14.81,3.336032
14.815,3.336019
14.82,3.336021
14.825,3.336082
14.83,3.336192
14.835,3.336316
14.84,3.336423
14.845,3.336496
14.85,3.336532
14.855,3.336541
14.86,3.336533
14.865,3.336519
14.87,3.336506
14.875,3.336497
14.88,3.336493
14.885,3.336493
14.89,3.336495
14.895,3.336497
14.9,3.336499
14.905,3.336501
14.91,3.336501
14.915,3.336501
14.92,3.336501
14.925,3.3365
14.93,3.3365
14.935,3.3365
14.94,3.3365
14.945,3.3365
14.95,3.3365
14.955,3.3365
14.96,3.3365
14.965,3.3365
14.97,3.3365
14.975,3.3365
14.98,3.3365
14.985,3.336512
14.99,3.336576
14.995,3.336688
15,3.336814
15.005,3.336921
15.01,3.336994
15.015,3.337032
15.02,3.337041
15.025,3.337033
15.03,3.337019
15.035,3.337006
15.04,3.336997
15.045,3.336993
15.05,3.336993
15.055,3.336995
15.06,3.336997
15.065,3.336999
15.07,3.337001
15.075,3.337001
15.08,3.337001
15.085,3.337001
15.09,3.337
15.095,3.337
15.1,3.337
15.105,3.337006
15.11,3.33706
15.115,3.337166
15.12,3.337292
15.125,3.337404
15.13,3.337484
15.135,3.337527
15.14,3.337541
15.145,3.337535
15.15,3.337522
15.155,3.337518
15.16,3.337571
15.165,3.337677
15.17,3.337802
15.175,3.337912
15.18,3.337989
15.185,3.338032
15.19,3.338082
15.195,3.33817
15.2,3.33828
15.205,3.338385
15.21,3.338465
15.215,3.338513
15.22,3.338535
15.225,3.338576
15.23,3.338662
15.235,3.338775
15.24,3.338883
15.245,3.338965
15.25,3.339015
15.255,3.339034
15.26,3.339041
15.265,3.339085
15.27,3.339179
15.275,3.339295
15.28,3.339401
15.285,3.339479
15.29,3.339522
15.295,3.339537
15.3,3.339533
15.305,3.339521
15.31,3.339526
15.315,3.339591
15.32,3.339703
15.325,3.339826
15.33,3.33993
15.335,3.34
15.34,3.340034
15.345,3.340041
15.35,3.340037
15.355,3.340072
15.36,3.340161
15.365,3.340278
15.37,3.340389
15.375,3.340472
15.38,3.34052
15.385,3.34054
15.39,3.340579
15.395,3.340663
15.4,3.340774
15.405,3.340882
15.41,3.340964
15.415,3.341014
15.42,3.341034
15.425,3.341034
15.43,3.341023
15.435,3.341019
15.44,3.341068
15.445,3.341171
15.45,3.341295
15.455,3.341406
15.46,3.341485
15.465,3.341528
15.47,3.341541
15.475,3.341535
15.48,3.341521
15.485,3.341508
15.49,3.341498
15.495,3.341493
15.5,3.341493
15.505,3.341494
15.51,3.341497
15.515,3.341499
15.52,3.3415
15.525,3.341501
15.53,3.341501
15.535,3.341501
15.54,3.3415
15.545,3.3415
15.55,3.3415
15.555,3.3415
15.56,3.3415
15.565,3.3415
15.57,3.3415
15.575,3.3415
15.58,3.3415
15.585,3.3415
15.59,3.3415
15.595,3.3415
15.6,3.341516
15.605,3.341588
15.61,3.341703
15.615,3.341828
15.62,3.341932
15.625,3.342001
15.63,3.342034
15.635,3.34204
15.64,3.342031
15.645,3.342017
15.65,3.342005
15.655,3.341996
15.66,3.341993
15.665,3.341994
15.67,3.342024
15.675,3.342112
15.68,3.342236
15.685,3.342359
15.69,3.342455
15.695,3.342521
15.7,3.342601
15.705,3.342708
15.71,3.342822
15.715,3.34292
15.72,3.342987
15.725,3.343023
15.73,3.343045
15.735,3.343105
15.74,3.343205
15.745,3.34332
15.75,3.343419
15.755,3.343489
15.76,3.343526
15.765,3.343536
15.77,3.34353
15.775,3.343518
15.78,3.343506
15.785,3.343498
15.79,3.343501
15.795,3.343557
15.8,3.343666
15.805,3.343794
15.81,3.343907
15.815,3.343987
15.82,3.344029
15.825,3.344042
15.83,3.344035
15.835,3.344021
15.84,3.344008
15.845,3.343998
15.85,3.344017
15.855,3.344097
15.86,3.344218
15.865,3.344343
15.87,3.344445
15.875,3.344509
15.88,3.344538
15.885,3.344541
15.89,3.34453
15.895,3.344515
15.9,3.344503
15.905,3.344495
15.91,3.344493
15.915,3.344493
15.92,3.344495
15.925,3.344498
15.93,3.3445
15.935,3.344532
15.94,3.344621
15.945,3.344742
15.95,3.344863
15.955,3.344957
15.96,3.345014
15.965,3.345038
15.97,3.345039
15.975,3.345027
15.98,3.345013
15.985,3.345001
15.99,3.344995
15.995,3.344993
16,3.344994
16.005,3.344996
16.01,3.344998
16.015,3.345
16.02,3.345001
16.025,3.345005
16.03,3.34505
16.035,3.34515
16.04,3.345274
16.045,3.34539
16.05,3.345475
16.055,3.345523
16.06,3.34554
16.065,3.345536
16.07,3.345524
16.075,3.34551
16.08,3.345499
16.085,3.345494
16.09,3.345493
16.095,3.345494
16.1,3.345496
16.105,3.345512
16.11,3.34558
16.115,3.345694
16.12,3.34582
16.125,3.345926
16.13,3.345997
16.135,3.346033
16.14,3.346041
16.145,3.346032
16.15,3.346018
16.155,3.346005
16.16,3.345997
16.165,3.345993
16.17,3.345993
16.175,3.345995
16.18,3.345999
16.185,3.346036
16.19,3.346129
16.195,3.346253
16.2,3.346372
16.205,3.346463
16.21,3.346518
16.215,3.346539
16.22,3.346539
16.225,3.346563
16.23,3.34664
16.235,3.346752
16.24,3.346866
16.245,3.346955
16.25,3.347011
16.255,3.347035
16.26,3.347037
16.265,3.347026
16.27,3.347016
16.275,3.347047
16.28,3.347138
16.285,3.34726
16.29,3.347378
16.295,3.347467
16.3,3.34752
16.305,3.34754
16.31,3.347538
16.315,3.347526
16.32,3.347515
16.325,3.347551
16.33,3.347646
16.335,3.347769
16.34,3.347886
16.345,3.347973
16.35,3.348022
16.355,3.34804
16.36,3.348037
16.365,3.348025
16.37,3.348032
16.375,3.3481
16.38,3.348212
16.385,3.348335
16.39,3.348436
16.395,3.348503
16.4,3.348535
16.405,3.34854
16.41,3.348531
16.415,3.348517
16.42,3.348524
16.425,3.348592
16.43,3.348706
16.435,3.348831
16.44,3.348934
16.445,3.349002
16.45,3.349035
16.455,3.349041
16.46,3.349032
16.465,3.349017
16.47,3.349027
16.475,3.349098
16.48,3.349214
16.485,3.349337
16.49,3.349439
16.495,3.349505
16.5,3.349536
16.505,3.349541
16.51,3.349531
16.515,3.349516
16.52,3.349504
16.525,3.349496
16.53,3.349493
16.535,3.349493
16.54,3.349495
16.545,3.349498
16.55,3.349503
16.555,3.349548
16.56,3.349648
16.565,3.349773
16.57,3.349889
16.575,3.349974
16.58,3.350023
16.585,3.35004
16.59,3.350037
16.595,3.350024
16.6,3.35001
16.605,3.349999
16.61,3.349994
16.615,3.349993
16.62,3.349994
16.625,3.349996
16.63,3.349999
16.635,3.35
16.64,3.350001
16.645,3.350001
16.65,3.350001
16.655,3.35
16.66,3.35
16.665,3.35
16.67,3.35
16.675,3.35
16.68,3.35
16.685,3.35
16.69,3.35
16.695,3.350028
16.7,3.350113
16.705,3.350234
16.71,3.350356
16.715,3.350452
16.72,3.350512
16.725,3.350538
16.73,3.350539
16.735,3.350528
16.74,3.350514
16.745,3.350502
16.75,3.350495
16.755,3.350493
16.76,3.350493
16.765,3.350496
16.77,3.350498
16.775,3.3505
16.78,3.350501
16.785,3.350501
16.79,3.350501
16.795,3.350523
16.8,3.350602
16.805,3.350721
16.81,3.350844
16.815,3.350944
16.82,3.351007
16.825,3.351036
16.83,3.351046
16.835,3.351088
16.84,3.351179
16.845,3.351292
16.85,3.351398
16.855,3.351476
16.86,3.351541
16.865,3.351634
16.87,3.351749
16.875,3.351861
16.88,3.35195
16.885,3.352005
16.89,3.352047
16.895,3.352123
16.9,3.352231
16.905,3.352343
16.91,3.352436
16.915,3.352498
16.92,3.35254
16.925,3.352613
16.93,3.352718
16.935,3.352831
16.94,3.352927
16.945,3.352993
16.95,3.35303
16.955,3.353085
16.96,3.35318
16.965,3.353293
16.97,3.353397
16.975,3.353475
16.98,3.353552
16.985,3.353658
16.99,3.353778
16.995,3.353888
17,3.353968
17.005,3.354015
17.01,3.354046
17.015,3.35411
17.02,3.354212
17.025,3.354325
17.03,3.354423
17.035,3.35449
17.04,3.354526
17.045,3.354535
17.05,3.354529
17.055,3.354517
17.06,3.354506
17.065,3.354498
17.07,3.354494
17.075,3.354494
17.08,3.354495
17.085,3.354497
17.09,3.354499
17.095,3.354501
17.1,3.354501
17.105,3.354501
17.11,3.354501
17.115,3.3545
17.12,3.3545
17.125,3.3545
17.13,3.3545
17.135,3.3545
17.14,3.3545
17.145,3.35453
17.15,3.354617
17.155,3.354739
17.16,3.35486
17.165,3.354955
17.17,3.355013
17.175,3.355038
17.18,3.355039
17.185,3.355028
17.19,3.355013
17.195,3.355002
17.2,3.354995
17.205,3.354993
17.21,3.354994
17.215,3.354996
17.22,3.354998
17.225,3.355
17.23,3.355001
17.235,3.355001
17.24,3.355001
17.245,3.355001
17.25,3.355
17.255,3.355
17.26,3.355
17.265,3.355
17.27,3.355
17.275,3.355
17.28,3.355
17.285,3.355029
17.29,3.355115
17.295,3.355236
17.3,3.355358
17.305,3.355454
17.31,3.355513
17.315,3.355538
17.32,3.355539
17.325,3.355528
17.33,3.355514
17.335,3.355502
17.34,3.355495
17.345,3.355493
17.35,3.355493
17.355,3.355496
17.36,3.355498
17.365,3.355511
17.37,3.355575
17.375,3.355687
17.38,3.355812
17.385,3.35592
17.39,3.355994
17.395,3.356031
17.4,3.356041
17.405,3.356033
17.41,3.356019
17.415,3.356006
17.42,3.355997
17.425,3.355993
17.43,3.355993
17.435,3.355995
17.44,3.356
17.445,3.356044
17.45,3.356143
17.455,3.356268
17.46,3.356385
17.465,3.356472
17.47,3.356522
17.475,3.35654
17.48,3.356537
17.485,3.356524
17.49,3.35651
17.495,3.3565
17.5,3.356494
17.505,3.356493
17.51,3.356495
17.515,3.35653
17.52,3.356622
17.525,3.356747
17.53,3.356868
17.535,3.356961
17.54,3.357017
17.545,3.357039
17.55,3.357039
17.555,3.357027
17.56,3.357012
17.565,3.357001
17.57,3.356995
17.575,3.356993
17.58,3.356994
17.585,3.357026
17.59,3.357115
17.595,3.357239
17.6,3.357361
17.605,3.357456
17.61,3.357514
17.615,3.357539
17.62,3.357539
17.625,3.357528
17.63,3.357513
17.635,3.357502
17.64,3.357495
17.645,3.357493
17.65,3.3575
17.655,3.357556
17.66,3.357664
17.665,3.357792
17.67,3.357905
17.675,3.357985
17.68,3.358028
17.685,3.358041
17.69,3.358035
17.695,3.358022
17.7,3.358008
17.705,3.357998
17.71,3.357993
17.715,3.357993
17.72,3.357994
17.725,3.358016
17.73,3.358093
17.735,3.358211
17.74,3.358336
17.745,3.358438
17.75,3.358505
17.755,3.358535
17.76,3.35854
17.765,3.358531
17.77,3.358516
17.775,3.358504
17.78,3.358496
17.785,3.358493
17.79,3.358494
17.795,3.358532
17.8,3.358626
17.805,3.358751
17.81,3.358872
17.815,3.358964
17.82,3.359018
17.825,3.35904
17.83,3.359038
17.835,3.359026
17.84,3.359012
17.845,3.359001
17.85,3.358994
17.855,3.358993
17.86,3.358994
17.865,3.358996
17.87,3.359003
17.875,3.359054
17.88,3.359157
17.885,3.359283
17.89,3.359397
17.895,3.35948
17.9,3.359525
17.905,3.35954
17.91,3.359536
17.915,3.359523
17.92,3.359509
17.925,3.359499
17.93,3.359494
17.935,3.359503
17.94,3.359567
17.945,3.35968
17.95,3.359808
17.955,3.359918
17.96,3.359993
17.965,3.360032
17.97,3.360042
17.975,3.360034
17.98,3.36002
17.985,3.360006
17.99,3.359997
17.995,3.359993
18,3.359993
18.005,3.359995
18.01,3.359997
18.015,3.36
18.02,3.360035
18.025,3.360125
18.03,3.360248
18.035,3.360368
18.04,3.36046
18.045,3.360516
18.05,3.360539
18.055,3.360538
18.06,3.360527
18.065,3.360512
18.07,3.360501
18.075,3.360495
18.08,3.360493
18.085,3.360494
18.09,3.360497
18.095,3.360535
18.1,3.360628
18.105,3.360752
18.11,3.360872
18.115,3.360964
18.12,3.361018
18.125,3.361039
18.13,3.361038
18.135,3.361026
18.14,3.361012
18.145,3.361001
18.15,3.360994
18.155,3.360993
18.16,3.360994
18.165,3.361003
18.17,3.36106
18.175,3.361169
18.18,3.361295
18.185,3.361407
18.19,3.361486
18.195,3.361528
18.2,3.361541
18.205,3.361535
18.21,3.361521
18.215,3.361508
18.22,3.361498
18.225,3.361493
18.23,3.361493
18.235,3.361494
18.24,3.361516
18.245,3.361593
18.25,3.361711
18.255,3.361836
18.26,3.361938
18.265,3.362005
18.27,3.362035
18.275,3.36204
18.28,3.362031
18.285,3.362016
18.29,3.362004
18.295,3.361996
18.3,3.361993
18.305,3.361993
18.31,3.361998
18.315,3.362041
18.32,3.362139
18.325,3.362265
18.33,3.362383
18.335,3.362471
18.34,3.362521
18.345,3.36254
18.35,3.362537
18.355,3.362525
18.36,3.36251
18.365,3.3625
18.37,3.362494
18.375,3.362498
18.38,3.362551
18.385,3.362658
18.39,3.362785
18.395,3.3629
18.4,3.362983
18.405,3.363027
18.41,3.363041
18.415,3.363036
18.42,3.363022
18.425,3.363008
18.43,3.362998
18.435,3.362994
18.44,3.363024
18.445,3.363114
18.45,3.363238
18.455,3.363361
18.46,3.363457
18.465,3.363515
18.47,3.363539
18.475,3.36354
18.48,3.363528
18.485,3.363527
18.49,3.363583
18.495,3.36369
18.5,3.363813
18.505,3.36392
18.51,3.363993
18.515,3.364031
18.52,3.364041
18.525,3.364033
18.53,3.364019
18.535,3.364023
18.54,3.364087
18.545,3.364199
18.55,3.364323
18.555,3.364429
18.56,3.364499
18.565,3.364534
18.57,3.364541
18.575,3.364542
18.58,3.364589
18.585,3.364686
18.59,3.364803
18.595,3.364909
18.6,3.364984
18.605,3.365025
18.61,3.365038
18.615,3.365033
18.62,3.365021
18.625,3.365008
18.63,3.364998
18.635,3.364994
18.64,3.364993
18.645,3.364995
18.65,3.364997
18.655,3.364999
18.66,3.365
18.665,3.365001
18.67,3.365012
18.675,3.365075
18.68,3.365186
18.685,3.365311
18.69,3.365419
18.695,3.365493
18.7,3.365531
18.705,3.365541
18.71,3.365533
18.715,3.365519
18.72,3.365506
18.725,3.365497
18.73,3.365493
18.735,3.365493
18.74,3.365495
18.745,3.365497
18.75,3.365499
18.755,3.365501
18.76,3.365501
18.765,3.365501
18.77,3.365505
18.775,3.365551
18.78,3.365652
18.785,3.365777
18.79,3.365892
18.795,3.365976
18.8,3.366024
18.805,3.36604
18.81,3.366036
18.815,3.366023
18.82,3.366009
18.825,3.365999
18.83,3.365994
18.835,3.365993
18.84,3.365994
18.845,3.365997
18.85,3.365999
18.855,3.366
18.86,3.366001
18.865,3.366001
18.87,3.366001
18.875,3.366
18.88,3.366
18.885,3.366
18.89,3.366
18.895,3.366
18.9,3.366009
18.905,3.366069
18.91,3.366178
18.915,3.366304
18.92,3.366414
18.925,3.36649
18.93,3.36653
18.935,3.366541
18.94,3.366534
18.945,3.36652
18.95,3.366507
18.955,3.366498
18.96,3.366493
18.965,3.366493
18.97,3.366495
18.975,3.366497
18.98,3.366503
18.985,3.366553
18.99,3.366655
18.995,3.36678
19,3.366895
19.005,3.366978
19.01,3.367025
19.015,3.36704
19.02,3.367036
19.025,3.367023
19.03,3.367009
19.035,3.366999
19.04,3.366994
19.045,3.366993
19.05,3.366994
19.055,3.367001
19.06,3.367053
19.065,3.367157
19.07,3.367283
19.075,3.367397
19.08,3.36748
19.085,3.367526
19.09,3.367541
19.095,3.367536
19.1,3.367523
19.105,3.367509
19.11,3.367499
19.115,3.367494
19.12,3.367493
19.125,3.367495
19.13,3.367526
19.135,3.367614
19.14,3.367737
19.145,3.367859
19.15,3.367955
19.155,3.368013
19.16,3.368038
19.165,3.368039
19.17,3.368028
19.175,3.368013
19.18,3.368002
19.185,3.367995
19.19,3.367993
19.195,3.367993
19.2,3.367996
19.205,3.368024
19.21,3.368108
19.215,3.36823
19.22,3.368352
19.225,3.36845
19.23,3.368511
19.235,3.368537
19.24,3.368539
19.245,3.368529
19.25,3.368514
19.255,3.368502
19.26,3.368495
19.265,3.368493
19.27,3.368493
19.275,3.368514
19.28,3.368592
19.285,3.368711
19.29,3.368836
19.295,3.368938
19.3,3.369005
19.305,3.369036
19.31,3.36904
19.315,3.369031
19.32,3.369016
19.325,3.369004
19.33,3.368996
19.335,3.368993
19.34,3.368993
19.345,3.369023
19.35,3.36911
19.355,3.369233
19.36,3.369356
19.365,3.369453
19.37,3.369513
19.375,3.369538
19.38,3.36954
19.385,3.369528
19.39,3.369514
19.395,3.369502
19.4,3.369495
19.405,3.369493
19.41,3.36951
19.415,3.369583
19.42,3.369701
19.425,3.369828
19.43,3.369933
19.435,3.370002
19.44,3.370035
19.445,3.370041
19.45,3.370032
19.455,3.370017
19.46,3.370004
19.465,3.369996
19.47,3.369993
19.475,3.369997
19.48,3.370047
19.485,3.370152
19.49,3.370279
19.495,3.370395
19.5,3.370479
19.505,3.370526
19.51,3.370541
19.515,3.370536
19.52,3.370523
19.525,3.370509
19.53,3.370499
19.535,3.370494
19.54,3.370493
19.545,3.370497
19.55,3.370543
19.555,3.370643
19.56,3.37077
19.565,3.370887
19.57,3.370974
19.575,3.371023
19.58,3.37104
19.585,3.371037
19.59,3.371024
19.595,3.37101
19.6,3.370999
19.605,3.370994
19.61,3.370993
19.615,3.370994
19.62,3.370996
19.625,3.370999
19.63,3.371
19.635,3.371004
19.64,3.371049
19.645,3.371148
19.65,3.371272
19.655,3.371388
19.66,3.371474
19.665,3.371523
19.67,3.37154
19.675,3.371537
19.68,3.371524
19.685,3.37151
19.69,3.371499
19.695,3.371494
19.7,3.371493
19.705,3.371494
19.71,3.371509
19.715,3.371577
19.72,3.371691
19.725,3.371817
19.73,3.371924
19.735,3.371996
19.74,3.372033
19.745,3.372041
19.75,3.372033
19.755,3.372018
19.76,3.372005
19.765,3.371997
19.77,3.371993
19.775,3.371993
19.78,3.371995
19.785,3.372024
19.79,3.37211
19.795,3.372232
19.8,3.372355
19.805,3.372451
19.81,3.372512
19.815,3.372538
19.82,3.372539
19.825,3.372528
19.83,3.372514
19.835,3.372502
19.84,3.372495
19.845,3.372493
19.85,3.372493
19.855,3.372507
19.86,3.372574
19.865,3.372688
19.87,3.372815
19.875,3.372922
19.88,3.372995
19.885,3.373032
19.89,3.373041
19.895,3.373033
19.9,3.373019
19.905,3.373006
19.91,3.372997
19.915,3.372993
19.92,3.372993
19.925,3.373001
19.93,3.373056
19.935,3.373163
19.94,3.37329
19.945,3.373403
19.95,3.373484
19.955,3.373528
19.96,3.373541
19.965,3.373535
19.97,3.373522
19.975,3.373508
19.98,3.373498
19.985,3.373493
19.99,3.373507
19.995,3.373578
20,3.373695
20.005,3.373822
20.01,3.373929
20.015,3.374
20.02,3.374034
20.025,3.374041
20.03,3.374032
20.035,3.374018
20.04,3.374005
20.045,3.374004
20.05,3.374057
20.055,3.374164
20.06,3.374292
20.065,3.374405
20.07,3.374486
20.075,3.374529
20.08,3.374542
20.085,3.374536
20.09,3.374522
20.095,3.374508
20.1,3.374499
20.105,3.374527
20.11,3.374616
20.115,3.374741
20.12,3.374864
20.125,3.374959
20.13,3.375016
20.135,3.37504
20.14,3.37504
20.145,3.375028
20.15,3.375013
20.155,3.375001
20.16,3.374995
20.165,3.374995
20.17,3.37504
20.175,3.37514
20.18,3.375267
20.185,3.375386
20.19,3.375473
20.195,3.375523
20.2,3.375541
20.205,3.375538
20.21,3.375524
20.215,3.37551
20.22,3.375499
20.225,3.375494
20.23,3.375493
20.235,3.375494
20.24,3.375496
20.245,3.375499
20.25,3.3755
20.255,3.375501
20.26,3.375501
20.265,3.375501
20.27,3.3755
20.275,3.3755
20.28,3.3755
20.285,3.3755
20.29,3.3755
20.295,3.3755
20.3,3.3755
20.305,3.3755
20.31,3.3755
20.315,3.3755
20.32,3.3755
20.325,3.3755
20.33,3.3755
20.335,3.3755
20.34,3.3755
20.345,3.3755
20.35,3.3755
20.355,3.3755
20.36,3.3755
20.365,3.3755
20.37,3.3755
20.375,3.3755
20.38,3.3755
20.385,3.3755
20.39,3.3755
20.395,3.3755
20.4,3.3755
20.405,3.375493
20.41,3.375442
20.415,3.37534
20.42,3.375216
20.425,3.375103
20.43,3.375021
20.435,3.374975
20.44,3.37496
20.445,3.374965
20.45,3.374978
20.455,3.374991
20.46,3.375001
20.465,3.375006
20.47,3.375007
20.475,3.375006
20.48,3.375003
20.485,3.375001
20.49,3.375
20.495,3.374999
20.5,3.374999
20.505,3.374999
20.51,3.375
20.515,3.375
20.52,3.375
20.525,3.375
20.53,3.375
20.535,3.375
20.54,3.375
20.545,3.375
20.55,3.375
20.555,3.375
20.56,3.375
20.565,3.375
20.57,3.375
20.575,3.375
20.58,3.375
20.585,3.375
20.59,3.375
20.595,3.375
20.6,3.375
20.605,3.375
20.61,3.375
20.615,3.375
20.62,3.375
20.625,3.375
20.63,3.375018
20.635,3.375092
20.64,3.375208
20.645,3.375333
20.65,3.375435
20.655,3.375503
20.66,3.375535
20.665,3.37554
20.67,3.375531
20.675,3.375517
20.68,3.375504
20.685,3.375496
20.69,3.375493
20.695,3.375493
20.7,3.375495
20.705,3.375498
20.71,3.3755
20.715,3.375501
20.72,3.375501
20.725,3.375501
20.73,3.375501
20.735,3.3755
20.74,3.3755
20.745,3.375516
20.75,3.375588
20.755,3.375705
20.76,3.375867
20.765,3.376065
20.77,3.376279
20.775,3.376509
20.78,3.376731
20.785,3.376954
20.79,3.377186
20.795,3.377437
20.8,3.377675
20.805,3.377866
20.81,3.378025
20.815,3.378178
20.82,3.378315
20.825,3.378451
20.83,3.378605
20.835,3.378761
20.84,3.378894
20.845,3.379026
20.85,3.379172
20.855,3.379311
20.86,3.379422
20.865,3.379494
20.87,3.37953
20.875,3.379537
20.88,3.37953
20.885,3.379516
20.89,3.379504
20.895,3.379496
20.9,3.379493
20.905,3.379493
20.91,3.379495
20.915,3.379498
20.92,3.3795
20.925,3.379501
20.93,3.379501
20.935,3.379501
20.94,3.379501
20.945,3.3795
20.95,3.3795
20.955,3.3795
20.96,3.3795
20.965,3.3795
20.97,3.3795
20.975,3.3795
20.98,3.3795
20.985,3.3795
20.99,3.3795
20.995,3.3795
21,3.3795
21.005,3.3795
21.01,3.3795
21.015,3.379495
21.02,3.379443
21.025,3.379339
21.03,3.379213
21.035,3.3791
21.04,3.379018
21.045,3.378974
21.05,3.378959
21.055,3.378964
21.06,3.378978
21.065,3.378992
21.07,3.379001
21.075,3.379006
21.08,3.378982
21.085,3.378897
21.09,3.378775
21.095,3.37865
21.1,3.378551
21.105,3.378489
21.11,3.378462
21.115,3.37846
21.12,3.378471
21.125,3.378485
21.13,3.378498
21.135,3.378505
21.14,3.378507
21.145,3.378507
21.15,3.378504
21.155,3.378502
21.16,3.3785
21.165,3.378499
21.17,3.378499
21.175,3.378499
21.18,3.378499
21.185,3.3785
21.19,3.3785
21.195,3.3785
21.2,3.3785
21.205,3.3785
21.21,3.3785
21.215,3.3785
21.22,3.3785
21.225,3.3785
21.23,3.3785
21.235,3.3785
21.24,3.3785
21.245,3.3785
21.25,3.3785
21.255,3.3785
21.26,3.3785
21.265,3.3785
21.27,3.3785
21.275,3.3785
21.28,3.3785
21.285,3.3785
21.29,3.3785
21.295,3.3785
21.3,3.3785
21.305,3.3785
21.31,3.3785
21.315,3.3785
21.32,3.3785
21.325,3.3785
21.33,3.3785
21.335,3.3785
21.34,3.3785
21.345,3.3785
21.35,3.378505
21.355,3.378557
21.36,3.378661
21.365,3.378787
21.37,3.3789
21.375,3.378982
21.38,3.379029
21.385,3.379084
21.39,3.379175
21.395,3.379286
21.4,3.37939
21.405,3.379468
21.41,3.379514
21.415,3.379532
21.42,3.379532
21.425,3.379522
21.43,3.37954
21.435,3.379617
21.44,3.379751
21.445,3.379944
21.45,3.380156
21.455,3.380342
21.46,3.380508
21.465,3.380671
21.47,3.380817
21.475,3.380928
21.48,3.380998
21.485,3.381031
21.49,3.381071
21.495,3.381154
21.5,3.381263
21.505,3.381372
21.51,3.381457
21.515,3.381534
21.52,3.381638
21.525,3.38176
21.53,3.381873
21.535,3.381959
21.54,3.382011
21.545,3.382033
21.55,3.382033
21.555,3.382023
21.56,3.382011
21.565,3.382001
21.57,3.381995
21.575,3.382003
21.58,3.382065
21.585,3.382177
21.59,3.382305
21.595,3.382416
21.6,3.382492
21.605,3.382531
21.61,3.382542
21.615,3.382534
21.62,3.38252
21.625,3.382506
21.63,3.38251
21.635,3.382573
21.64,3.382686
21.645,3.382813
21.65,3.382922
21.655,3.382996
21.66,3.383033
21.665,3.383042
21.67,3.383034
21.675,3.383019
21.68,3.383006
21.685,3.382997
21.69,3.382993
21.695,3.382993
21.7,3.382995
21.705,3.382997
21.71,3.382999
21.715,3.383001
21.72,3.383001
21.725,3.383001
21.73,3.383001
21.735,3.383
21.74,3.383
21.745,3.383
21.75,3.383
21.755,3.383
21.76,3.383
21.765,3.383
21.77,3.383
21.775,3.383
21.78,3.383
21.785,3.383
21.79,3.383
21.795,3.383
21.8,3.383
21.805,3.383
21.81,3.383
21.815,3.383
21.82,3.383
21.825,3.383
21.83,3.383
21.835,3.383
21.84,3.383
21.845,3.383
21.85,3.383
21.855,3.383
21.86,3.383
21.865,3.383
21.87,3.383
21.875,3.383
21.88,3.383
21.885,3.383
21.89,3.383
21.895,3.383
21.9,3.383
21.905,3.383
21.91,3.383
21.915,3.383
21.92,3.383
21.925,3.383
21.93,3.383
21.935,3.383
21.94,3.383
21.945,3.383
21.95,3.383
21.955,3.383
21.96,3.383
21.965,3.383
21.97,3.383
21.975,3.383
21.98,3.383
21.985,3.383
21.99,3.383
21.995,3.383
22,3.383
22.005,3.383
22.01,3.383
22.015,3.383
22.02,3.383
22.025,3.383
22.03,3.383
22.035,3.383
22.04,3.383
22.045,3.383
22.05,3.383
22.055,3.383
22.06,3.383
22.065,3.383
22.07,3.383
22.075,3.383
22.08,3.383
22.085,3.383
22.09,3.383
22.095,3.383
22.1,3.383
22.105,3.383
22.11,3.383
22.115,3.383
22.12,3.383
22.125,3.383
22.13,3.383
22.135,3.383
22.14,3.383
22.145,3.383
22.15,3.383
22.155,3.383
22.16,3.383
22.165,3.383
22.17,3.383
22.175,3.383
22.18,3.383
22.185,3.383
22.19,3.383
22.195,3.383
22.2,3.383
22.205,3.383
22.21,3.383
22.215,3.383
22.22,3.383
22.225,3.383
22.23,3.383
22.235,3.383
22.24,3.383
22.245,3.383
22.25,3.383
22.255,3.383
22.26,3.383
22.265,3.383
22.27,3.383
22.275,3.383
22.28,3.383
22.285,3.383001
22.29,3.383031
22.295,3.383119
22.3,3.383241
22.305,3.383362
22.31,3.38346
22.315,3.383565
22.32,3.383692
22.325,3.383856
22.33,3.384055
22.335,3.384252
22.34,3.384449
22.345,3.384647
22.35,3.384846
22.355,3.385055
22.36,3.385253
22.365,3.38545
22.37,3.385646
22.375,3.385817
22.38,3.385946
22.385,3.386067
22.39,3.386198
22.395,3.386324
22.4,3.386425
22.405,3.386492
22.41,3.386529
22.415,3.386582
22.42,3.386676
22.425,3.386789
22.43,3.386894
22.435,3.386976
22.44,3.38707
22.445,3.387188
22.45,3.387311
22.455,3.387416
22.46,3.387487
22.465,3.387526
22.47,3.387573
22.475,3.38766
22.48,3.387772
22.485,3.387879
22.49,3.387962
22.495,3.388012
22.5,3.388033
22.505,3.388033
22.51,3.388043
22.515,3.388107
22.52,3.388215
22.525,3.388333
22.53,3.388433
22.535,3.388499
22.54,3.388532
22.545,3.388539
22.55,3.38853
22.555,3.388517
22.56,3.388505
22.565,3.388497
22.57,3.388493
22.575,3.388493
22.58,3.388495
22.585,3.388498
22.59,3.3885
22.595,3.388501
22.6,3.388501
22.605,3.388501
22.61,3.388501
22.615,3.3885
22.62,3.3885
22.625,3.3885
22.63,3.3885
22.635,3.3885
22.64,3.3885
22.645,3.3885
22.65,3.3885
22.655,3.3885
22.66,3.3885
22.665,3.3885
22.67,3.3885
22.675,3.3885
22.68,3.3885
22.685,3.3885
22.69,3.3885
22.695,3.388493
22.7,3.388436
22.705,3.388329
22.71,3.388203
22.715,3.388092
22.72,3.388013
22.725,3.38796
22.73,3.387883
22.735,3.387776
22.74,3.387633
22.745,3.38745
22.75,3.387264
22.755,3.38711
22.76,3.387008
22.765,3.386958
22.77,3.386946
22.775,3.386956
22.78,3.386975
22.785,3.386983
22.79,3.386932
22.795,3.386826
22.8,3.386701
22.805,3.386589
22.81,3.386511
22.815,3.38647
22.82,3.386458
22.825,3.386465
22.83,3.386479
22.835,3.386493
22.84,3.386502
22.845,3.386507
22.85,3.386507
22.855,3.386506
22.86,3.386503
22.865,3.386501
22.87,3.386499
22.875,3.386499
22.88,3.386499
22.885,3.386499
22.89,3.3865
22.895,3.3865
22.9,3.3865
22.905,3.3865
22.91,3.3865
22.915,3.3865
22.92,3.3865
22.925,3.3865
22.93,3.3865
22.935,3.3865
22.94,3.3865
22.945,3.3865
22.95,3.3865
22.955,3.3865
22.96,3.3865
22.965,3.3865
22.97,3.3865
22.975,3.3865
22.98,3.3865
22.985,3.3865
22.99,3.3865
22.995,3.3865
23,3.3865
23.005,3.3865
23.01,3.3865
23.015,3.3865
23.02,3.3865
23.025,3.3865
23.03,3.3865
23.035,3.3865
23.04,3.386502
23.045,3.386543
23.05,3.38664
23.055,3.386764
23.06,3.386889
23.065,3.387033
23.07,3.387192
23.075,3.387338
23.08,3.387483
23.085,3.387642
23.09,3.387793
23.095,3.387919
23.1,3.38805
23.105,3.388193
23.11,3.388327
23.115,3.388434
23.12,3.38854
23.125,3.388669
23.13,3.388843
23.135,3.389056
23.14,3.389303
23.145,3.38956
23.15,3.389784
23.155,3.389978
23.16,3.390158
23.165,3.390313
23.17,3.390429
23.175,3.3905
23.18,3.390536
23.185,3.390589
23.19,3.390682
23.195,3.390793
23.2,3.390896
23.205,3.390975
23.21,3.391059
23.215,3.391171
23.22,3.391293
23.225,3.391401
23.23,3.391477
23.235,3.391529
23.24,3.391604
23.245,3.39171
23.25,3.391824
23.255,3.391922
23.26,3.391989
23.265,3.392024
23.27,3.392034
23.275,3.392029
23.28,3.392017
23.285,3.392006
23.29,3.391998
23.295,3.391994
23.3,3.391994
23.305,3.391995
23.31,3.391997
23.315,3.391999
23.32,3.392
23.325,3.391969
23.33,3.391882
23.335,3.391759
23.34,3.391638
23.345,3.391543
23.35,3.391486
23.355,3.391462
23.36,3.391461
23.365,3.391473
23.37,3.391487
23.375,3.391481
23.38,3.391413
23.385,3.391299
23.39,3.391174
23.395,3.391069
23.4,3.390994
23.405,3.390908
23.41,3.390798
23.415,3.390681
23.42,3.390582
23.425,3.390514
23.43,3.390477
23.435,3.390458
23.44,3.390403
23.445,3.390305
23.45,3.39019
23.455,3.390088
23.46,3.390016
23.465,3.389976
23.47,3.389964
23.475,3.389969
23.48,3.389981
23.485,3.389993
23.49,3.390002
23.495,3.390006
23.5,3.390007
23.505,3.390005
23.51,3.390003
23.515,3.390001
23.52,3.39
23.525,3.389999
23.53,3.389999
23.535,3.389999
23.54,3.39
23.545,3.39
23.55,3.39
23.555,3.39
23.56,3.39
23.565,3.39
23.57,3.39
23.575,3.39
23.58,3.39
23.585,3.39
23.59,3.39
23.595,3.39
23.6,3.39
23.605,3.39
23.61,3.39
23.615,3.39
23.62,3.39
23.625,3.39
23.63,3.39
23.635,3.39
23.64,3.39
23.645,3.39
23.65,3.39
23.655,3.39
23.66,3.39
23.665,3.39
23.67,3.39
23.675,3.390001
23.68,3.390038
23.685,3.390131
23.69,3.390254
23.695,3.390373
23.7,3.390464
23.705,3.390518
23.71,3.390551
23.715,3.390616
23.72,3.390729
23.725,3.390906
23.73,3.391114
23.735,3.391306
23.74,3.391448
23.745,3.39153
23.75,3.391561
23.755,3.391562
23.76,3.391589
23.765,3.391668
23.77,3.391777
23.775,3.391883
23.78,3.391965
23.785,3.392014
23.79,3.392034
23.795,3.392034
23.8,3.392024
23.805,3.392011
23.81,3.392001
23.815,3.391999
23.82,3.392044
23.825,3.392146
23.83,3.392273
23.835,3.392391
23.84,3.392477
23.845,3.392525
23.85,3.392542
23.855,3.392565
23.86,3.392637
23.865,3.392743
23.87,3.392855
23.875,3.392972
23.88,3.393115
23.885,3.393263
23.89,3.393389
23.895,3.393477
23.9,3.393525
23.905,3.393541
23.91,3.393536
23.915,3.393522
23.92,3.393508
23.925,3.3935
23.93,3.393531
23.935,3.393623
23.94,3.393748
23.945,3.39387
23.95,3.393963
23.955,3.394018
23.96,3.39404
23.965,3.394042
23.97,3.394072
23.975,3.394154
23.98,3.394267
23.985,3.394378
23.99,3.394464
23.995,3.394515
24,3.394536
24.005,3.394536
24.01,3.394525
24.015,3.394511
24.02,3.394501
24.025,3.394495
24.03,3.394493
24.035,3.394494
24.04,3.394496
24.045,3.394498
24.05,3.3945
24.055,3.394501
24.06,3.394501
24.065,3.394501
24.07,3.394501
24.075,3.3945
24.08,3.3945
24.085,3.3945
24.09,3.3945
24.095,3.3945
24.1,3.3945
24.105,3.3945
24.11,3.3945
24.115,3.3945
24.12,3.3945
24.125,3.3945
24.13,3.3945
24.135,3.3945
24.14,3.3945
24.145,3.3945
24.15,3.3945
24.155,3.3945
24.16,3.3945
24.165,3.3945
24.17,3.3945
24.175,3.3945
24.18,3.3945
24.185,3.394499
24.19,3.394464
24.195,3.394372
24.2,3.394248
24.205,3.394129
24.21,3.394037
24.215,3.393983
24.22,3.393961
24.225,3.393957
24.23,3.39392
24.235,3.393832
24.24,3.393717
24.245,3.393609
24.25,3.393528
24.255,3.393481
24.26,3.393464
24.265,3.393466
24.27,3.393477
24.275,3.39349
24.28,3.3935
24.285,3.393505
24.29,3.393502
24.295,3.393452
24.3,3.393347
24.305,3.39322
24.31,3.393104
24.315,3.39302
24.32,3.392974
24.325,3.392959
24.33,3.392964
24.335,3.392977
24.34,3.392991
24.345,3.393001
24.35,3.393006
24.355,3.393007
24.36,3.393006
24.365,3.393003
24.37,3.393001
24.375,3.393
24.38,3.392999
24.385,3.392999
24.39,3.392999
24.395,3.393
24.4,3.393
24.405,3.393
24.41,3.393
24.415,3.393
24.42,3.393
24.425,3.393
24.43,3.393
24.435,3.393
24.44,3.393
24.445,3.393
24.45,3.393
24.455,3.393
24.46,3.393
24.465,3.393
24.47,3.393
24.475,3.393
24.48,3.393009
24.485,3.393069
24.49,3.393178
24.495,3.393304
24.5,3.393414
24.505,3.39349
24.51,3.39353
24.515,3.393541
24.52,3.393534
24.525,3.39352
24.53,3.393507
24.535,3.393511
24.54,3.393573
24.545,3.393686
24.55,3.393813
24.555,3.393924
24.56,3.394038
24.565,3.394171
24.57,3.394303
24.575,3.394413
24.58,3.394488
24.585,3.394552
24.59,3.394645
24.595,3.394759
24.6,3.394869
24.605,3.394954
24.61,3.395007
24.615,3.395031
24.62,3.395033
24.625,3.395025
24.63,3.395047
24.635,3.395128
24.64,3.395245
24.645,3.395366
24.65,3.395503
24.655,3.39566
24.66,3.395809
24.665,3.395926
24.67,3.396001
24.675,3.39604
24.68,3.396094
24.685,3.396186
24.69,3.396296
24.695,3.396398
24.7,3.396477
24.705,3.396567
24.71,3.396685
24.715,3.396808
24.72,3.396913
24.725,3.396985
24.73,3.397024
24.735,3.397035
24.74,3.39703
24.745,3.397018
24.75,3.397006
24.755,3.396998
24.76,3.397007
24.765,3.397074
24.77,3.397188
24.775,3.397316
24.78,3.397424
24.785,3.397497
24.79,3.397534
24.795,3.397542
24.8,3.397533
24.805,3.397519
24.81,3.397505
24.815,3.397497
24.82,3.397493
24.825,3.397493
24.83,3.397495
24.835,3.397497
24.84,3.397499
24.845,3.397501
24.85,3.397501
24.855,3.397501
24.86,3.397501
24.865,3.3975
24.87,3.3975
24.875,3.3975
24.88,3.3975
24.885,3.3975
24.89,3.3975
24.895,3.3975
24.9,3.3975
24.905,3.3975
24.91,3.3975
24.915,3.3975
24.92,3.3975
24.925,3.3975
24.93,3.3975
24.935,3.3975
24.94,3.3975
24.945,3.3975
24.95,3.3975
24.955,3.3975
24.96,3.3975
24.965,3.3975
24.97,3.3975
24.975,3.3975
24.98,3.3975
24.985,3.3975
24.99,3.3975
24.995,3.3975
25,3.3975
25.005,3.3975
25.01,3.3975
25.015,3.397475
25.02,3.397394
25.025,3.397274
25.03,3.397151
25.035,3.397053
25.04,3.396991
25.045,3.396963
25.05,3.39696
25.055,3.396971
25.06,3.396985
25.065,3.396997
25.07,3.397005
25.075,3.397007
25.08,3.397007
25.085,3.397004
25.09,3.397002
25.095,3.397
25.1,3.397006
25.105,3.397016
25.11,3.397022
25.115,3.397021
25.12,3.397016
25.125,3.397009
25.13,3.397004
25.135,3.397
25.14,3.396998
25.145,3.396998
25.15,3.396998
25.155,3.396999
25.16,3.397
25.165,3.397
25.17,3.397001
25.175,3.397025
25.18,3.397107
25.185,3.397226
25.19,3.397349
25.195,3.397447
25.2,3.397509
25.205,3.397537
25.21,3.39754
25.215,3.397529
25.22,3.397515
25.225,3.397503
25.23,3.397495
25.235,3.397493
25.24,3.397493
25.245,3.397496
25.25,3.397498
25.255,3.3975
25.26,3.397501
25.265,3.397501
25.27,3.397501
25.275,3.397501
25.28,3.3975
25.285,3.3975
25.29,3.3975
25.295,3.3975
25.3,3.3975
25.305,3.3975
25.31,3.3975
25.315,3.3975
25.32,3.397505
25.325,3.397555
25.33,3.39766
25.335,3.397817
25.34,3.39802
25.345,3.398224
25.35,3.39839
25.355,3.398504
25.36,3.398606
25.365,3.39872
25.37,3.398832
25.375,3.398924
25.38,3.398987
25.385,3.39902
25.39,3.399029
25.395,3.399025
25.4,3.39904
25.405,3.399111
25.41,3.399224
25.415,3.399344
25.42,3.399442
25.425,3.399505
25.43,3.399535
25.435,3.399539
25.44,3.399542
25.445,3.399596
25.45,3.399697
25.455,3.399814
25.46,3.399918
25.465,3.39999
25.47,3.400028
25.475,3.400038
25.48,3.400032
25.485,3.400019
25.49,3.400007
25.495,3.399998
25.5,3.400019
25.505,3.400102
25.51,3.400224
25.515,3.400348
25.52,3.400448
25.525,3.400511
25.53,3.400538
25.535,3.400541
25.54,3.400529
25.545,3.400515
25.55,3.400503
25.555,3.400495
25.56,3.400493
25.565,3.400493
25.57,3.400495
25.575,3.400498
25.58,3.4005
25.585,3.400501
25.59,3.400501
25.595,3.400501
25.6,3.400501
25.605,3.4005
25.61,3.4005
25.615,3.4005
25.62,3.4005
25.625,3.4005
25.63,3.4005
25.635,3.4005
25.64,3.4005
25.645,3.4005
25.65,3.4005
25.655,3.4005
25.66,3.4005
25.665,3.4005
25.67,3.4005
25.675,3.4005
25.68,3.4005
25.685,3.4005
25.69,3.4005
25.695,3.4005
25.7,3.4005
25.705,3.4005
25.71,3.4005
25.715,3.4005
25.72,3.4005
25.725,3.4005
25.73,3.4005
25.735,3.4005
25.74,3.4005
25.745,3.4005
25.75,3.4005
25.755,3.4005
25.76,3.4005
25.765,3.4005
25.77,3.4005
25.775,3.4005
25.78,3.4005
25.785,3.4005
25.79,3.4005
25.795,3.4005
25.8,3.4005
25.805,3.4005
25.81,3.4005
25.815,3.400499
25.82,3.400469
25.825,3.400381
25.83,3.400259
25.835,3.400138
25.84,3.400043
25.845,3.399986
25.85,3.399962
25.855,3.399961
25.86,3.399973
25.865,3.399987
25.87,3.399998
25.875,3.400005
25.88,3.400007
25.885,3.400006
25.89,3.400004
25.895,3.400002
25.9,3.4
25.905,3.399999
25.91,3.399999
25.915,3.399999
25.92,3.399999
25.925,3.4
25.93,3.4
25.935,3.4
25.94,3.4
25.945,3.4
25.95,3.4
25.955,3.4
25.96,3.4
25.965,3.4
25.97,3.4
25.975,3.4
25.98,3.4
25.985,3.4
25.99,3.4
25.995,3.4
26,3.4
26.005,3.4
26.01,3.4
26.015,3.4
26.02,3.4
26.025,3.4
26.03,3.4
26.035,3.4
26.04,3.4
26.045,3.4
26.05,3.4
26.055,3.4
26.06,3.4
26.065,3.4
26.07,3.400006
26.075,3.40006
26.08,3.400166
26.085,3.400292
26.09,3.400404
26.095,3.400484
26.1,3.400527
26.105,3.400552
26.11,3.400611
26.115,3.40071
26.12,3.400822
26.125,3.400919
26.13,3.400988
26.135,3.401024
26.14,3.401044
26.145,3.401099
26.15,3.401196
26.155,3.40131
26.16,3.401416
26.165,3.401537
26.17,3.401678
26.175,3.401836
26.18,3.402023
26.185,3.402213
26.19,3.402371
26.195,3.40248
26.2,3.402563
26.205,3.402663
26.21,3.402775
26.215,3.40288
26.22,3.402959
26.225,3.403007
26.23,3.403028
26.235,3.40303
26.24,3.403021
26.245,3.40301
26.25,3.403001
26.255,3.402996
26.26,3.402994
26.265,3.403002
26.27,3.40306
26.275,3.40317
26.28,3.403297
26.285,3.403409
26.29,3.403487
26.295,3.403529
26.3,3.403541
26.305,3.403535
26.31,3.403521
26.315,3.403507
26.32,3.403498
26.325,3.403493
26.33,3.403493
26.335,3.403494
26.34,3.403497
26.345,3.403499
26.35,3.403501
26.355,3.403501
26.36,3.403501
26.365,3.403501
26.37,3.4035
26.375,3.4035
26.38,3.4035
26.385,3.4035
26.39,3.4035
26.395,3.4035
26.4,3.4035
26.405,3.4035
26.41,3.4035
26.415,3.4035
26.42,3.4035
26.425,3.4035
26.43,3.4035
26.435,3.4035
26.44,3.4035
26.445,3.40348
26.45,3.403404
26.455,3.403287
26.46,3.403163
26.465,3.403061
26.47,3.402995
26.475,3.402965
26.48,3.40296
26.485,3.40297
26.49,3.402984
26.495,3.402996
26.5,3.403004
26.505,3.403007
26.51,3.403007
26.515,3.403005
26.52,3.403002
26.525,3.403
26.53,3.402999
26.535,3.402999
26.54,3.402999
26.545,3.402999
26.55,3.403
26.555,3.403
26.56,3.403
26.565,3.403
26.57,3.403
26.575,3.403
26.58,3.403
26.585,3.403
26.59,3.403
26.595,3.403
26.6,3.403
26.605,3.403
26.61,3.403
26.615,3.403
26.62,3.403
26.625,3.403
26.63,3.403
26.635,3.403
26.64,3.403
26.645,3.403
26.65,3.403
26.655,3.403
26.66,3.403
26.665,3.403
26.67,3.403
26.675,3.403
26.68,3.403
26.685,3.403
26.69,3.403
26.695,3.403
26.7,3.403
26.705,3.403003
26.71,3.403045
26.715,3.403142
26.72,3.403267
26.725,3.403384
26.73,3.403471
26.735,3.403521
26.74,3.40354
26.745,3.403537
26.75,3.403524
26.755,3.40351
26.76,3.4035
26.765,3.403494
26.77,3.403493
26.775,3.403494
26.78,3.403496
26.785,3.403499
26.79,3.4035
26.795,3.403501
26.8,3.403501
26.805,3.403501
26.81,3.403501
26.815,3.4035
26.82,3.4035
26.825,3.4035
26.83,3.4035
26.835,3.4035
26.84,3.4035
26.845,3.4035
26.85,3.403502
26.855,3.403541
26.86,3.403635
26.865,3.403761
26.87,3.403918
26.875,3.404102
26.88,3.404279
26.885,3.404417
26.89,3.404509
26.895,3.404597
26.9,3.404705
26.905,3.404817
26.91,3.404914
26.915,3.404982
26.92,3.405019
26.925,3.405031
26.93,3.405027
26.935,3.405039
26.94,3.405106
26.945,3.405217
26.95,3.405337
26.955,3.405436
26.96,3.405502
26.965,3.405533
26.97,3.405539
26.975,3.40553
26.98,3.405516
26.985,3.405517
26.99,3.405576
26.995,3.405686
27,3.405812
27.005,3.40592
27.01,3.405994
27.015,3.406032
27.02,3.406041
27.025,3.406034
27.03,3.406019
27.035,3.406006
27.04,3.405997
27.045,3.405993
27.05,3.405994
27.055,3.406027
27.06,3.406119
27.065,3.406243
27.07,3.406365
27.075,3.406459
27.08,3.406516
27.085,3.406539
27.09,3.406539
27.095,3.406527
27.1,3.406513
27.105,3.406501
27.11,3.406495
27.115,3.406493
27.12,3.406494
27.125,3.406496
27.13,3.406498
27.135,3.4065
27.14,3.406501
27.145,3.406501
27.15,3.406501
27.155,3.406501
27.16,3.4065
27.165,3.4065
27.17,3.4065
27.175,3.4065
27.18,3.4065
27.185,3.4065
27.19,3.4065
27.195,3.4065
27.2,3.4065
27.205,3.4065
27.21,3.4065
27.215,3.4065
27.22,3.4065
27.225,3.4065
27.23,3.406494
27.235,3.406441
27.24,3.406336
27.245,3.406211
27.25,3.406098
27.255,3.406017
27.26,3.405973
27.265,3.405959
27.27,3.405965
27.275,3.405978
27.28,3.405992
27.285,3.406002
27.29,3.406006
27.295,3.406007
27.3,3.406006
27.305,3.406003
27.31,3.406001
27.315,3.406
27.32,3.405999
27.325,3.405998
27.33,3.405963
27.335,3.405871
27.34,3.405748
27.345,3.405629
27.35,3.405538
27.355,3.405483
27.36,3.405461
27.365,3.405462
27.37,3.405474
27.375,3.405488
27.38,3.405499
27.385,3.405505
27.39,3.405507
27.395,3.405506
27.4,3.405504
27.405,3.405502
27.41,3.4055
27.415,3.405499
27.42,3.405499
27.425,3.405499
27.43,3.405499
27.435,3.4055
27.44,3.4055
27.445,3.4055
27.45,3.4055
27.455,3.4055
27.46,3.4055
27.465,3.4055
27.47,3.4055
27.475,3.4055
27.48,3.4055
27.485,3.4055
27.49,3.4055
27.495,3.4055
27.5,3.4055
27.505,3.4055
27.51,3.4055
27.515,3.4055
27.52,3.4055
27.525,3.4055
27.53,3.4055
27.535,3.4055
27.54,3.4055
27.545,3.4055
27.55,3.4055
27.555,3.4055
27.56,3.405501
27.565,3.405535
27.57,3.405626
27.575,3.405749
27.58,3.405869
27.585,3.405961
27.59,3.406017
27.595,3.406039
27.6,3.406038
27.605,3.406026
27.61,3.406012
27.615,3.406001
27.62,3.405995
27.625,3.405993
27.63,3.405994
27.635,3.405996
27.64,3.405998
27.645,3.406
27.65,3.406001
27.655,3.406001
27.66,3.406001
27.665,3.406001
27.67,3.406
27.675,3.406
27.68,3.406
27.685,3.406
27.69,3.406
27.695,3.406
27.7,3.406012
27.705,3.406076
27.71,3.406188
27.715,3.406314
27.72,3.406421
27.725,3.406495
27.73,3.406532
27.735,3.406541
27.74,3.406533
27.745,3.406519
27.75,3.406506
27.755,3.406497
27.76,3.406493
27.765,3.406493
27.77,3.406495
27.775,3.406503
27.78,3.406556
27.785,3.406662
27.79,3.406788
27.795,3.406915
27.8,3.407064
27.805,3.407222
27.81,3.407361
27.815,3.407462
27.82,3.407544
27.825,3.407647
27.83,3.407765
27.835,3.407875
27.84,3.407958
27.845,3.408009
27.85,3.40803
27.855,3.408032
27.86,3.408023
27.865,3.408034
27.87,3.408105
27.875,3.408219
27.88,3.40834
27.885,3.40844
27.89,3.408505
27.895,3.408535
27.9,3.40854
27.905,3.40853
27.91,3.408516
27.915,3.408504
27.92,3.408496
27.925,3.408493
27.93,3.408493
27.935,3.408502
27.94,3.408558
27.945,3.408666
27.95,3.408792
27.955,3.408905
27.96,3.408985
27.965,3.409028
27.97,3.409041
27.975,3.409035
27.98,3.409021
27.985,3.409008
27.99,3.408998
27.995,3.408993
28,3.408993
28.005,3.408994
28.01,3.408997
28.015,3.408999
28.02,3.409001
28.025,3.409001
28.03,3.409012
28.035,3.409075
28.04,3.409186
28.045,3.409311
28.05,3.409419
28.055,3.409493
28.06,3.409531
28.065,3.409541
28.07,3.409533
28.075,3.409519
28.08,3.409506
28.085,3.409497
28.09,3.409493
28.095,3.409493
28.1,3.409495
28.105,3.409497
28.11,3.409499
28.115,3.409501
28.12,3.409501
28.125,3.409501
28.13,3.409501
28.135,3.4095
28.14,3.4095
28.145,3.4095
28.15,3.4095
28.155,3.4095
28.16,3.4095
28.165,3.4095
28.17,3.4095
28.175,3.4095
28.18,3.4095
28.185,3.4095
28.19,3.4095
28.195,3.4095
28.2,3.4095
28.205,3.4095
28.21,3.4095
28.215,3.4095
28.22,3.4095
28.225,3.4095
28.23,3.4095
28.235,3.4095
28.24,3.4095
28.245,3.4095
28.25,3.4095
28.255,3.4095
28.26,3.4095
28.265,3.4095
28.27,3.4095
28.275,3.4095
28.28,3.4095
28.285,3.4095
28.29,3.4095
28.295,3.4095
28.3,3.4095
28.305,3.4095
28.31,3.4095
28.315,3.4095
28.32,3.4095
28.325,3.4095
28.33,3.4095
28.335,3.4095
28.34,3.4095
28.345,3.4095
28.35,3.4095
28.355,3.4095
28.36,3.4095
28.365,3.4095
28.37,3.4095
28.375,3.4095
28.38,3.4095
28.385,3.4095
28.39,3.4095
28.395,3.4095
28.4,3.409
28.405,3.409
28.41,3.409
28.415,3.409
28.42,3.409
28.425,3.409
28.43,3.409
28.435,3.409
28.44,3.409
28.445,3.409
28.45,3.409
28.455,3.409
28.46,3.409
28.465,3.409
28.47,3.409
28.475,3.409
28.48,3.409
28.485,3.409
28.49,3.409
28.495,3.409
28.5,3.409
28.505,3.409
28.51,3.409
28.515,3.409
28.52,3.409
28.525,3.409
28.53,3.409
28.535,3.409
28.54,3.409
28.545,3.409
28.55,3.409
28.555,3.409
28.56,3.409
28.565,3.409
28.57,3.409005
28.575,3.409057
28.58,3.409161
28.585,3.409287
28.59,3.409401
28.595,3.409512
28.6,3.409643
28.605,3.409779
28.61,3.409896
28.615,3.409977
28.62,3.410022
28.625,3.410062
28.63,3.410141
28.635,3.410249
28.64,3.410359
28.645,3.410447
28.65,3.410508
28.655,3.410582
28.66,3.410688
28.665,3.410805
28.67,3.410908
28.675,3.410981
28.68,3.411021
28.685,3.411034
28.69,3.41103
28.695,3.411019
28.7,3.411018
28.705,3.411073
28.71,3.41118
28.715,3.411305
28.72,3.411414
28.725,3.411491
28.73,3.41153
28.735,3.411541
28.74,3.411534
28.745,3.41152
28.75,3.411507
28.755,3.411498
28.76,3.411515
28.765,3.411593
28.77,3.411713
28.775,3.411839
28.78,3.411941
28.785,3.412007
28.79,3.412037
28.795,3.412041
28.8,3.412031
28.805,3.412016
28.81,3.412003
28.815,3.411996
28.82,3.412025
28.825,3.412115
28.83,3.412239
28.835,3.412362
28.84,3.412458
28.845,3.412516
28.85,3.41254
28.855,3.41254
28.86,3.412528
28.865,3.412513
28.87,3.412501
28.875,3.412495
28.88,3.412492
28.885,3.412493
28.89,3.412496
28.895,3.412498
28.9,3.4125
28.905,3.412501
28.91,3.412501
28.915,3.412501
28.92,3.412501
28.925,3.4125
28.93,3.4125
28.935,3.4125
28.94,3.4125
28.945,3.4125
28.95,3.4125
28.955,3.4125
28.96,3.4125
28.965,3.4125
28.97,3.4125
28.975,3.4125
28.98,3.4125
28.985,3.4125
28.99,3.4125
28.995,3.4125
29,3.4125
29.005,3.4125
29.01,3.4125
29.015,3.4125
29.02,3.4125
29.025,3.4125
29.03,3.4125
29.035,3.4125
29.04,3.4125
29.045,3.4125
29.05,3.4125
29.055,3.412487
29.06,3.41242
29.065,3.412307
29.07,3.412182
29.075,3.412075
29.08,3.412003
29.085,3.411967
29.09,3.411959
29.095,3.411968
29.1,3.411982
29.105,3.411995
29.11,3.412003
29.115,3.412007
29.12,3.412007
29.125,3.412005
29.13,3.412003
29.135,3.412001
29.14,3.411999
29.145,3.411999
29.15,3.411999
29.155,3.411999
29.16,3.412
29.165,3.412
29.17,3.412
29.175,3.412
29.18,3.412
29.185,3.412
29.19,3.412
29.195,3.412
29.2,3.412
29.205,3.412
29.21,3.412
29.215,3.412
29.22,3.412
29.225,3.412
29.23,3.412
29.235,3.412
29.24,3.412
29.245,3.412
29.25,3.412
29.255,3.412
29.26,3.412
29.265,3.412
29.27,3.412
29.275,3.412
29.28,3.412
29.285,3.412
29.29,3.412
29.295,3.412
29.3,3.412
29.305,3.412
29.31,3.412
29.315,3.412
29.32,3.412
29.325,3.412
29.33,3.412
29.335,3.412
29.34,3.412
29.345,3.412
29.35,3.412
29.355,3.412
29.36,3.412
29.365,3.412
29.37,3.412
29.375,3.412
29.38,3.412
29.385,3.412
29.39,3.412
29.395,3.412
29.4,3.413
29.405,3.413
29.41,3.413
29.415,3.413
29.42,3.413
29.425,3.413
29.43,3.413
29.435,3.413
29.44,3.413
29.445,3.413
29.45,3.413
29.455,3.413
29.46,3.413
29.465,3.413
29.47,3.413
29.475,3.413
29.48,3.413
29.485,3.413
29.49,3.413
29.495,3.413
29.5,3.413
29.505,3.413
29.51,3.413
29.515,3.413
29.52,3.413011
29.525,3.413074
29.53,3.413186
29.535,3.413311
29.54,3.413419
29.545,3.413493
29.55,3.413531
29.555,3.413541
29.56,3.413533
29.565,3.413519
29.57,3.413506
29.575,3.413497
29.58,3.413493
29.585,3.413493
29.59,3.413495
29.595,3.413497
29.6,3.413512
29.605,3.413581
29.61,3.413694
29.615,3.41382
29.62,3.41394
29.625,3.414081
29.63,3.414231
29.635,3.414364
29.64,3.414461
29.645,3.414517
29.65,3.414541
29.655,3.414581
29.66,3.414665
29.665,3.414775
29.67,3.414882
29.675,3.414995
29.68,3.415132
29.685,3.415275
29.69,3.415396
29.695,3.41548
29.7,3.415525
29.705,3.415539
29.71,3.415534
29.715,3.415547
29.72,3.415616
29.725,3.415727
29.73,3.415844
29.735,3.415941
29.74,3.416004
29.745,3.416036
29.75,3.416082
29.755,3.416169
29.76,3.41628
29.765,3.416385
29.77,3.416466
29.775,3.416514
29.78,3.416533
29.785,3.416533
29.79,3.416523
29.795,3.41651
29.8,3.416501
29.805,3.416495
29.81,3.416494
29.815,3.416495
29.82,3.416497
29.825,3.416499
29.83,3.4165
29.835,3.416501
29.84,3.416501
29.845,3.416501
29.85,3.4165
29.855,3.4165
29.86,3.4165
29.865,3.4165
29.87,3.4165
29.875,3.4165
29.88,3.4165
29.885,3.4165
29.89,3.4165
29.895,3.4165
29.9,3.4165
29.905,3.4165
29.91,3.4165
29.915,3.4165
29.92,3.4165
29.925,3.4165
29.93,3.416493
29.935,3.416436
29.94,3.416329
29.945,3.416203
29.95,3.416092
29.955,3.416013
29.96,3.415972
29.965,3.415959
29.97,3.415965
29.975,3.415979
29.98,3.415993
29.985,3.416002
29.99,3.416007
29.995,3.416007
30,3.416002
30.005,3.415955
30.01,3.415854
30.015,3.415728
30.02,3.415611
30.025,3.415509
30.03,3.415389
30.035,3.415256
30.04,3.415135
30.045,3.415044
30.05,3.414989
30.055,3.414967
30.06,3.414966
30.065,3.414976
30.07,3.414989
30.075,3.414999
30.08,3.415005
30.085,3.415007
30.09,3.415006
30.095,3.415004
30.1,3.415002
30.105,3.415
30.11,3.414999
30.115,3.414999
30.12,3.414999
30.125,3.414999
30.13,3.415
30.135,3.415
30.14,3.415
30.145,3.415
30.15,3.415
30.155,3.415
30.16,3.415
30.165,3.415
30.17,3.415
30.175,3.415
30.18,3.415
30.185,3.415
30.19,3.415
30.195,3.415
30.2,3.415
30.205,3.415
30.21,3.415
30.215,3.415
30.22,3.415
30.225,3.415
30.23,3.415
30.235,3.415
30.24,3.415
30.245,3.415
30.25,3.415
30.255,3.415011
30.26,3.415074
30.265,3.415186
30.27,3.415311
30.275,3.415419
30.28,3.415493
30.285,3.415531
30.29,3.415541
30.295,3.415533
30.3,3.415519
30.305,3.415506
30.31,3.415497
30.315,3.415493
30.32,3.415493
30.325,3.415495
30.33,3.415497
30.335,3.415499
30.34,3.415501
30.345,3.415501
30.35,3.415501
30.355,3.415501
30.36,3.4155
30.365,3.4155
30.37,3.4155
30.375,3.4155
30.38,3.4155
30.385,3.4155
30.39,3.415501
30.395,3.41553
30.4,3.415617
30.405,3.415739
30.41,3.41586
30.415,3.415955
30.42,3.416014
30.425,3.416065
30.43,3.41615
30.435,3.416259
30.44,3.416367
30.445,3.416452
30.45,3.416506
30.455,3.41653
30.46,3.416533
30.465,3.416524
30.47,3.416512
30.475,3.416502
30.48,3.416496
30.485,3.416494
30.49,3.416494
30.495,3.416496
30.5,3.416498
30.505,3.4165
30.51,3.416501
30.515,3.416516
30.52,3.416585
30.525,3.416699
30.53,3.416823
30.535,3.416928
30.54,3.416999
30.545,3.417033
30.55,3.41704
30.555,3.417032
30.56,3.417048
30.565,3.417122
30.57,3.417235
30.575,3.417354
30.58,3.417483
30.585,3.417634
30.59,3.417784
30.595,3.417907
30.6,3.417989
30.605,3.418031
30.61,3.418042
30.615,3.418034
30.62,3.418019
30.625,3.418006
30.63,3.417997
30.635,3.417993
30.64,3.417992
30.645,3.418005
30.65,3.41807
30.655,3.418183
30.66,3.41831
30.665,3.418419
30.67,3.418493
30.675,3.418532
30.68,3.418541
30.685,3.418533
30.69,3.418519
30.695,3.418506
30.7,3.418497
30.705,3.418493
30.71,3.418493
30.715,3.418497
30.72,3.418538
30.725,3.418634
30.73,3.41876
30.735,3.418879
30.74,3.418968
30.745,3.41902
30.75,3.41904
30.755,3.419038
30.76,3.419025
30.765,3.419011
30.77,3.419
30.775,3.418994
30.78,3.418993
30.785,3.418994
30.79,3.418996
30.795,3.418999
30.8,3.419
30.805,3.419001
30.81,3.419001
30.815,3.419001
30.82,3.419001
30.825,3.419
30.83,3.419
30.835,3.419
30.84,3.419
30.845,3.419
30.85,3.419
30.855,3.419
30.86,3.419
30.865,3.419
30.87,3.419
30.875,3.419
30.88,3.419
30.885,3.419
30.89,3.419
30.895,3.418988
30.9,3.418922
30.905,3.418809
30.91,3.418684
30.915,3.418577
30.92,3.418504
30.925,3.418468
30.93,3.418459
30.935,3.418467
30.94,3.418481
30.945,3.418494
30.95,3.418503
30.955,3.418507
30.96,3.418507
30.965,3.418505
30.97,3.418503
30.975,3.418501
30.98,3.418499
30.985,3.418499
30.99,3.418499
30.995,3.418499
31,3.4185
31.005,3.4185
31.01,3.4185
31.015,3.4185
31.02,3.4185
31.025,3.4185
31.03,3.4185
31.035,3.4185
31.04,3.4185
31.045,3.4185
31.05,3.4185
31.055,3.4185
31.06,3.4185
31.065,3.4185
31.07,3.4185
31.075,3.4185
31.08,3.4185
31.085,3.4185
31.09,3.4185
31.095,3.4185
31.1,3.4185
31.105,3.4185
31.11,3.4185
31.115,3.4185
31.12,3.4185
31.125,3.4185
31.13,3.4185
31.135,3.4185
31.14,3.4185
31.145,3.4185
31.15,3.4185
31.155,3.4185
31.16,3.4185
31.165,3.4185
31.17,3.4185
31.175,3.4185
31.18,3.4185
31.185,3.4185
31.19,3.4185
31.195,3.4185
31.2,3.418
31.205,3.418
31.21,3.418
31.215,3.418
31.22,3.418
31.225,3.418
31.23,3.418
31.235,3.418
31.24,3.418
31.245,3.418
31.25,3.418
31.255,3.418
31.26,3.418
31.265,3.418
31.27,3.418
31.275,3.418
31.28,3.418
31.285,3.418
31.29,3.418
31.295,3.418
31.3,3.418
31.305,3.418
31.31,3.418
31.315,3.418
31.32,3.418
31.325,3.418
31.33,3.418
31.335,3.418004
31.34,3.418052
31.345,3.418154
31.35,3.418279
31.355,3.418394
31.36,3.418478
31.365,3.418525
31.37,3.41854
31.375,3.418536
31.38,3.418523
31.385,3.418509
31.39,3.418499
31.395,3.418494
31.4,3.418493
31.405,3.418494
31.41,3.418497
31.415,3.418525
31.42,3.418609
31.425,3.41873
31.43,3.418877
31.435,3.419056
31.44,3.419237
31.445,3.419386
31.45,3.419487
31.455,3.419567
31.46,3.419666
31.465,3.419778
31.47,3.419882
31.475,3.419961
31.48,3.420009
31.485,3.420029
31.49,3.420031
31.495,3.420055
31.5,3.420134
31.505,3.420247
31.51,3.420363
31.515,3.420454
31.52,3.420511
31.525,3.420535
31.53,3.420537
31.535,3.420527
31.54,3.420513
31.545,3.42051
31.55,3.420561
31.555,3.420666
31.56,3.420793
31.565,3.420906
31.57,3.420986
31.575,3.421029
31.58,3.421042
31.585,3.421036
31.59,3.421022
31.595,3.421008
31.6,3.421004
31.605,3.421052
31.61,3.421156
31.615,3.421284
31.62,3.421399
31.625,3.421482
31.63,3.421527
31.635,3.421542
31.64,3.421536
31.645,3.421523
31.65,3.421509
31.655,3.421498
31.66,3.421493
31.665,3.421493
31.67,3.421494
31.675,3.421497
31.68,3.421499
31.685,3.4215
31.69,3.421501
31.695,3.421501
31.7,3.421501
31.705,3.4215
31.71,3.4215
31.715,3.421473
31.72,3.421389
31.725,3.421269
31.73,3.421146
31.735,3.42105
31.74,3.420989
31.745,3.420963
31.75,3.420961
31.755,3.420972
31.76,3.420986
31.765,3.420998
31.77,3.421005
31.775,3.421007
31.78,3.421007
31.785,3.421004
31.79,3.421002
31.795,3.421
31.8,3.420999
31.805,3.420999
31.81,3.420999
31.815,3.420999
31.82,3.420997
31.825,3.420952
31.83,3.420853
31.835,3.420728
31.84,3.420612
31.845,3.420526
31.85,3.420477
31.855,3.42046
31.86,3.420463
31.865,3.420476
31.87,3.42049
31.875,3.420501
31.88,3.420506
31.885,3.420507
31.89,3.420506
31.895,3.420504
31.9,3.420501
31.905,3.4205
31.91,3.420499
31.915,3.420499
31.92,3.420499
31.925,3.4205
31.93,3.4205
31.935,3.4205
31.94,3.4205
31.945,3.4205
31.95,3.4205
31.955,3.4205
31.96,3.4205
31.965,3.4205
31.97,3.4205
31.975,3.4205
31.98,3.4205
31.985,3.4205
31.99,3.4205
31.995,3.4205
32,3.4205
32.005,3.4205
32.01,3.4205
32.015,3.4205
32.02,3.4205
32.025,3.4205
32.03,3.4205
32.035,3.4205
32.04,3.4205
32.045,3.4205
32.05,3.4205
32.055,3.4205
32.06,3.4205
32.065,3.4205
32.07,3.4205
32.075,3.4205
32.08,3.4205
32.085,3.4205
32.09,3.4205
32.095,3.4205
32.1,3.4205
32.105,3.4205
32.11,3.4205
32.115,3.4205
32.12,3.4205
32.125,3.4205
32.13,3.4205
32.135,3.4205
32.14,3.4205
32.145,3.4205
32.15,3.4205
32.155,3.4205
32.16,3.4205
32.165,3.4205
32.17,3.4205
32.175,3.4205
32.18,3.4205
32.185,3.4205
32.19,3.4205
32.195,3.4205
32.2,3.4205
32.205,3.4205
32.21,3.420516
32.215,3.420588
32.22,3.420703
32.225,3.420828
32.23,3.420932
32.235,3.421001
32.24,3.421034
32.245,3.42104
32.25,3.421031
32.255,3.421017
32.26,3.421025
32.265,3.421094
32.27,3.421209
32.275,3.421333
32.28,3.421436
32.285,3.421503
32.29,3.421535
32.295,3.421541
32.3,3.421531
32.305,3.421517
32.31,3.421504
32.315,3.421496
32.32,3.421493
32.325,3.421493
32.33,3.421496
32.335,3.421529
32.34,3.421619
32.345,3.421742
32.35,3.421864
32.355,3.421958
32.36,3.422015
32.365,3.422056
32.37,3.422129
32.375,3.422233
32.38,3.422343
32.385,3.422435
32.39,3.422511
32.395,3.422611
32.4,3.422732
32.405,3.42285
32.41,3.422944
32.415,3.423003
32.42,3.42303
32.425,3.423035
32.43,3.423026
32.435,3.423014
32.44,3.423003
32.445,3.422996
32.45,3.422994
32.455,3.423004
32.46,3.423067
32.465,3.423179
32.47,3.423306
32.475,3.423416
32.48,3.423492
32.485,3.423531
32.49,3.423541
32.495,3.423534
32.5,3.42352
32.505,3.423506
32.51,3.423516
32.515,3.423587
32.52,3.423704
32.525,3.42383
32.53,3.423934
32.535,3.424003
32.54,3.424036
32.545,3.424041
32.55,3.424032
32.555,3.424017
32.56,3.424004
32.565,3.423996
32.57,3.423993
32.575,3.423993
32.58,3.423995
32.585,3.423998
32.59,3.424
32.595,3.424001
32.6,3.424001
32.605,3.424001
32.61,3.423999
32.615,3.423964
32.62,3.423872
32.625,3.423748
32.63,3.423629
32.635,3.423537
32.64,3.423483
32.645,3.423461
32.65,3.423462
32.655,3.423474
32.66,3.423488
32.665,3.423499
32.67,3.423506
32.675,3.423507
32.68,3.423506
32.685,3.423504
32.69,3.423502
32.695,3.4235
32.7,3.423499
32.705,3.423499
32.71,3.423499
32.715,3.423499
32.72,3.4235
32.725,3.4235
32.73,3.4235
32.735,3.4235
32.74,3.4235
32.745,3.4235
32.75,3.4235
32.755,3.423478
32.76,3.4234
32.765,3.423281
32.77,3.423158
32.775,3.423058
32.78,3.422993
32.785,3.422964
32.79,3.42296
32.795,3.42297
32.8,3.422984
32.805,3.422997
32.81,3.423004
32.815,3.423007
32.82,3.423007
32.825,3.423005
32.83,3.423002
32.835,3.423
32.84,3.422999
32.845,3.422999
32.85,3.422999
32.855,3.422999
32.86,3.423
32.865,3.423
32.87,3.423
32.875,3.423
32.88,3.423
32.885,3.423
32.89,3.423
32.895,3.423
32.9,3.423
32.905,3.423
32.91,3.423
32.915,3.423
32.92,3.423
32.925,3.423
32.93,3.423
32.935,3.423
32.94,3.423
32.945,3.423
32.95,3.423
32.955,3.423
32.96,3.423
32.965,3.423
32.97,3.423
32.975,3.423
32.98,3.423
32.985,3.423
32.99,3.423
32.995,3.423
33,3.423
33.005,3.423
33.01,3.423
33.015,3.423
33.02,3.423
33.025,3.423
33.03,3.423
33.035,3.423
33.04,3.423
33.045,3.423
33.05,3.423
33.055,3.423
33.06,3.423
33.065,3.423025
33.07,3.423106
33.075,3.423226
33.08,3.423349
33.085,3.423447
33.09,3.423509
33.095,3.423537
33.1,3.42354
33.105,3.423529
33.11,3.423515
33.115,3.423503
33.12,3.423495
33.125,3.423493
33.13,3.423493
33.135,3.423496
33.14,3.423502
33.145,3.423551
33.15,3.423652
33.155,3.423778
33.16,3.423893
33.165,3.423977
33.17,3.424024
33.175,3.42404
33.18,3.424036
33.185,3.424023
33.19,3.424009
33.195,3.423999
33.2,3.423994
33.205,3.423999
33.21,3.424055
33.215,3.424163
33.22,3.42429
33.225,3.424405
33.23,3.424485
33.235,3.42453
33.24,3.424581
33.245,3.424668
33.25,3.424778
33.255,3.424886
33.26,3.42501
33.265,3.425156
33.27,3.425301
33.275,3.425418
33.28,3.425495
33.285,3.425533
33.29,3.425541
33.295,3.425532
33.3,3.425518
33.305,3.425509
33.31,3.425547
33.315,3.425644
33.32,3.425769
33.325,3.425887
33.33,3.425974
33.335,3.426023
33.34,3.426041
33.345,3.426038
33.35,3.426024
33.355,3.426015
33.36,3.426053
33.365,3.42615
33.37,3.426274
33.375,3.42639
33.38,3.426475
33.385,3.426524
33.39,3.426541
33.395,3.426537
33.4,3.426524
33.405,3.42651
33.41,3.426499
33.415,3.426494
33.42,3.426493
33.425,3.426494
33.43,3.426496
33.435,3.426499
33.44,3.4265
33.445,3.426501
33.45,3.426501
33.455,3.426501
33.46,3.4265
33.465,3.4265
33.47,3.4265
33.475,3.4265
33.48,3.4265
33.485,3.4265
33.49,3.4265
33.495,3.4265
33.5,3.4265
33.505,3.4265
33.51,3.4265
33.515,3.4265
33.52,3.4265
33.525,3.4265
33.53,3.4265
33.535,3.4265
33.54,3.4265
33.545,3.4265
33.55,3.4265
33.555,3.4265
33.56,3.4265
33.565,3.426493
33.57,3.426436
33.575,3.426329
33.58,3.426203
33.585,3.426092
33.59,3.42601
33.595,3.425924
33.6,3.425812
33.605,3.425694
33.61,3.425591
33.615,3.425519
33.62,3.425479
33.625,3.425456
33.63,3.425398
33.635,3.425298
33.64,3.425184
33.645,3.425084
33.65,3.425013
33.655,3.424975
33.66,3.424964
33.665,3.424969
33.67,3.424981
33.675,3.424993
33.68,3.425002
33.685,3.425006
33.69,3.425006
33.695,3.425005
33.7,3.425003
33.705,3.425001
33.71,3.425
33.715,3.424999
33.72,3.424999
33.725,3.424999
33.73,3.425
33.735,3.425
33.74,3.425
33.745,3.425
33.75,3.425
33.755,3.425
33.76,3.425
33.765,3.425
33.77,3.425
33.775,3.425
33.78,3.425
33.785,3.425
33.79,3.425
33.795,3.425
33.8,3.425
33.805,3.425
33.81,3.425
33.815,3.425
33.82,3.425
33.825,3.425
33.83,3.425
33.835,3.425
33.84,3.425
33.845,3.425
33.85,3.425
33.855,3.425
33.86,3.425
33.865,3.425003
33.87,3.425038
33.875,3.425128
33.88,3.425249
33.885,3.425367
33.89,3.425459
33.895,3.425515
33.9,3.425538
33.905,3.425538
33.91,3.425526
33.915,3.425512
33.92,3.425501
33.925,3.425495
33.93,3.425493
33.935,3.425494
33.94,3.425496
33.945,3.425498
33.95,3.4255
33.955,3.425501
33.96,3.425501
33.965,3.425501
33.97,3.425501
33.975,3.4255
33.98,3.4255
33.985,3.4255
33.99,3.4255
33.995,3.425504
34,3.425551
34.005,3.425652
34.01,3.425777
34.015,3.425892
34.02,3.425977
34.025,3.426024
34.03,3.426041
34.035,3.426064
34.04,3.426136
34.045,3.426243
34.05,3.426355
34.055,3.426446
34.06,3.426504
34.065,3.426532
34.07,3.426536
34.075,3.426527
34.08,3.426514
34.085,3.426503
34.09,3.426496
34.095,3.426494
34.1,3.426494
34.105,3.426496
34.11,3.426498
34.115,3.4265
34.12,3.426501
34.125,3.426503
34.13,3.426543
34.135,3.426638
34.14,3.426762
34.145,3.42688
34.15,3.426968
34.155,3.42702
34.16,3.427039
34.165,3.427037
34.17,3.427035
34.175,3.427084
34.18,3.427183
34.185,3.427303
34.19,3.427411
34.195,3.427518
34.2,3.427646
34.205,3.427781
34.21,3.427896
34.215,3.427977
34.22,3.428022
34.225,3.428036
34.23,3.428033
34.235,3.42802
34.24,3.428008
34.245,3.427999
34.25,3.428016
34.255,3.428093
34.26,3.428213
34.265,3.428339
34.27,3.428441
34.275,3.428507
34.28,3.428537
34.285,3.428541
34.29,3.428531
34.295,3.428516
34.3,3.428504
34.305,3.428531
34.31,3.428619
34.315,3.428742
34.32,3.428864
34.325,3.428959
34.33,3.429016
34.335,3.42904
34.34,3.42904
34.345,3.429028
34.35,3.429013
34.355,3.429001
34.36,3.428995
34.365,3.428992
34.37,3.428993
34.375,3.428996
34.38,3.428998
34.385,3.429
34.39,3.429001
34.395,3.429001
34.4,3.429001
34.405,3.429001
34.41,3.429
34.415,3.429
34.42,3.428993
34.425,3.428938
34.43,3.428831
34.435,3.428706
34.44,3.428594
34.445,3.428515
34.45,3.428472
34.455,3.428459
34.46,3.428465
34.465,3.428479
34.47,3.428484
34.475,3.428436
34.48,3.428333
34.485,3.428208
34.49,3.428096
34.495,3.428015
34.5,3.427972
34.505,3.427959
34.51,3.42795
34.515,3.427894
34.52,3.427794
34.525,3.427679
34.53,3.427578
34.535,3.427509
34.54,3.427472
34.545,3.427463
34.55,3.427469
34.555,3.427482
34.56,3.427494
34.565,3.427496
34.57,3.427446
34.575,3.427341
34.58,3.427213
34.585,3.427099
34.59,3.427017
34.595,3.426972
34.6,3.426958
34.605,3.426964
34.61,3.426978
34.615,3.426992
34.62,3.427002
34.625,3.427007
34.63,3.427007
34.635,3.427006
34.64,3.427003
34.645,3.427001
34.65,3.427
34.655,3.426999
34.66,3.426999
34.665,3.426999
34.67,3.427
34.675,3.427
34.68,3.427
34.685,3.427
34.69,3.427
34.695,3.427
34.7,3.427004
34.705,3.427052
34.71,3.427154
34.715,3.427279
34.72,3.427394
34.725,3.427478
34.73,3.427525
34.735,3.42754
34.74,3.427536
34.745,3.427523
34.75,3.427509
34.755,3.427499
34.76,3.427514
34.765,3.427591
34.77,3.42771
34.775,3.427836
34.78,3.427939
34.785,3.428018
34.79,3.428113
34.795,3.428229
34.8,3.428345
34.805,3.428438
34.81,3.428498
34.815,3.428527
34.82,3.428533
34.825,3.428531
34.83,3.428568
34.835,3.42866
34.84,3.428778
34.845,3.42889
34.85,3.428973
34.855,3.429021
34.86,3.429038
34.865,3.429036
34.87,3.429023
34.875,3.42901
34.88,3.429
34.885,3.429007
34.89,3.429071
34.895,3.429185
34.9,3.429313
34.905,3.429422
34.91,3.429496
34.915,3.429545
34.92,3.42962
34.925,3.429724
34.93,3.429835
34.935,3.429929
34.94,3.430024
34.945,3.430144
34.95,3.430275
34.955,3.43039
34.96,3.430473
34.965,3.430519
34.97,3.430536
34.975,3.430533
34.98,3.430521
34.985,3.430509
34.99,3.430499
34.995,3.430494
35,3.430506
35.005,3.430575
35.01,3.43069
35.015,3.430817
35.02,3.430925
35.025,3.430998
35.03,3.431034
35.035,3.431041
35.04,3.431033
35.045,3.431019
35.05,3.431005
35.055,3.430997
35.06,3.430993
35.065,3.430993
35.07,3.430995
35.075,3.430997
35.08,3.430999
35.085,3.431001
35.09,3.431001
35.095,3.431001
35.1,3.431001
35.105,3.431
35.11,3.431
35.115,3.431
35.12,3.431
35.125,3.431
35.13,3.431
35.135,3.431
35.14,3.431
35.145,3.431
35.15,3.431
35.155,3.431
35.16,3.431
35.165,3.431
35.17,3.431
35.175,3.430988
35.18,3.430924
35.185,3.430812
35.19,3.430686
35.195,3.430579
35.2,3.430506
35.205,3.430468
35.21,3.430459
35.215,3.430467
35.22,3.430481
35.225,3.430494
35.23,3.430503
35.235,3.430507
35.24,3.430507
35.245,3.430505
35.25,3.430503
35.255,3.430501
35.26,3.430476
35.265,3.430395
35.27,3.430275
35.275,3.430153
35.28,3.430053
35.285,3.429955
35.29,3.429835
35.295,3.429709
35.3,3.4296
35.305,3.429523
35.31,3.42948
35.315,3.429466
35.32,3.429469
35.325,3.42948
35.33,3.429492
35.335,3.429501
35.34,3.429504
35.345,3.42947
35.35,3.429377
35.355,3.429251
35.36,3.42913
35.365,3.429037
35.37,3.428982
35.375,3.42896
35.38,3.428961
35.385,3.428973
35.39,3.428988
35.395,3.428999
35.4,3.429006
35.405,3.429008
35.41,3.429006
35.415,3.429004
35.42,3.429002
35.425,3.429
35.43,3.428999
35.435,3.428999
35.44,3.428999
35.445,3.428999
35.45,3.429
35.455,3.429
35.46,3.429
35.465,3.429
35.47,3.429
35.475,3.429
35.48,3.429
35.485,3.429
35.49,3.429
35.495,3.429
35.5,3.429
35.505,3.429
35.51,3.429
35.515,3.429
35.52,3.429
35.525,3.429
35.53,3.429
35.535,3.429
35.54,3.429
35.545,3.429
35.55,3.429
35.555,3.429
35.56,3.429
35.565,3.429
35.57,3.429
35.575,3.429
35.58,3.429
35.585,3.429
35.59,3.429
35.595,3.429
35.6,3.429
35.605,3.429
35.61,3.429
35.615,3.429
35.62,3.429
35.625,3.429
35.63,3.429
35.635,3.429
35.64,3.429
35.645,3.429
35.65,3.429
35.655,3.429
35.66,3.429
35.665,3.429
35.67,3.429
35.675,3.429
35.68,3.429
35.685,3.429
35.69,3.429
35.695,3.429016
35.7,3.429088
35.705,3.429203
35.71,3.429328
35.715,3.429432
35.72,3.429501
35.725,3.429534
35.73,3.42954
35.735,3.429531
35.74,3.429517
35.745,3.429505
35.75,3.429496
35.755,3.429493
35.76,3.429493
35.765,3.429501
35.77,3.429558
35.775,3.429666
35.78,3.429792
35.785,3.429905
35.79,3.429985
35.795,3.430028
35.8,3.430041
35.805,3.430035
35.81,3.430025
35.815,3.430057
35.82,3.430147
35.825,3.430268
35.83,3.430383
35.835,3.43047
35.84,3.43052
35.845,3.430539
35.85,3.430537
35.855,3.430525
35.86,3.430511
35.865,3.4305
35.87,3.430494
35.875,3.430495
35.88,3.430537
35.885,3.430636
35.89,3.430763
35.895,3.430882
35.9,3.430971
35.905,3.431022
35.91,3.431041
35.915,3.431038
35.92,3.431025
35.925,3.431011
35.93,3.431
35.935,3.430994
35.94,3.430993
35.945,3.430994
35.95,3.430996
35.955,3.430999
35.96,3.431
35.965,3.431002
35.97,3.431035
35.975,3.431125
35.98,3.431247
35.985,3.431367
35.99,3.43146
35.995,3.431521
36,3.431597
36.005,3.431702
36.01,3.431816
36.015,3.431915
36.02,3.431984
36.025,3.432022
36.03,3.432033
36.035,3.432029
36.04,3.432018
36.045,3.432006
36.05,3.431998
36.055,3.431994
36.06,3.431994
36.065,3.432004
36.07,3.432066
36.075,3.432178
36.08,3.432304
36.085,3.432415
36.09,3.432491
36.095,3.432531
36.1,3.432541
36.105,3.432534
36.11,3.43252
36.115,3.432507
36.12,3.432497
36.125,3.432493
36.13,3.432519
36.135,3.432603
36.14,3.432726
36.145,3.43285
36.15,3.432949
36.155,3.433011
36.16,3.433038
36.165,3.43304
36.17,3.433029
36.175,3.433014
36.18,3.433002
36.185,3.432995
36.19,3.432993
36.195,3.432993
36.2,3.432996
36.205,3.432998
36.21,3.433
36.215,3.433001
36.22,3.433001
36.225,3.433001
36.23,3.433001
36.235,3.433
36.24,3.433
36.245,3.433
36.25,3.433
36.255,3.433
36.26,3.433
36.265,3.433
36.27,3.433
36.275,3.433
36.28,3.433
36.285,3.433
36.29,3.433
36.295,3.433
36.3,3.433
36.305,3.433
36.31,3.433
36.315,3.433
36.32,3.433
36.325,3.433
36.33,3.433
36.335,3.433
36.34,3.433
36.345,3.432974
36.35,3.432892
36.355,3.432771
36.36,3.432649
36.365,3.432551
36.37,3.43249
36.375,3.432463
36.38,3.432461
36.385,3.432471
36.39,3.432486
36.395,3.432498
36.4,3.432505
36.405,3.432507
36.41,3.432507
36.415,3.432504
36.42,3.432502
36.425,3.4325
36.43,3.432499
36.435,3.432499
36.44,3.432499
36.445,3.432499
36.45,3.4325
36.455,3.4325
36.46,3.4325
36.465,3.4325
36.47,3.4325
36.475,3.4325
36.48,3.4325
36.485,3.4325
36.49,3.4325
36.495,3.4325
36.5,3.4325
36.505,3.4325
36.51,3.4325
36.515,3.4325
36.52,3.4325
36.525,3.4325
36.53,3.4325
36.535,3.4325
36.54,3.4325
36.545,3.4325
36.55,3.4325
36.555,3.4325
36.56,3.4325
36.565,3.4325
36.57,3.4325
36.575,3.4325
36.58,3.4325
36.585,3.4325
36.59,3.4325
36.595,3.4325
36.6,3.4325
36.605,3.4325
36.61,3.4325
36.615,3.4325
36.62,3.4325
36.625,3.4325
36.63,3.4325
36.635,3.4325
36.64,3.432518
36.645,3.432592
36.65,3.432708
36.655,3.432833
36.66,3.432935
36.665,3.433003
36.67,3.433035
36.675,3.43304
36.68,3.433031
36.685,3.433017
36.69,3.433004
36.695,3.432996
36.7,3.432993
36.705,3.432993
36.71,3.432995
36.715,3.432998
36.72,3.433
36.725,3.433001
36.73,3.433001
36.735,3.433001
36.74,3.433001
36.745,3.433
36.75,3.433
36.755,3.433
36.76,3.433
36.765,3.433
36.77,3.433
36.775,3.433
36.78,3.433
36.785,3.433
36.79,3.433
36.795,3.433002
36.8,3.433039
36.805,3.433133
36.81,3.433257
36.815,3.433382
36.82,3.433528
36.825,3.433687
36.83,3.433833
36.835,3.433944
36.84,3.434011
36.845,3.434067
36.85,3.434154
36.855,3.434263
36.86,3.43437
36.865,3.434453
36.87,3.434506
36.875,3.43453
36.88,3.434545
36.885,3.434604
36.89,3.434705
36.895,3.434821
36.9,3.434921
36.905,3.434991
36.91,3.435027
36.915,3.435037
36.92,3.435031
36.925,3.435018
36.93,3.435006
36.935,3.434998
36.94,3.434994
36.945,3.434993
36.95,3.434995
36.955,3.43501
36.96,3.435079
36.965,3.435194
36.97,3.435319
36.975,3.435426
36.98,3.435497
36.985,3.435533
36.99,3.435541
36.995,3.435532
37,3.435518
37.005,3.435505
37.01,3.435497
37.015,3.435493
37.02,3.435493
37.025,3.435495
37.03,3.435497
37.035,3.435499
37.04,3.435501
37.045,3.435501
37.05,3.435501
37.055,3.435501
37.06,3.4355
37.065,3.4355
37.07,3.4355
37.075,3.4355
37.08,3.4355
37.085,3.4355
37.09,3.4355
37.095,3.4355
37.1,3.4355
37.105,3.4355
37.11,3.4355
37.115,3.4355
37.12,3.4355
37.125,3.4355
37.13,3.4355
37.135,3.4355
37.14,3.4355
37.145,3.4355
37.15,3.4355
37.155,3.4355
37.16,3.4355
37.165,3.4355
37.17,3.435475
37.175,3.435394
37.18,3.435274
37.185,3.435151
37.19,3.435053
37.195,3.434991
37.2,3.434956
37.205,3.434898
37.21,3.434802
37.215,3.434691
37.22,3.434591
37.225,3.434519
37.23,3.434479
37.235,3.434457
37.24,3.434401
37.245,3.434302
37.25,3.434189
37.255,3.434087
37.26,3.434015
37.265,3.433976
37.27,3.433964
37.275,3.433969
37.28,3.433981
37.285,3.433993
37.29,3.434002
37.295,3.434006
37.3,3.434006
37.305,3.434005
37.31,3.434003
37.315,3.434001
37.32,3.434
37.325,3.433999
37.33,3.433999
37.335,3.433999
37.34,3.434
37.345,3.434
37.35,3.434
37.355,3.434
37.36,3.434
37.365,3.434
37.37,3.434
37.375,3.434
37.38,3.434
37.385,3.434
37.39,3.434
37.395,3.434
37.4,3.434
37.405,3.434
37.41,3.434
37.415,3.434
37.42,3.434
37.425,3.434
37.43,3.434
37.435,3.434
37.44,3.434
37.445,3.434
37.45,3.434
37.455,3.434
37.46,3.434
37.465,3.434
37.47,3.434
37.475,3.434
37.48,3.434
37.485,3.434
37.49,3.434
37.495,3.434
37.5,3.434
37.505,3.434
37.51,3.434
37.515,3.434
37.52,3.434
37.525,3.434
37.53,3.434
37.535,3.434
37.54,3.434
37.545,3.434
37.55,3.434
37.555,3.434
37.56,3.434
37.565,3.434
37.57,3.434
37.575,3.434
37.58,3.434
37.585,3.434013
37.59,3.43408
37.595,3.434193
37.6,3.434318
37.605,3.434425
37.61,3.434497
37.615,3.434533
37.62,3.434541
37.625,3.434532
37.63,3.434518
37.635,3.43452
37.64,3.434581
37.645,3.434691
37.65,3.434816
37.655,3.434923
37.66,3.434996
37.665,3.435033
37.67,3.435052
37.675,3.435108
37.68,3.435205
37.685,3.435317
37.69,3.435416
37.695,3.435486
37.7,3.435524
37.705,3.435536
37.71,3.435531
37.715,3.435519
37.72,3.435507
37.725,3.435498
37.73,3.435494
37.735,3.435494
37.74,3.435495
37.745,3.435497
37.75,3.435499
37.755,3.4355
37.76,3.435504
37.765,3.43555
37.77,3.43565
37.775,3.435775
37.78,3.43589
37.785,3.435975
37.79,3.436023
37.795,3.43604
37.8,3.436036
37.805,3.436024
37.81,3.43601
37.815,3.436003
37.82,3.436042
37.825,3.43614
37.83,3.436266
37.835,3.436389
37.84,3.436525
37.845,3.436677
37.85,3.43682
37.855,3.436932
37.86,3.437003
37.865,3.437035
37.87,3.43704
37.875,3.43703
37.88,3.437016
37.885,3.437003
37.89,3.437003
37.895,3.437056
37.9,3.437164
37.905,3.437292
37.91,3.437406
37.915,3.437486
37.92,3.437529
37.925,3.437542
37.93,3.437536
37.935,3.437526
37.94,3.437562
37.945,3.437654
37.95,3.437775
37.955,3.437889
37.96,3.437973
37.965,3.438022
37.97,3.43804
37.975,3.43804
37.98,3.438072
37.985,3.438157
37.99,3.438271
37.995,3.438382
38,3.438467
38.005,3.438517
38.01,3.438537
38.015,3.438535
38.02,3.438524
38.025,3.438511
38.03,3.438501
38.035,3.438495
38.04,3.438493
38.045,3.438494
38.05,3.438496
38.055,3.438499
38.06,3.4385
38.065,3.438501
38.07,3.438501
38.075,3.438485
38.08,3.438413
38.085,3.438297
38.09,3.438172
38.095,3.438068
38.1,3.437999
38.105,3.437966
38.11,3.43796
38.115,3.437969
38.12,3.437983
38.125,3.437979
38.13,3.437916
38.135,3.437804
38.14,3.437679
38.145,3.437573
38.15,3.437492
38.155,3.437396
38.16,3.437278
38.165,3.437161
38.17,3.437066
38.175,3.437004
38.18,3.436973
38.185,3.436949
38.19,3.436884
38.195,3.436779
38.2,3.436666
38.205,3.436569
38.21,3.436504
38.215,3.436472
38.22,3.436464
38.225,3.436471
38.23,3.436483
38.235,3.436495
38.24,3.436503
38.245,3.436497
38.25,3.436436
38.255,3.436324
38.26,3.436196
38.265,3.436085
38.27,3.436008
38.275,3.435969
38.28,3.435958
38.285,3.435966
38.29,3.43598
38.295,3.435993
38.3,3.436003
38.305,3.436007
38.31,3.436007
38.315,3.436005
38.32,3.436003
38.325,3.436001
38.33,3.435999
38.335,3.435999
38.34,3.435999
38.345,3.435999
38.35,3.436
38.355,3.436
38.36,3.436
38.365,3.436
38.37,3.436
38.375,3.436
38.38,3.436
38.385,3.436
38.39,3.436
38.395,3.436
38.4,3.436
38.405,3.436
38.41,3.436
38.415,3.436
38.42,3.436
38.425,3.436
38.43,3.436
38.435,3.436
38.44,3.436
38.445,3.436
38.45,3.436
38.455,3.436
38.46,3.436
38.465,3.436
38.47,3.436
38.475,3.436
38.48,3.436
38.485,3.436
38.49,3.436
38.495,3.436
38.5,3.436
38.505,3.436
38.51,3.436
38.515,3.436
38.52,3.436
38.525,3.436
38.53,3.436
38.535,3.436
38.54,3.436
38.545,3.436
38.55,3.436
38.555,3.436
38.56,3.436
38.565,3.436003
38.57,3.436045
38.575,3.436142
38.58,3.436267
38.585,3.436384
38.59,3.436471
38.595,3.436521
38.6,3.43654
38.605,3.436537
38.61,3.436524
38.615,3.43651
38.62,3.4365
38.625,3.436494
38.63,3.436493
38.635,3.436494
38.64,3.436496
38.645,3.436499
38.65,3.436508
38.655,3.436567
38.66,3.436675
38.665,3.4368
38.67,3.43691
38.675,3.436988
38.68,3.437029
38.685,3.437041
38.69,3.437034
38.695,3.437036
38.7,3.437093
38.705,3.437199
38.71,3.437319
38.715,3.437423
38.72,3.437494
38.725,3.437531
38.73,3.437559
38.735,3.437628
38.74,3.437732
38.745,3.437843
38.75,3.437936
38.755,3.437998
38.76,3.438028
38.765,3.438035
38.77,3.438028
38.775,3.438015
38.78,3.438004
38.785,3.437997
38.79,3.437994
38.795,3.437994
38.8,3.438018
38.805,3.4381
38.81,3.438221
38.815,3.438345
38.82,3.438445
38.825,3.438508
38.83,3.438537
38.835,3.43854
38.84,3.43853
38.845,3.438524
38.85,3.438572
38.855,3.438674
38.86,3.438797
38.865,3.438907
38.87,3.438985
38.875,3.439028
38.88,3.439041
38.885,3.439035
38.89,3.439021
38.895,3.439008
38.9,3.438998
38.905,3.438994
38.91,3.438993
38.915,3.438994
38.92,3.438998
38.925,3.439034
38.93,3.439127
38.935,3.43925
38.94,3.43937
38.945,3.439462
38.95,3.439517
38.955,3.439539
38.96,3.439538
38.965,3.439526
38.97,3.439512
38.975,3.439501
38.98,3.439495
38.985,3.439493
38.99,3.439494
38.995,3.439496
39,3.439498
39.005,3.4395
39.01,3.439501
39.015,3.439501
39.02,3.439501
39.025,3.439501
39.03,3.4395
39.035,3.4395
39.04,3.4395
39.045,3.4395
39.05,3.4395
39.055,3.4395
39.06,3.4395
39.065,3.4395
39.07,3.4395
39.075,3.4395
39.08,3.4395
39.085,3.4395
39.09,3.4395
39.095,3.4395
39.1,3.4395
39.105,3.4395
39.11,3.4395
39.115,3.4395
39.12,3.4395
39.125,3.4395
39.13,3.4395
39.135,3.4395
39.14,3.439499
39.145,3.439464
39.15,3.439372
39.155,3.439248
39.16,3.439129
39.165,3.439037
39.17,3.438983
39.175,3.438961
39.18,3.438962
39.185,3.438974
39.19,3.438988
39.195,3.438999
39.2,3.439006
39.205,3.439007
39.21,3.439006
39.215,3.439004
39.22,3.439002
39.225,3.439
39.23,3.438999
39.235,3.438999
39.24,3.438999
39.245,3.438999
39.25,3.439
39.255,3.439
39.26,3.439
39.265,3.439
39.27,3.439
39.275,3.439
39.28,3.439
39.285,3.439
39.29,3.439
39.295,3.439
39.3,3.439
39.305,3.439
39.31,3.439
39.315,3.439
39.32,3.439
39.325,3.439
39.33,3.439
39.335,3.439
39.34,3.439
39.345,3.439
39.35,3.439
39.355,3.439
39.36,3.439
39.365,3.439
39.37,3.439
39.375,3.439
39.38,3.439
39.385,3.439
39.39,3.439
39.395,3.439
39.4,3.439
39.405,3.439
39.41,3.439004
39.415,3.439052
39.42,3.439154
39.425,3.439279
39.43,3.439394
39.435,3.439478
39.44,3.439525
39.445,3.43954
39.45,3.439536
39.455,3.439523
39.46,3.439509
39.465,3.439499
39.47,3.439494
39.475,3.439493
39.48,3.439494
39.485,3.439497
39.49,3.439499
39.495,3.4395
39.5,3.439501
39.505,3.439501
39.51,3.439501
39.515,3.4395
39.52,3.4395
39.525,3.4395
39.53,3.4395
39.535,3.4395
39.54,3.4395
39.545,3.4395
39.55,3.4395
39.555,3.4395
39.56,3.4395
39.565,3.4395
39.57,3.439523
39.575,3.439602
39.58,3.439721
39.585,3.439847
39.59,3.43999
39.595,3.440152
39.6,3.440305
39.605,3.440426
39.61,3.440509
39.615,3.440601
39.62,3.440714
39.625,3.440829
39.63,3.440925
39.635,3.44099
39.64,3.441023
39.645,3.441033
39.65,3.441027
39.655,3.441016
39.66,3.441005
39.665,3.441002
39.67,3.441045
39.675,3.441146
39.68,3.441272
39.685,3.44139
39.69,3.441476
39.695,3.441524
39.7,3.441541
39.705,3.441537
39.71,3.441547
39.715,3.441612
39.72,3.44172
39.725,3.441838
39.73,3.441936
39.735,3.442001
39.74,3.442033
39.745,3.442039
39.75,3.44203
39.755,3.442016
39.76,3.442004
39.765,3.441996
39.77,3.441993
39.775,3.441993
39.78,3.441995
39.785,3.441998
39.79,3.442
39.795,3.442001
39.8,3.442001
39.805,3.442001
39.81,3.442001
39.815,3.442
39.82,3.441992
39.825,3.441933
39.83,3.441824
39.835,3.441698
39.84,3.441588
39.845,3.441511
39.85,3.441471
39.855,3.441459
39.86,3.441466
39.865,3.44148
39.87,3.441493
39.875,3.441502
39.88,3.441505
39.885,3.441465
39.89,3.441368
39.895,3.441239
39.9,3.441079
39.905,3.440894
39.91,3.440717
39.915,3.44058
39.92,3.440493
39.925,3.440454
39.93,3.440415
39.935,3.440339
39.94,3.440234
39.945,3.44013
39.95,3.440047
39.955,3.439994
39.96,3.43997
39.965,3.439967
39.97,3.439976
39.975,3.439988
39.98,3.439998
39.985,3.440004
39.99,3.440006
39.995,3.440006
40,3.440004
40.005,3.440002
40.01,3.44
40.015,3.439999
40.02,3.439999
40.025,3.439999
40.03,3.439999
40.035,3.44
40.04,3.44
40.045,3.44
40.05,3.44
40.055,3.44
40.06,3.44
40.065,3.44
40.07,3.44
40.075,3.44
40.08,3.44
40.085,3.44
40.09,3.44
40.095,3.44
40.1,3.44
40.105,3.44
40.11,3.44
40.115,3.44
40.12,3.44
40.125,3.44
40.13,3.44
40.135,3.44
40.14,3.44
40.145,3.44
40.15,3.44
40.155,3.44
40.16,3.44
40.165,3.44
40.17,3.44
40.175,3.44
40.18,3.44
40.185,3.44
40.19,3.44
40.195,3.44
40.2,3.44
40.205,3.44
40.21,3.44
40.215,3.44
40.22,3.44
40.225,3.44
40.23,3.44
40.235,3.44
40.24,3.44
40.245,3.44
40.25,3.44
40.255,3.44
40.26,3.440008
40.265,3.440065
40.27,3.440173
40.275,3.440299
40.28,3.44041
40.285,3.440488
40.29,3.440529
40.295,3.440541
40.3,3.440534
40.305,3.440521
40.31,3.440507
40.315,3.440506
40.32,3.440561
40.325,3.440669
40.33,3.440796
40.335,3.440909
40.34,3.440988
40.345,3.44103
40.35,3.441042
40.355,3.441054
40.36,3.441115
40.365,3.441218
40.37,3.441333
40.375,3.44143
40.38,3.441496
40.385,3.441529
40.39,3.441537
40.395,3.44153
40.4,3.441517
40.405,3.441505
40.41,3.441497
40.415,3.441494
40.42,3.441495
40.425,3.441533
40.43,3.441628
40.435,3.441753
40.44,3.441874
40.445,3.441965
40.45,3.442019
40.455,3.44204
40.46,3.442038
40.465,3.442026
40.47,3.442012
40.475,3.442
40.48,3.441994
40.485,3.441993
40.49,3.441994
40.495,3.441996
40.5,3.441998
40.505,3.442002
40.51,3.442043
40.515,3.442139
40.52,3.442263
40.525,3.44238
40.53,3.442468
40.535,3.442527
40.54,3.442603
40.545,3.442708
40.55,3.442822
40.555,3.442919
40.56,3.442987
40.565,3.443023
40.57,3.443033
40.575,3.443029
40.58,3.443017
40.585,3.443027
40.59,3.443096
40.595,3.44321
40.6,3.443334
40.605,3.443436
40.61,3.443503
40.615,3.443535
40.62,3.44354
40.625,3.443531
40.63,3.443517
40.635,3.443504
40.64,3.443496
40.645,3.443493
40.65,3.443509
40.655,3.443583
40.66,3.443701
40.665,3.443828
40.67,3.443933
40.675,3.444002
40.68,3.444035
40.685,3.444041
40.69,3.444032
40.695,3.444017
40.7,3.444004
40.705,3.443996
40.71,3.443993
40.715,3.443993
40.72,3.443995
40.725,3.443998
40.73,3.444
40.735,3.444001
40.74,3.444001
40.745,3.444001
40.75,3.444001
40.755,3.444
40.76,3.444
40.765,3.444
40.77,3.444
40.775,3.444
40.78,3.444
40.785,3.444
40.79,3.444
40.795,3.444
40.8,3.444
40.805,3.444
40.81,3.444
40.815,3.444
40.82,3.444
40.825,3.444
40.83,3.444
40.835,3.444
40.84,3.444
40.845,3.444
40.85,3.444
40.855,3.443984
40.86,3.443912
40.865,3.443797
40.87,3.443671
40.875,3.443537
40.88,3.44338
40.885,3.443225
40.89,3.443075
40.895,3.44291
40.9,3.442748
40.905,3.442613
40.91,3.442521
40.915,3.442472
40.92,3.442456
40.925,3.442423
40.93,3.442343
40.935,3.442233
40.94,3.442125
40.945,3.442041
40.95,3.441989
40.955,3.441967
40.96,3.441966
40.965,3.441976
40.97,3.441988
40.975,3.441998
40.98,3.442005
40.985,3.442006
40.99,3.442006
40.995,3.442004
41,3.442002
41.005,3.442
41.01,3.441999
41.015,3.441999
41.02,3.441999
41.025,3.441999
41.03,3.442
41.035,3.442
41.04,3.442
41.045,3.442
41.05,3.442
41.055,3.442
41.06,3.442
41.065,3.442
41.07,3.442
41.075,3.442
41.08,3.442
41.085,3.442
41.09,3.442
41.095,3.442
41.1,3.442
41.105,3.442
41.11,3.442
41.115,3.442
41.12,3.442
41.125,3.442
41.13,3.442
41.135,3.442
41.14,3.442
41.145,3.442
41.15,3.442
41.155,3.442
41.16,3.442
41.165,3.442
41.17,3.442
41.175,3.442
41.18,3.442
41.185,3.442
41.19,3.442
41.195,3.442
41.2,3.442
41.205,3.442
41.21,3.442
41.215,3.442
41.22,3.442
41.225,3.442
41.23,3.442
41.235,3.442
41.24,3.442
41.245,3.442
41.25,3.442
41.255,3.442
41.26,3.442
41.265,3.442
41.27,3.442
41.275,3.442
41.28,3.442
41.285,3.442
41.29,3.442
41.295,3.442
41.3,3.442
41.305,3.442
41.31,3.442
41.315,3.442
41.32,3.442
41.325,3.442001
41.33,3.442036
41.335,3.442128
41.34,3.442252
41.345,3.442371
41.35,3.442463
41.355,3.442517
41.36,3.442539
41.365,3.442538
41.37,3.442526
41.375,3.442512
41.38,3.442501
41.385,3.442494
41.39,3.442493
41.395,3.442513
41.4,3.442592
41.405,3.442712
41.41,3.442837
41.415,3.44294
41.42,3.443006
41.425,3.443036
41.43,3.443045
41.435,3.443084
41.44,3.443172
41.445,3.443285
41.45,3.443392
41.455,3.443472
41.46,3.443518
41.465,3.443536
41.47,3.443534
41.475,3.443532
41.48,3.443581
41.485,3.443681
41.49,3.443801
41.495,3.443909
41.5,3.443986
41.505,3.444027
41.51,3.444039
41.515,3.444034
41.52,3.444021
41.525,3.444008
41.53,3.443998
41.535,3.443994
41.54,3.443993
41.545,3.443995
41.55,3.443997
41.555,3.443999
41.56,3.444
41.565,3.444001
41.57,3.444001
41.575,3.444005
41.58,3.444051
41.585,3.444152
41.59,3.444277
41.595,3.444392
41.6,3.444476
41.605,3.444524
41.61,3.44454
41.615,3.444536
41.62,3.444523
41.625,3.444509
41.63,3.444499
41.635,3.444494
41.64,3.444493
41.645,3.444494
41.65,3.444497
41.655,3.444499
41.66,3.4445
41.665,3.444501
41.67,3.444501
41.675,3.444501
41.68,3.4445
41.685,3.4445
41.69,3.4445
41.695,3.4445
41.7,3.4445
41.705,3.4445
41.71,3.4445
41.715,3.4445
41.72,3.4445
41.725,3.4445
41.73,3.4445
41.735,3.4445
41.74,3.4445
41.745,3.4445
41.75,3.4445
41.755,3.4445
41.76,3.4445
41.765,3.4445
41.77,3.4445
41.775,3.444501
41.78,3.444538
41.785,3.444631
41.79,3.444754
41.795,3.444873
41.8,3.444964
41.805,3.445018
41.81,3.445039
41.815,3.445038
41.82,3.445026
41.825,3.445012
41.83,3.445001
41.835,3.444994
41.84,3.444993
41.845,3.444994
41.85,3.444996
41.855,3.444998
41.86,3.445
41.865,3.445001
41.87,3.445001
41.875,3.445001
41.88,3.445001
41.885,3.445
41.89,3.445
41.895,3.445
41.9,3.445
41.905,3.445
41.91,3.445
41.915,3.445
41.92,3.445
41.925,3.445
41.93,3.445
41.935,3.445
41.94,3.445
41.945,3.444976
41.95,3.444896
41.955,3.444776
41.96,3.444653
41.965,3.444554
41.97,3.444492
41.975,3.444463
41.98,3.44446
41.985,3.444471
41.99,3.444485
41.995,3.444497
42,3.444505
42.005,3.444507
42.01,3.444507
42.015,3.444505
42.02,3.444502
42.025,3.4445
42.03,3.444499
42.035,3.444499
42.04,3.444499
42.045,3.444499
42.05,3.4445
42.055,3.4445
42.06,3.4445
42.065,3.4445
42.07,3.4445
42.075,3.4445
42.08,3.4445
42.085,3.4445
42.09,3.4445
42.095,3.4445
42.1,3.4445
42.105,3.4445
42.11,3.4445
42.115,3.4445
42.12,3.4445
42.125,3.4445
42.13,3.4445
42.135,3.4445
42.14,3.4445
42.145,3.4445
42.15,3.4445
42.155,3.4445
42.16,3.4445
42.165,3.4445
42.17,3.4445
42.175,3.4445
42.18,3.4445
42.185,3.4445
42.19,3.4445
42.195,3.4445
42.2,3.4445
42.205,3.4445
42.21,3.4445
42.215,3.4445
42.22,3.4445
42.225,3.4445
42.23,3.4445
42.235,3.4445
42.24,3.4445
42.245,3.4445
42.25,3.4445
42.255,3.4445
42.26,3.4445
42.265,3.4445
42.27,3.4445
42.275,3.4445
42.28,3.4445
42.285,3.4445
42.29,3.4445
42.295,3.4445
42.3,3.445
42.305,3.445
42.31,3.445
42.315,3.445
42.32,3.445
42.325,3.445
42.33,3.445
42.335,3.445
42.34,3.445
42.345,3.445
42.35,3.445
42.355,3.445
42.36,3.445
42.365,3.445
42.37,3.445
42.375,3.445
42.38,3.445
42.385,3.445
42.39,3.445
42.395,3.445
42.4,3.445
42.405,3.445
42.41,3.445021
42.415,3.445098
42.42,3.445216
42.425,3.44534
42.43,3.445441
42.435,3.445506
42.44,3.445536
42.445,3.44554
42.45,3.44553
42.455,3.445516
42.46,3.445503
42.465,3.445496
42.47,3.445493
42.475,3.445493
42.48,3.445495
42.485,3.445499
42.49,3.445534
42.495,3.445625
42.5,3.445766
42.505,3.445962
42.51,3.446171
42.515,3.446352
42.52,3.446506
42.525,3.446659
42.53,3.4468
42.535,3.446913
42.54,3.446987
42.545,3.447024
42.55,3.447035
42.555,3.447029
42.56,3.447017
42.565,3.447032
42.57,3.447108
42.575,3.447225
42.58,3.447347
42.585,3.447446
42.59,3.447508
42.595,3.44754
42.6,3.447589
42.605,3.447679
42.61,3.447789
42.615,3.447893
42.62,3.447986
42.625,3.448102
42.63,3.448234
42.635,3.448358
42.64,3.448452
42.645,3.448509
42.65,3.448534
42.655,3.448536
42.66,3.448525
42.665,3.448512
42.67,3.448501
42.675,3.448495
42.68,3.448493
42.685,3.448494
42.69,3.448496
42.695,3.448498
42.7,3.4485
42.705,3.448501
42.71,3.448501
42.715,3.448501
42.72,3.448501
42.725,3.4485
42.73,3.4485
42.735,3.4485
42.74,3.4485
42.745,3.4485
42.75,3.4485
42.755,3.4485
42.76,3.4485
42.765,3.4485
42.77,3.4485
42.775,3.4485
42.78,3.4485
42.785,3.44849
42.79,3.448427
42.795,3.448317
42.8,3.448191
42.805,3.448082
42.81,3.448007
42.815,3.447935
42.82,3.447836
42.825,3.44772
42.83,3.447614
42.835,3.447529
42.84,3.44743
42.845,3.447307
42.85,3.447182
42.855,3.447067
42.86,3.446932
42.865,3.446785
42.87,3.446651
42.875,3.446549
42.88,3.446489
42.885,3.446463
42.89,3.446462
42.895,3.446473
42.9,3.446487
42.905,3.446499
42.91,3.446505
42.915,3.446507
42.92,3.446507
42.925,3.446491
42.93,3.446422
42.935,3.446307
42.94,3.446181
42.945,3.446074
42.95,3.446002
42.955,3.445967
42.96,3.445959
42.965,3.445968
42.97,3.445982
42.975,3.445995
42.98,3.446003
42.985,3.446007
42.99,3.446007
42.995,3.446005
43,3.446003
43.005,3.446001
43.01,3.445999
43.015,3.445999
43.02,3.445999
43.025,3.445999
43.03,3.446
43.035,3.446
43.04,3.446
43.045,3.446
43.05,3.446
43.055,3.446
43.06,3.446
43.065,3.446
43.07,3.446
43.075,3.446
43.08,3.446
43.085,3.446
43.09,3.446
43.095,3.446
43.1,3.446
43.105,3.446
43.11,3.446
43.115,3.446
43.12,3.446
43.125,3.446
43.13,3.446
43.135,3.446
43.14,3.446
43.145,3.446
43.15,3.446
43.155,3.446
43.16,3.446
43.165,3.446
43.17,3.446
43.175,3.446
43.18,3.446
43.185,3.446
43.19,3.446
43.195,3.446
43.2,3.446
43.205,3.446
43.21,3.446
43.215,3.446
43.22,3.446
43.225,3.446
43.23,3.446
43.235,3.446
43.24,3.446
43.245,3.446
43.25,3.446
43.255,3.446
43.26,3.446
43.265,3.446
43.27,3.446
43.275,3.446
43.28,3.446
43.285,3.446
43.29,3.446
43.295,3.446
43.3,3.446
43.305,3.446
43.31,3.446
43.315,3.446
43.32,3.446
43.325,3.446
43.33,3.446
43.335,3.446
43.34,3.446
43.345,3.446
43.35,3.446
43.355,3.446
43.36,3.446017
43.365,3.44609
43.37,3.446206
43.375,3.44633
43.38,3.446434
43.385,3.446507
43.39,3.446591
43.395,3.446702
43.4,3.446818
43.405,3.446917
43.41,3.446987
43.415,3.447059
43.42,3.447162
43.425,3.447293
43.43,3.447468
43.435,3.447662
43.44,3.447834
43.445,3.447958
43.45,3.448029
43.455,3.448054
43.46,3.44805
43.465,3.448033
43.47,3.448013
43.475,3.447999
43.48,3.448015
43.485,3.448094
43.49,3.448215
43.495,3.44836
43.5,3.448536
43.505,3.448717
43.51,3.448877
43.515,3.449035
43.52,3.449197
43.525,3.44934
43.53,3.449446
43.535,3.449509
43.54,3.449536
43.545,3.44954
43.55,3.449569
43.555,3.44965
43.56,3.449763
43.565,3.449874
43.57,3.449961
43.575,3.450013
43.58,3.450035
43.585,3.450036
43.59,3.450025
43.595,3.450012
43.6,3.450001
43.605,3.449995
43.61,3.449993
43.615,3.449994
43.62,3.449996
43.625,3.449998
43.63,3.45
43.635,3.450001
43.64,3.450001
43.645,3.450001
43.65,3.450001
43.655,3.45
43.66,3.45
43.665,3.45
43.67,3.45
43.675,3.45
43.68,3.45
43.685,3.45
43.69,3.45
43.695,3.449999
43.7,3.44997
43.705,3.449883
43.71,3.449761
43.715,3.44964
43.72,3.449545
43.725,3.449487
43.73,3.44944
43.735,3.449361
43.74,3.449254
43.745,3.449145
43.75,3.449048
43.755,3.448933
43.76,3.448788
43.765,3.448595
43.77,3.448381
43.775,3.44819
43.78,3.44805
43.785,3.44797
43.79,3.447941
43.795,3.447944
43.8,3.447963
43.805,3.447985
43.81,3.448001
43.815,3.447998
43.82,3.447935
43.825,3.447821
43.83,3.447692
43.835,3.447581
43.84,3.447505
43.845,3.447467
43.85,3.447458
43.855,3.447466
43.86,3.44748
43.865,3.447494
43.87,3.447503
43.875,3.447507
43.88,3.447507
43.885,3.447505
43.89,3.447503
43.895,3.447501
43.9,3.447499
43.905,3.447499
43.91,3.447499
43.915,3.447499
43.92,3.4475
43.925,3.4475
43.93,3.4475
43.935,3.4475
43.94,3.4475
43.945,3.4475
43.95,3.4475
43.955,3.4475
43.96,3.4475
43.965,3.4475
43.97,3.4475
43.975,3.4475
43.98,3.4475
43.985,3.4475
43.99,3.4475
43.995,3.4475
44,3.4475
44.005,3.4475
44.01,3.4475
44.015,3.4475
44.02,3.4475
44.025,3.4475
44.03,3.4475
44.035,3.4475
44.04,3.4475
44.045,3.4475
44.05,3.4475
44.055,3.4475
44.06,3.4475
44.065,3.4475
44.07,3.4475
44.075,3.4475
44.08,3.4475
44.085,3.4475
44.09,3.4475
44.095,3.4475
44.1,3.4475
44.105,3.4475
44.11,3.4475
44.115,3.4475
44.12,3.4475
44.125,3.4475
44.13,3.4475
44.135,3.4475
44.14,3.4475
44.145,3.4475
44.15,3.4475
44.155,3.4475
44.16,3.4475
44.165,3.4475
44.17,3.4475
44.175,3.4475
44.18,3.4475
44.185,3.4475
44.19,3.4475
44.195,3.4475
44.2,3.4475
44.205,3.4475
44.21,3.4475
44.215,3.4475
44.22,3.4475
44.225,3.4475
44.23,3.4475
44.235,3.4475
44.24,3.447515
44.245,3.447584
44.25,3.447698
44.255,3.447823
44.26,3.447928
44.265,3.448002
44.27,3.448081
44.275,3.448187
44.28,3.448313
44.285,3.448477
44.29,3.44866
44.295,3.448826
44.3,3.44895
44.305,3.449056
44.31,3.449175
44.315,3.449297
44.32,3.449402
44.325,3.449476
44.33,3.449521
44.335,3.449585
44.34,3.449685
44.345,3.4498
44.35,3.449903
44.355,3.44999
44.36,3.450098
44.365,3.450225
44.37,3.450347
44.375,3.450443
44.38,3.450506
44.385,3.450575
44.39,3.450675
44.395,3.45079
44.4,3.450895
44.405,3.450972
44.41,3.451017
44.415,3.451033
44.42,3.451031
44.425,3.451021
44.43,3.451009
44.435,3.451
44.44,3.451009
44.445,3.451076
44.45,3.451191
44.455,3.451318
44.46,3.451426
44.465,3.451498
44.47,3.451534
44.475,3.451542
44.48,3.451533
44.485,3.451519
44.49,3.451505
44.495,3.451497
44.5,3.451493
44.505,3.451493
44.51,3.451495
44.515,3.451497
44.52,3.451499
44.525,3.451501
44.53,3.451501
44.535,3.451501
44.54,3.451501
44.545,3.4515
44.55,3.4515
44.555,3.4515
44.56,3.4515
44.565,3.4515
44.57,3.451499
44.575,3.451466
44.58,3.451376
44.585,3.451254
44.59,3.451133
44.595,3.45104
44.6,3.450984
44.605,3.450961
44.61,3.450961
44.615,3.450973
44.62,3.450987
44.625,3.450983
44.63,3.450918
44.635,3.450804
44.64,3.450677
44.645,3.450532
44.65,3.450366
44.655,3.450207
44.66,3.450081
44.665,3.45
44.67,3.449961
44.675,3.44992
44.68,3.44984
44.685,3.449733
44.69,3.449627
44.695,3.449544
44.7,3.449492
44.705,3.449469
44.71,3.449467
44.715,3.449476
44.72,3.449488
44.725,3.449486
44.73,3.449428
44.735,3.449318
44.74,3.449192
44.745,3.449082
44.75,3.449007
44.755,3.448968
44.76,3.448959
44.765,3.448966
44.77,3.44898
44.775,3.448994
44.78,3.449003
44.785,3.449007
44.79,3.449007
44.795,3.449005
44.8,3.449003
44.805,3.449001
44.81,3.448999
44.815,3.448999
44.82,3.448999
44.825,3.448999
44.83,3.449
44.835,3.449
44.84,3.449
44.845,3.449
44.85,3.449
44.855,3.449
44.86,3.449
44.865,3.449
44.87,3.449
44.875,3.449
44.88,3.449
44.885,3.449
44.89,3.449
44.895,3.449
44.9,3.449
44.905,3.449
44.91,3.449
44.915,3.449
44.92,3.449
44.925,3.449
44.93,3.449
44.935,3.449
44.94,3.449
44.945,3.449
44.95,3.449
44.955,3.449
44.96,3.449
44.965,3.449
44.97,3.449
44.975,3.449
44.98,3.449
44.985,3.449006
44.99,3.449059
44.995,3.449164
45,3.449289
45.005,3.449402
45.01,3.449483
45.015,3.449527
45.02,3.449541
45.025,3.449535
45.03,3.449522
45.035,3.449508
45.04,3.449498
45.045,3.449494
45.05,3.449493
45.055,3.449494
45.06,3.449497
45.065,3.449501
45.07,3.44954
45.075,3.449634
45.08,3.449758
45.085,3.449876
45.09,3.449966
45.095,3.450019
45.1,3.450039
45.105,3.450038
45.11,3.45003
45.115,3.450065
45.12,3.450157
45.125,3.450276
45.13,3.450389
45.135,3.450473
45.14,3.450521
45.145,3.450539
45.15,3.450547
45.155,3.450598
45.16,3.450696
45.165,3.450811
45.17,3.450914
45.175,3.450986
45.18,3.451025
45.185,3.451037
45.19,3.451032
45.195,3.45102
45.2,3.451007
45.205,3.450998
45.21,3.450994
45.215,3.450993
45.22,3.450995
45.225,3.451021
45.23,3.451103
45.235,3.451224
45.24,3.451348
45.245,3.451447
45.25,3.451509
45.255,3.451537
45.26,3.45154
45.265,3.451529
45.27,3.451515
45.275,3.451503
45.28,3.451495
45.285,3.451512
45.29,3.451589
45.295,3.451709
45.3,3.451835
45.305,3.451939
45.31,3.452006
45.315,3.452037
45.32,3.452041
45.325,3.452031
45.33,3.452016
45.335,3.452004
45.34,3.451996
45.345,3.451993
45.35,3.451993
45.355,3.451995
45.36,3.451998
45.365,3.452
45.37,3.452001
45.375,3.452001
45.38,3.45201
45.385,3.452068
45.39,3.452176
45.395,3.452301
45.4,3.452412
45.405,3.452489
45.41,3.452529
45.415,3.452541
45.42,3.452534
45.425,3.45252
45.43,3.452507
45.435,3.452498
45.44,3.452493
45.445,3.452493
45.45,3.452495
45.455,3.452497
45.46,3.452499
45.465,3.452501
45.47,3.452501
45.475,3.452501
45.48,3.452501
45.485,3.4525
45.49,3.4525
45.495,3.4525
45.5,3.4525
45.505,3.4525
45.51,3.4525
45.515,3.4525
45.52,3.4525
45.525,3.4525
45.53,3.4525
45.535,3.4525
45.54,3.4525
45.545,3.4525
45.55,3.4525
45.555,3.4525
45.56,3.4525
45.565,3.4525
45.57,3.4525
45.575,3.4525
45.58,3.4525
45.585,3.4525
45.59,3.4525
45.595,3.4525
45.6,3.4525
45.605,3.4525
45.61,3.452474
45.615,3.452392
45.62,3.452271
45.625,3.452149
45.63,3.452051
45.635,3.45199
45.64,3.451963
45.645,3.451961
45.65,3.451971
45.655,3.451986
45.66,3.451998
45.665,3.452005
45.67,3.452007
45.675,3.452007
45.68,3.452004
45.685,3.452002
45.69,3.452
45.695,3.451999
45.7,3.451993
45.705,3.451942
45.71,3.451838
45.715,3.451713
45.72,3.4516
45.725,3.451519
45.73,3.451474
45.735,3.45146
45.74,3.451465
45.745,3.451478
45.75,3.451492
45.755,3.451501
45.76,3.451506
45.765,3.451507
45.77,3.451506
45.775,3.451503
45.78,3.451501
45.785,3.4515
45.79,3.451499
45.795,3.451499
45.8,3.451499
45.805,3.4515
45.81,3.4515
45.815,3.4515
45.82,3.4515
45.825,3.4515
45.83,3.4515
45.835,3.4515
45.84,3.4515
45.845,3.4515
45.85,3.4515
45.855,3.4515
45.86,3.4515
45.865,3.4515
45.87,3.4515
45.875,3.4515
45.88,3.4515
45.885,3.4515
45.89,3.4515
45.895,3.4515
45.9,3.4515
45.905,3.451519
45.91,3.45159
45.915,3.451704
45.92,3.451827
45.925,3.45193
45.93,3.451999
45.935,3.452033
45.94,3.45204
45.945,3.452031
45.95,3.452017
45.955,3.452005
45.96,3.451997
45.965,3.451993
45.97,3.451993
45.975,3.451995
45.98,3.451998
45.985,3.452
45.99,3.452001
45.995,3.452001
46,3.452001
46.005,3.452001
46.01,3.452
46.015,3.452
46.02,3.452
46.025,3.452
46.03,3.452
46.035,3.452
46.04,3.452
46.045,3.452
46.05,3.452
46.055,3.452002
46.06,3.452039
46.065,3.452133
46.07,3.452257
46.075,3.452375
46.08,3.452465
46.085,3.452519
46.09,3.452539
46.095,3.452538
46.1,3.452526
46.105,3.452511
46.11,3.4525
46.115,3.452494
46.12,3.452493
46.125,3.452494
46.13,3.452496
46.135,3.452499
46.14,3.452523
46.145,3.452603
46.15,3.452722
46.155,3.452866
46.16,3.453042
46.165,3.453224
46.17,3.453376
46.175,3.453482
46.18,3.453574
46.185,3.453684
46.19,3.4538
46.195,3.453901
46.2,3.453974
46.205,3.454015
46.21,3.454031
46.215,3.454029
46.22,3.454026
46.225,3.454071
46.23,3.45417
46.235,3.454292
46.24,3.454402
46.245,3.454482
46.25,3.454526
46.255,3.45454
46.26,3.454536
46.265,3.454555
46.27,3.45463
46.275,3.454743
46.28,3.454858
46.285,3.454951
46.29,3.455009
46.295,3.455035
46.3,3.455038
46.305,3.455027
46.31,3.455014
46.315,3.455002
46.32,3.454996
46.325,3.454993
46.33,3.454994
46.335,3.454996
46.34,3.454998
46.345,3.455
46.35,3.455001
46.355,3.455001
46.36,3.455001
46.365,3.455001
46.37,3.455
46.375,3.455
46.38,3.455
46.385,3.455
46.39,3.454994
46.395,3.454941
46.4,3.454836
46.405,3.454711
46.41,3.454598
46.415,3.454517
46.42,3.454473
46.425,3.454459
46.43,3.454465
46.435,3.454464
46.44,3.454408
46.445,3.454303
46.45,3.454183
46.455,3.454077
46.46,3.453969
46.465,3.453839
46.47,3.453706
46.475,3.45359
46.48,3.453466
46.485,3.453324
46.49,3.453187
46.495,3.453076
46.5,3.453004
46.505,3.452969
46.51,3.452962
46.515,3.45297
46.52,3.452983
46.525,3.452996
46.53,3.453002
46.535,3.452969
46.54,3.452876
46.545,3.452751
46.55,3.452629
46.555,3.452536
46.56,3.452481
46.565,3.45246
46.57,3.452461
46.575,3.452473
46.58,3.452488
46.585,3.452499
46.59,3.452506
46.595,3.452508
46.6,3.452506
46.605,3.452504
46.61,3.452502
46.615,3.4525
46.62,3.452499
46.625,3.452499
46.63,3.452499
46.635,3.452499
46.64,3.4525
46.645,3.4525
46.65,3.4525
46.655,3.4525
46.66,3.4525
46.665,3.4525
46.67,3.4525
46.675,3.4525
46.68,3.4525
46.685,3.4525
46.69,3.4525
46.695,3.4525
46.7,3.4525
46.705,3.4525
46.71,3.4525
46.715,3.4525
46.72,3.4525
46.725,3.4525
46.73,3.4525
46.735,3.4525
46.74,3.4525
46.745,3.4525
46.75,3.4525
46.755,3.4525
46.76,3.4525
46.765,3.4525
46.77,3.4525
46.775,3.4525
46.78,3.4525
46.785,3.4525
46.79,3.4525
46.795,3.4525
46.8,3.4525
46.805,3.4525
46.81,3.4525
46.815,3.4525
46.82,3.4525
46.825,3.4525
46.83,3.4525
46.835,3.4525
46.84,3.4525
46.845,3.4525
46.85,3.4525
46.855,3.4525
46.86,3.4525
46.865,3.4525
46.87,3.4525
46.875,3.4525
46.88,3.4525
46.885,3.4525
46.89,3.4525
46.895,3.452502
46.9,3.452539
46.905,3.452633
46.91,3.452757
46.915,3.452875
46.92,3.452965
46.925,3.453019
46.93,3.453039
46.935,3.453038
46.94,3.453026
46.945,3.453011
46.95,3.453
46.955,3.452994
46.96,3.452993
46.965,3.452994
46.97,3.452996
46.975,3.452998
46.98,3.453015
46.985,3.453085
46.99,3.453199
46.995,3.453324
47,3.453429
47.005,3.453499
47.01,3.453533
47.015,3.45354
47.02,3.453532
47.025,3.453518
47.03,3.453527
47.035,3.453596
47.04,3.453711
47.045,3.453835
47.05,3.453937
47.055,3.454009
47.06,3.454091
47.065,3.454199
47.07,3.454315
47.075,3.454415
47.08,3.454484
47.085,3.454522
47.09,3.454533
47.095,3.454529
47.1,3.454518
47.105,3.454506
47.11,3.454498
47.115,3.454494
47.12,3.454494
47.125,3.454495
47.13,3.454497
47.135,3.454513
47.14,3.454582
47.145,3.454697
47.15,3.454822
47.155,3.454927
47.16,3.454998
47.165,3.455033
47.17,3.45504
47.175,3.455032
47.18,3.455018
47.185,3.455005
47.19,3.454997
47.195,3.454993
47.2,3.454993
47.205,3.454995
47.21,3.454997
47.215,3.454999
47.22,3.455001
47.225,3.455001
47.23,3.455001
47.235,3.455001
47.24,3.455
47.245,3.455
47.25,3.455
47.255,3.455
47.26,3.455
47.265,3.455
47.27,3.455
47.275,3.455
47.28,3.455
47.285,3.455
47.29,3.455
47.295,3.455
47.3,3.455
47.305,3.455
47.31,3.455
47.315,3.455
47.32,3.455
47.325,3.455
47.33,3.455
47.335,3.455
47.34,3.455
47.345,3.455
47.35,3.455
47.355,3.455
47.36,3.455
47.365,3.455
47.37,3.455
47.375,3.455
47.38,3.455
47.385,3.455
47.39,3.455
47.395,3.455
47.4,3.455
47.405,3.455
47.41,3.455
47.415,3.455
47.42,3.455
47.425,3.455
47.43,3.455
47.435,3.455
47.44,3.455
47.445,3.455
47.45,3.455
47.455,3.455
47.46,3.455
47.465,3.455
47.47,3.455
47.475,3.455
47.48,3.455
47.485,3.455
47.49,3.455
47.495,3.455
47.5,3.455
47.505,3.455
47.51,3.455
47.515,3.455019
47.52,3.455094
47.525,3.455211
47.53,3.455335
47.535,3.455437
47.54,3.455504
47.545,3.455535
47.55,3.45554
47.555,3.455531
47.56,3.455516
47.565,3.455504
47.57,3.455496
47.575,3.455493
47.58,3.455493
47.585,3.455495
47.59,3.455498
47.595,3.4555
47.6,3.455501
47.605,3.455529
47.61,3.455614
47.615,3.455734
47.62,3.455856
47.625,3.455952
47.63,3.456012
47.635,3.456037
47.64,3.456039
47.645,3.456028
47.65,3.456014
47.655,3.456002
47.66,3.455995
47.665,3.455993
47.67,3.456013
47.675,3.456092
47.68,3.456212
47.685,3.456337
47.69,3.45644
47.695,3.456506
47.7,3.456536
47.705,3.456541
47.71,3.456531
47.715,3.456516
47.72,3.456504
47.725,3.456496
47.73,3.456493
47.735,3.456493
47.74,3.456495
47.745,3.456498
47.75,3.4565
47.755,3.456501
47.76,3.456509
47.765,3.456567
47.77,3.456674
47.775,3.456799
47.78,3.45691
47.785,3.456988
47.79,3.457029
47.795,3.457041
47.8,3.457034
47.805,3.457021
47.81,3.457007
47.815,3.456998
47.82,3.456993
47.825,3.456993
47.83,3.456995
47.835,3.456997
47.84,3.456999
47.845,3.457001
47.85,3.457001
47.855,3.457001
47.86,3.457001
47.865,3.457
47.87,3.457
47.875,3.457
47.88,3.457
47.885,3.457
47.89,3.457
47.895,3.456996
47.9,3.456948
47.905,3.456846
47.91,3.456721
47.915,3.456606
47.92,3.456522
47.925,3.456475
47.93,3.45646
47.935,3.456464
47.94,3.456477
47.945,3.456491
47.95,3.456501
47.955,3.456506
47.96,3.456507
47.965,3.456506
47.97,3.456503
47.975,3.456487
47.98,3.456416
47.985,3.456301
47.99,3.456176
47.995,3.456071
48,3.456001
48.005,3.455967
48.01,3.45594
48.015,3.455872
48.02,3.455769
48.025,3.455658
48.03,3.455565
48.035,3.455502
48.04,3.455472
48.045,3.455465
48.05,3.455472
48.055,3.455484
48.06,3.455496
48.065,3.455493
48.07,3.455434
48.075,3.455323
48.08,3.455196
48.085,3.455085
48.09,3.455008
48.095,3.454969
48.1,3.454958
48.105,3.454966
48.11,3.45498
48.115,3.454993
48.12,3.455003
48.125,3.455007
48.13,3.455007
48.135,3.455005
48.14,3.455003
48.145,3.455001
48.15,3.454999
48.155,3.454999
48.16,3.454999
48.165,3.454999
48.17,3.455
48.175,3.455
48.18,3.455
48.185,3.455
48.19,3.455
48.195,3.455
48.2,3.455
48.205,3.455
48.21,3.455
48.215,3.455
48.22,3.455
48.225,3.455
48.23,3.455
48.235,3.455
48.24,3.455
48.245,3.455
48.25,3.455
48.255,3.455
48.26,3.455
48.265,3.455
48.27,3.455
48.275,3.455
48.28,3.455
48.285,3.455
48.29,3.455
48.295,3.455
48.3,3.455
48.305,3.455
48.31,3.455007
48.315,3.455062
48.32,3.455168
48.325,3.455294
48.33,3.455406
48.335,3.455485
48.34,3.455528
48.345,3.455541
48.35,3.455535
48.355,3.455521
48.36,3.455508
48.365,3.455498
48.37,3.455493
48.375,3.455507
48.38,3.455576
48.385,3.455693
48.39,3.45582
48.395,3.455927
48.4,3.455999
48.405,3.456034
48.41,3.456057
48.415,3.456118
48.42,3.456219
48.425,3.456331
48.43,3.456427
48.435,3.456493
48.44,3.456527
48.445,3.456535
48.45,3.456529
48.455,3.456517
48.46,3.456505
48.465,3.456498
48.47,3.456494
48.475,3.456494
48.48,3.456495
48.485,3.456508
48.49,3.456572
48.495,3.456684
48.5,3.45681
48.505,3.456919
48.51,3.456993
48.515,3.457031
48.52,3.457041
48.525,3.457033
48.53,3.457019
48.535,3.457006
48.54,3.456997
48.545,3.456993
48.55,3.456993
48.555,3.456995
48.56,3.456997
48.565,3.456999
48.57,3.457001
48.575,3.457002
48.58,3.457031
48.585,3.457118
48.59,3.457239
48.595,3.45736
48.6,3.457455
48.605,3.457513
48.61,3.457552
48.615,3.457623
48.62,3.457726
48.625,3.457837
48.63,3.45793
48.635,3.457994
48.64,3.458026
48.645,3.458034
48.65,3.458028
48.655,3.458016
48.66,3.458005
48.665,3.457997
48.67,3.45801
48.675,3.458082
48.68,3.458199
48.685,3.458326
48.69,3.458431
48.695,3.458501
48.7,3.458535
48.705,3.458541
48.71,3.458532
48.715,3.458518
48.72,3.458505
48.725,3.458496
48.73,3.458493
48.735,3.458493
48.74,3.458495
48.745,3.458498
48.75,3.4585
48.755,3.458501
48.76,3.458501
48.765,3.458501
48.77,3.458501
48.775,3.4585
48.78,3.4585
48.785,3.4585
48.79,3.4585
48.795,3.4585
48.8,3.4585
48.805,3.4585
48.81,3.4585
48.815,3.4585
48.82,3.4585
48.825,3.458491
48.83,3.458431
48.835,3.458322
48.84,3.458196
48.845,3.458086
48.85,3.45801
48.855,3.45797
48.86,3.457959
48.865,3.457966
48.87,3.45798
48.875,3.457969
48.88,3.457896
48.885,3.457765
48.89,3.457572
48.895,3.457357
48.9,3.457168
48.905,3.457034
48.91,3.45696
48.915,3.456936
48.92,3.456919
48.925,3.456859
48.93,3.456761
48.935,3.456654
48.94,3.456563
48.945,3.456503
48.95,3.456472
48.955,3.456466
48.96,3.456473
48.965,3.456485
48.97,3.456496
48.975,3.456503
48.98,3.456506
48.985,3.456506
48.99,3.456504
48.995,3.456502
49,3.4565
49.005,3.456499
49.01,3.456499
49.015,3.456499
49.02,3.456499
49.025,3.4565
49.03,3.4565
49.035,3.4565
49.04,3.4565
49.045,3.4565
49.05,3.4565
49.055,3.4565
49.06,3.4565
49.065,3.4565
49.07,3.4565
49.075,3.4565
49.08,3.4565
49.085,3.4565
49.09,3.4565
49.095,3.4565
49.1,3.4565
49.105,3.4565
49.11,3.4565
49.115,3.4565
49.12,3.4565
49.125,3.4565
49.13,3.4565
49.135,3.4565
49.14,3.4565
49.145,3.4565
49.15,3.4565
49.155,3.4565
49.16,3.4565
49.165,3.4565
49.17,3.4565
49.175,3.4565
49.18,3.4565
49.185,3.4565
49.19,3.4565
49.195,3.4565
49.2,3.4565
49.205,3.4565
49.21,3.4565
49.215,3.4565
49.22,3.4565
49.225,3.4565
49.23,3.4565
49.235,3.4565
49.24,3.4565
49.245,3.4565
49.25,3.4565
49.255,3.4565
49.26,3.4565
49.265,3.4565
49.27,3.4565
49.275,3.4565
49.28,3.4565
49.285,3.4565
49.29,3.4565
49.295,3.4565
49.3,3.4565
49.305,3.4565
49.31,3.4565
49.315,3.4565
49.32,3.456512
49.325,3.456576
49.33,3.456688
49.335,3.456814
49.34,3.456921
49.345,3.456994
49.35,3.457032
49.355,3.457041
49.36,3.457033
49.365,3.457019
49.37,3.457006
49.375,3.457002
49.38,3.457049
49.385,3.457152
49.39,3.457279
49.395,3.457396
49.4,3.457509
49.405,3.457641
49.41,3.457778
49.415,3.457895
49.42,3.457977
49.425,3.458022
49.43,3.458037
49.435,3.458033
49.44,3.45802
49.445,3.458008
49.45,3.457998
49.455,3.457994
49.46,3.457993
49.465,3.458012
49.47,3.458087
49.475,3.458205
49.48,3.458331
49.485,3.458435
49.49,3.458503
49.495,3.458535
49.5,3.458541
49.505,3.458531
49.51,3.458517
49.515,3.458504
49.52,3.458496
49.525,3.458493
49.53,3.458493
49.535,3.458495
49.54,3.458498
49.545,3.4585
49.55,3.458501
49.555,3.458508
49.56,3.458563
49.565,3.458669
49.57,3.458794
49.575,3.458906
49.58,3.458985
49.585,3.459028
49.59,3.459041
49.595,3.459035
49.6,3.459021
49.605,3.459008
49.61,3.458998
49.615,3.458993
49.62,3.458993
49.625,3.458994
49.63,3.458997
49.635,3.458999
49.64,3.459
49.645,3.459001
49.65,3.459001
49.655,3.459001
49.66,3.459027
49.665,3.459111
49.67,3.459231
49.675,3.459353
49.68,3.45945
49.685,3.459511
49.69,3.459537
49.695,3.459539
49.7,3.459528
49.705,3.459514
49.71,3.459502
49.715,3.459495
49.72,3.459493
49.725,3.459493
49.73,3.459496
49.735,3.459498
49.74,3.4595
49.745,3.459501
49.75,3.459501
49.755,3.459501
49.76,3.459501
49.765,3.4595
49.77,3.4595
49.775,3.4595
49.78,3.4595
49.785,3.459484
49.79,3.459414
49.795,3.459299
49.8,3.459174
49.805,3.45907
49.81,3.459
49.815,3.458966
49.82,3.45896
49.825,3.458968
49.83,3.458982
49.835,3.458995
49.84,3.459004
49.845,3.459007
49.85,3.459007
49.855,3.459003
49.86,3.458959
49.865,3.458861
49.87,3.458735
49.875,3.458617
49.88,3.458529
49.885,3.458479
49.89,3.45846
49.895,3.458452
49.9,3.458403
49.905,3.458306
49.91,3.458191
49.915,3.458088
49.92,3.458015
49.925,3.457975
49.93,3.457963
49.935,3.457968
49.94,3.45798
49.945,3.457993
49.95,3.458002
49.955,3.458006
49.96,3.458002
49.965,3.457951
49.97,3.457847
49.975,3.457719
49.98,3.457603
49.985,3.45752
49.99,3.457474
49.995,3.457459
50,3.457464
50.005,3.457477
50.01,3.457491
50.015,3.457501
50.02,3.457506
50.025,3.457507
50.03,3.457506
50.035,3.457503
50.04,3.457501
50.045,3.4575
50.05,3.457499
50.055,3.457499
50.06,3.457499
50.065,3.4575
50.07,3.4575
50.075,3.4575
50.08,3.4575
50.085,3.4575
50.09,3.4575
50.095,3.4575
50.1,3.4575
50.105,3.4575
50.11,3.4575
50.115,3.4575
50.12,3.4575
50.125,3.4575
50.13,3.4575
50.135,3.4575
50.14,3.4575
50.145,3.4575
50.15,3.4575
50.155,3.4575
50.16,3.4575
50.165,3.4575
50.17,3.4575
50.175,3.4575
50.18,3.4575
50.185,3.457508
50.19,3.457565
50.195,3.457673
50.2,3.457799
50.205,3.45791
50.21,3.457988
50.215,3.458029
50.22,3.458041
50.225,3.458034
50.23,3.458021
50.235,3.458007
50.24,3.457998
50.245,3.457993
50.25,3.457993
50.255,3.457995
50.26,3.457997
50.265,3.457999
50.27,3.458015
50.275,3.458085
50.28,3.458199
50.285,3.458324
50.29,3.458429
50.295,3.458499
50.3,3.458534
50.305,3.458571
50.31,3.458649
50.315,3.458757
50.32,3.458865
50.325,3.458952
50.33,3.459006
50.335,3.459031
50.34,3.459034
50.345,3.459025
50.35,3.459013
50.355,3.459002
50.36,3.458996
50.365,3.458994
50.37,3.459003
50.375,3.459063
50.38,3.459174
50.385,3.459301
50.39,3.459413
50.395,3.45949
50.4,3.45953
50.405,3.459541
50.41,3.459534
50.415,3.45952
50.42,3.459507
50.425,3.459498
50.43,3.459493
50.435,3.459493
50.44,3.459495
50.445,3.459497
50.45,3.459499
50.455,3.459501
50.46,3.459501
50.465,3.459501
50.47,3.459501
50.475,3.4595
50.48,3.4595
50.485,3.459506
50.49,3.459559
50.495,3.459663
50.5,3.459789
50.505,3.459902
50.51,3.459983
50.515,3.460027
50.52,3.460041
50.525,3.460035
50.53,3.460022
50.535,3.460008
50.54,3.459998
50.545,3.459994
50.55,3.459993
50.555,3.459994
50.56,3.459997
50.565,3.459999
50.57,3.46
50.575,3.460001
50.58,3.460001
50.585,3.460001
50.59,3.46
50.595,3.46
50.6,3.46
50.605,3.46
50.61,3.460014
50.615,3.460084
50.62,3.460198
50.625,3.460323
50.63,3.460428
50.635,3.460499
50.64,3.460533
50.645,3.460541
50.65,3.460532
50.655,3.460518
50.66,3.460505
50.665,3.460497
50.67,3.460493
50.675,3.460493
50.68,3.460495
50.685,3.460497
50.69,3.460499
50.695,3.460501
50.7,3.460501
50.705,3.460501
50.71,3.460501
50.715,3.4605
50.72,3.4605
50.725,3.4605
50.73,3.4605
50.735,3.4605
50.74,3.4605
50.745,3.4605
50.75,3.4605
50.755,3.4605
50.76,3.4605
50.765,3.4605
50.77,3.4605
50.775,3.4605
50.78,3.4605
50.785,3.4605
50.79,3.4605
50.795,3.4605
50.8,3.4605
50.805,3.4605
50.81,3.4605
50.815,3.4605
50.82,3.4605
50.825,3.4605
50.83,3.460479
50.835,3.460402
50.84,3.460284
50.845,3.46016
50.85,3.460059
50.855,3.459994
50.86,3.459964
50.865,3.45996
50.87,3.45997
50.875,3.459984
50.88,3.459997
50.885,3.460004
50.89,3.460007
50.895,3.460007
50.9,3.460005
50.905,3.460002
50.91,3.46
50.915,3.459999
50.92,3.459999
50.925,3.459999
50.93,3.459999
50.935,3.46
50.94,3.46
50.945,3.46
50.95,3.46
50.955,3.46
50.96,3.46
50.965,3.46
50.97,3.46
50.975,3.46
50.98,3.46
50.985,3.46
50.99,3.46
50.995,3.46
51,3.46
51.005,3.46
51.01,3.46
51.015,3.46
51.02,3.46
51.025,3.46
51.03,3.46
51.035,3.46
51.04,3.46
51.045,3.46
51.05,3.46
51.055,3.46
51.06,3.46
51.065,3.46
51.07,3.46
51.075,3.46
51.08,3.46
51.085,3.46
51.09,3.46
51.095,3.46
51.1,3.46
51.105,3.46
51.11,3.46
51.115,3.46
51.12,3.46
51.125,3.46
51.13,3.46
51.135,3.46
51.14,3.46
51.145,3.46
51.15,3.46
51.155,3.460013
51.16,3.460066
51.165,3.460167
51.17,3.460288
51.175,3.460398
51.18,3.460478
51.185,3.460523
51.19,3.460538
51.195,3.460534
51.2,3.460522
51.205,3.460509
51.21,3.460499
51.215,3.460494
51.22,3.460493
51.225,3.460494
51.23,3.460497
51.235,3.460499
51.24,3.4605
51.245,3.460501
51.25,3.460501
51.255,3.460501
51.26,3.4605
51.265,3.4605
51.27,3.4605
51.275,3.4605
51.28,3.4605
51.285,3.4605
51.29,3.4605
51.295,3.4605
51.3,3.4605
51.305,3.4605
51.31,3.4605
51.315,3.4605
51.32,3.460507
51.325,3.460562
51.33,3.460668
51.335,3.460794
51.34,3.460921
51.345,3.461069
51.35,3.461226
51.355,3.461364
51.36,3.461463
51.365,3.46152
51.37,3.461546
51.375,3.461596
51.38,3.461687
51.385,3.461797
51.39,3.4619
51.395,3.461975
51.4,3.462021
51.405,3.462079
51.41,3.462174
51.415,3.462287
51.42,3.462393
51.425,3.462471
51.43,3.462516
51.435,3.462534
51.44,3.462542
51.445,3.462594
51.45,3.462693
51.455,3.462809
51.46,3.462913
51.465,3.462986
51.47,3.463035
51.475,3.463108
51.48,3.463213
51.485,3.463326
51.49,3.463423
51.495,3.463489
51.5,3.463524
51.505,3.463534
51.51,3.463529
51.515,3.463517
51.52,3.463506
51.525,3.463498
51.53,3.463494
51.535,3.463494
51.54,3.463495
51.545,3.463498
51.55,3.463499
51.555,3.4635
51.56,3.463501
51.565,3.463501
51.57,3.463501
51.575,3.4635
51.58,3.46349
51.585,3.463429
51.59,3.463319
51.595,3.463193
51.6,3.463084
51.605,3.463009
51.61,3.46297
51.615,3.462959
51.62,3.462962
51.625,3.462928
51.63,3.46284
51.635,3.462715
51.64,3.462547
51.645,3.462356
51.65,3.462182
51.655,3.462052
51.66,3.461952
51.665,3.461841
51.67,3.461723
51.675,3.461617
51.68,3.461515
51.685,3.461388
51.69,3.46125
51.695,3.461126
51.7,3.461036
51.705,3.460983
51.71,3.460963
51.715,3.460965
51.72,3.460976
51.725,3.46099
51.73,3.461
51.735,3.461006
51.74,3.461007
51.745,3.461006
51.75,3.461004
51.755,3.461001
51.76,3.461
51.765,3.460999
51.77,3.460984
51.775,3.460915
51.78,3.460801
51.785,3.460677
51.79,3.460572
51.795,3.460487
51.8,3.460383
51.805,3.460261
51.81,3.460145
51.815,3.460054
51.82,3.459996
51.825,3.45997
51.83,3.459966
51.835,3.459975
51.84,3.459987
51.845,3.459993
51.85,3.45995
51.855,3.45985
51.86,3.459724
51.865,3.459608
51.87,3.459523
51.875,3.459475
51.88,3.459459
51.885,3.459463
51.89,3.459476
51.895,3.459491
51.9,3.459501
51.905,3.459506
51.91,3.459507
51.915,3.459506
51.92,3.459503
51.925,3.459501
51.93,3.4595
51.935,3.459499
51.94,3.459499
51.945,3.459499
51.95,3.4595
51.955,3.459522
51.96,3.4596
51.965,3.459719
51.97,3.459842
51.975,3.459942
51.98,3.460007
51.985,3.460036
51.99,3.46004
51.995,3.46003
52,3.460016
52.005,3.460003
52.01,3.459996
52.015,3.459993
52.02,3.459994
52.025,3.460022
52.03,3.460108
52.035,3.460231
52.04,3.460357
52.045,3.460498
52.05,3.460656
52.055,3.460807
52.06,3.460935
52.065,3.46107
52.07,3.461214
52.075,3.461347
52.08,3.461482
52.085,3.461635
52.09,3.461785
52.095,3.461907
52.1,3.461989
52.105,3.46203
52.11,3.462041
52.115,3.462033
52.12,3.462043
52.125,3.46211
52.13,3.462222
52.135,3.462377
52.14,3.462571
52.145,3.4628
52.15,3.463047
52.155,3.463271
52.16,3.463479
52.165,3.463674
52.17,3.46386
52.175,3.464054
52.18,3.464238
52.185,3.464392
52.19,3.464543
52.195,3.464698
52.2,3.464842
52.205,3.464998
52.21,3.465166
52.215,3.46532
52.22,3.465437
52.225,3.465508
52.23,3.465539
52.235,3.465542
52.24,3.465531
52.245,3.465515
52.25,3.465502
52.255,3.465494
52.26,3.465492
52.265,3.465493
52.27,3.465495
52.275,3.465498
52.28,3.4655
52.285,3.465501
52.29,3.465501
52.295,3.465501
52.3,3.465501
52.305,3.4655
52.31,3.465499
52.315,3.465462
52.32,3.465369
52.325,3.465246
52.33,3.465127
52.335,3.465019
52.34,3.464892
52.345,3.464748
52.35,3.464568
52.355,3.464369
52.36,3.464161
52.365,3.463942
52.37,3.463742
52.375,3.46359
52.38,3.463495
52.385,3.463434
52.39,3.463353
52.395,3.46325
52.4,3.463145
52.405,3.463054
52.41,3.462936
52.415,3.46274
52.42,3.462465
52.425,3.462145
52.43,3.461838
52.435,3.461555
52.44,3.461299
52.445,3.461051
52.45,3.460824
52.455,3.46064
52.46,3.460475
52.465,3.460313
52.47,3.46017
52.475,3.460029
52.48,3.459872
52.485,3.45972
52.49,3.459587
52.495,3.459445
52.5,3.459294
52.505,3.459158
52.51,3.459054
52.515,3.458992
52.52,3.458965
52.525,3.458963
52.53,3.458973
52.535,3.458987
52.54,3.458983
52.545,3.458919
52.55,3.458807
52.555,3.458681
52.56,3.458574
52.565,3.458502
52.57,3.458466
52.575,3.458459
52.58,3.458467
52.585,3.458481
52.59,3.458495
52.595,3.458504
52.6,3.458534
52.605,3.458618
52.61,3.458736
52.615,3.458856
52.62,3.458951
52.625,3.45901
52.63,3.459036
52.635,3.459054
52.64,3.459114
52.645,3.459215
52.65,3.459343
52.655,3.459511
52.66,3.459696
52.665,3.459898
52.67,3.460114
52.675,3.460353
52.68,3.460596
52.685,3.460804
52.69,3.460951
52.695,3.461034
52.7,3.4611
52.705,3.461198
52.71,3.461365
52.715,3.46158
52.72,3.46184
52.725,3.462155
52.73,3.462522
52.735,3.462903
52.74,3.463277
52.745,3.46365
52.75,3.463996
52.755,3.464292
52.76,3.464552
52.765,3.464786
52.77,3.465017
52.775,3.465229
52.78,3.465437
52.785,3.465642
52.79,3.465817
52.795,3.465944
52.8,3.46602
52.805,3.466092
52.81,3.46619
52.815,3.4663
52.82,3.466399
52.825,3.466472
52.83,3.466532
52.835,3.46662
52.84,3.466735
52.845,3.46685
52.85,3.466942
52.855,3.467002
52.86,3.46703
52.865,3.467034
52.87,3.467026
52.875,3.467014
52.88,3.467003
52.885,3.466981
52.89,3.466913
52.895,3.466803
52.9,3.466681
52.905,3.466577
52.91,3.466506
52.915,3.46647
52.92,3.466445
52.925,3.466381
52.93,3.466278
52.935,3.466138
52.94,3.465957
52.945,3.465741
52.95,3.465498
52.955,3.465257
52.96,3.465013
52.965,3.464791
52.97,3.464618
52.975,3.464508
52.98,3.464455
52.985,3.464443
52.99,3.464427
52.995,3.464354
53,3.464188
53.005,3.463915
53.01,3.463563
53.015,3.463177
53.02,3.462788
53.025,3.462402
53.03,3.462041
53.035,3.461746
53.04,3.461506
53.045,3.461304
53.05,3.46114
53.055,3.460978
53.06,3.460813
53.065,3.460666
53.07,3.460526
53.075,3.460373
53.08,3.460222
53.085,3.460098
53.09,3.459978
53.095,3.459842
53.1,3.459706
53.105,3.459593
53.11,3.459516
53.115,3.459476
53.12,3.459464
53.125,3.459469
53.13,3.459481
53.135,3.459494
53.14,3.459502
53.145,3.459506
53.15,3.459507
53.155,3.459505
53.16,3.459503
53.165,3.459501
53.17,3.459499
53.175,3.459499
53.18,3.459499
53.185,3.459499
53.19,3.4595
53.195,3.4595
53.2,3.4595
53.205,3.4595
53.21,3.4595
53.215,3.4595
53.22,3.4595
53.225,3.4595
53.23,3.4595
53.235,3.4595
53.24,3.4595
53.245,3.459519
53.25,3.459594
53.255,3.459712
53.26,3.459868
53.265,3.46006
53.27,3.460284
53.275,3.460528
53.28,3.460761
53.285,3.460993
53.29,3.461206
53.295,3.461374
53.3,3.461505
53.305,3.461638
53.31,3.461786
53.315,3.461992
53.32,3.462298
53.325,3.462698
53.33,3.463166
53.335,3.463655
53.34,3.464123
53.345,3.464533
53.35,3.464884
53.355,3.465169
53.36,3.465387
53.365,3.465575
53.37,3.465742
53.375,3.465903
53.38,3.466079
53.385,3.466269
53.39,3.466483
53.395,3.466694
53.4,3.466867
53.405,3.466982
53.41,3.467041
53.415,3.467057
53.42,3.467047
53.425,3.467027
53.43,3.467008
53.435,3.466996
53.44,3.467008
53.445,3.467081
53.45,3.467201
53.455,3.467329
53.46,3.467434
53.465,3.467504
53.47,3.467536
53.475,3.467542
53.48,3.467532
53.485,3.467517
53.49,3.467498
53.495,3.467436
53.5,3.467327
53.505,3.467201
53.51,3.467091
53.515,3.467013
53.52,3.46697
53.525,3.466918
53.53,3.466829
53.535,3.466718
53.54,3.466598
53.545,3.466446
53.55,3.466248
53.555,3.466011
53.56,3.465779
53.565,3.465551
53.57,3.465336
53.575,3.465159
53.58,3.465038
53.585,3.464972
53.59,3.46495
53.595,3.464937
53.6,3.464879
53.605,3.46475
53.61,3.464532
53.615,3.464237
53.62,3.463901
53.625,3.463542
53.63,3.463167
53.635,3.462785
53.64,3.462436
53.645,3.462132
53.65,3.461871
53.655,3.461654
53.66,3.461451
53.665,3.461267
53.67,3.461114
53.675,3.460963
53.68,3.460807
53.685,3.460666
53.69,3.460557
53.695,3.460447
53.7,3.460319
53.705,3.460191
53.71,3.460085
53.715,3.460013
53.72,3.459975
53.725,3.459965
53.73,3.459971
53.735,3.459983
53.74,3.459994
53.745,3.460002
53.75,3.460006
53.755,3.460006
53.76,3.460005
53.765,3.460003
53.77,3.460001
53.775,3.459999
53.78,3.459999
53.785,3.459999
53.79,3.459999
53.795,3.46
53.8,3.46
53.805,3.46
53.81,3.46
53.815,3.46
53.82,3.46
53.825,3.46
53.83,3.46
53.835,3.46
53.84,3.460005
53.845,3.460055
53.85,3.460159
53.855,3.460301
53.86,3.460488
53.865,3.460714
53.87,3.460969
53.875,3.461215
53.88,3.461457
53.885,3.46168
53.89,3.461858
53.895,3.462002
53.9,3.462149
53.905,3.462325
53.91,3.46257
53.915,3.462921
53.92,3.463363
53.925,3.463843
53.93,3.464313
53.935,3.464749
53.94,3.465113
53.945,3.465401
53.95,3.465636
53.955,3.465821
53.96,3.465985
53.965,3.466151
53.97,3.466305
53.975,3.466468
53.98,3.466644
53.985,3.466805
53.99,3.466957
53.995,3.46712
54,3.467276
54.005,3.467402
54.01,3.467486
54.015,3.467529
54.02,3.467554
54.025,3.467615
54.03,3.467715
54.035,3.467827
54.04,3.467923
54.045,3.46799
54.05,3.468025
54.055,3.468035
54.06,3.468029
54.065,3.468017
54.07,3.468006
54.075,3.467998
54.08,3.467994
54.085,3.467994
54.09,3.467995
54.095,3.467997
54.1,3.467999
54.105,3.468
54.11,3.468001
54.115,3.467999
54.12,3.467957
54.125,3.467861
54.13,3.467736
54.135,3.467617
54.14,3.467494
54.145,3.46735
54.15,3.467181
54.155,3.466979
54.16,3.466761
54.165,3.466525
54.17,3.466301
54.175,3.466123
54.18,3.466008
54.185,3.465952
54.19,3.465932
54.195,3.465887
54.2,3.4658
54.205,3.465664
54.21,3.465479
54.215,3.46526
54.22,3.465012
54.225,3.464735
54.23,3.464437
54.235,3.464124
54.24,3.463834
54.245,3.463555
54.25,3.463259
54.255,3.462955
54.26,3.462647
54.265,3.462359
54.27,3.462086
54.275,3.461841
54.28,3.461649
54.285,3.461515
54.29,3.461391
54.295,3.461264
54.3,3.461149
54.305,3.461059
54.31,3.461002
54.315,3.460975
54.32,3.46097
54.325,3.460973
54.33,3.460937
54.335,3.460846
54.34,3.460727
54.345,3.460614
54.35,3.460529
54.355,3.46048
54.36,3.460462
54.365,3.460464
54.37,3.460476
54.375,3.46049
54.38,3.4605
54.385,3.460506
54.39,3.460507
54.395,3.460506
54.4,3.460504
54.405,3.460519
54.41,3.460592
54.415,3.460707
54.42,3.460832
54.425,3.460935
54.43,3.461008
54.435,3.461093
54.44,3.461211
54.445,3.461384
54.45,3.461597
54.455,3.461846
54.46,3.4621
54.465,3.462331
54.47,3.462553
54.475,3.462752
54.48,3.462945
54.485,3.463167
54.49,3.463453
54.495,3.463803
54.5,3.464204
54.505,3.464631
54.51,3.465026
54.515,3.46537
54.52,3.465665
54.525,3.465935
54.53,3.466173
54.535,3.466385
54.54,3.46659
54.545,3.466773
54.55,3.466947
54.555,3.467127
54.56,3.467294
54.565,3.467463
54.57,3.46764
54.575,3.467808
54.58,3.467984
54.585,3.468172
54.59,3.468387
54.595,3.468612
54.6,3.468808
54.605,3.468949
54.61,3.469029
54.615,3.469089
54.62,3.469174
54.625,3.469277
54.63,3.469377
54.635,3.469456
54.64,3.469507
54.645,3.469569
54.65,3.469667
54.655,3.469784
54.66,3.469891
54.665,3.46997
54.67,3.470017
54.675,3.470034
54.68,3.470032
54.685,3.47001
54.69,3.469933
54.695,3.469812
54.7,3.469681
54.705,3.469572
54.71,3.4695
54.715,3.469465
54.72,3.469442
54.725,3.469379
54.73,3.469257
54.735,3.469067
54.74,3.468852
54.745,3.468627
54.75,3.4684
54.755,3.468184
54.76,3.467966
54.765,3.467766
54.77,3.46761
54.775,3.467506
54.78,3.467414
54.785,3.467285
54.79,3.467091
54.795,3.466828
54.8,3.466497
54.805,3.466135
54.81,3.465776
54.815,3.465422
54.82,3.465081
54.825,3.464767
54.83,3.464459
54.835,3.464145
54.84,3.463846
54.845,3.46356
54.85,3.463281
54.855,3.463005
54.86,3.462735
54.865,3.46247
54.87,3.46224
54.875,3.462034
54.88,3.461841
54.885,3.461677
54.89,3.461527
54.895,3.461368
54.9,3.461217
54.905,3.461095
54.91,3.461002
54.915,3.460894
54.92,3.46077
54.925,3.460652
54.93,3.460558
54.935,3.460499
54.94,3.460471
54.945,3.460466
54.95,3.460475
54.955,3.460487
54.96,3.460497
54.965,3.460504
54.97,3.460506
54.975,3.460506
54.98,3.460504
54.985,3.460502
54.99,3.4605
54.995,3.460499
55,3.460508
55.005,3.460568
55.01,3.460678
55.015,3.460822
55.02,3.461008
55.025,3.461245
55.03,3.46151
55.035,3.46179
55.04,3.462065
55.045,3.462302
55.05,3.462521
55.055,3.462752
55.06,3.463032
55.065,3.463414
55.07,3.463894
55.075,3.464436
55.08,3.464991
55.085,3.465495
55.09,3.465925
55.095,3.466285
55.1,3.466587
55.105,3.46685
55.11,3.467091
55.115,3.467312
55.12,3.467533
55.125,3.467746
55.13,3.467967
55.135,3.468182
55.14,3.468395
55.145,3.46861
55.15,3.468826
55.155,3.469051
55.16,3.469291
55.165,3.469539
55.17,3.469785
55.175,3.470031
55.18,3.470261
55.185,3.470489
55.19,3.470704
55.195,3.470919
55.2,3.471131
55.205,3.471313
55.21,3.471444
55.215,3.47152
55.22,3.471576
55.225,3.471658
55.23,3.471763
55.235,3.471867
55.24,3.47195
55.245,3.472003
55.25,3.47204
55.255,3.472109
55.26,3.472214
55.265,3.472328
55.27,3.472426
55.275,3.472492
55.28,3.472526
55.285,3.472535
55.29,3.472524
55.295,3.472461
55.3,3.472347
55.305,3.472213
55.31,3.472094
55.315,3.471972
55.32,3.471831
55.325,3.47166
55.33,3.471452
55.335,3.471202
55.34,3.470915
55.345,3.470606
55.35,3.470325
55.355,3.470112
55.36,3.469972
55.365,3.469854
55.37,3.469705
55.375,3.469473
55.38,3.469141
55.385,3.468719
55.39,3.468226
55.395,3.467695
55.4,3.467149
55.405,3.466632
55.41,3.466162
55.415,3.465736
55.42,3.465371
55.425,3.465051
55.43,3.464781
55.435,3.464537
55.44,3.464296
55.445,3.464043
55.45,3.46377
55.455,3.46349
55.46,3.463211
55.465,3.462942
55.47,3.462688
55.475,3.462442
55.48,3.462214
55.485,3.461986
55.49,3.461778
55.495,3.461615
55.5,3.461474
55.505,3.46133
55.51,3.461194
55.515,3.461086
55.52,3.461013
55.525,3.460949
55.53,3.460856
55.535,3.460741
55.54,3.46063
55.545,3.460545
55.55,3.460492
55.555,3.460469
55.56,3.460467
55.565,3.460476
55.57,3.460501
55.575,3.460576
55.58,3.460695
55.585,3.460822
55.59,3.460929
55.595,3.460999
55.6,3.461035
55.605,3.461076
55.61,3.461161
55.615,3.461317
55.62,3.461559
55.625,3.461862
55.63,3.462193
55.635,3.462516
55.64,3.46279
55.645,3.463032
55.65,3.463281
55.655,3.463604
55.66,3.46404
55.665,3.464566
55.67,3.465143
55.675,3.465709
55.68,3.466223
55.685,3.466665
55.69,3.467038
55.695,3.467366
55.7,3.467658
55.705,3.467934
55.71,3.468191
55.715,3.468444
55.72,3.468698
55.725,3.468961
55.73,3.46923
55.735,3.4695
55.74,3.469757
55.745,3.470008
55.75,3.470234
55.755,3.47045
55.76,3.470655
55.765,3.470845
55.77,3.47104
55.775,3.471231
55.78,3.471433
55.785,3.471639
55.79,3.471847
55.795,3.472061
55.8,3.472257
55.805,3.472408
55.81,3.472502
55.815,3.472545
55.82,3.472552
55.825,3.472539
55.83,3.47252
55.835,3.472504
55.84,3.472517
55.845,3.472594
55.85,3.472714
55.855,3.47284
55.86,3.472943
55.865,3.473008
55.87,3.473038
55.875,3.473041
55.88,3.47302
55.885,3.472941
55.89,3.472817
55.895,3.472684
55.9,3.472573
55.905,3.4725
55.91,3.472448
55.915,3.472369
55.92,3.472249
55.925,3.472067
55.93,3.471822
55.935,3.47154
55.94,3.471262
55.945,3.470993
55.95,3.47076
55.955,3.470589
55.96,3.47048
55.965,3.470377
55.97,3.47022
55.975,3.469982
55.98,3.469643
55.985,3.469227
55.99,3.468748
55.995,3.468235
56,3.467724
56.005,3.467234
56.01,3.466777
56.015,3.466367
56.02,3.466009
56.025,3.465706
56.03,3.465432
56.035,3.465159
56.04,3.464896
56.045,3.464636
56.05,3.464389
56.055,3.464156
56.06,3.463929
56.065,3.463723
56.07,3.46352
56.075,3.463324
56.08,3.46313
56.085,3.462929
56.09,3.462742
56.095,3.462588
56.1,3.462435
56.105,3.462281
56.11,3.462147
56.115,3.462048
56.12,3.461961
56.125,3.461851
56.13,3.461728
56.135,3.461617
56.14,3.461535
56.145,3.461487
56.15,3.461468
56.155,3.461468
56.16,3.461478
56.165,3.46149
56.17,3.4615
56.175,3.461505
56.18,3.461506
56.185,3.461528
56.19,3.461605
56.195,3.461722
56.2,3.461844
56.205,3.461943
56.21,3.462006
56.215,3.462052
56.22,3.462127
56.225,3.462243
56.23,3.462416
56.235,3.462637
56.24,3.462907
56.245,3.463221
56.25,3.463534
56.255,3.463796
56.26,3.464013
56.265,3.46424
56.27,3.464521
56.275,3.464892
56.28,3.465357
56.285,3.465885
56.29,3.466438
56.295,3.466971
56.3,3.467468
56.305,3.467907
56.31,3.468284
56.315,3.46862
56.32,3.468932
56.325,3.469217
56.33,3.469487
56.335,3.46973
56.34,3.469963
56.345,3.470179
56.35,3.470376
56.355,3.470573
56.36,3.470755
56.365,3.470926
56.37,3.471104
56.375,3.471274
56.38,3.471451
56.385,3.471637
56.39,3.47183
56.395,3.472039
56.4,3.472237
56.405,3.472393
56.41,3.472494
56.415,3.472543
56.42,3.472553
56.425,3.472541
56.43,3.472523
56.435,3.472506
56.44,3.472495
56.445,3.47249
56.45,3.47249
56.455,3.472493
56.46,3.472501
56.465,3.472547
56.47,3.472646
56.475,3.472771
56.48,3.472886
56.485,3.472972
56.49,3.473016
56.495,3.472984
56.5,3.472878
56.505,3.47274
56.51,3.472612
56.515,3.472519
56.52,3.472468
56.525,3.472424
56.53,3.472338
56.535,3.472175
56.54,3.471954
56.545,3.471687
56.55,3.471415
56.555,3.471162
56.56,3.470924
56.565,3.470722
56.57,3.470576
56.575,3.470489
56.58,3.470439
56.585,3.470349
56.59,3.470167
56.595,3.469888
56.6,3.469523
56.605,3.469087
56.61,3.468614
56.615,3.468124
56.62,3.467635
56.625,3.467172
56.63,3.466749
56.635,3.46636
56.64,3.466013
56.645,3.465708
56.65,3.465436
56.655,3.465203
56.66,3.464984
56.665,3.464785
56.67,3.464604
56.675,3.464419
56.68,3.464243
56.685,3.46406
56.69,3.463869
56.695,3.463697
56.7,3.463568
56.705,3.463481
56.71,3.463388
56.715,3.463275
56.72,3.463163
56.725,3.46307
56.73,3.463008
56.735,3.462976
56.74,3.46294
56.745,3.462861
56.75,3.462755
56.755,3.462655
56.76,3.462577
56.765,3.462552
56.77,3.4626
56.775,3.462705
56.78,3.462826
56.785,3.46293
56.79,3.463
56.795,3.463035
56.8,3.463042
56.805,3.463033
56.81,3.463048
56.815,3.463124
56.82,3.463285
56.825,3.463518
56.83,3.463806
56.835,3.464117
56.84,3.464431
56.845,3.464707
56.85,3.464921
56.855,3.465129
56.86,3.465402
56.865,3.465782
56.87,3.46629
56.875,3.466889
56.88,3.467528
56.885,3.468142
56.89,3.468685
56.895,3.469136
56.9,3.469504
56.905,3.469786
56.91,3.470019
56.915,3.470216
56.92,3.470373
56.925,3.470526
56.93,3.470684
56.935,3.470827
56.94,3.470958
56.945,3.471105
56.95,3.471255
56.955,3.471403
56.96,3.47157
56.965,3.47174
56.97,3.47192
56.975,3.472113
56.98,3.472296
56.985,3.472484
56.99,3.472673
56.995,3.472836
57,3.472979
57.005,3.47313
57.01,3.473276
57.015,3.473397
57.02,3.473479
57.025,3.473523
57.03,3.473537
57.035,3.473532
57.04,3.473519
57.045,3.473507
57.05,3.473498
57.055,3.473494
57.06,3.473493
57.065,3.473495
57.07,3.473497
57.075,3.473499
57.08,3.473501
57.085,3.473501
57.09,3.473501
57.095,3.473501
57.1,3.4735
57.105,3.4735
57.11,3.4735
57.115,3.4735
57.12,3.473497
57.125,3.473457
57.13,3.473358
57.135,3.473194
57.14,3.472963
57.145,3.472677
57.15,3.472387
57.155,3.472107
57.16,3.471853
57.165,3.471654
57.17,3.471523
57.175,3.471457
57.18,3.47142
57.185,3.471339
57.19,3.471172
57.195,3.470928
57.2,3.470601
57.205,3.47021
57.21,3.46978
57.215,3.469324
57.22,3.46886
57.225,3.468407
57.23,3.467961
57.235,3.467531
57.24,3.467121
57.245,3.466732
57.25,3.466383
57.255,3.466068
57.26,3.465791
57.265,3.465534
57.27,3.465295
57.275,3.465056
57.28,3.464831
57.285,3.464624
57.29,3.464419
57.295,3.464235
57.3,3.464092
57.305,3.463961
57.31,3.463822
57.315,3.46369
57.32,3.463583
57.325,3.463512
57.33,3.463475
57.335,3.463466
57.34,3.463472
57.345,3.463484
57.35,3.463495
57.355,3.463503
57.36,3.463506
57.365,3.463506
57.37,3.463519
57.375,3.463586
57.38,3.463699
57.385,3.463823
57.39,3.463927
57.395,3.463998
57.4,3.464033
57.405,3.46407
57.41,3.464154
57.415,3.464314
57.42,3.464548
57.425,3.464838
57.43,3.465135
57.435,3.465425
57.44,3.465683
57.445,3.465906
57.45,3.46616
57.455,3.466505
57.46,3.466979
57.465,3.467587
57.47,3.468265
57.475,3.468931
57.48,3.469524
57.485,3.470006
57.49,3.47037
57.495,3.470646
57.5,3.470843
57.505,3.470994
57.51,3.47114
57.515,3.471279
57.52,3.471396
57.525,3.471518
57.53,3.471659
57.535,3.471808
57.54,3.471982
57.545,3.472168
57.55,3.472346
57.555,3.472534
57.56,3.472718
57.565,3.472899
57.57,3.47309
57.575,3.473275
57.58,3.47347
57.585,3.473666
57.59,3.473838
57.595,3.474004
57.6,3.474172
57.605,3.474322
57.61,3.474435
57.615,3.474505
57.62,3.474536
57.625,3.474539
57.63,3.474529
57.635,3.474514
57.64,3.474502
57.645,3.474495
57.65,3.474524
57.655,3.474612
57.66,3.474737
57.665,3.47486
57.67,3.474956
57.675,3.475015
57.68,3.475039
57.685,3.475034
57.69,3.474969
57.695,3.47485
57.7,3.474712
57.705,3.474592
57.71,3.47451
57.715,3.474465
57.72,3.47442
57.725,3.474336
57.73,3.474196
57.735,3.47399
57.74,3.47372
57.745,3.473433
57.75,3.473149
57.755,3.472885
57.76,3.472673
57.765,3.472532
57.77,3.472458
57.775,3.472405
57.78,3.472295
57.785,3.472102
57.79,3.47183
57.795,3.471483
57.8,3.471085
57.805,3.470667
57.81,3.470249
57.815,3.469839
57.82,3.469453
57.825,3.469078
57.83,3.468708
57.835,3.468352
57.84,3.467989
57.845,3.467627
57.85,3.467282
57.855,3.466948
57.86,3.466612
57.865,3.466267
57.87,3.465908
57.875,3.46556
57.88,3.46526
57.885,3.465
57.89,3.46478
57.895,3.464616
57.9,3.464513
57.905,3.464464
57.91,3.464453
57.915,3.464463
57.92,3.46448
57.925,3.464496
57.93,3.464506
57.935,3.46451
57.94,3.464509
57.945,3.464506
57.95,3.464503
57.955,3.4645
57.96,3.464499
57.965,3.464498
57.97,3.464499
57.975,3.464499
57.98,3.4645
57.985,3.464504
57.99,3.464551
57.995,3.464652
58,3.464782
58.005,3.464949
58.01,3.465172
58.015,3.465449
58.02,3.465768
58.025,3.466081
58.03,3.466372
58.035,3.466633
58.04,3.466873
58.045,3.467153
58.05,3.467553
58.055,3.468085
58.06,3.468715
58.065,3.46937
58.07,3.469956
58.075,3.470437
58.08,3.470816
58.085,3.471115
58.09,3.471333
58.095,3.471498
58.1,3.471652
58.105,3.471791
58.11,3.471911
58.115,3.472044
58.12,3.472192
58.125,3.472332
58.13,3.472477
58.135,3.472637
58.14,3.472793
58.145,3.472955
58.15,3.473129
58.155,3.473294
58.16,3.47346
58.165,3.473635
58.17,3.473803
58.175,3.473982
58.18,3.474167
58.185,3.474341
58.19,3.474525
58.195,3.474708
58.2,3.474888
58.205,3.47508
58.21,3.475259
58.215,3.475401
58.22,3.475493
58.225,3.475537
58.23,3.475547
58.235,3.475537
58.24,3.47552
58.245,3.475505
58.25,3.475516
58.255,3.475587
58.26,3.475703
58.265,3.475828
58.27,3.475933
58.275,3.476002
58.28,3.476035
58.285,3.476041
58.29,3.476032
58.295,3.475998
58.3,3.475909
58.305,3.475783
58.31,3.475655
58.315,3.475551
58.32,3.475446
58.325,3.475319
58.33,3.47516
58.335,3.474945
58.34,3.474674
58.345,3.474377
58.35,3.474072
58.355,3.473801
58.36,3.4736
58.365,3.473479
58.37,3.473408
58.375,3.473301
58.38,3.473117
58.385,3.472844
58.39,3.472478
58.395,3.472053
58.4,3.471588
58.405,3.471114
58.41,3.470652
58.415,3.470213
58.42,3.469802
58.425,3.469417
58.43,3.46906
58.435,3.468728
58.44,3.468394
58.445,3.468065
58.45,3.467752
58.455,3.467443
58.46,3.467129
58.465,3.46681
58.47,3.466491
58.475,3.466171
58.48,3.465868
58.485,3.465579
58.49,3.465323
58.495,3.4651
58.5,3.464892
58.505,3.464713
58.51,3.46458
58.515,3.464499
58.52,3.464462
58.525,3.464457
58.53,3.464468
58.535,3.464484
58.54,3.464498
58.545,3.464506
58.55,3.464509
58.555,3.464508
58.56,3.464505
58.565,3.464502
58.57,3.4645
58.575,3.464502
58.58,3.464543
58.585,3.464641
58.59,3.464766
58.595,3.464913
58.6,3.465096
58.605,3.46535
58.61,3.465677
58.615,3.466028
58.62,3.46638
58.625,3.466724
58.63,3.467059
58.635,3.467436
58.64,3.467906
58.645,3.468474
58.65,3.469123
58.655,3.469791
58.66,3.47041
58.665,3.47093
58.67,3.471321
58.675,3.471615
58.68,3.471836
58.685,3.472033
58.69,3.472212
58.695,3.472367
58.7,3.47253
58.705,3.472697
58.71,3.472869
58.715,3.473059
58.72,3.473245
58.725,3.473435
58.73,3.47363
58.735,3.473814
58.74,3.474006
58.745,3.474194
58.75,3.474377
58.755,3.47457
58.76,3.474757
58.765,3.474952
58.77,3.475151
58.775,3.475343
58.78,3.475545
58.785,3.475756
58.79,3.475985
58.795,3.476214
58.8,3.476453
58.805,3.476678
58.81,3.476859
58.815,3.476979
58.82,3.477041
58.825,3.477057
58.83,3.477047
58.835,3.477032
58.84,3.47706
58.845,3.477149
58.85,3.477269
58.855,3.477383
58.86,3.47747
58.865,3.47752
58.87,3.477539
58.875,3.477537
58.88,3.477522
58.885,3.477465
58.89,3.477356
58.895,3.477225
58.9,3.477107
58.905,3.477001
58.91,3.476874
58.915,3.476701
58.92,3.476479
58.925,3.476211
58.93,3.475931
58.935,3.47565
58.94,3.475387
58.945,3.475174
58.95,3.475002
58.955,3.474831
58.96,3.474614
58.965,3.474325
58.97,3.47398
58.975,3.473585
58.98,3.473159
58.985,3.472697
58.99,3.472217
58.995,3.471724
59,3.471238
59.005,3.470768
59.01,3.47032
59.015,3.469922
59.02,3.469565
59.025,3.469224
59.03,3.4689
59.035,3.468586
59.04,3.468296
59.045,3.468016
59.05,3.467731
59.055,3.46744
59.06,3.467139
59.065,3.466842
59.07,3.466549
59.075,3.466274
59.08,3.466009
59.085,3.46576
59.09,3.465514
59.095,3.465286
59.1,3.465062
59.105,3.464848
59.11,3.464669
59.115,3.464544
59.12,3.464475
59.125,3.46445
59.13,3.464454
59.135,3.464471
59.14,3.464489
59.145,3.464502
59.15,3.464509
59.155,3.46451
59.16,3.464508
59.165,3.464505
59.17,3.464502
59.175,3.464515
59.18,3.464584
59.185,3.464699
59.19,3.464832
59.195,3.464994
59.2,3.465205
59.205,3.465487
59.21,3.465818
59.215,3.466167
59.22,3.466503
59.225,3.466825
59.23,3.467187
59.235,3.467638
59.24,3.468213
59.245,3.46889
59.25,3.4696
59.255,3.470281
59.26,3.470873
59.265,3.471359
59.27,3.471728
59.275,3.472015
59.28,3.472239
59.285,3.472434
59.29,3.472623
59.295,3.472822
59.3,3.473039
59.305,3.473248
59.31,3.473463
59.315,3.473672
59.32,3.473885
59.325,3.4741
59.33,3.4743
59.335,3.474501
59.34,3.474697
59.345,3.474897
59.35,3.475103
59.355,3.475312
59.36,3.47553
59.365,3.47575
59.37,3.475981
59.375,3.47621
59.38,3.476448
59.385,3.476674
59.39,3.47688
59.395,3.477082
59.4,3.477264
59.405,3.477404
59.41,3.477493
59.415,3.477536
59.42,3.477545
59.425,3.477535
59.43,3.477519
59.435,3.477524
59.44,3.477591
59.445,3.477705
59.45,3.477829
59.455,3.477933
59.46,3.478002
59.465,3.478035
59.47,3.478041
59.475,3.478032
59.48,3.478017
59.485,3.478004
59.49,3.477975
59.495,3.477893
59.5,3.477774
59.505,3.477653
59.51,3.477539
59.515,3.477405
59.52,3.477235
59.525,3.477023
59.53,3.476785
59.535,3.476529
59.54,3.476282
59.545,3.476038
59.55,3.475814
59.555,3.475622
59.56,3.475435
59.565,3.47523
59.57,3.474961
59.575,3.474615
59.58,3.474197
59.585,3.473731
59.59,3.473246
59.595,3.472759
59.6,3.472285
59.605,3.471832
59.61,3.4714
59.615,3.47099
59.62,3.470606
59.625,3.470246
59.63,3.469898
59.635,3.469563
59.64,3.469244
59.645,3.468949
59.65,3.468682
59.655,3.468434
59.66,3.468198
59.665,3.467961
59.67,3.467718
59.675,3.467466
59.68,3.467204
59.685,3.466941
59.69,3.46669
59.695,3.466445
59.7,3.466231
59.705,3.466033
59.71,3.465843
59.715,3.465679
59.72,3.46556
59.725,3.46549
59.73,3.46546
59.735,3.465459
59.74,3.465471
59.745,3.465487
59.75,3.465499
59.755,3.465506
59.76,3.465508
59.765,3.465507
59.77,3.465508
59.775,3.465553
59.78,3.465651
59.785,3.465776
59.79,3.465891
59.795,3.465986
59.8,3.466096
59.805,3.466253
59.81,3.466493
59.815,3.466819
59.82,3.4672
59.825,3.467565
59.83,3.467893
59.835,3.468207
59.84,3.468579
59.845,3.469051
59.85,3.469625
59.855,3.470256
59.86,3.470876
59.865,3.47145
59.87,3.471941
59.875,3.472348
59.88,3.472671
59.885,3.472938
59.89,3.473166
59.895,3.473375
59.9,3.473582
59.905,3.47379
59.91,3.474012
59.915,3.474224
59.92,3.474438
59.925,3.474648
59.93,3.474857
59.935,3.475072
59.94,3.475275
59.945,3.475483
59.95,3.475687
59.955,3.475902
59.96,3.476119
59.965,3.476321
59.97,3.476525
59.975,3.47672
59.98,3.476917
59.985,3.477119
59.99,3.477322
59.995,3.477535
60,3.477735
60.005,3.477892
60.01,3.477993
60.015,3.478042
60.02,3.478052
60.025,3.478041
60.03,3.478026
60.035,3.478056
60.04,3.478146
60.045,3.478267
60.05,3.478383
60.055,3.47847
60.06,3.478521
60.065,3.47854
60.07,3.478537
60.075,3.478525
60.08,3.478511
60.085,3.4785
60.09,3.478494
60.095,3.478493
60.1,3.478493
60.105,3.478464
60.11,3.478377
60.115,3.478238
60.12,3.478045
60.125,3.477824
60.13,3.477579
60.135,3.477333
60.14,3.477084
60.145,3.476847
60.15,3.476629
60.155,3.476416
60.16,3.476222
60.165,3.476029
60.17,3.475813
60.175,3.475543
60.18,3.475205
60.185,3.474804
60.19,3.474357
60.195,3.473888
60.2,3.473421
60.205,3.472964
60.21,3.472523
60.215,3.472094
60.22,3.471677
60.225,3.471272
60.23,3.470875
60.235,3.47049
60.24,3.470124
60.245,3.469803
60.25,3.469516
60.255,3.469261
60.26,3.469017
60.265,3.468778
60.27,3.468531
60.275,3.468275
60.28,3.46801
60.285,3.467745
60.29,3.467481
60.295,3.467237
60.3,3.466999
60.305,3.466785
60.31,3.466619
60.315,3.466512
60.32,3.46646
60.325,3.466448
60.33,3.466458
60.335,3.466477
60.34,3.466494
60.345,3.466505
60.35,3.46651
60.355,3.46651
60.36,3.466507
60.365,3.466503
60.37,3.466501
60.375,3.466499
60.38,3.466499
60.385,3.466529
60.39,3.466616
60.395,3.466739
60.4,3.46689
60.405,3.467082
60.41,3.467344
60.415,3.467679
60.42,3.468026
60.425,3.468362
60.43,3.468684
60.435,3.469006
60.44,3.469375
60.445,3.469837
60.45,3.47039
60.455,3.471008
60.46,3.471622
60.465,3.47218
60.47,3.472668
60.475,3.473081
60.48,3.473434
60.485,3.473728
60.49,3.473991
60.495,3.474223
60.5,3.474446
60.505,3.474664
60.51,3.474891
60.515,3.475118
60.52,3.475335
60.525,3.475553
60.53,3.475766
60.535,3.475989
60.54,3.476201
60.545,3.476387
60.55,3.476572
60.555,3.476748
60.56,3.476932
60.565,3.477125
60.57,3.477323
60.575,3.477534
60.58,3.477739
60.585,3.477949
60.59,3.478156
60.595,3.478331
60.6,3.478455
60.605,3.478524
60.61,3.47855
60.615,3.478546
60.62,3.47853
60.625,3.478512
60.63,3.4785
60.635,3.478528
60.64,3.478618
60.645,3.478744
60.65,3.478866
60.655,3.478961
60.66,3.479018
60.665,3.47904
60.67,3.47904
60.675,3.479027
60.68,3.479013
60.685,3.479001
60.69,3.478995
60.695,3.479022
60.7,3.479108
60.705,3.479232
60.71,3.479356
60.715,3.479454
60.72,3.479514
60.725,3.479539
60.73,3.47954
60.735,3.479528
60.74,3.479514
60.745,3.479502
60.75,3.479495
60.755,3.479492
60.76,3.479493
60.765,3.479496
60.77,3.479498
60.775,3.4795
60.78,3.479501
60.785,3.479501
60.79,3.479501
60.795,3.479501
60.8,3.4795
60.805,3.4795
60.81,3.4795
60.815,3.4795
60.82,3.4795
60.825,3.4795
60.83,3.4795
60.835,3.4795
60.84,3.4795
60.845,3.4795
60.85,3.4795
60.855,3.4795
60.86,3.4795
60.865,3.4795
60.87,3.4795
60.875,3.4795
60.88,3.4795
60.885,3.4795
60.89,3.4795
60.895,3.4795
60.9,3.4795
60.905,3.4795
60.91,3.4795
60.915,3.4795
60.92,3.4795
60.925,3.4795
60.93,3.4795
60.935,3.4795
60.94,3.4795
60.945,3.4795
60.95,3.4795
60.955,3.4795
60.96,3.4795
60.965,3.4795
60.97,3.4795
60.975,3.4795
60.98,3.4795
60.985,3.4795
60.99,3.4795
60.995,3.4795
61,3.4795
61.005,3.4795
61.01,3.4795
61.015,3.4795
61.02,3.4795
61.025,3.4795
61.03,3.4795
61.035,3.4795
61.04,3.4795
61.045,3.4795
61.05,3.4795
61.055,3.4795
61.06,3.4795
61.065,3.4795
61.07,3.4795
61.075,3.4795
61.08,3.4795
61.085,3.4795
61.09,3.479482
61.095,3.479408
61.1,3.479292
61.105,3.479167
61.11,3.479065
61.115,3.478997
61.12,3.478965
61.125,3.47896
61.13,3.478969
61.135,3.478983
61.14,3.478996
61.145,3.479004
61.15,3.479007
61.155,3.479007
61.16,3.479005
61.165,3.479002
61.17,3.479
61.175,3.478999
61.18,3.478999
61.185,3.478999
61.19,3.478999
61.195,3.479