"Time (s)","Position (mm)"
0,4.74E-12
0.005,4.74E-12
0.01,4.74E-12
0.015,4.74E-12
0.02,4.74E-12
0.025,4.74E-12
0.03,4.74E-12
0.035,4.74E-12
0.04,4.74E-12
0.045,4.74E-12
0.05,4.74E-12
0.055,4.74E-12
0.06,4.74E-12
0.065,4.74E-12
0.07,4.74E-12
0.075,4.74E-12
0.08,4.74E-12
0.085,4.74E-12
0.09,4.74E-12
0.095,4.74E-12
0.1,4.74E-12
0.105,4.74E-12
0.11,4.74E-12
0.115,4.74E-12
0.12,4.74E-12
0.125,4.74E-12
0.13,4.74E-12
0.135,4.74E-12
0.14,4.74E-12
0.145,4.74E-12
0.15,4.74E-12
0.155,4.74E-12
0.16,4.74E-12
0.165,4.74E-12
0.17,4.74E-12
0.175,4.74E-12
0.18,4.74E-12
0.185,4.74E-12
0.19,4.74E-12
0.195,1.81E-05
0.2,0.000238
0.205,0.001402
0.21,0.004914
0.215,0.012133
0.22,0.023841
0.225,0.040086
0.23,0.060376
0.235,0.083799
0.24,0.109105
0.245,0.135286
0.25,0.161646
0.255,0.187705
0.26,0.213363
0.265,0.238645
0.27,0.263629
0.275,0.28852
0.28,0.313508
0.285,0.33859
0.29,0.363712
0.295,0.388829
0.3,0.413921
0.305,0.439025
0.31,0.464128
0.315,0.489172
0.32,0.51415
0.325,0.539088
0.33,0.564015
0.335,0.588963
0.34,0.613982
0.345,0.639074
0.35,0.664198
0.355,0.689316
0.36,0.714452
0.365,0.739704
0.37,0.765019
0.375,0.790205
0.38,0.815192
0.385,0.840131
0.39,0.865088
0.395,0.890042
0.4,0.914931
0.405,0.939789
0.41,0.964752
0.415,0.989794
0.42,1.014773
0.425,1.03972
0.43,1.064704
0.435,1.089789
0.44,1.114981
0.445,1.140113
0.45,1.165177
0.455,1.190292
0.46,1.215316
0.465,1.240151
0.47,1.264939
0.475,1.289756
0.48,1.314644
0.485,1.339686
0.49,1.364829
0.495,1.389976
0.5,1.415102
0.505,1.440084
0.51,1.464993
0.515,1.490031
0.52,1.51506
0.525,1.540031
0.53,1.565072
0.535,1.590083
0.54,1.615015
0.545,1.640022
0.55,1.665121
0.555,1.690171
0.56,1.715094
0.565,1.739975
0.57,1.76498
0.575,1.790087
0.58,1.815042
0.585,1.839489
0.59,1.86285
0.595,1.884385
0.6,1.903566
0.605,1.920168
0.61,1.934275
0.615,1.946324
0.62,1.957056
0.625,1.967194
0.63,1.977016
0.635,1.986258
0.64,1.994336
0.645,2.00066
0.65,2.005009
0.655,2.00762
0.66,2.009001
0.665,2.009729
0.67,2.010275
0.675,2.010935
0.68,2.011827
0.685,2.012948
0.69,2.014218
0.695,2.015547
0.7,2.01687
0.705,2.018159
0.71,2.019422
0.715,2.020666
0.72,2.021926
0.725,2.023433
0.73,2.025748
0.735,2.029307
0.74,2.034034
0.745,2.039504
0.75,2.045343
0.755,2.051318
0.76,2.057308
0.765,2.063259
0.77,2.069164
0.775,2.075041
0.78,2.080948
0.785,2.086868
0.79,2.092745
0.795,2.098577
0.8,2.104377
0.805,2.110136
0.81,2.115825
0.815,2.121398
0.82,2.126861
0.825,2.132282
0.83,2.137755
0.835,2.143335
0.84,2.149049
0.845,2.154932
0.85,2.160978
0.855,2.167077
0.86,2.173131
0.865,2.179093
0.87,2.184931
0.875,2.190613
0.88,2.196166
0.885,2.201672
0.89,2.207213
0.895,2.212854
0.9,2.218575
0.905,2.224318
0.91,2.230021
0.915,2.235633
0.92,2.24112
0.925,2.246483
0.93,2.251788
0.935,2.257081
0.94,2.262231
0.945,2.267046
0.95,2.27143
0.955,2.275484
0.96,2.279391
0.965,2.283311
0.97,2.287312
0.975,2.291404
0.98,2.295567
0.985,2.299762
0.99,2.30401
0.995,2.308342
1,2.312733
1.005,2.317131
1.01,2.321511
1.015,2.325815
1.02,2.330006
1.025,2.33403
1.03,2.337845
1.035,2.341473
1.04,2.34497
1.045,2.348387
1.05,2.351767
1.055,2.355143
1.06,2.358529
1.065,2.361981
1.07,2.365568
1.075,2.369243
1.08,2.372912
1.085,2.376532
1.09,2.38009
1.095,2.383615
1.1,2.387126
1.105,2.390569
1.11,2.393929
1.115,2.397277
1.12,2.400682
1.125,2.404183
1.13,2.407796
1.135,2.411505
1.14,2.415235
1.145,2.418882
1.15,2.422378
1.155,2.425759
1.16,2.429095
1.165,2.432431
1.17,2.435815
1.175,2.43929
1.18,2.442829
1.185,2.446357
1.19,2.449817
1.195,2.453168
1.2,2.456444
1.205,2.45971
1.21,2.462979
1.215,2.466207
1.22,2.469351
1.225,2.472391
1.23,2.475333
1.235,2.478192
1.24,2.48097
1.245,2.483693
1.25,2.486364
1.255,2.488985
1.26,2.491568
1.265,2.494132
1.27,2.496642
1.275,2.499035
1.28,2.501363
1.285,2.503713
1.29,2.506127
1.295,2.50862
1.3,2.511214
1.305,2.513905
1.31,2.516675
1.315,2.519457
1.32,2.522167
1.325,2.524751
1.33,2.527185
1.335,2.529487
1.34,2.531755
1.345,2.534073
1.35,2.536461
1.355,2.538888
1.36,2.541337
1.365,2.543848
1.37,2.546457
1.375,2.549107
1.38,2.551703
1.385,2.554176
1.39,2.556528
1.395,2.558816
1.4,2.561112
1.405,2.563474
1.41,2.565925
1.415,2.568436
1.42,2.570928
1.425,2.573352
1.43,2.57574
1.435,2.578133
1.44,2.580545
1.445,2.582971
1.45,2.585406
1.455,2.587843
1.46,2.590274
1.465,2.592697
1.47,2.595128
1.475,2.597562
1.48,2.599997
1.485,2.602406
1.49,2.604753
1.495,2.607031
1.5,2.609243
1.505,2.611403
1.51,2.613518
1.515,2.615616
1.52,2.617733
1.525,2.619882
1.53,2.622025
1.535,2.624098
1.54,2.62607
1.545,2.627979
1.55,2.629862
1.555,2.631707
1.56,2.63349
1.565,2.635209
1.57,2.636886
1.575,2.638546
1.58,2.640193
1.585,2.641817
1.59,2.643414
1.595,2.644992
1.6,2.646575
1.605,2.648198
1.61,2.649881
1.615,2.65162
1.62,2.6534
1.625,2.655197
1.63,2.65701
1.635,2.658874
1.64,2.660793
1.645,2.662719
1.65,2.664599
1.655,2.666394
1.66,2.668065
1.665,2.669628
1.67,2.671165
1.675,2.672736
1.68,2.674365
1.685,2.676045
1.69,2.67777
1.695,2.679527
1.7,2.681298
1.705,2.683077
1.71,2.684857
1.715,2.686624
1.72,2.68836
1.725,2.690072
1.73,2.69177
1.735,2.693479
1.74,2.695216
1.745,2.696983
1.75,2.698791
1.755,2.700672
1.76,2.702618
1.765,2.704561
1.77,2.706433
1.775,2.708202
1.78,2.70988
1.785,2.711511
1.79,2.713131
1.795,2.714731
1.8,2.716301
1.805,2.717833
1.81,2.719302
1.815,2.720692
1.82,2.722045
1.825,2.723418
1.83,2.724808
1.835,2.726196
1.84,2.727563
1.845,2.728909
1.85,2.730232
1.855,2.731544
1.86,2.732854
1.865,2.734185
1.87,2.735574
1.875,2.737028
1.88,2.738513
1.885,2.739972
1.89,2.741362
1.895,2.742674
1.9,2.74395
1.905,2.745239
1.91,2.746556
1.915,2.747885
1.92,2.749208
1.925,2.750516
1.93,2.751802
1.935,2.753064
1.94,2.754307
1.945,2.75554
1.95,2.756774
1.955,2.758018
1.96,2.759273
1.965,2.760528
1.97,2.761778
1.975,2.763017
1.98,2.764248
1.985,2.765479
1.99,2.766714
1.995,2.767944
2,2.769159
2.005,2.770341
2.01,2.771477
2.015,2.772588
2.02,2.773707
2.025,2.774865
2.03,2.776105
2.035,2.777476
2.04,2.778944
2.045,2.780413
2.05,2.781801
2.055,2.783091
2.06,2.784333
2.065,2.785572
2.07,2.786813
2.075,2.788052
2.08,2.789294
2.085,2.790534
2.09,2.791767
2.095,2.79299
2.1,2.794198
2.105,2.795376
2.11,2.796508
2.115,2.797589
2.12,2.798637
2.125,2.799686
2.13,2.800752
2.135,2.801834
2.14,2.802928
2.145,2.804029
2.15,2.805158
2.155,2.806344
2.16,2.807581
2.165,2.808813
2.17,2.809989
2.175,2.811081
2.18,2.812087
2.185,2.813039
2.19,2.813966
2.195,2.814894
2.2,2.815846
2.205,2.816825
2.21,2.817818
2.215,2.818817
2.22,2.819827
2.225,2.820854
2.23,2.821897
2.235,2.822947
2.24,2.824001
2.245,2.825049
2.25,2.826089
2.255,2.827124
2.26,2.828153
2.265,2.829182
2.27,2.830213
2.275,2.831253
2.28,2.83231
2.285,2.833383
2.29,2.834464
2.295,2.835537
2.3,2.836599
2.305,2.837642
2.31,2.838679
2.315,2.839715
2.32,2.840758
2.325,2.841803
2.33,2.842845
2.335,2.843882
2.34,2.844924
2.345,2.845974
2.35,2.847033
2.355,2.848135
2.36,2.849321
2.365,2.850569
2.37,2.851808
2.375,2.852994
2.38,2.854106
2.385,2.855142
2.39,2.856106
2.395,2.857012
2.4,2.85788
2.405,2.858735
2.41,2.859599
2.415,2.860493
2.42,2.861419
2.425,2.862353
2.43,2.863267
2.435,2.864138
2.44,2.864965
2.445,2.86576
2.45,2.866541
2.455,2.867317
2.46,2.868092
2.465,2.868862
2.47,2.869616
2.475,2.870327
2.48,2.870984
2.485,2.871615
2.49,2.872256
2.495,2.872932
2.5,2.873656
2.505,2.874424
2.51,2.875228
2.515,2.876054
2.52,2.876883
2.525,2.877716
2.53,2.878558
2.535,2.87941
2.54,2.880273
2.545,2.881141
2.55,2.882008
2.555,2.88286
2.56,2.88369
2.565,2.884497
2.57,2.8853
2.575,2.886124
2.58,2.886982
2.585,2.887885
2.59,2.888823
2.595,2.889759
2.6,2.890664
2.605,2.891533
2.61,2.892371
2.615,2.893193
2.62,2.894026
2.625,2.894888
2.63,2.895783
2.635,2.896712
2.64,2.89767
2.645,2.898663
2.65,2.899687
2.655,2.900716
2.66,2.901721
2.665,2.902682
2.67,2.90359
2.675,2.904444
2.68,2.905256
2.685,2.906037
2.69,2.906796
2.695,2.907551
2.7,2.908317
2.705,2.9091
2.71,2.909887
2.715,2.910657
2.72,2.911398
2.725,2.912103
2.73,2.912761
2.735,2.913372
2.74,2.913945
2.745,2.914498
2.75,2.915051
2.755,2.915616
2.76,2.916203
2.765,2.916829
2.77,2.917506
2.775,2.918225
2.78,2.918982
2.785,2.919757
2.79,2.920522
2.795,2.921258
2.8,2.921959
2.805,2.922623
2.81,2.923252
2.815,2.92386
2.82,2.924461
2.825,2.925072
2.83,2.9257
2.835,2.926341
2.84,2.926989
2.845,2.927644
2.85,2.928299
2.855,2.928947
2.86,2.929586
2.865,2.930203
2.87,2.930784
2.875,2.931323
2.88,2.931831
2.885,2.932333
2.89,2.932851
2.895,2.933402
2.9,2.933996
2.905,2.934627
2.91,2.935278
2.915,2.935941
2.92,2.936611
2.925,2.937283
2.93,2.937956
2.935,2.93863
2.94,2.939305
2.945,2.939981
2.95,2.940661
2.955,2.941344
2.96,2.942017
2.965,2.942672
2.97,2.943312
2.975,2.943945
2.98,2.944581
2.985,2.945228
2.99,2.945892
2.995,2.946573
3,2.947268
3.005,2.947971
3.01,2.94868
3.015,2.949393
3.02,2.950106
3.025,2.950822
3.03,2.951536
3.035,2.952226
3.04,2.952887
3.045,2.95352
3.05,2.954134
3.055,2.954738
3.06,2.955342
3.065,2.955958
3.07,2.956591
3.075,2.957238
3.08,2.957886
3.085,2.958525
3.09,2.95916
3.095,2.959786
3.1,2.960396
3.105,2.960993
3.11,2.961591
3.115,2.962196
3.12,2.962808
3.125,2.96342
3.13,2.964018
3.135,2.964595
3.14,2.965162
3.145,2.965729
3.15,2.966304
3.155,2.966909
3.16,2.967575
3.165,2.968296
3.17,2.969035
3.175,2.969749
3.18,2.970405
3.185,2.970998
3.19,2.971545
3.195,2.972071
3.2,2.972598
3.205,2.973136
3.21,2.97369
3.215,2.974251
3.22,2.974809
3.225,2.975358
3.23,2.975899
3.235,2.976435
3.24,2.97697
3.245,2.977507
3.25,2.978047
3.255,2.978584
3.26,2.97912
3.265,2.979663
3.27,2.980208
3.275,2.980753
3.28,2.981294
3.285,2.98183
3.29,2.982355
3.295,2.982864
3.3,2.983356
3.305,2.983821
3.31,2.984253
3.315,2.984649
3.32,2.985023
3.325,2.985401
3.33,2.98581
3.335,2.986259
3.34,2.986743
3.345,2.987255
3.35,2.987794
3.355,2.988337
3.36,2.988868
3.365,2.989384
3.37,2.989885
3.375,2.990382
3.38,2.990875
3.385,2.991382
3.39,2.991915
3.395,2.992469
3.4,2.99303
3.405,2.993585
3.41,2.994132
3.415,2.994666
3.42,2.995179
3.425,2.995663
3.43,2.996119
3.435,2.996553
3.44,2.996985
3.445,2.997446
3.45,2.997965
3.455,2.99856
3.46,2.99922
3.465,2.999907
3.47,3.000574
3.475,3.001189
3.48,3.001736
3.485,3.002225
3.49,3.002683
3.495,3.003133
3.5,3.003595
3.505,3.004076
3.51,3.004567
3.515,3.005052
3.52,3.005527
3.525,3.005989
3.53,3.006433
3.535,3.006862
3.54,3.007284
3.545,3.007705
3.55,3.008128
3.555,3.00855
3.56,3.008971
3.565,3.009399
3.57,3.00984
3.575,3.010296
3.58,3.010768
3.585,3.011252
3.59,3.011735
3.595,3.012208
3.6,3.012667
3.605,3.013118
3.61,3.013566
3.615,3.014019
3.62,3.014479
3.625,3.01495
3.63,3.015424
3.635,3.015906
3.64,3.016383
3.645,3.01684
3.65,3.017292
3.655,3.01775
3.66,3.018219
3.665,3.018692
3.67,3.019157
3.675,3.019605
3.68,3.02004
3.685,3.020468
3.69,3.02089
3.695,3.021324
3.7,3.02177
3.705,3.022214
3.71,3.022642
3.715,3.023056
3.72,3.023462
3.725,3.023872
3.73,3.024286
3.735,3.024704
3.74,3.025126
3.745,3.025559
3.75,3.026004
3.755,3.026448
3.76,3.026887
3.765,3.027327
3.77,3.027771
3.775,3.028219
3.78,3.028672
3.785,3.029127
3.79,3.029571
3.795,3.029999
3.8,3.030413
3.805,3.030821
3.81,3.031233
3.815,3.031658
3.82,3.032099
3.825,3.032559
3.83,3.033049
3.835,3.033565
3.84,3.034084
3.845,3.034582
3.85,3.035035
3.855,3.035439
3.86,3.035809
3.865,3.036169
3.87,3.036537
3.875,3.036925
3.88,3.037332
3.885,3.037753
3.89,3.038178
3.895,3.038598
3.9,3.039009
3.905,3.039412
3.91,3.039811
3.915,3.040212
3.92,3.040615
3.925,3.041026
3.93,3.041442
3.935,3.041857
3.94,3.042269
3.945,3.042676
3.95,3.043081
3.955,3.043482
3.96,3.043872
3.965,3.044254
3.97,3.04463
3.975,3.045009
3.98,3.045392
3.985,3.045782
3.99,3.046186
3.995,3.046607
4,3.04705
4.005,3.047518
4.01,3.048014
4.015,3.048527
4.02,3.049034
4.025,3.049517
4.03,3.049965
4.035,3.050378
4.04,3.050763
4.045,3.051126
4.05,3.05147
4.055,3.051806
4.06,3.052141
4.065,3.052476
4.07,3.052812
4.075,3.053142
4.08,3.053469
4.085,3.053804
4.09,3.054154
4.095,3.0545
4.1,3.054835
4.105,3.055153
4.11,3.055458
4.115,3.055753
4.12,3.05604
4.125,3.056328
4.13,3.056605
4.135,3.056879
4.14,3.057164
4.145,3.05747
4.15,3.057804
4.155,3.058166
4.16,3.058555
4.165,3.058958
4.17,3.059358
4.175,3.059745
4.18,3.060114
4.185,3.060466
4.19,3.060817
4.195,3.061178
4.2,3.061538
4.205,3.061895
4.21,3.06225
4.215,3.0626
4.22,3.062951
4.225,3.063307
4.23,3.063668
4.235,3.064036
4.24,3.064402
4.245,3.064759
4.25,3.065107
4.255,3.065449
4.26,3.065795
4.265,3.06615
4.27,3.066517
4.275,3.066897
4.28,3.067283
4.285,3.067667
4.29,3.068052
4.295,3.06843
4.3,3.068798
4.305,3.069157
4.31,3.069519
4.315,3.069891
4.32,3.070266
4.325,3.070631
4.33,3.070973
4.335,3.071292
4.34,3.071599
4.345,3.071913
4.35,3.072247
4.355,3.072586
4.36,3.072923
4.365,3.073251
4.37,3.073573
4.375,3.073893
4.38,3.074213
4.385,3.074539
4.39,3.074869
4.395,3.075197
4.4,3.075526
4.405,3.075856
4.41,3.076183
4.415,3.076505
4.42,3.076828
4.425,3.07716
4.43,3.077489
4.435,3.077815
4.44,3.078137
4.445,3.078457
4.45,3.078778
4.455,3.07909
4.46,3.079398
4.465,3.079709
4.47,3.080031
4.475,3.080364
4.48,3.080707
4.485,3.081051
4.49,3.081393
4.495,3.081734
4.5,3.082075
4.505,3.082417
4.51,3.08276
4.515,3.083093
4.52,3.083424
4.525,3.083764
4.53,3.084105
4.535,3.084445
4.54,3.08479
4.545,3.085149
4.55,3.085533
4.555,3.085955
4.56,3.086413
4.565,3.086869
4.57,3.087298
4.575,3.087682
4.58,3.088017
4.585,3.088306
4.59,3.088563
4.595,3.088792
4.6,3.089017
4.605,3.089259
4.61,3.089526
4.615,3.089822
4.62,3.090138
4.625,3.090461
4.63,3.090785
4.635,3.091111
4.64,3.091435
4.645,3.091756
4.65,3.092065
4.655,3.092367
4.66,3.092645
4.665,3.092904
4.67,3.093147
4.675,3.093391
4.68,3.093632
4.685,3.09388
4.69,3.094122
4.695,3.094328
4.7,3.09452
4.705,3.094701
4.71,3.094867
4.715,3.095045
4.72,3.095239
4.725,3.095461
4.73,3.095707
4.735,3.095973
4.74,3.096253
4.745,3.09654
4.75,3.096837
4.755,3.097143
4.76,3.097462
4.765,3.097798
4.77,3.098152
4.775,3.098522
4.78,3.098904
4.785,3.099291
4.79,3.099675
4.795,3.100047
4.8,3.100401
4.805,3.100734
4.81,3.101042
4.815,3.101335
4.82,3.101614
4.825,3.101891
4.83,3.102178
4.835,3.102479
4.84,3.102798
4.845,3.103109
4.85,3.103412
4.855,3.103694
4.86,3.103964
4.865,3.104232
4.87,3.104499
4.875,3.104759
4.88,3.105015
4.885,3.105258
4.89,3.1055
4.895,3.105734
4.9,3.105972
4.905,3.106205
4.91,3.106447
4.915,3.106678
4.92,3.106907
4.925,3.107128
4.93,3.107322
4.935,3.107508
4.94,3.107689
4.945,3.107864
4.95,3.108053
4.955,3.108266
4.96,3.108504
4.965,3.108765
4.97,3.109038
4.975,3.109321
4.98,3.109604
4.985,3.10989
4.99,3.110175
4.995,3.11046
5,3.110743
5.005,3.111021
5.01,3.111299
5.015,3.111573
5.02,3.11185
5.025,3.112127
5.03,3.11241
5.035,3.112697
5.04,3.112986
5.045,3.11328
5.05,3.11357
5.055,3.113862
5.06,3.114159
5.065,3.11446
5.07,3.114767
5.075,3.115076
5.08,3.11539
5.085,3.115713
5.09,3.116044
5.095,3.116381
5.1,3.116723
5.105,3.117062
5.11,3.117402
5.115,3.117744
5.12,3.118083
5.125,3.118413
5.13,3.118716
5.135,3.118996
5.14,3.119241
5.145,3.119469
5.15,3.119678
5.155,3.119866
5.16,3.120055
5.165,3.120237
5.17,3.120426
5.175,3.120622
5.18,3.120801
5.185,3.120975
5.19,3.121152
5.195,3.121311
5.2,3.121454
5.205,3.121607
5.21,3.121759
5.215,3.121904
5.22,3.122066
5.225,3.122249
5.23,3.122463
5.235,3.122694
5.24,3.122945
5.245,3.123199
5.25,3.123461
5.255,3.123727
5.26,3.123997
5.265,3.124269
5.27,3.124539
5.275,3.124812
5.28,3.12509
5.285,3.12538
5.29,3.125677
5.295,3.12598
5.3,3.126292
5.305,3.126603
5.31,3.126911
5.315,3.127214
5.32,3.127509
5.325,3.127803
5.33,3.128092
5.335,3.128384
5.34,3.128675
5.345,3.128963
5.35,3.12925
5.355,3.129542
5.36,3.129846
5.365,3.130146
5.37,3.130441
5.375,3.130702
5.38,3.130933
5.385,3.131144
5.39,3.131338
5.395,3.131537
5.4,3.131742
5.405,3.131966
5.41,3.132213
5.415,3.132477
5.42,3.13273
5.425,3.132979
5.43,3.133204
5.435,3.133411
5.44,3.133613
5.445,3.133794
5.45,3.133973
5.455,3.134155
5.46,3.134316
5.465,3.134457
5.47,3.134607
5.475,3.134756
5.48,3.134883
5.485,3.135007
5.49,3.135148
5.495,3.135295
5.5,3.135467
5.505,3.135653
5.51,3.135848
5.515,3.136057
5.52,3.13627
5.525,3.136496
5.53,3.136728
5.535,3.136971
5.54,3.137218
5.545,3.137475
5.55,3.13774
5.555,3.138011
5.56,3.138286
5.565,3.138559
5.57,3.138833
5.575,3.139104
5.58,3.139379
5.585,3.139648
5.59,3.139917
5.595,3.140181
5.6,3.140447
5.605,3.140709
5.61,3.140972
5.615,3.141232
5.62,3.141495
5.625,3.141759
5.63,3.14203
5.635,3.142315
5.64,3.142593
5.645,3.142858
5.65,3.143112
5.655,3.143368
5.66,3.143619
5.665,3.143875
5.67,3.144139
5.675,3.144416
5.68,3.14468
5.685,3.144938
5.69,3.145179
5.695,3.145417
5.7,3.145644
5.705,3.145861
5.71,3.146078
5.715,3.146295
5.72,3.146522
5.725,3.146735
5.73,3.146947
5.735,3.147153
5.74,3.147353
5.745,3.147559
5.75,3.14776
5.755,3.147971
5.76,3.148181
5.765,3.148398
5.77,3.148616
5.775,3.14883
5.78,3.149048
5.785,3.149252
5.79,3.149457
5.795,3.149665
5.8,3.14989
5.805,3.150118
5.81,3.150314
5.815,3.150486
5.82,3.150655
5.825,3.150806
5.83,3.150933
5.835,3.151072
5.84,3.151219
5.845,3.151352
5.85,3.15148
5.855,3.151627
5.86,3.151774
5.865,3.151897
5.87,3.151993
5.875,3.152104
5.88,3.15223
5.885,3.15235
5.89,3.152466
5.895,3.152605
5.9,3.152751
5.905,3.1529
5.91,3.153069
5.915,3.153239
5.92,3.153408
5.925,3.153589
5.93,3.153761
5.935,3.153918
5.94,3.154085
5.945,3.154252
5.95,3.154434
5.955,3.154627
5.96,3.154815
5.965,3.155013
5.97,3.155206
5.975,3.155394
5.98,3.155588
5.985,3.155773
5.99,3.155967
5.995,3.156169
6,3.156392
6.005,3.156624
6.01,3.15687
6.015,3.157114
6.02,3.157361
6.025,3.157603
6.03,3.157846
6.035,3.158087
6.04,3.158326
6.045,3.158564
6.05,3.158795
6.055,3.159028
6.06,3.159254
6.065,3.159485
6.07,3.159709
6.075,3.159941
6.08,3.160168
6.085,3.160403
6.09,3.160634
6.095,3.160864
6.1,3.161094
6.105,3.16133
6.11,3.161568
6.115,3.161791
6.12,3.162013
6.125,3.162245
6.13,3.162491
6.135,3.162736
6.14,3.162986
6.145,3.163227
6.15,3.16347
6.155,3.163707
6.16,3.163951
6.165,3.164203
6.17,3.164467
6.175,3.164707
6.18,3.164915
6.185,3.165111
6.19,3.165283
6.195,3.165429
6.2,3.165582
6.205,3.165737
6.21,3.16589
6.215,3.166063
6.22,3.166236
6.225,3.166405
6.23,3.166586
6.235,3.166759
6.24,3.166906
6.245,3.167057
6.25,3.167212
6.255,3.167354
6.26,3.167506
6.265,3.16767
6.27,3.16782
6.275,3.167941
6.28,3.168065
6.285,3.168201
6.29,3.16833
6.295,3.168435
6.3,3.168543
6.305,3.168671
6.31,3.168802
6.315,3.168911
6.32,3.169009
6.325,3.169129
6.33,3.169261
6.335,3.169414
6.34,3.169592
6.345,3.169769
6.35,3.169953
6.355,3.170144
6.36,3.170347
6.365,3.170563
6.37,3.170784
6.375,3.171015
6.38,3.171239
6.385,3.171469
6.39,3.171692
6.395,3.171921
6.4,3.172145
6.405,3.172367
6.41,3.172589
6.415,3.1728
6.42,3.173015
6.425,3.173217
6.43,3.173405
6.435,3.173596
6.44,3.173771
6.445,3.173939
6.45,3.174115
6.455,3.174281
6.46,3.174447
6.465,3.174624
6.47,3.174789
6.475,3.174953
6.48,3.175126
6.485,3.175291
6.49,3.175461
6.495,3.175641
6.5,3.175811
6.505,3.175991
6.51,3.176174
6.515,3.176351
6.52,3.17654
6.525,3.176724
6.53,3.176898
6.535,3.177081
6.54,3.177256
6.545,3.17743
6.55,3.177614
6.555,3.177791
6.56,3.17798
6.565,3.17817
6.57,3.17834
6.575,3.17851
6.58,3.178683
6.585,3.178863
6.59,3.179062
6.595,3.179254
6.6,3.179449
6.605,3.179647
6.61,3.179844
6.615,3.180052
6.62,3.180271
6.625,3.180506
6.63,3.180754
6.635,3.181014
6.64,3.181283
6.645,3.18155
6.65,3.181777
6.655,3.18196
6.66,3.18213
6.665,3.182282
6.67,3.182405
6.675,3.182529
6.68,3.18267
6.685,3.182806
6.69,3.182925
6.695,3.183055
6.7,3.183199
6.705,3.183334
6.71,3.183463
6.715,3.18361
6.72,3.183759
6.725,3.183886
6.73,3.183992
6.735,3.184113
6.74,3.184245
6.745,3.184365
6.75,3.184456
6.755,3.184536
6.76,3.184641
6.765,3.184762
6.77,3.184875
6.775,3.184985
6.78,3.185117
6.785,3.185258
6.79,3.185391
6.795,3.185539
6.8,3.185698
6.805,3.185846
6.81,3.186003
6.815,3.186169
6.82,3.18633
6.825,3.186507
6.83,3.186688
6.835,3.186858
6.84,3.187039
6.845,3.187225
6.85,3.187433
6.855,3.187648
6.86,3.187872
6.865,3.188099
6.87,3.188319
6.875,3.188542
6.88,3.188745
6.885,3.188926
6.89,3.189107
6.895,3.189273
6.9,3.189431
6.905,3.189601
6.91,3.189765
6.915,3.189908
6.92,3.19006
6.925,3.190216
6.93,3.190358
6.935,3.190505
6.94,3.190665
6.945,3.190815
6.95,3.190962
6.955,3.191124
6.96,3.191279
6.965,3.191409
6.97,3.191538
6.975,3.19168
6.98,3.191816
6.985,3.191944
6.99,3.19209
6.995,3.192245
7,3.192417
7.005,3.192608
7.01,3.19281
7.015,3.193028
7.02,3.193255
7.025,3.193495
7.03,3.193717
7.035,3.193905
7.04,3.194085
7.045,3.194251
7.05,3.194385
7.055,3.194503
7.06,3.194636
7.065,3.194772
7.07,3.194894
7.075,3.195025
7.08,3.195173
7.085,3.195314
7.09,3.19544
7.095,3.19558
7.1,3.195729
7.105,3.19586
7.11,3.195969
7.115,3.19609
7.12,3.196225
7.125,3.19635
7.13,3.196453
7.135,3.196568
7.14,3.1967
7.145,3.19683
7.15,3.196962
7.155,3.197115
7.16,3.197269
7.165,3.197417
7.17,3.197581
7.175,3.197746
7.18,3.197919
7.185,3.198106
7.19,3.198285
7.195,3.19847
7.2,3.198658
7.205,3.198828
7.21,3.199002
7.215,3.199178
7.22,3.199345
7.225,3.199523
7.23,3.199705
7.235,3.199905
7.24,3.200114
7.245,3.200302
7.25,3.200479
7.255,3.200655
7.26,3.200812
7.265,3.200932
7.27,3.20104
7.275,3.201164
7.28,3.201292
7.285,3.20141
7.29,3.201548
7.295,3.2017
7.3,3.20184
7.305,3.201957
7.31,3.202085
7.315,3.202223
7.32,3.202351
7.325,3.202461
7.33,3.202589
7.335,3.202729
7.34,3.202856
7.345,3.202952
7.35,3.203014
7.355,3.203084
7.36,3.203185
7.365,3.2033
7.37,3.203402
7.375,3.203476
7.38,3.203519
7.385,3.203567
7.39,3.203654
7.395,3.203766
7.4,3.203875
7.405,3.203959
7.41,3.204018
7.415,3.204098
7.42,3.204207
7.425,3.204323
7.43,3.204429
7.435,3.204553
7.44,3.204695
7.445,3.204831
7.45,3.204943
7.455,3.205064
7.46,3.2052
7.465,3.20533
7.47,3.205438
7.475,3.205553
7.48,3.205687
7.485,3.205819
7.49,3.205957
7.495,3.206115
7.5,3.206275
7.505,3.206444
7.51,3.206627
7.515,3.2068
7.52,3.20698
7.525,3.207164
7.53,3.207329
7.535,3.207495
7.54,3.207666
7.545,3.207822
7.55,3.207977
7.555,3.208144
7.56,3.208301
7.565,3.208458
7.57,3.208629
7.575,3.208789
7.58,3.208947
7.585,3.209118
7.59,3.209283
7.595,3.209461
7.6,3.209648
7.605,3.209815
7.61,3.209967
7.615,3.210126
7.62,3.210278
7.625,3.210423
7.63,3.210584
7.635,3.210745
7.64,3.210884
7.645,3.211021
7.65,3.21117
7.655,3.211311
7.66,3.211426
7.665,3.21154
7.67,3.211673
7.675,3.211805
7.68,3.211914
7.685,3.211998
7.69,3.2121
7.695,3.212222
7.7,3.212341
7.705,3.212437
7.71,3.212524
7.715,3.212635
7.72,3.21276
7.725,3.212876
7.73,3.212984
7.735,3.213115
7.74,3.213254
7.745,3.213378
7.75,3.213489
7.755,3.21362
7.76,3.213758
7.765,3.213885
7.77,3.214026
7.775,3.214181
7.78,3.214327
7.785,3.214477
7.79,3.21464
7.795,3.214797
7.8,3.21496
7.805,3.215134
7.81,3.215299
7.815,3.215469
7.82,3.215648
7.825,3.215815
7.83,3.215991
7.835,3.216171
7.84,3.216344
7.845,3.21653
7.85,3.216713
7.855,3.216897
7.86,3.217091
7.865,3.21727
7.87,3.217409
7.875,3.217513
7.88,3.217625
7.885,3.217748
7.89,3.217862
7.895,3.21795
7.9,3.218009
7.905,3.218085
7.91,3.218193
7.915,3.21831
7.92,3.218422
7.925,3.218556
7.93,3.218706
7.935,3.218843
7.94,3.218953
7.945,3.219068
7.95,3.219199
7.955,3.219326
7.96,3.219428
7.965,3.219495
7.97,3.219555
7.975,3.219646
7.98,3.219759
7.985,3.219869
7.99,3.219954
7.995,3.220016
8,3.220096
8.005,3.220206
8.01,3.220323
8.015,3.220422
8.02,3.22049
8.025,3.220525
8.03,3.220555
8.035,3.220627
8.04,3.220733
8.045,3.220845
8.05,3.220938
8.055,3.221
8.06,3.221029
8.065,3.22104
8.07,3.221081
8.075,3.221172
8.08,3.221286
8.085,3.221393
8.09,3.221489
8.095,3.221607
8.1,3.221739
8.105,3.221862
8.11,3.221963
8.115,3.222079
8.12,3.222212
8.125,3.22234
8.13,3.222469
8.135,3.222619
8.14,3.22277
8.145,3.222917
8.15,3.22308
8.155,3.223244
8.16,3.223405
8.165,3.223582
8.17,3.223753
8.175,3.223915
8.18,3.224089
8.185,3.224262
8.19,3.224452
8.195,3.224649
8.2,3.224825
8.205,3.224995
8.21,3.225167
8.215,3.225321
8.22,3.225471
8.225,3.225632
8.23,3.225786
8.235,3.225915
8.24,3.226051
8.245,3.226197
8.25,3.226332
8.255,3.226444
8.26,3.226566
8.265,3.226704
8.27,3.226834
8.275,3.226936
8.28,3.227025
8.285,3.227137
8.29,3.227262
8.295,3.227376
8.3,3.227462
8.305,3.227512
8.31,3.227546
8.315,3.227613
8.32,3.227716
8.325,3.227829
8.33,3.227925
8.335,3.227992
8.34,3.228033
8.345,3.228099
8.35,3.2282
8.355,3.228314
8.36,3.228414
8.365,3.228503
8.37,3.228616
8.375,3.228745
8.38,3.228865
8.385,3.228957
8.39,3.229048
8.395,3.229164
8.4,3.229289
8.405,3.229398
8.41,3.229482
8.415,3.229579
8.42,3.2297
8.425,3.229823
8.43,3.229926
8.435,3.230031
8.44,3.230159
8.445,3.230292
8.45,3.230407
8.455,3.230531
8.46,3.230673
8.465,3.230811
8.47,3.230924
8.475,3.231035
8.48,3.231165
8.485,3.231297
8.49,3.23141
8.495,3.231526
8.5,3.231661
8.505,3.231798
8.51,3.231913
8.515,3.232033
8.52,3.232171
8.525,3.232307
8.53,3.232421
8.535,3.232542
8.54,3.23268
8.545,3.232814
8.55,3.232928
8.555,3.233049
8.56,3.233188
8.565,3.233321
8.57,3.233435
8.575,3.233559
8.58,3.233699
8.585,3.233831
8.59,3.233937
8.595,3.234044
8.6,3.234172
8.605,3.234301
8.61,3.234412
8.615,3.234528
8.62,3.234664
8.625,3.2348
8.63,3.234914
8.635,3.235028
8.64,3.235162
8.645,3.235297
8.65,3.235409
8.655,3.235497
8.66,3.235601
8.665,3.235725
8.67,3.235845
8.675,3.23594
8.68,3.236031
8.685,3.236146
8.69,3.236273
8.695,3.236387
8.7,3.236499
8.705,3.236634
8.71,3.236773
8.715,3.236893
8.72,3.236977
8.725,3.237047
8.73,3.237144
8.735,3.23726
8.74,3.23737
8.745,3.237455
8.75,3.237517
8.755,3.2376
8.76,3.237711
8.765,3.237827
8.77,3.237925
8.775,3.237993
8.78,3.23806
8.785,3.238158
8.79,3.238275
8.795,3.238383
8.8,3.238465
8.805,3.238526
8.81,3.238611
8.815,3.238723
8.82,3.238838
8.825,3.238933
8.83,3.238996
8.835,3.239039
8.84,3.239111
8.845,3.239216
8.85,3.239329
8.855,3.239426
8.86,3.23951
8.865,3.239619
8.87,3.239746
8.875,3.239864
8.88,3.239954
8.885,3.240023
8.89,3.240115
8.895,3.24023
8.9,3.240345
8.905,3.240442
8.91,3.240548
8.915,3.240677
8.92,3.240808
8.925,3.240916
8.93,3.241003
8.935,3.241109
8.94,3.241233
8.945,3.241351
8.95,3.241447
8.955,3.241547
8.96,3.24167
8.965,3.241798
8.97,3.241907
8.975,3.241995
8.98,3.2421
8.985,3.242224
8.99,3.242345
8.995,3.242449
9,3.24257
9.005,3.242708
9.01,3.242839
9.015,3.24295
9.02,3.243075
9.025,3.243214
9.03,3.243343
9.035,3.243459
9.04,3.243591
9.045,3.243734
9.05,3.243862
9.055,3.243957
9.06,3.244036
9.065,3.244138
9.07,3.244257
9.075,3.244369
9.08,3.244459
9.085,3.24456
9.09,3.244685
9.095,3.244812
9.1,3.244918
9.105,3.24499
9.11,3.245056
9.115,3.245153
9.12,3.245269
9.125,3.245378
9.13,3.245461
9.135,3.245526
9.14,3.245618
9.145,3.245733
9.15,3.245848
9.155,3.245941
9.16,3.246008
9.165,3.246091
9.17,3.246203
9.175,3.24632
9.18,3.24642
9.185,3.246489
9.19,3.246535
9.195,3.246609
9.2,3.246715
9.205,3.246828
9.21,3.246925
9.215,3.246991
9.22,3.24703
9.225,3.24709
9.23,3.247187
9.235,3.247301
9.24,3.247404
9.245,3.247478
9.25,3.247536
9.255,3.247622
9.26,3.247734
9.265,3.247848
9.27,3.24794
9.275,3.248002
9.28,3.248071
9.285,3.248172
9.29,3.248288
9.295,3.248394
9.3,3.248486
9.305,3.248599
9.31,3.248729
9.315,3.248852
9.32,3.248948
9.325,3.249026
9.33,3.249129
9.335,3.249249
9.34,3.249363
9.345,3.249452
9.35,3.249535
9.355,3.249644
9.36,3.249767
9.365,3.24988
9.37,3.249966
9.375,3.250053
9.38,3.250166
9.385,3.250289
9.39,3.250401
9.395,3.250522
9.4,3.250664
9.405,3.250804
9.41,3.250917
9.415,3.251017
9.42,3.251136
9.425,3.251265
9.43,3.25138
9.435,3.25149
9.44,3.25162
9.445,3.25176
9.45,3.251881
9.455,3.251971
9.46,3.252062
9.465,3.252177
9.47,3.252299
9.475,3.252404
9.48,3.252495
9.485,3.252608
9.49,3.252737
9.495,3.252858
9.5,3.252951
9.505,3.253034
9.51,3.253141
9.515,3.253263
9.52,3.253376
9.525,3.253461
9.53,3.253514
9.535,3.253573
9.54,3.253668
9.545,3.253782
9.55,3.253888
9.555,3.253968
9.56,3.254016
9.565,3.25407
9.57,3.25416
9.575,3.254273
9.58,3.254381
9.585,3.254463
9.59,3.254512
9.595,3.254547
9.6,3.254617
9.605,3.254721
9.61,3.254834
9.615,3.254929
9.62,3.255
9.625,3.255084
9.63,3.255196
9.635,3.255315
9.64,3.255418
9.645,3.255527
9.65,3.255659
9.655,3.255794
9.66,3.255909
9.665,3.256028
9.67,3.256165
9.675,3.256302
9.68,3.256414
9.685,3.256489
9.69,3.256548
9.695,3.256635
9.7,3.256747
9.705,3.256858
9.71,3.256946
9.715,3.257003
9.72,3.257029
9.725,3.257053
9.73,3.257121
9.735,3.257227
9.74,3.25734
9.745,3.257435
9.75,3.257499
9.755,3.257531
9.76,3.257573
9.765,3.257657
9.77,3.257767
9.775,3.257875
9.78,3.257959
9.785,3.258011
9.79,3.258033
9.795,3.258034
9.8,3.258025
9.805,3.258047
9.81,3.258127
9.815,3.258245
9.82,3.258363
9.825,3.258455
9.83,3.258513
9.835,3.258537
9.84,3.258538
9.845,3.258536
9.85,3.258581
9.855,3.258678
9.86,3.258797
9.865,3.258905
9.87,3.258982
9.875,3.259025
9.88,3.259039
9.885,3.259038
9.89,3.259074
9.895,3.259162
9.9,3.259278
9.905,3.259388
9.91,3.259471
9.915,3.259519
9.92,3.25956
9.925,3.259637
9.93,3.259744
9.935,3.259855
9.94,3.259945
9.945,3.260035
9.95,3.260151
9.955,3.260278
9.96,3.260391
9.965,3.260505
9.97,3.26064
9.975,3.260779
9.98,3.260901
9.985,3.261032
9.99,3.261178
9.995,3.261317
10,3.261445
10.005,3.26159
10.01,3.26174
10.015,3.261871
10.02,3.261989
10.025,3.262123
10.03,3.262262
10.035,3.262412
10.04,3.262584
10.045,3.262754
10.05,3.262894
10.055,3.263013
10.06,3.263143
10.065,3.263275
10.07,3.263391
10.075,3.263509
10.08,3.263647
10.085,3.263794
10.09,3.263966
10.095,3.264153
10.1,3.26432
10.105,3.264444
10.11,3.264518
10.115,3.264548
10.12,3.264574
10.125,3.264643
10.13,3.264746
10.135,3.264854
10.14,3.264943
10.145,3.265001
10.15,3.265029
10.155,3.265037
10.16,3.26507
10.165,3.265154
10.17,3.265268
10.175,3.265378
10.18,3.265464
10.185,3.265515
10.19,3.265536
10.195,3.265535
10.2,3.265524
10.205,3.265511
10.21,3.265511
10.215,3.265566
10.22,3.265674
10.225,3.265801
10.23,3.265912
10.235,3.26599
10.24,3.26603
10.245,3.266042
10.25,3.266035
10.255,3.266021
10.26,3.266007
10.265,3.265998
10.27,3.265993
10.275,3.265993
10.28,3.266004
10.285,3.266066
10.29,3.266178
10.295,3.266305
10.3,3.266415
10.305,3.266491
10.31,3.266531
10.315,3.266541
10.32,3.26656
10.325,3.266628
10.33,3.266735
10.335,3.266849
10.34,3.266942
10.345,3.267013
10.35,3.267104
10.355,3.26722
10.36,3.267337
10.365,3.267433
10.37,3.267499
10.375,3.267575
10.38,3.267681
10.385,3.267799
10.39,3.267904
10.395,3.268013
10.4,3.268146
10.405,3.268283
10.41,3.268411
10.415,3.268557
10.42,3.268712
10.425,3.268851
10.43,3.268959
10.435,3.269069
10.44,3.269195
10.445,3.26932
10.45,3.269437
10.455,3.269573
10.46,3.269721
10.465,3.269856
10.47,3.269981
10.475,3.270122
10.48,3.270266
10.485,3.270406
10.49,3.270565
10.495,3.270728
10.5,3.270871
10.505,3.271015
10.51,3.27117
10.515,3.271315
10.52,3.271458
10.525,3.271618
10.53,3.271774
10.535,3.271901
10.54,3.271986
10.545,3.27203
10.55,3.272042
10.555,3.272034
10.56,3.27202
10.565,3.272006
10.57,3.272012
10.575,3.272078
10.58,3.272193
10.585,3.27232
10.59,3.272427
10.595,3.272499
10.6,3.272534
10.605,3.272542
10.61,3.272533
10.615,3.272518
10.62,3.272505
10.625,3.272496
10.63,3.272493
10.635,3.272493
10.64,3.272495
10.645,3.272497
10.65,3.272499
10.655,3.272501
10.66,3.272501
10.665,3.272501
10.67,3.272501
10.675,3.2725
10.68,3.2725
10.685,3.2725
10.69,3.2725
10.695,3.2725
10.7,3.2725
10.705,3.2725
10.71,3.2725
10.715,3.2725
10.72,3.2725
10.725,3.2725
10.73,3.2725
10.735,3.2725
10.74,3.2725
10.745,3.2725
10.75,3.2725
10.755,3.2725
10.76,3.2725
10.765,3.2725
10.77,3.272503
10.775,3.272545
10.78,3.272642
10.785,3.272767
10.79,3.272884
10.795,3.272971
10.8,3.273021
10.805,3.27304
10.81,3.273037
10.815,3.273025
10.82,3.27303
10.825,3.273096
10.83,3.273207
10.835,3.273338
10.84,3.273498
10.845,3.273674
10.85,3.273843
10.855,3.274023
10.86,3.274214
10.865,3.274431
10.87,3.274653
10.875,3.274879
10.88,3.275103
10.885,3.275308
10.89,3.275512
10.895,3.275705
10.9,3.275884
10.905,3.276068
10.91,3.276244
10.915,3.276411
10.92,3.276588
10.925,3.276757
10.93,3.276902
10.935,3.277052
10.94,3.277207
10.945,3.277345
10.95,3.277468
10.955,3.277606
10.96,3.277749
10.965,3.277875
10.97,3.277965
10.975,3.278017
10.98,3.278036
10.985,3.278035
10.99,3.278023
10.995,3.27801
11,3.278
11.005,3.278004
11.01,3.278064
11.015,3.278175
11.02,3.278303
11.025,3.278414
11.03,3.278491
11.035,3.278531
11.04,3.278542
11.045,3.278535
11.05,3.27852
11.055,3.278507
11.06,3.278497
11.065,3.278493
11.07,3.278493
11.075,3.278495
11.08,3.278497
11.085,3.278499
11.09,3.278501
11.095,3.278501
11.1,3.278501
11.105,3.278501
11.11,3.2785
11.115,3.2785
11.12,3.2785
11.125,3.2785
11.13,3.2785
11.135,3.2785
11.14,3.2785
11.145,3.2785
11.15,3.278501
11.155,3.278537
11.16,3.278628
11.165,3.278752
11.17,3.278871
11.175,3.278963
11.18,3.279017
11.185,3.279039
11.19,3.279055
11.195,3.279116
11.2,3.279218
11.205,3.279332
11.21,3.279461
11.215,3.279616
11.22,3.279772
11.225,3.279917
11.23,3.280075
11.235,3.280235
11.24,3.280382
11.245,3.280541
11.25,3.280705
11.255,3.28085
11.26,3.280987
11.265,3.281138
11.27,3.281284
11.275,3.281419
11.28,3.281571
11.285,3.281727
11.29,3.281864
11.295,3.281982
11.3,3.282115
11.305,3.282253
11.31,3.282378
11.315,3.282511
11.32,3.282662
11.325,3.282807
11.33,3.282933
11.335,3.283073
11.34,3.283221
11.345,3.283358
11.35,3.283506
11.355,3.283668
11.36,3.28382
11.365,3.283979
11.37,3.284149
11.375,3.284306
11.38,3.284427
11.385,3.284503
11.39,3.284537
11.395,3.284543
11.4,3.284532
11.405,3.284516
11.41,3.284503
11.415,3.284495
11.42,3.284492
11.425,3.284498
11.43,3.284552
11.435,3.284659
11.44,3.284786
11.445,3.284901
11.45,3.284983
11.455,3.285027
11.46,3.285041
11.465,3.285036
11.47,3.285022
11.475,3.285008
11.48,3.284998
11.485,3.284993
11.49,3.284993
11.495,3.284994
11.5,3.284997
11.505,3.284999
11.51,3.285
11.515,3.285001
11.52,3.285001
11.525,3.285001
11.53,3.285
11.535,3.285
11.54,3.285
11.545,3.285
11.55,3.285
11.555,3.285
11.56,3.285
11.565,3.285
11.57,3.285
11.575,3.285
11.58,3.285007
11.585,3.285064
11.59,3.285171
11.595,3.285297
11.6,3.285408
11.605,3.285486
11.61,3.285535
11.615,3.285601
11.62,3.285701
11.625,3.285813
11.63,3.285934
11.635,3.286084
11.64,3.286242
11.645,3.286378
11.65,3.286474
11.655,3.286555
11.66,3.286658
11.665,3.286775
11.67,3.286882
11.675,3.286963
11.68,3.287023
11.685,3.287109
11.69,3.287222
11.695,3.287338
11.7,3.287438
11.705,3.287552
11.71,3.287686
11.715,3.287819
11.72,3.287927
11.725,3.288035
11.73,3.288163
11.735,3.288294
11.74,3.288405
11.745,3.288482
11.75,3.288533
11.755,3.288608
11.76,3.288714
11.765,3.288828
11.77,3.288924
11.775,3.28899
11.78,3.289029
11.785,3.289086
11.79,3.289182
11.795,3.289296
11.8,3.2894
11.805,3.289476
11.81,3.289524
11.815,3.289591
11.82,3.289693
11.825,3.289807
11.83,3.289909
11.835,3.289981
11.84,3.290022
11.845,3.290066
11.85,3.29015
11.855,3.29026
11.86,3.29037
11.865,3.290455
11.87,3.290509
11.875,3.290543
11.88,3.290608
11.885,3.29071
11.89,3.290823
11.895,3.290921
11.9,3.290989
11.905,3.291025
11.91,3.291035
11.915,3.291029
11.92,3.291018
11.925,3.291006
11.93,3.290998
11.935,3.291003
11.94,3.291061
11.945,3.291171
11.95,3.291299
11.955,3.291411
11.96,3.291489
11.965,3.29153
11.97,3.291542
11.975,3.291535
11.98,3.291521
11.985,3.291507
11.99,3.291498
11.995,3.291493
12,3.291493
12.005,3.291494
12.01,3.291497
12.015,3.291499
12.02,3.291501
12.025,3.291501
12.03,3.291501
12.035,3.291501
12.04,3.2915
12.045,3.2915
12.05,3.2915
12.055,3.2915
12.06,3.2915
12.065,3.291513
12.07,3.29158
12.075,3.291693
12.08,3.291818
12.085,3.291925
12.09,3.291997
12.095,3.292033
12.1,3.292041
12.105,3.292053
12.11,3.292116
12.115,3.292221
12.12,3.292336
12.125,3.292445
12.13,3.292573
12.135,3.292716
12.14,3.292849
12.145,3.292959
12.15,3.293081
12.155,3.293217
12.16,3.293344
12.165,3.293455
12.17,3.293584
12.175,3.293725
12.18,3.293854
12.185,3.293965
12.19,3.294092
12.195,3.294231
12.2,3.294357
12.205,3.294463
12.21,3.294582
12.215,3.294717
12.22,3.294844
12.225,3.294951
12.23,3.29507
12.235,3.295205
12.24,3.295335
12.245,3.295449
12.25,3.295581
12.255,3.295725
12.26,3.295855
12.265,3.29598
12.27,3.296124
12.275,3.296269
12.28,3.296411
12.285,3.296571
12.29,3.296735
12.295,3.296897
12.3,3.297075
12.305,3.297248
12.31,3.297389
12.315,3.297484
12.32,3.297532
12.325,3.297546
12.33,3.297538
12.335,3.297522
12.34,3.297507
12.345,3.297496
12.35,3.297492
12.355,3.297492
12.36,3.297494
12.365,3.297497
12.37,3.297499
12.375,3.297501
12.38,3.297501
12.385,3.297501
12.39,3.297501
12.395,3.2975
12.4,3.2975
12.405,3.2975
12.41,3.2975
12.415,3.2975
12.42,3.2975
12.425,3.2975
12.43,3.2975
12.435,3.2975
12.44,3.2975
12.445,3.2975
12.45,3.2975
12.455,3.2975
12.46,3.2975
12.465,3.2975
12.47,3.2975
12.475,3.2975
12.48,3.2975
12.485,3.2975
12.49,3.2975
12.495,3.2975
12.5,3.2975
12.505,3.2975
12.51,3.2975
12.515,3.2975
12.52,3.2975
12.525,3.2975
12.53,3.2975
12.535,3.2975
12.54,3.2975
12.545,3.2975
12.55,3.2975
12.555,3.2975
12.56,3.2975
12.565,3.2975
12.57,3.2975
12.575,3.2975
12.58,3.2975
12.585,3.2975
12.59,3.2975
12.595,3.2975
12.6,3.2975
12.605,3.2975
12.61,3.2975
12.615,3.2975
12.62,3.2975
12.625,3.2975
12.63,3.2975
12.635,3.297502
12.64,3.297541
12.645,3.297635
12.65,3.297759
12.655,3.297879
12.66,3.298005
12.665,3.29815
12.67,3.298312
12.675,3.298506
12.68,3.298737
12.685,3.298993
12.69,3.299232
12.695,3.299456
12.7,3.299666
12.705,3.299861
12.71,3.300061
12.715,3.300249
12.72,3.300441
12.725,3.300635
12.73,3.300807
12.735,3.300935
12.74,3.301012
12.745,3.301044
12.75,3.301046
12.755,3.301032
12.76,3.301018
12.765,3.301046
12.77,3.301135
12.775,3.301257
12.78,3.301376
12.785,3.301466
12.79,3.301519
12.795,3.30154
12.8,3.301538
12.805,3.301526
12.81,3.301512
12.815,3.3015
12.82,3.301496
12.825,3.301534
12.83,3.301631
12.835,3.301758
12.84,3.301878
12.845,3.301968
12.85,3.302021
12.855,3.302041
12.86,3.302038
12.865,3.302026
12.87,3.302011
12.875,3.302
12.88,3.301994
12.885,3.301992
12.89,3.301998
12.895,3.30205
12.9,3.302155
12.905,3.302282
12.91,3.302397
12.915,3.30248
12.92,3.302526
12.925,3.302541
12.93,3.302536
12.935,3.302523
12.94,3.302509
12.945,3.302499
12.95,3.302499
12.955,3.302551
12.96,3.302658
12.965,3.302786
12.97,3.302901
12.975,3.302983
12.98,3.303028
12.985,3.303042
12.99,3.303041
12.995,3.303076
13,3.303165
13.005,3.30328
13.01,3.30339
13.015,3.303472
13.02,3.30352
13.025,3.303571
13.03,3.303659
13.035,3.30377
13.04,3.303877
13.045,3.303961
13.05,3.304047
13.055,3.30416
13.06,3.304284
13.065,3.304394
13.07,3.304474
13.075,3.304548
13.08,3.30465
13.085,3.304768
13.09,3.304879
13.095,3.304962
13.1,3.305025
13.105,3.305112
13.11,3.305226
13.115,3.305341
13.12,3.305435
13.125,3.305519
13.13,3.305628
13.135,3.305753
13.14,3.305869
13.145,3.305957
13.15,3.306011
13.155,3.306061
13.16,3.306147
13.165,3.306258
13.17,3.306367
13.175,3.306453
13.18,3.306508
13.185,3.306565
13.19,3.306657
13.195,3.306771
13.2,3.306879
13.205,3.306962
13.21,3.307012
13.215,3.307035
13.22,3.307076
13.225,3.307163
13.23,3.307275
13.235,3.307383
13.24,3.307465
13.245,3.307514
13.25,3.307534
13.255,3.307534
13.26,3.307523
13.265,3.307511
13.27,3.307501
13.275,3.307495
13.28,3.307493
13.285,3.307494
13.29,3.307496
13.295,3.307499
13.3,3.3075
13.305,3.307501
13.31,3.307501
13.315,3.307501
13.32,3.3075
13.325,3.3075
13.33,3.3075
13.335,3.3075
13.34,3.3075
13.345,3.3075
13.35,3.3075
13.355,3.3075
13.36,3.3075
13.365,3.3075
13.37,3.3075
13.375,3.307503
13.38,3.307546
13.385,3.307644
13.39,3.307769
13.395,3.307886
13.4,3.307972
13.405,3.308022
13.41,3.30804
13.415,3.308037
13.42,3.308024
13.425,3.30801
13.43,3.308
13.435,3.307994
13.44,3.307993
13.445,3.307994
13.45,3.307996
13.455,3.307999
13.46,3.308
13.465,3.308001
13.47,3.308001
13.475,3.308001
13.48,3.308
13.485,3.308
13.49,3.308001
13.495,3.308038
13.5,3.30813
13.505,3.308254
13.51,3.308373
13.515,3.308464
13.52,3.308518
13.525,3.308539
13.53,3.308552
13.535,3.308608
13.54,3.308708
13.545,3.308821
13.55,3.308927
13.555,3.309051
13.56,3.309193
13.565,3.309328
13.57,3.309447
13.575,3.30958
13.58,3.309724
13.585,3.309858
13.59,3.31
13.595,3.310158
13.6,3.310307
13.605,3.310438
13.61,3.310581
13.615,3.31073
13.62,3.310876
13.625,3.31104
13.63,3.31121
13.635,3.311376
13.64,3.311557
13.645,3.311733
13.65,3.311881
13.655,3.312023
13.66,3.312172
13.665,3.312312
13.67,3.312423
13.675,3.312495
13.68,3.312529
13.685,3.312537
13.69,3.312529
13.695,3.312516
13.7,3.312504
13.705,3.312496
13.71,3.312493
13.715,3.312493
13.72,3.312495
13.725,3.312498
13.73,3.3125
13.735,3.312501
13.74,3.312508
13.745,3.312565
13.75,3.312672
13.755,3.312797
13.76,3.312908
13.765,3.312986
13.77,3.313028
13.775,3.313041
13.78,3.313035
13.785,3.313021
13.79,3.313007
13.795,3.312998
13.8,3.312993
13.805,3.312993
13.81,3.312994
13.815,3.312997
13.82,3.312999
13.825,3.313001
13.83,3.313001
13.835,3.313001
13.84,3.313001
13.845,3.313
13.85,3.313
13.855,3.313
13.86,3.313
13.865,3.313
13.87,3.313
13.875,3.313
13.88,3.313
13.885,3.313
13.89,3.313
13.895,3.313
13.9,3.313
13.905,3.313
13.91,3.313
13.915,3.313
13.92,3.313
13.925,3.313
13.93,3.313
13.935,3.313
13.94,3.313
13.945,3.313
13.95,3.313
13.955,3.313017
13.96,3.31309
13.965,3.313206
13.97,3.31333
13.975,3.313434
13.98,3.313502
13.985,3.313551
13.99,3.31363
13.995,3.313737
14,3.313847
14.005,3.313938
14.01,3.314017
14.015,3.314121
14.02,3.314244
14.025,3.314362
14.03,3.314484
14.035,3.314629
14.04,3.314776
14.045,3.31492
14.05,3.315083
14.055,3.315246
14.06,3.315382
14.065,3.315476
14.07,3.315532
14.075,3.3156
14.08,3.315699
14.085,3.31581
14.09,3.315908
14.095,3.315981
14.1,3.316061
14.105,3.31617
14.11,3.316291
14.115,3.316398
14.12,3.316476
14.125,3.31654
14.13,3.316632
14.135,3.316747
14.14,3.31686
14.145,3.31695
14.15,3.317041
14.155,3.317158
14.16,3.317285
14.165,3.317396
14.17,3.317475
14.175,3.31752
14.18,3.317535
14.185,3.317533
14.19,3.317554
14.195,3.317632
14.2,3.317745
14.205,3.317861
14.21,3.317953
14.215,3.31801
14.22,3.318036
14.225,3.318037
14.23,3.318027
14.235,3.318014
14.24,3.318002
14.245,3.317995
14.25,3.317993
14.255,3.317994
14.26,3.317996
14.265,3.317998
14.27,3.318
14.275,3.318001
14.28,3.318001
14.285,3.318001
14.29,3.318001
14.295,3.318
14.3,3.318
14.305,3.318
14.31,3.318
14.315,3.318
14.32,3.318
14.325,3.318
14.33,3.318
14.335,3.318
14.34,3.318
14.345,3.318
14.35,3.318
14.355,3.318
14.36,3.318
14.365,3.318
14.37,3.318014
14.375,3.318082
14.38,3.318196
14.385,3.318321
14.39,3.318427
14.395,3.318498
14.4,3.318533
14.405,3.318541
14.41,3.318532
14.415,3.318518
14.42,3.318505
14.425,3.318497
14.43,3.318493
14.435,3.318493
14.44,3.318495
14.445,3.318497
14.45,3.318499
14.455,3.318501
14.46,3.318501
14.465,3.318525
14.47,3.318605
14.475,3.318724
14.48,3.318847
14.485,3.318945
14.49,3.319019
14.495,3.319111
14.5,3.319225
14.505,3.31934
14.51,3.319434
14.515,3.319496
14.52,3.319535
14.525,3.319601
14.53,3.319702
14.535,3.319816
14.54,3.319916
14.545,3.319986
14.55,3.320024
14.555,3.320069
14.56,3.320154
14.565,3.320265
14.57,3.320373
14.575,3.320458
14.58,3.320512
14.585,3.320574
14.59,3.320671
14.595,3.320786
14.6,3.320891
14.605,3.32097
14.61,3.321027
14.615,3.321108
14.62,3.321218
14.625,3.321333
14.63,3.321429
14.635,3.321493
14.64,3.321526
14.645,3.321534
14.65,3.321544
14.655,3.321604
14.66,3.321708
14.665,3.321825
14.67,3.321926
14.675,3.321995
14.68,3.32203
14.685,3.322038
14.69,3.322031
14.695,3.322019
14.7,3.322039
14.705,3.322121
14.71,3.32224
14.715,3.32236
14.72,3.322455
14.725,3.322513
14.73,3.322538
14.735,3.322539
14.74,3.322528
14.745,3.322532
14.75,3.322596
14.755,3.322706
14.76,3.322828
14.765,3.322931
14.77,3.322999
14.775,3.323033
14.78,3.323041
14.785,3.323061
14.79,3.323132
14.795,3.323241
14.8,3.323354
14.805,3.323447
14.81,3.323506
14.815,3.323533
14.82,3.323537
14.825,3.323527
14.83,3.323514
14.835,3.323503
14.84,3.323496
14.845,3.323493
14.85,3.323494
14.855,3.323496
14.86,3.323525
14.865,3.32361
14.87,3.323732
14.875,3.323854
14.88,3.323951
14.885,3.324012
14.89,3.324038
14.895,3.324039
14.9,3.324028
14.905,3.324014
14.91,3.324002
14.915,3.323995
14.92,3.323993
14.925,3.323993
14.93,3.323996
14.935,3.323998
14.94,3.324
14.945,3.324001
14.95,3.324001
14.955,3.324001
14.96,3.324001
14.965,3.324
14.97,3.324
14.975,3.324
14.98,3.324
14.985,3.324
14.99,3.324
14.995,3.324
15,3.324
15.005,3.324
15.01,3.324001
15.015,3.324031
15.02,3.324119
15.025,3.324241
15.03,3.324362
15.035,3.324457
15.04,3.324514
15.045,3.324538
15.05,3.324539
15.055,3.324527
15.06,3.324513
15.065,3.324503
15.07,3.324535
15.075,3.324628
15.08,3.324753
15.085,3.324873
15.09,3.324965
15.095,3.325019
15.1,3.325043
15.105,3.325085
15.11,3.325171
15.115,3.325281
15.12,3.325386
15.125,3.325467
15.13,3.325515
15.135,3.325538
15.14,3.325587
15.145,3.325679
15.15,3.325792
15.155,3.325897
15.16,3.325974
15.165,3.326019
15.17,3.326035
15.175,3.326033
15.18,3.326037
15.185,3.326095
15.19,3.3262
15.195,3.32632
15.2,3.326424
15.205,3.326494
15.21,3.32653
15.215,3.326539
15.22,3.326539
15.225,3.326581
15.23,3.326674
15.235,3.326791
15.24,3.326899
15.245,3.326978
15.25,3.327023
15.255,3.327038
15.26,3.327034
15.265,3.327022
15.27,3.327009
15.275,3.327023
15.28,3.327098
15.285,3.327217
15.29,3.327341
15.295,3.327442
15.3,3.327507
15.305,3.327537
15.31,3.327541
15.315,3.32753
15.32,3.327516
15.325,3.327503
15.33,3.327519
15.335,3.327597
15.34,3.327717
15.345,3.327842
15.35,3.327943
15.355,3.328008
15.36,3.328037
15.365,3.328041
15.37,3.32803
15.375,3.328016
15.38,3.328003
15.385,3.327995
15.39,3.327993
15.395,3.327993
15.4,3.327995
15.405,3.327998
15.41,3.328
15.415,3.328001
15.42,3.328001
15.425,3.328001
15.43,3.328001
15.435,3.328
15.44,3.328003
15.445,3.328048
15.45,3.328147
15.455,3.328272
15.46,3.328388
15.465,3.328474
15.47,3.328523
15.475,3.32854
15.48,3.328537
15.485,3.328524
15.49,3.32851
15.495,3.328499
15.5,3.328494
15.505,3.328493
15.51,3.328494
15.515,3.328496
15.52,3.328499
15.525,3.3285
15.53,3.328501
15.535,3.328501
15.54,3.328501
15.545,3.328516
15.55,3.328586
15.555,3.328701
15.56,3.328825
15.565,3.32893
15.57,3.329
15.575,3.329034
15.58,3.32904
15.585,3.329032
15.59,3.329018
15.595,3.329005
15.6,3.328996
15.605,3.328993
15.61,3.328993
15.615,3.328995
15.62,3.329025
15.625,3.329112
15.63,3.329234
15.635,3.329357
15.64,3.329453
15.645,3.329512
15.65,3.329538
15.655,3.32954
15.66,3.329562
15.665,3.329637
15.67,3.329748
15.675,3.329862
15.68,3.329952
15.685,3.33001
15.69,3.330063
15.695,3.330152
15.7,3.330263
15.705,3.330371
15.71,3.330456
15.715,3.330509
15.72,3.330563
15.725,3.330652
15.73,3.330765
15.735,3.330874
15.74,3.330958
15.745,3.33101
15.75,3.331037
15.755,3.331087
15.76,3.33118
15.765,3.331293
15.77,3.331398
15.775,3.331475
15.78,3.331537
15.785,3.331627
15.79,3.331741
15.795,3.331854
15.8,3.331944
15.805,3.332017
15.81,3.332113
15.815,3.332232
15.82,3.332349
15.825,3.332442
15.83,3.332502
15.835,3.33253
15.84,3.332534
15.845,3.332526
15.85,3.332514
15.855,3.332503
15.86,3.332496
15.865,3.332494
15.87,3.332494
15.875,3.332496
15.88,3.332498
15.885,3.3325
15.89,3.332501
15.895,3.332501
15.9,3.332503
15.905,3.332541
15.91,3.332635
15.915,3.332759
15.92,3.332877
15.925,3.332967
15.93,3.333019
15.935,3.333039
15.94,3.333038
15.945,3.333025
15.95,3.333011
15.955,3.333
15.96,3.332994
15.965,3.332993
15.97,3.332994
15.975,3.332996
15.98,3.332999
15.985,3.333
15.99,3.333001
15.995,3.333001
16,3.333001
16.005,3.333001
16.01,3.333
16.015,3.333
16.02,3.333
16.025,3.333
16.03,3.333
16.035,3.333
16.04,3.333
16.045,3.333
16.05,3.333
16.055,3.333
16.06,3.333
16.065,3.333
16.07,3.333
16.075,3.333
16.08,3.333
16.085,3.333
16.09,3.333
16.095,3.333012
16.1,3.333078
16.105,3.333191
16.11,3.333316
16.115,3.333423
16.12,3.333496
16.125,3.333532
16.13,3.333541
16.135,3.333533
16.14,3.333519
16.145,3.333506
16.15,3.333497
16.155,3.333493
16.16,3.333493
16.165,3.333495
16.17,3.333497
16.175,3.333499
16.18,3.333521
16.185,3.333599
16.19,3.333717
16.195,3.33384
16.2,3.333941
16.205,3.334006
16.21,3.334036
16.215,3.334043
16.22,3.334079
16.225,3.334165
16.23,3.334278
16.235,3.334386
16.24,3.334468
16.245,3.334517
16.25,3.334566
16.255,3.334651
16.26,3.334762
16.265,3.334871
16.27,3.334956
16.275,3.335009
16.28,3.335064
16.285,3.335155
16.29,3.335268
16.295,3.335376
16.3,3.33546
16.305,3.335512
16.31,3.335569
16.315,3.335661
16.32,3.335775
16.325,3.335882
16.33,3.335964
16.335,3.336013
16.34,3.336033
16.345,3.336033
16.35,3.336024
16.355,3.336047
16.36,3.336129
16.365,3.336247
16.37,3.336365
16.375,3.336457
16.38,3.336514
16.385,3.336538
16.39,3.336538
16.395,3.336527
16.4,3.336513
16.405,3.336502
16.41,3.336514
16.415,3.336587
16.42,3.336705
16.425,3.336831
16.43,3.336935
16.435,3.337004
16.44,3.337036
16.445,3.337041
16.45,3.337032
16.455,3.337017
16.46,3.337004
16.465,3.336996
16.47,3.336999
16.475,3.337052
16.48,3.337159
16.485,3.337287
16.49,3.337402
16.495,3.337484
16.5,3.337528
16.505,3.337542
16.51,3.337536
16.515,3.337522
16.52,3.337508
16.525,3.337498
16.53,3.337493
16.535,3.337494
16.54,3.337535
16.545,3.337632
16.55,3.337758
16.555,3.337878
16.56,3.337968
16.565,3.338021
16.57,3.33804
16.575,3.338038
16.58,3.338025
16.585,3.338011
16.59,3.338005
16.595,3.33805
16.6,3.338151
16.605,3.338278
16.61,3.338394
16.615,3.338479
16.62,3.338526
16.625,3.338542
16.63,3.338537
16.635,3.338523
16.64,3.338521
16.645,3.338575
16.65,3.338682
16.655,3.338806
16.66,3.338915
16.665,3.338991
16.67,3.339031
16.675,3.339041
16.68,3.339034
16.685,3.33902
16.69,3.339007
16.695,3.338997
16.7,3.338993
16.705,3.338993
16.71,3.338995
16.715,3.338997
16.72,3.338999
16.725,3.339001
16.73,3.339001
16.735,3.339001
16.74,3.339001
16.745,3.339025
16.75,3.339106
16.755,3.339226
16.76,3.339349
16.765,3.339447
16.77,3.339509
16.775,3.339537
16.78,3.33954
16.785,3.339529
16.79,3.339515
16.795,3.339503
16.8,3.339495
16.805,3.339493
16.81,3.339493
16.815,3.339496
16.82,3.339498
16.825,3.3395
16.83,3.339501
16.835,3.339501
16.84,3.339501
16.845,3.339502
16.85,3.339537
16.855,3.339628
16.86,3.339751
16.865,3.339871
16.87,3.339962
16.875,3.340017
16.88,3.340039
16.885,3.340038
16.89,3.340026
16.895,3.340012
16.9,3.340001
16.905,3.339995
16.91,3.339993
16.915,3.339994
16.92,3.339996
16.925,3.339998
16.93,3.34
16.935,3.340001
16.94,3.340001
16.945,3.340001
16.95,3.340001
16.955,3.34
16.96,3.340016
16.965,3.340088
16.97,3.340203
16.975,3.340328
16.98,3.340432
16.985,3.340501
16.99,3.340534
16.995,3.34054
17,3.340531
17.005,3.340517
17.01,3.340505
17.015,3.340496
17.02,3.340493
17.025,3.340493
17.03,3.340495
17.035,3.340511
17.04,3.34058
17.045,3.340694
17.05,3.34082
17.055,3.340926
17.06,3.340997
17.065,3.341033
17.07,3.341041
17.075,3.341032
17.08,3.341018
17.085,3.341005
17.09,3.340997
17.095,3.340993
17.1,3.340993
17.105,3.340995
17.11,3.341019
17.115,3.341099
17.12,3.341219
17.125,3.341343
17.13,3.341443
17.135,3.341507
17.14,3.341537
17.145,3.341567
17.15,3.34164
17.155,3.341747
17.16,3.341857
17.165,3.341946
17.17,3.342004
17.175,3.342048
17.18,3.342127
17.185,3.342235
17.19,3.342347
17.195,3.342439
17.2,3.342508
17.205,3.342597
17.21,3.342713
17.215,3.342831
17.22,3.342928
17.225,3.342994
17.23,3.343027
17.235,3.343035
17.24,3.343038
17.245,3.343087
17.25,3.343185
17.255,3.343304
17.26,3.34341
17.265,3.343485
17.27,3.343526
17.275,3.343538
17.28,3.343545
17.285,3.343597
17.29,3.343696
17.295,3.343812
17.3,3.343915
17.305,3.343988
17.31,3.344043
17.315,3.344127
17.32,3.344238
17.325,3.34435
17.33,3.344441
17.335,3.3445
17.34,3.344528
17.345,3.344534
17.35,3.344547
17.355,3.344612
17.36,3.344719
17.365,3.344836
17.37,3.344934
17.375,3.345
17.38,3.345032
17.385,3.345038
17.39,3.34503
17.395,3.345016
17.4,3.345004
17.405,3.344997
17.41,3.344993
17.415,3.344993
17.42,3.344995
17.425,3.344998
17.43,3.345
17.435,3.345001
17.44,3.345001
17.445,3.345001
17.45,3.345001
17.455,3.345
17.46,3.345
17.465,3.345
17.47,3.345
17.475,3.345
17.48,3.345
17.485,3.345
17.49,3.345
17.495,3.345
17.5,3.345
17.505,3.345
17.51,3.345
17.515,3.345001
17.52,3.345034
17.525,3.345124
17.53,3.345246
17.535,3.345367
17.54,3.34546
17.545,3.345516
17.55,3.345539
17.555,3.345539
17.56,3.345527
17.565,3.345513
17.57,3.345501
17.575,3.345495
17.58,3.345493
17.585,3.345494
17.59,3.345496
17.595,3.345498
17.6,3.3455
17.605,3.345501
17.61,3.345501
17.615,3.345501
17.62,3.345501
17.625,3.3455
17.63,3.3455
17.635,3.3455
17.64,3.345528
17.645,3.345613
17.65,3.345734
17.655,3.345856
17.66,3.345952
17.665,3.346012
17.67,3.346038
17.675,3.346039
17.68,3.346028
17.685,3.346014
17.69,3.346002
17.695,3.345995
17.7,3.345993
17.705,3.345993
17.71,3.345996
17.715,3.346031
17.72,3.346121
17.725,3.346245
17.73,3.346366
17.735,3.346459
17.74,3.346516
17.745,3.346539
17.75,3.346539
17.755,3.346527
17.76,3.346513
17.765,3.346501
17.77,3.346495
17.775,3.346493
17.78,3.346519
17.785,3.346604
17.79,3.346727
17.795,3.346851
17.8,3.34695
17.805,3.347011
17.81,3.347038
17.815,3.34704
17.82,3.347029
17.825,3.347014
17.83,3.347002
17.835,3.346995
17.84,3.346993
17.845,3.346993
17.85,3.346999
17.855,3.347046
17.86,3.347147
17.865,3.347273
17.87,3.347389
17.875,3.347475
17.88,3.347523
17.885,3.34754
17.89,3.347537
17.895,3.347524
17.9,3.34751
17.905,3.347499
17.91,3.347494
17.915,3.347493
17.92,3.347494
17.925,3.347522
17.93,3.347607
17.935,3.347729
17.94,3.347852
17.945,3.34795
17.95,3.348011
17.955,3.348038
17.96,3.34804
17.965,3.348029
17.97,3.348014
17.975,3.348002
17.98,3.347995
17.985,3.347993
17.99,3.347993
17.995,3.347998
18,3.348043
18.005,3.348142
18.01,3.348268
18.015,3.348385
18.02,3.348472
18.025,3.348522
18.03,3.34854
18.035,3.348537
18.04,3.348524
18.045,3.34851
18.05,3.3485
18.055,3.348507
18.06,3.348573
18.065,3.348687
18.07,3.348815
18.075,3.348924
18.08,3.348997
18.085,3.349034
18.09,3.349042
18.095,3.349033
18.1,3.349019
18.105,3.349006
18.11,3.348997
18.115,3.348993
18.12,3.348997
18.125,3.349045
18.13,3.349149
18.135,3.349276
18.14,3.349393
18.145,3.349478
18.15,3.349525
18.155,3.349541
18.16,3.349537
18.165,3.349523
18.17,3.349509
18.175,3.349499
18.18,3.349494
18.185,3.349493
18.19,3.349494
18.195,3.349521
18.2,3.349605
18.205,3.349726
18.21,3.34985
18.215,3.349948
18.22,3.35001
18.225,3.350037
18.23,3.35004
18.235,3.350029
18.24,3.350015
18.245,3.350002
18.25,3.349995
18.255,3.349993
18.26,3.349993
18.265,3.349996
18.27,3.349998
18.275,3.35
18.28,3.350018
18.285,3.350091
18.29,3.350207
18.295,3.350331
18.3,3.350434
18.305,3.350502
18.31,3.350534
18.315,3.35054
18.32,3.350531
18.325,3.350517
18.33,3.350504
18.335,3.350496
18.34,3.350493
18.345,3.350493
18.35,3.350495
18.355,3.350498
18.36,3.350522
18.365,3.350603
18.37,3.350722
18.375,3.350845
18.38,3.350945
18.385,3.351008
18.39,3.351036
18.395,3.35104
18.4,3.351029
18.405,3.351015
18.41,3.351003
18.415,3.350996
18.42,3.350993
18.425,3.350993
18.43,3.350995
18.435,3.350998
18.44,3.351
18.445,3.351015
18.45,3.351085
18.455,3.351199
18.46,3.351324
18.465,3.351429
18.47,3.351499
18.475,3.351533
18.48,3.35154
18.485,3.351532
18.49,3.351518
18.495,3.351505
18.5,3.351497
18.505,3.351493
18.51,3.351511
18.515,3.351587
18.52,3.351706
18.525,3.351832
18.53,3.351936
18.535,3.352004
18.54,3.352036
18.545,3.352041
18.55,3.352031
18.555,3.352017
18.56,3.352004
18.565,3.351996
18.57,3.351993
18.575,3.351993
18.58,3.351995
18.585,3.351998
18.59,3.352014
18.595,3.352085
18.6,3.352199
18.605,3.352324
18.61,3.352429
18.615,3.352499
18.62,3.352533
18.625,3.35254
18.63,3.352532
18.635,3.352518
18.64,3.352505
18.645,3.352497
18.65,3.352493
18.655,3.352493
18.66,3.352495
18.665,3.352512
18.67,3.352583
18.675,3.352699
18.68,3.352824
18.685,3.35293
18.69,3.352999
18.695,3.353034
18.7,3.353041
18.705,3.353032
18.71,3.353018
18.715,3.353005
18.72,3.352996
18.725,3.352993
18.73,3.352995
18.735,3.353038
18.74,3.353137
18.745,3.353264
18.75,3.353382
18.755,3.353471
18.76,3.353522
18.765,3.35354
18.77,3.353538
18.775,3.353525
18.78,3.353511
18.785,3.3535
18.79,3.353494
18.795,3.353496
18.8,3.353543
18.805,3.353646
18.81,3.353773
18.815,3.35389
18.82,3.353976
18.825,3.354025
18.83,3.354041
18.835,3.354037
18.84,3.354024
18.845,3.35401
18.85,3.353999
18.855,3.353994
18.86,3.353998
18.865,3.354049
18.87,3.354155
18.875,3.354283
18.88,3.354399
18.885,3.354481
18.89,3.354527
18.895,3.354541
18.9,3.354536
18.905,3.354523
18.91,3.354509
18.915,3.354498
18.92,3.3545
18.925,3.354555
18.93,3.354663
18.935,3.354791
18.94,3.354905
18.945,3.354986
18.95,3.355029
18.955,3.355042
18.96,3.355036
18.965,3.355022
18.97,3.355008
18.975,3.354999
18.98,3.355031
18.985,3.355123
18.99,3.355248
18.995,3.35537
19,3.355463
19.005,3.355519
19.01,3.35554
19.015,3.355539
19.02,3.355527
19.025,3.355512
19.03,3.355501
19.035,3.355511
19.04,3.355582
19.045,3.355699
19.05,3.355826
19.055,3.355932
19.06,3.356002
19.065,3.356035
19.07,3.356042
19.075,3.356032
19.08,3.356018
19.085,3.356021
19.09,3.356084
19.095,3.356196
19.1,3.356321
19.105,3.356427
19.11,3.356498
19.115,3.356534
19.12,3.356541
19.125,3.356533
19.13,3.356518
19.135,3.356505
19.14,3.356497
19.145,3.356493
19.15,3.356493
19.155,3.356495
19.16,3.356497
19.165,3.356499
19.17,3.356501
19.175,3.356501
19.18,3.356501
19.185,3.356501
19.19,3.3565
19.195,3.3565
19.2,3.356516
19.205,3.356588
19.21,3.356703
19.215,3.356828
19.22,3.356932
19.225,3.357001
19.23,3.357034
19.235,3.35704
19.24,3.357031
19.245,3.357017
19.25,3.357005
19.255,3.356996
19.26,3.356993
19.265,3.356993
19.27,3.356995
19.275,3.356998
19.28,3.357
19.285,3.357001
19.29,3.357001
19.295,3.357001
19.3,3.357001
19.305,3.357
19.31,3.357
19.315,3.357007
19.32,3.357062
19.325,3.357168
19.33,3.357294
19.335,3.357406
19.34,3.357485
19.345,3.357528
19.35,3.357541
19.355,3.357535
19.36,3.357521
19.365,3.357508
19.37,3.357498
19.375,3.357493
19.38,3.357493
19.385,3.357494
19.39,3.357497
19.395,3.357499
19.4,3.3575
19.405,3.357501
19.41,3.357501
19.415,3.357514
19.42,3.35758
19.425,3.357693
19.43,3.357818
19.435,3.357925
19.44,3.357996
19.445,3.358032
19.45,3.358041
19.455,3.358032
19.46,3.358018
19.465,3.358005
19.47,3.357997
19.475,3.357993
19.48,3.357993
19.485,3.357995
19.49,3.358015
19.495,3.358091
19.5,3.358209
19.505,3.358334
19.51,3.358437
19.515,3.358503
19.52,3.358535
19.525,3.35854
19.53,3.358531
19.535,3.358516
19.54,3.358504
19.545,3.358496
19.55,3.358493
19.555,3.358495
19.56,3.358536
19.565,3.358633
19.57,3.358759
19.575,3.358878
19.58,3.358968
19.585,3.35902
19.59,3.35904
19.595,3.359038
19.6,3.359025
19.605,3.359011
19.61,3.359
19.615,3.358994
19.62,3.358993
19.625,3.358994
19.63,3.358996
19.635,3.358999
19.64,3.359008
19.645,3.359067
19.65,3.359175
19.655,3.3593
19.66,3.35941
19.665,3.359488
19.67,3.359529
19.675,3.359541
19.68,3.359534
19.685,3.359521
19.69,3.359507
19.695,3.359498
19.7,3.359493
19.705,3.359493
19.71,3.359495
19.715,3.359522
19.72,3.359605
19.725,3.359727
19.73,3.35985
19.735,3.359948
19.74,3.36001
19.745,3.360037
19.75,3.36004
19.755,3.360029
19.76,3.360015
19.765,3.360003
19.77,3.359995
19.775,3.359993
19.78,3.359993
19.785,3.359997
19.79,3.360033
19.795,3.360126
19.8,3.36025
19.805,3.36037
19.81,3.360462
19.815,3.360517
19.82,3.360539
19.825,3.360538
19.83,3.360526
19.835,3.360512
19.84,3.360501
19.845,3.360496
19.85,3.36053
19.855,3.360624
19.86,3.36075
19.865,3.360872
19.87,3.360964
19.875,3.361019
19.88,3.36104
19.885,3.361039
19.89,3.361026
19.895,3.361012
19.9,3.361001
19.905,3.360994
19.91,3.360992
19.915,3.360996
19.92,3.361039
19.925,3.361138
19.93,3.361264
19.935,3.361383
19.94,3.361471
19.945,3.361522
19.95,3.36154
19.955,3.361538
19.96,3.361525
19.965,3.361511
19.97,3.3615
19.975,3.361494
19.98,3.361493
19.985,3.361494
19.99,3.361507
19.995,3.361571
20,3.361684
20.005,3.36181
20.01,3.361919
20.015,3.361993
20.02,3.362031
20.025,3.362041
20.03,3.362033
20.035,3.362019
20.04,3.362006
20.045,3.361997
20.05,3.361993
20.055,3.361993
20.06,3.361995
20.065,3.362003
20.07,3.362056
20.075,3.362162
20.08,3.362288
20.085,3.362401
20.09,3.362482
20.095,3.362527
20.1,3.362541
20.105,3.362535
20.11,3.362522
20.115,3.362508
20.12,3.362498
20.125,3.362494
20.13,3.362493
20.135,3.362494
20.14,3.362497
20.145,3.362499
20.15,3.362501
20.155,3.362526
20.16,3.362607
20.165,3.362727
20.17,3.362849
20.175,3.362947
20.18,3.363009
20.185,3.363037
20.19,3.363039
20.195,3.363029
20.2,3.363015
20.205,3.363003
20.21,3.362995
20.215,3.362993
20.22,3.362993
20.225,3.362996
20.23,3.362998
20.235,3.363001
20.24,3.363034
20.245,3.363123
20.25,3.363245
20.255,3.363365
20.26,3.363458
20.265,3.363515
20.27,3.363538
20.275,3.363538
20.28,3.363527
20.285,3.363513
20.29,3.363501
20.295,3.363495
20.3,3.363493
20.305,3.363494
20.31,3.363503
20.315,3.363562
20.32,3.363671
20.325,3.363798
20.33,3.363909
20.335,3.363987
20.34,3.364029
20.345,3.364041
20.35,3.364035
20.355,3.364021
20.36,3.364007
20.365,3.363998
20.37,3.363993
20.375,3.363993
20.38,3.363994
20.385,3.364007
20.39,3.364072
20.395,3.364184
20.4,3.36431
20.405,3.364419
20.41,3.364493
20.415,3.364531
20.42,3.364541
20.425,3.364533
20.43,3.364519
20.435,3.364506
20.44,3.364497
20.445,3.364493
20.45,3.364493
20.455,3.364495
20.46,3.364513
20.465,3.364587
20.47,3.364704
20.475,3.364829
20.48,3.364933
20.485,3.365002
20.49,3.365034
20.495,3.36504
20.5,3.365031
20.505,3.365017
20.51,3.365004
20.515,3.364996
20.52,3.364993
20.525,3.365023
20.53,3.365112
20.535,3.365236
20.54,3.36536
20.545,3.365456
20.55,3.365515
20.555,3.365539
20.56,3.36554
20.565,3.365528
20.57,3.365513
20.575,3.365502
20.58,3.365495
20.585,3.365493
20.59,3.365515
20.595,3.365596
20.6,3.365717
20.605,3.365842
20.61,3.365943
20.615,3.366008
20.62,3.366037
20.625,3.366041
20.63,3.36603
20.635,3.366016
20.64,3.366003
20.645,3.365997
20.65,3.366033
20.655,3.366128
20.66,3.366254
20.665,3.366375
20.67,3.366467
20.675,3.36652
20.68,3.366541
20.685,3.366539
20.69,3.366526
20.695,3.366511
20.7,3.3665
20.705,3.366504
20.71,3.366563
20.715,3.366674
20.72,3.366802
20.725,3.366914
20.73,3.366991
20.735,3.367031
20.74,3.367042
20.745,3.367035
20.75,3.36702
20.755,3.367007
20.76,3.366997
20.765,3.366993
20.77,3.366993
20.775,3.367027
20.78,3.367119
20.785,3.367243
20.79,3.367365
20.795,3.367459
20.8,3.367516
20.805,3.367539
20.81,3.367539
20.815,3.367527
20.82,3.367513
20.825,3.367501
20.83,3.367495
20.835,3.367493
20.84,3.367494
20.845,3.367496
20.85,3.367498
20.855,3.3675
20.86,3.367501
20.865,3.367501
20.87,3.367501
20.875,3.367501
20.88,3.3675
20.885,3.3675
20.89,3.3675
20.895,3.3675
20.9,3.3675
20.905,3.3675
20.91,3.3675
20.915,3.3675
20.92,3.3675
20.925,3.3675
20.93,3.3675
20.935,3.3675
20.94,3.3675
20.945,3.3675
20.95,3.3675
20.955,3.3675
20.96,3.3675
20.965,3.3675
20.97,3.3675
20.975,3.3675
20.98,3.367496
20.985,3.367448
20.99,3.367346
20.995,3.367221
21,3.367106
21.005,3.367022
21.01,3.366975
21.015,3.36696
21.02,3.366964
21.025,3.366977
21.03,3.366991
21.035,3.367001
21.04,3.367006
21.045,3.367007
21.05,3.367006
21.055,3.367003
21.06,3.367001
21.065,3.367
21.07,3.366999
21.075,3.366999
21.08,3.366999
21.085,3.367
21.09,3.367
21.095,3.367
21.1,3.367
21.105,3.367
21.11,3.367
21.115,3.367
21.12,3.367
21.125,3.367
21.13,3.367
21.135,3.367
21.14,3.367
21.145,3.367
21.15,3.367
21.155,3.367
21.16,3.367
21.165,3.367
21.17,3.367
21.175,3.367
21.18,3.367
21.185,3.367
21.19,3.367
21.195,3.367
21.2,3.367
21.205,3.367
21.21,3.367
21.215,3.367
21.22,3.367
21.225,3.367
21.23,3.367001
21.235,3.367038
21.24,3.367131
21.245,3.367254
21.25,3.367373
21.255,3.367464
21.26,3.367518
21.265,3.367539
21.27,3.367538
21.275,3.367526
21.28,3.367512
21.285,3.367501
21.29,3.367494
21.295,3.367493
21.3,3.367494
21.305,3.367496
21.31,3.367498
21.315,3.3675
21.32,3.367501
21.325,3.367501
21.33,3.367501
21.335,3.367501
21.34,3.3675
21.345,3.367522
21.35,3.3676
21.355,3.367722
21.36,3.367893
21.365,3.368094
21.37,3.368302
21.375,3.368522
21.38,3.368733
21.385,3.368946
21.39,3.369156
21.395,3.369369
21.4,3.369587
21.405,3.369781
21.41,3.36995
21.415,3.37012
21.42,3.370277
21.425,3.370403
21.43,3.370513
21.435,3.37064
21.44,3.370773
21.445,3.370888
21.45,3.370972
21.455,3.371055
21.46,3.371165
21.465,3.371286
21.47,3.371394
21.475,3.371473
21.48,3.371517
21.485,3.371534
21.49,3.371531
21.495,3.371521
21.5,3.371509
21.505,3.371499
21.51,3.371495
21.515,3.371494
21.52,3.371495
21.525,3.371497
21.53,3.371499
21.535,3.3715
21.54,3.371501
21.545,3.371501
21.55,3.371501
21.555,3.3715
21.56,3.3715
21.565,3.3715
21.57,3.3715
21.575,3.3715
21.58,3.3715
21.585,3.3715
21.59,3.3715
21.595,3.3715
21.6,3.3715
21.605,3.371496
21.61,3.371448
21.615,3.371346
21.62,3.371221
21.625,3.371106
21.63,3.371022
21.635,3.370975
21.64,3.37096
21.645,3.370964
21.65,3.370977
21.655,3.370991
21.66,3.371001
21.665,3.371006
21.67,3.371007
21.675,3.370999
21.68,3.370943
21.685,3.370835
21.69,3.370708
21.695,3.370595
21.7,3.370515
21.705,3.370472
21.71,3.370459
21.715,3.370465
21.72,3.370479
21.725,3.370492
21.73,3.370502
21.735,3.370507
21.74,3.370507
21.745,3.370506
21.75,3.370503
21.755,3.370501
21.76,3.370499
21.765,3.370499
21.77,3.370499
21.775,3.370499
21.78,3.3705
21.785,3.3705
21.79,3.3705
21.795,3.3705
21.8,3.3705
21.805,3.3705
21.81,3.3705
21.815,3.3705
21.82,3.3705
21.825,3.3705
21.83,3.3705
21.835,3.3705
21.84,3.3705
21.845,3.3705
21.85,3.3705
21.855,3.3705
21.86,3.3705
21.865,3.3705
21.87,3.3705
21.875,3.3705
21.88,3.3705
21.885,3.3705
21.89,3.3705
21.895,3.3705
21.9,3.3705
21.905,3.3705
21.91,3.3705
21.915,3.3705
21.92,3.3705
21.925,3.3705
21.93,3.3705
21.935,3.3705
21.94,3.3705
21.945,3.3705
21.95,3.370526
21.955,3.370608
21.96,3.370729
21.965,3.370851
21.97,3.370949
21.975,3.371029
21.98,3.371131
21.985,3.37125
21.99,3.371364
21.995,3.371452
22,3.371506
22.005,3.37153
22.01,3.371542
22.015,3.371593
22.02,3.37169
22.025,3.371806
22.03,3.371927
22.035,3.372074
22.04,3.37223
22.045,3.372367
22.05,3.372478
22.055,3.3726
22.06,3.372733
22.065,3.372874
22.07,3.373042
22.075,3.373217
22.08,3.373366
22.085,3.373482
22.09,3.373603
22.095,3.373733
22.1,3.373853
22.105,3.373946
22.11,3.374003
22.115,3.374029
22.12,3.374033
22.125,3.374024
22.13,3.374013
22.135,3.374037
22.14,3.374122
22.145,3.374243
22.15,3.374363
22.155,3.374457
22.16,3.374515
22.165,3.374539
22.17,3.374539
22.175,3.374551
22.18,3.374617
22.185,3.374725
22.19,3.374841
22.195,3.374938
22.2,3.375002
22.205,3.375032
22.21,3.375038
22.215,3.375029
22.22,3.375016
22.225,3.375004
22.23,3.374998
22.235,3.375029
22.24,3.37512
22.245,3.375244
22.25,3.375367
22.255,3.375461
22.26,3.375517
22.265,3.37554
22.27,3.375539
22.275,3.375527
22.28,3.375513
22.285,3.375501
22.29,3.375494
22.295,3.375492
22.3,3.375494
22.305,3.375496
22.31,3.375498
22.315,3.3755
22.32,3.375501
22.325,3.375501
22.33,3.375501
22.335,3.375501
22.34,3.3755
22.345,3.3755
22.35,3.3755
22.355,3.3755
22.36,3.3755
22.365,3.3755
22.37,3.3755
22.375,3.3755
22.38,3.3755
22.385,3.3755
22.39,3.3755
22.395,3.3755
22.4,3.3755
22.405,3.3755
22.41,3.3755
22.415,3.375495
22.42,3.375445
22.425,3.375341
22.43,3.375216
22.435,3.375102
22.44,3.37502
22.445,3.374974
22.45,3.37496
22.455,3.374964
22.46,3.374978
22.465,3.374991
22.47,3.375001
22.475,3.375006
22.48,3.375007
22.485,3.375006
22.49,3.375003
22.495,3.374979
22.5,3.3749
22.505,3.37478
22.51,3.374657
22.515,3.374557
22.52,3.374493
22.525,3.374464
22.53,3.37446
22.535,3.37447
22.54,3.374485
22.545,3.374497
22.55,3.374504
22.555,3.374507
22.56,3.374507
22.565,3.374505
22.57,3.374502
22.575,3.3745
22.58,3.374499
22.585,3.374499
22.59,3.374499
22.595,3.374499
22.6,3.3745
22.605,3.3745
22.61,3.3745
22.615,3.3745
22.62,3.3745
22.625,3.3745
22.63,3.3745
22.635,3.3745
22.64,3.3745
22.645,3.3745
22.65,3.3745
22.655,3.3745
22.66,3.3745
22.665,3.3745
22.67,3.3745
22.675,3.3745
22.68,3.3745
22.685,3.3745
22.69,3.3745
22.695,3.3745
22.7,3.3745
22.705,3.3745
22.71,3.3745
22.715,3.3745
22.72,3.3745
22.725,3.3745
22.73,3.3745
22.735,3.3745
22.74,3.3745
22.745,3.3745
22.75,3.3745
22.755,3.374502
22.76,3.374541
22.765,3.374635
22.77,3.374759
22.775,3.374878
22.78,3.374967
22.785,3.375027
22.79,3.375105
22.795,3.375211
22.8,3.375324
22.805,3.375421
22.81,3.375488
22.815,3.375523
22.82,3.375533
22.825,3.375535
22.83,3.375579
22.835,3.375674
22.84,3.375795
22.845,3.375945
22.85,3.376121
22.855,3.37629
22.86,3.376433
22.865,3.37658
22.87,3.376729
22.875,3.37686
22.88,3.376956
22.885,3.377013
22.89,3.377065
22.895,3.377152
22.9,3.377263
22.905,3.377376
22.91,3.377511
22.915,3.377667
22.92,3.377815
22.925,3.377931
22.93,3.378004
22.935,3.378038
22.94,3.378042
22.945,3.378032
22.95,3.378016
22.955,3.378003
22.96,3.377995
22.965,3.378003
22.97,3.378067
22.975,3.378181
22.98,3.378309
22.985,3.378419
22.99,3.378494
22.995,3.378533
23,3.378542
23.005,3.378534
23.01,3.37852
23.015,3.378506
23.02,3.378497
23.025,3.378493
23.03,3.378493
23.035,3.378495
23.04,3.378497
23.045,3.378499
23.05,3.378501
23.055,3.378501
23.06,3.378501
23.065,3.378501
23.07,3.3785
23.075,3.3785
23.08,3.3785
23.085,3.3785
23.09,3.3785
23.095,3.3785
23.1,3.3785
23.105,3.3785
23.11,3.3785
23.115,3.3785
23.12,3.3785
23.125,3.3785
23.13,3.3785
23.135,3.3785
23.14,3.3785
23.145,3.3785
23.15,3.3785
23.155,3.3785
23.16,3.3785
23.165,3.3785
23.17,3.3785
23.175,3.3785
23.18,3.3785
23.185,3.3785
23.19,3.3785
23.195,3.3785
23.2,3.3785
23.205,3.3785
23.21,3.3785
23.215,3.3785
23.22,3.3785
23.225,3.3785
23.23,3.378479
23.235,3.378402
23.24,3.378284
23.245,3.37816
23.25,3.378059
23.255,3.377994
23.26,3.377964
23.265,3.37796
23.27,3.37797
23.275,3.377984
23.28,3.377997
23.285,3.378004
23.29,3.378007
23.295,3.378007
23.3,3.378005
23.305,3.378002
23.31,3.378
23.315,3.377999
23.32,3.378007
23.325,3.378018
23.33,3.378024
23.335,3.378024
23.34,3.378018
23.345,3.37801
23.35,3.378004
23.355,3.378
23.36,3.377998
23.365,3.377997
23.37,3.377998
23.375,3.377999
23.38,3.378
23.385,3.378
23.39,3.378001
23.395,3.378023
23.4,3.378102
23.405,3.378221
23.41,3.378344
23.415,3.378444
23.42,3.378507
23.425,3.378536
23.43,3.37854
23.435,3.37853
23.44,3.378515
23.445,3.378503
23.45,3.378496
23.455,3.378493
23.46,3.378493
23.465,3.378495
23.47,3.378498
23.475,3.3785
23.48,3.378501
23.485,3.378501
23.49,3.378501
23.495,3.378501
23.5,3.3785
23.505,3.3785
23.51,3.3785
23.515,3.3785
23.52,3.3785
23.525,3.3785
23.53,3.3785
23.535,3.3785
23.54,3.378529
23.545,3.378615
23.55,3.378736
23.555,3.378858
23.56,3.378956
23.565,3.379057
23.57,3.379182
23.575,3.379346
23.58,3.379547
23.585,3.379744
23.59,3.379904
23.595,3.380048
23.6,3.380194
23.605,3.380346
23.61,3.380526
23.615,3.380709
23.62,3.380865
23.625,3.380973
23.63,3.381035
23.635,3.3811
23.64,3.381195
23.645,3.381303
23.65,3.381402
23.655,3.381474
23.66,3.381516
23.665,3.381546
23.67,3.381615
23.675,3.38172
23.68,3.381834
23.685,3.38193
23.69,3.381995
23.695,3.382028
23.7,3.382037
23.705,3.382064
23.71,3.382142
23.715,3.382254
23.72,3.382366
23.725,3.382455
23.73,3.38251
23.735,3.382534
23.74,3.382555
23.745,3.38262
23.75,3.382724
23.755,3.382837
23.76,3.382933
23.765,3.382997
23.77,3.383029
23.775,3.383036
23.78,3.383029
23.785,3.383016
23.79,3.383005
23.795,3.382997
23.8,3.382994
23.805,3.382994
23.81,3.382995
23.815,3.382998
23.82,3.382999
23.825,3.383001
23.83,3.383001
23.835,3.383001
23.84,3.383001
23.845,3.383
23.85,3.383
23.855,3.383
23.86,3.383
23.865,3.383
23.87,3.383
23.875,3.383
23.88,3.382988
23.885,3.382924
23.89,3.382812
23.895,3.382686
23.9,3.382579
23.905,3.382506
23.91,3.382468
23.915,3.382459
23.92,3.38246
23.925,3.382419
23.93,3.382326
23.935,3.382209
23.94,3.382101
23.945,3.382022
23.95,3.381977
23.955,3.381962
23.96,3.381959
23.965,3.381918
23.97,3.381825
23.975,3.381709
23.98,3.381601
23.985,3.381488
23.99,3.381352
23.995,3.381214
24,3.381097
24.005,3.381017
24.01,3.380975
24.015,3.380962
24.02,3.380967
24.025,3.38098
24.03,3.380993
24.035,3.381002
24.04,3.381007
24.045,3.381007
24.05,3.381005
24.055,3.381003
24.06,3.381001
24.065,3.380999
24.07,3.380999
24.075,3.380999
24.08,3.380999
24.085,3.381
24.09,3.381
24.095,3.381
24.1,3.381
24.105,3.381
24.11,3.381
24.115,3.381
24.12,3.381
24.125,3.381
24.13,3.381
24.135,3.381
24.14,3.381
24.145,3.381
24.15,3.381
24.155,3.381
24.16,3.381
24.165,3.381
24.17,3.381
24.175,3.381006
24.18,3.38106
24.185,3.381166
24.19,3.381292
24.195,3.381404
24.2,3.381484
24.205,3.381544
24.21,3.381628
24.215,3.381738
24.22,3.38185
24.225,3.381945
24.23,3.382053
24.235,3.382188
24.24,3.382367
24.245,3.382576
24.25,3.382772
24.255,3.382923
24.26,3.383015
24.265,3.383055
24.27,3.383057
24.275,3.383041
24.28,3.38302
24.285,3.383004
24.29,3.383031
24.295,3.383122
24.3,3.383254
24.305,3.383431
24.31,3.383631
24.315,3.383813
24.32,3.383972
24.325,3.384137
24.33,3.384338
24.335,3.384563
24.34,3.384769
24.345,3.38493
24.35,3.385076
24.355,3.385219
24.36,3.385346
24.365,3.385442
24.37,3.385501
24.375,3.385528
24.38,3.385532
24.385,3.385524
24.39,3.385512
24.395,3.385526
24.4,3.3856
24.405,3.385717
24.41,3.385841
24.415,3.385942
24.42,3.386007
24.425,3.386036
24.43,3.38604
24.435,3.386031
24.44,3.386045
24.445,3.386118
24.45,3.386232
24.455,3.386351
24.46,3.386447
24.465,3.386508
24.47,3.386536
24.475,3.386539
24.48,3.386529
24.485,3.386515
24.49,3.386503
24.495,3.386496
24.5,3.386493
24.505,3.386493
24.51,3.386496
24.515,3.386498
24.52,3.3865
24.525,3.386501
24.53,3.386501
24.535,3.386501
24.54,3.386501
24.545,3.3865
24.55,3.3865
24.555,3.386484
24.56,3.386412
24.565,3.386297
24.57,3.386172
24.575,3.386068
24.58,3.385999
24.585,3.385966
24.59,3.38596
24.595,3.385969
24.6,3.385983
24.605,3.385992
24.61,3.385953
24.615,3.385856
24.62,3.38573
24.625,3.385613
24.63,3.385526
24.635,3.385456
24.64,3.385361
24.645,3.385247
24.65,3.385136
24.655,3.385049
24.66,3.384995
24.665,3.38497
24.67,3.384954
24.675,3.384896
24.68,3.384795
24.685,3.384679
24.69,3.384579
24.695,3.384509
24.7,3.384473
24.705,3.384463
24.71,3.384469
24.715,3.384482
24.72,3.384494
24.725,3.384502
24.73,3.384506
24.735,3.384507
24.74,3.384505
24.745,3.384503
24.75,3.384498
24.755,3.384452
24.76,3.384352
24.765,3.384227
24.77,3.384111
24.775,3.384026
24.78,3.383977
24.785,3.38396
24.79,3.383963
24.795,3.383976
24.8,3.38399
24.805,3.384001
24.81,3.384006
24.815,3.384007
24.82,3.384006
24.825,3.384004
24.83,3.384001
24.835,3.384
24.84,3.383999
24.845,3.383999
24.85,3.383999
24.855,3.384
24.86,3.384005
24.865,3.384056
24.87,3.384159
24.875,3.384284
24.88,3.384398
24.885,3.38448
24.89,3.384526
24.895,3.38454
24.9,3.384536
24.905,3.384522
24.91,3.384509
24.915,3.384499
24.92,3.384494
24.925,3.384493
24.93,3.384494
24.935,3.384497
24.94,3.384507
24.945,3.384566
24.95,3.384674
24.955,3.3848
24.96,3.384923
24.965,3.385066
24.97,3.38522
24.975,3.385357
24.98,3.385484
24.985,3.385627
24.99,3.38577
24.995,3.385892
25,3.385976
25.005,3.386041
25.01,3.386131
25.015,3.386244
25.02,3.386356
25.025,3.386447
25.03,3.386547
25.035,3.386671
25.04,3.3868
25.045,3.386909
25.05,3.386998
25.055,3.387106
25.06,3.387232
25.065,3.387352
25.07,3.387445
25.075,3.387504
25.08,3.387545
25.085,3.387616
25.09,3.387721
25.095,3.387834
25.1,3.387929
25.105,3.387994
25.11,3.388026
25.115,3.388035
25.12,3.388028
25.125,3.388016
25.13,3.388005
25.135,3.387997
25.14,3.387994
25.145,3.387994
25.15,3.387996
25.155,3.387999
25.16,3.388036
25.165,3.388129
25.17,3.388252
25.175,3.388372
25.18,3.388463
25.185,3.388518
25.19,3.388539
25.195,3.388538
25.2,3.388526
25.205,3.388512
25.21,3.388501
25.215,3.388494
25.22,3.388493
25.225,3.388494
25.23,3.388496
25.235,3.388498
25.24,3.3885
25.245,3.388501
25.25,3.388501
25.255,3.388501
25.26,3.388501
25.265,3.3885
25.27,3.3885
25.275,3.3885
25.28,3.388499
25.285,3.388473
25.29,3.388394
25.295,3.388276
25.3,3.388155
25.305,3.388056
25.31,3.387993
25.315,3.387965
25.32,3.387961
25.325,3.387971
25.33,3.387985
25.335,3.387997
25.34,3.388004
25.345,3.388007
25.35,3.388007
25.355,3.388005
25.36,3.388002
25.365,3.388
25.37,3.387999
25.375,3.387999
25.38,3.387999
25.385,3.387999
25.39,3.388
25.395,3.388
25.4,3.388
25.405,3.388
25.41,3.388
25.415,3.388
25.42,3.388
25.425,3.388
25.43,3.388
25.435,3.388
25.44,3.388
25.445,3.388
25.45,3.388
25.455,3.388
25.46,3.388
25.465,3.388
25.47,3.388
25.475,3.388
25.48,3.388
25.485,3.388
25.49,3.388
25.495,3.388
25.5,3.388
25.505,3.388
25.51,3.388
25.515,3.388
25.52,3.388
25.525,3.388
25.53,3.388
25.535,3.388
25.54,3.388
25.545,3.388
25.55,3.388
25.555,3.388
25.56,3.388
25.565,3.388
25.57,3.388
25.575,3.388
25.58,3.388
25.585,3.388
25.59,3.388
25.595,3.388
25.6,3.388
25.605,3.388
25.61,3.388
25.615,3.388
25.62,3.388
25.625,3.388
25.63,3.388
25.635,3.388
25.64,3.388
25.645,3.388
25.65,3.388
25.655,3.388
25.66,3.388
25.665,3.388
25.67,3.388
25.675,3.388
25.68,3.388001
25.685,3.388033
25.69,3.388122
25.695,3.388244
25.7,3.388365
25.705,3.388458
25.71,3.388515
25.715,3.388538
25.72,3.388539
25.725,3.388527
25.73,3.388513
25.735,3.388501
25.74,3.388495
25.745,3.388493
25.75,3.388494
25.755,3.388496
25.76,3.388498
25.765,3.3885
25.77,3.388501
25.775,3.388501
25.78,3.388501
25.785,3.388501
25.79,3.3885
25.795,3.388507
25.8,3.388564
25.805,3.388671
25.81,3.388797
25.815,3.388933
25.82,3.389093
25.825,3.389255
25.83,3.38939
25.835,3.389482
25.84,3.389552
25.845,3.389644
25.85,3.389756
25.855,3.389864
25.86,3.38995
25.865,3.390004
25.87,3.390028
25.875,3.390047
25.88,3.39011
25.885,3.390213
25.89,3.390328
25.895,3.390427
25.9,3.390494
25.905,3.390528
25.91,3.390537
25.915,3.39053
25.92,3.390533
25.925,3.390591
25.93,3.390698
25.935,3.390819
25.94,3.390924
25.945,3.390995
25.95,3.391031
25.955,3.39104
25.96,3.391032
25.965,3.391019
25.97,3.391013
25.975,3.391059
25.98,3.391162
25.985,3.391287
25.99,3.391401
25.995,3.391483
26,3.391527
26.005,3.391541
26.01,3.391536
26.015,3.391522
26.02,3.391508
26.025,3.391498
26.03,3.391493
26.035,3.391493
26.04,3.391494
26.045,3.391497
26.05,3.391499
26.055,3.3915
26.06,3.391501
26.065,3.391501
26.07,3.391501
26.075,3.3915
26.08,3.3915
26.085,3.3915
26.09,3.3915
26.095,3.3915
26.1,3.3915
26.105,3.3915
26.11,3.3915
26.115,3.3915
26.12,3.3915
26.125,3.3915
26.13,3.3915
26.135,3.3915
26.14,3.3915
26.145,3.3915
26.15,3.3915
26.155,3.3915
26.16,3.3915
26.165,3.3915
26.17,3.3915
26.175,3.3915
26.18,3.3915
26.185,3.3915
26.19,3.3915
26.195,3.3915
26.2,3.3915
26.205,3.3915
26.21,3.3915
26.215,3.3915
26.22,3.3915
26.225,3.3915
26.23,3.3915
26.235,3.3915
26.24,3.3915
26.245,3.3915
26.25,3.3915
26.255,3.3915
26.26,3.3915
26.265,3.3915
26.27,3.3915
26.275,3.3915
26.28,3.3915
26.285,3.3915
26.29,3.3915
26.295,3.3915
26.3,3.392
26.305,3.392
26.31,3.392
26.315,3.392
26.32,3.392
26.325,3.392
26.33,3.392
26.335,3.392
26.34,3.392
26.345,3.392
26.35,3.392
26.355,3.392
26.36,3.392
26.365,3.392
26.37,3.392
26.375,3.392
26.38,3.392
26.385,3.392
26.39,3.392
26.395,3.392
26.4,3.392
26.405,3.392
26.41,3.392
26.415,3.392
26.42,3.392
26.425,3.392
26.43,3.392
26.435,3.392
26.44,3.392
26.445,3.392
26.45,3.392
26.455,3.392
26.46,3.392
26.465,3.392
26.47,3.392
26.475,3.392
26.48,3.392
26.485,3.392
26.49,3.392
26.495,3.392
26.5,3.392
26.505,3.392
26.51,3.392
26.515,3.392
26.52,3.392
26.525,3.392
26.53,3.392
26.535,3.392
26.54,3.392
26.545,3.392
26.55,3.392
26.555,3.392
26.56,3.392
26.565,3.392
26.57,3.392
26.575,3.392012
26.58,3.392078
26.585,3.392191
26.59,3.392316
26.595,3.392423
26.6,3.392507
26.605,3.392607
26.61,3.392726
26.615,3.392844
26.62,3.392938
26.625,3.392999
26.63,3.39303
26.635,3.393074
26.64,3.393161
26.645,3.393273
26.65,3.393395
26.655,3.393545
26.66,3.393709
26.665,3.393854
26.67,3.39396
26.675,3.394021
26.68,3.394044
26.685,3.394043
26.69,3.394063
26.695,3.394138
26.7,3.394249
26.705,3.394362
26.71,3.394453
26.715,3.39451
26.72,3.394558
26.725,3.394641
26.73,3.39475
26.735,3.39486
26.74,3.394948
26.745,3.395011
26.75,3.395092
26.755,3.395202
26.76,3.395319
26.765,3.395419
26.77,3.395488
26.775,3.395524
26.78,3.395535
26.785,3.395529
26.79,3.395517
26.795,3.395506
26.8,3.395498
26.805,3.395494
26.81,3.395494
26.815,3.395495
26.82,3.395497
26.825,3.395499
26.83,3.3955
26.835,3.395501
26.84,3.395501
26.845,3.395501
26.85,3.3955
26.855,3.3955
26.86,3.3955
26.865,3.3955
26.87,3.3955
26.875,3.3955
26.88,3.3955
26.885,3.3955
26.89,3.3955
26.895,3.3955
26.9,3.3955
26.905,3.3955
26.91,3.3955
26.915,3.3955
26.92,3.395497
26.925,3.395452
26.93,3.395353
26.935,3.395228
26.94,3.395112
26.945,3.395026
26.95,3.394977
26.955,3.39496
26.96,3.394963
26.965,3.394976
26.97,3.39499
26.975,3.395001
26.98,3.395005
26.985,3.39497
26.99,3.394875
26.995,3.39475
27,3.394628
27.005,3.394536
27.01,3.394481
27.015,3.39446
27.02,3.394461
27.025,3.394474
27.03,3.394488
27.035,3.394499
27.04,3.394506
27.045,3.394508
27.05,3.394506
27.055,3.394473
27.06,3.394382
27.065,3.394258
27.07,3.394137
27.075,3.394042
27.08,3.393985
27.085,3.393961
27.09,3.393961
27.095,3.393973
27.1,3.393987
27.105,3.393999
27.11,3.394005
27.115,3.394007
27.12,3.394006
27.125,3.394004
27.13,3.394002
27.135,3.394
27.14,3.393999
27.145,3.393999
27.15,3.393999
27.155,3.394007
27.16,3.394043
27.165,3.394119
27.17,3.394228
27.175,3.394341
27.18,3.394436
27.185,3.394498
27.19,3.394529
27.195,3.394535
27.2,3.394528
27.205,3.394515
27.21,3.394504
27.215,3.394497
27.22,3.394494
27.225,3.394494
27.23,3.394496
27.235,3.394498
27.24,3.3945
27.245,3.394501
27.25,3.394515
27.255,3.394583
27.26,3.394696
27.265,3.394821
27.27,3.394932
27.275,3.395053
27.28,3.395192
27.285,3.395325
27.29,3.39543
27.295,3.395498
27.3,3.395531
27.305,3.395537
27.31,3.395529
27.315,3.395515
27.32,3.395504
27.325,3.395498
27.33,3.395536
27.335,3.395633
27.34,3.395762
27.345,3.395921
27.35,3.396107
27.355,3.396284
27.36,3.396457
27.365,3.396635
27.37,3.396797
27.375,3.396922
27.38,3.397007
27.385,3.3971
27.39,3.397213
27.395,3.397329
27.4,3.397425
27.405,3.39749
27.41,3.397523
27.415,3.397533
27.42,3.397555
27.425,3.397629
27.43,3.397739
27.435,3.397853
27.44,3.397946
27.445,3.398006
27.45,3.398033
27.455,3.398037
27.46,3.398028
27.465,3.398014
27.47,3.398003
27.475,3.397996
27.48,3.397995
27.485,3.398024
27.49,3.39811
27.495,3.398232
27.5,3.398355
27.505,3.398452
27.51,3.398512
27.515,3.398538
27.52,3.398539
27.525,3.398528
27.53,3.398514
27.535,3.398502
27.54,3.398495
27.545,3.398493
27.55,3.398493
27.555,3.398496
27.56,3.398498
27.565,3.3985
27.57,3.398501
27.575,3.398501
27.58,3.398501
27.585,3.3985
27.59,3.398465
27.595,3.398374
27.6,3.398251
27.605,3.398131
27.61,3.398039
27.615,3.397983
27.62,3.397961
27.625,3.397962
27.63,3.397974
27.635,3.397988
27.64,3.397996
27.645,3.397959
27.65,3.397863
27.655,3.397737
27.66,3.397618
27.665,3.397529
27.67,3.397478
27.675,3.397459
27.68,3.397436
27.685,3.397366
27.69,3.397261
27.695,3.397149
27.7,3.397056
27.705,3.396964
27.71,3.396845
27.715,3.396718
27.72,3.396606
27.725,3.396526
27.73,3.396481
27.735,3.396465
27.74,3.396468
27.745,3.396479
27.75,3.396492
27.755,3.396501
27.76,3.396506
27.765,3.396507
27.77,3.396505
27.775,3.396503
27.78,3.396501
27.785,3.3965
27.79,3.396499
27.795,3.396499
27.8,3.396499
27.805,3.3965
27.81,3.3965
27.815,3.3965
27.82,3.3965
27.825,3.3965
27.83,3.3965
27.835,3.3965
27.84,3.3965
27.845,3.3965
27.85,3.3965
27.855,3.3965
27.86,3.3965
27.865,3.3965
27.87,3.3965
27.875,3.3965
27.88,3.3965
27.885,3.3965
27.89,3.3965
27.895,3.3965
27.9,3.3965
27.905,3.3965
27.91,3.3965
27.915,3.3965
27.92,3.3965
27.925,3.3965
27.93,3.3965
27.935,3.396501
27.94,3.396524
27.945,3.396602
27.95,3.396719
27.955,3.396841
27.96,3.396941
27.965,3.397005
27.97,3.397035
27.975,3.397047
27.98,3.397095
27.985,3.397189
27.99,3.397302
27.995,3.397406
28,3.397495
28.005,3.397606
28.01,3.397734
28.015,3.397855
28.02,3.397949
28.025,3.398007
28.03,3.398032
28.035,3.398035
28.04,3.398029
28.045,3.398062
28.05,3.398151
28.055,3.39827
28.06,3.398383
28.065,3.398469
28.07,3.398519
28.075,3.398538
28.08,3.398536
28.085,3.398524
28.09,3.398511
28.095,3.3985
28.1,3.398494
28.105,3.398493
28.11,3.398524
28.115,3.398613
28.12,3.398738
28.125,3.398885
28.13,3.399062
28.135,3.399241
28.14,3.399388
28.145,3.399489
28.15,3.399579
28.155,3.399688
28.16,3.399803
28.165,3.399903
28.17,3.399976
28.175,3.400016
28.18,3.400031
28.185,3.400028
28.19,3.400018
28.195,3.400027
28.2,3.400095
28.205,3.400208
28.21,3.400331
28.215,3.400434
28.22,3.400502
28.225,3.400534
28.23,3.40054
28.235,3.400531
28.24,3.400518
28.245,3.400538
28.25,3.40062
28.255,3.400739
28.26,3.40086
28.265,3.400955
28.27,3.401013
28.275,3.401038
28.28,3.401039
28.285,3.401028
28.29,3.401014
28.295,3.401026
28.3,3.401099
28.305,3.401216
28.31,3.40134
28.315,3.401441
28.32,3.401506
28.325,3.401537
28.33,3.401541
28.335,3.40153
28.34,3.401516
28.345,3.401503
28.35,3.401496
28.355,3.401493
28.36,3.401493
28.365,3.401495
28.37,3.401498
28.375,3.4015
28.38,3.401501
28.385,3.401501
28.39,3.401501
28.395,3.401501
28.4,3.4015
28.405,3.401498
28.41,3.401459
28.415,3.401365
28.42,3.401241
28.425,3.401122
28.43,3.401033
28.435,3.400981
28.44,3.400961
28.445,3.400962
28.45,3.400975
28.455,3.400985
28.46,3.400951
28.465,3.400857
28.47,3.400733
28.475,3.400616
28.48,3.400529
28.485,3.400478
28.49,3.40046
28.495,3.400457
28.5,3.400417
28.505,3.400326
28.51,3.400211
28.515,3.400104
28.52,3.400025
28.525,3.399979
28.53,3.399963
28.535,3.399966
28.54,3.399978
28.545,3.399991
28.55,3.4
28.555,3.400002
28.56,3.399959
28.565,3.399859
28.57,3.399732
28.575,3.399613
28.58,3.399526
28.585,3.399476
28.59,3.399459
28.595,3.399462
28.6,3.399476
28.605,3.39949
28.61,3.399501
28.615,3.399506
28.62,3.399508
28.625,3.399506
28.63,3.399504
28.635,3.399501
28.64,3.3995
28.645,3.399499
28.65,3.399499
28.655,3.399499
28.66,3.3995
28.665,3.3995
28.67,3.3995
28.675,3.399512
28.68,3.399546
28.685,3.399595
28.69,3.39966
28.695,3.399745
28.7,3.399839
28.705,3.399922
28.71,3.399982
28.715,3.400015
28.72,3.400027
28.725,3.400024
28.73,3.400015
28.735,3.400006
28.74,3.399999
28.745,3.399996
28.75,3.399995
28.755,3.399996
28.76,3.399998
28.765,3.400002
28.77,3.400045
28.775,3.400143
28.78,3.400267
28.785,3.400387
28.79,3.400518
28.795,3.400666
28.8,3.400809
28.805,3.400923
28.81,3.400997
28.815,3.401032
28.82,3.40104
28.825,3.401031
28.83,3.401017
28.835,3.401005
28.84,3.401029
28.845,3.401114
28.85,3.401237
28.855,3.40136
28.86,3.401456
28.865,3.401515
28.87,3.401539
28.875,3.40154
28.88,3.401528
28.885,3.401514
28.89,3.401502
28.895,3.401495
28.9,3.401495
28.905,3.401538
28.91,3.401638
28.915,3.401765
28.92,3.401884
28.925,3.401972
28.93,3.402047
28.935,3.402147
28.94,3.402264
28.945,3.402374
28.95,3.40247
28.955,3.402587
28.96,3.402721
28.965,3.402848
28.97,3.402946
28.975,3.403007
28.98,3.403033
28.985,3.403036
28.99,3.403027
28.995,3.403013
29,3.403004
29.005,3.403035
29.01,3.403126
29.015,3.40325
29.02,3.403371
29.025,3.403464
29.03,3.403519
29.035,3.40354
29.04,3.403543
29.045,3.403579
29.05,3.403666
29.055,3.40378
29.06,3.403888
29.065,3.40397
29.07,3.404018
29.075,3.404036
29.08,3.404035
29.085,3.404051
29.09,3.404123
29.095,3.404234
29.1,3.40435
29.105,3.404445
29.11,3.404506
29.115,3.404534
29.12,3.404538
29.125,3.404528
29.13,3.404517
29.135,3.404546
29.14,3.404636
29.145,3.404757
29.15,3.404875
29.155,3.404965
29.16,3.405019
29.165,3.405039
29.17,3.405038
29.175,3.405026
29.18,3.405012
29.185,3.405001
29.19,3.404994
29.195,3.404993
29.2,3.404994
29.205,3.404996
29.21,3.40499
29.215,3.404933
29.22,3.404825
29.225,3.4047
29.23,3.404589
29.235,3.404512
29.24,3.404471
29.245,3.404459
29.25,3.404466
29.255,3.404479
29.26,3.404493
29.265,3.404491
29.27,3.404432
29.275,3.404321
29.28,3.404194
29.285,3.404084
29.29,3.404005
29.295,3.403925
29.3,3.403818
29.305,3.403702
29.31,3.403598
29.315,3.403499
29.32,3.403376
29.325,3.403241
29.33,3.403121
29.335,3.403033
29.34,3.402983
29.345,3.402964
29.35,3.402966
29.355,3.402977
29.36,3.40299
29.365,3.40297
29.37,3.402889
29.375,3.402768
29.38,3.402646
29.385,3.402548
29.39,3.402488
29.395,3.402462
29.4,3.40246
29.405,3.402471
29.41,3.402486
29.415,3.402498
29.42,3.402501
29.425,3.402455
29.43,3.402353
29.435,3.402225
29.44,3.402108
29.445,3.402022
29.45,3.401975
29.455,3.401958
29.46,3.401963
29.465,3.401976
29.47,3.401991
29.475,3.402001
29.48,3.402006
29.485,3.402008
29.49,3.402006
29.495,3.402003
29.5,3.402001
29.505,3.402
29.51,3.401999
29.515,3.401999
29.52,3.401999
29.525,3.402
29.53,3.402
29.535,3.402
29.54,3.402
29.545,3.402
29.55,3.402
29.555,3.402
29.56,3.402
29.565,3.402
29.57,3.402
29.575,3.402
29.58,3.402
29.585,3.402
29.59,3.402
29.595,3.402
29.6,3.402
29.605,3.402
29.61,3.402
29.615,3.402
29.62,3.402
29.625,3.402
29.63,3.402
29.635,3.402
29.64,3.402029
29.645,3.402115
29.65,3.402236
29.655,3.402369
29.66,3.402528
29.665,3.402698
29.67,3.40285
29.675,3.402994
29.68,3.403147
29.685,3.403304
29.69,3.403484
29.695,3.403673
29.7,3.403837
29.705,3.403956
29.71,3.404024
29.715,3.404066
29.72,3.404136
29.725,3.404236
29.73,3.404354
29.735,3.404509
29.74,3.404682
29.745,3.40484
29.75,3.40499
29.755,3.405149
29.76,3.405298
29.765,3.405416
29.77,3.405497
29.775,3.40558
29.78,3.405688
29.785,3.405805
29.79,3.405907
29.795,3.40598
29.8,3.406019
29.805,3.406033
29.81,3.406029
29.815,3.406019
29.82,3.406007
29.825,3.406013
29.83,3.406077
29.835,3.40619
29.84,3.406316
29.845,3.406424
29.85,3.406497
29.855,3.406533
29.86,3.406541
29.865,3.406533
29.87,3.406519
29.875,3.406506
29.88,3.406497
29.885,3.406493
29.89,3.406493
29.895,3.406495
29.9,3.406497
29.905,3.406499
29.91,3.406501
29.915,3.406501
29.92,3.406501
29.925,3.406501
29.93,3.4065
29.935,3.4065
29.94,3.4065
29.945,3.406499
29.95,3.40647
29.955,3.406383
29.96,3.406261
29.965,3.40614
29.97,3.406045
29.975,3.405987
29.98,3.405962
29.985,3.405961
29.99,3.405972
29.995,3.405987
30,3.405998
30.005,3.405974
30.01,3.405888
30.015,3.405765
30.02,3.405642
30.025,3.405545
30.03,3.405486
30.035,3.405449
30.04,3.405384
30.045,3.405283
30.05,3.405173
30.055,3.405077
30.06,3.405011
30.065,3.404976
30.07,3.404966
30.075,3.404971
30.08,3.404983
30.085,3.404994
30.09,3.404997
30.095,3.40495
30.1,3.404847
30.105,3.40472
30.11,3.404604
30.115,3.40452
30.12,3.404474
30.125,3.404459
30.13,3.404463
30.135,3.404477
30.14,3.404491
30.145,3.404501
30.15,3.404506
30.155,3.404507
30.16,3.404506
30.165,3.404503
30.17,3.404501
30.175,3.404509
30.18,3.404542
30.185,3.404597
30.19,3.404667
30.195,3.404753
30.2,3.404845
30.205,3.404926
30.21,3.404983
30.215,3.405014
30.22,3.405025
30.225,3.405023
30.23,3.405015
30.235,3.405006
30.24,3.404999
30.245,3.404996
30.25,3.404995
30.255,3.404996
30.26,3.404998
30.265,3.405007
30.27,3.405066
30.275,3.405174
30.28,3.4053
30.285,3.405412
30.29,3.405524
30.295,3.405657
30.3,3.405792
30.305,3.405905
30.31,3.405983
30.315,3.406024
30.32,3.406037
30.325,3.406032
30.33,3.406019
30.335,3.406009
30.34,3.406044
30.345,3.406138
30.35,3.406262
30.355,3.406381
30.36,3.40647
30.365,3.406521
30.37,3.40654
30.375,3.406538
30.38,3.406525
30.385,3.406511
30.39,3.4065
30.395,3.406494
30.4,3.406493
30.405,3.40652
30.41,3.406605
30.415,3.406727
30.42,3.406851
30.425,3.40695
30.43,3.407021
30.435,3.407109
30.44,3.407221
30.445,3.407335
30.45,3.407442
30.455,3.40757
30.46,3.407714
30.465,3.407847
30.47,3.407948
30.475,3.40801
30.48,3.408036
30.485,3.408038
30.49,3.408027
30.495,3.408013
30.5,3.408003
30.505,3.40803
30.51,3.408119
30.515,3.408242
30.52,3.408365
30.525,3.408459
30.53,3.408516
30.535,3.40854
30.54,3.40854
30.545,3.408527
30.55,3.408513
30.555,3.408501
30.56,3.408495
30.565,3.408506
30.57,3.408575
30.575,3.408692
30.58,3.408819
30.585,3.408927
30.59,3.408999
30.595,3.409034
30.6,3.409042
30.605,3.409033
30.61,3.409018
30.615,3.409005
30.62,3.408996
30.625,3.408993
30.63,3.408993
30.635,3.409009
30.64,3.409079
30.645,3.409195
30.65,3.409322
30.655,3.409428
30.66,3.409499
30.665,3.409534
30.67,3.409541
30.675,3.409532
30.68,3.409518
30.685,3.409505
30.69,3.409496
30.695,3.409493
30.7,3.409493
30.705,3.409495
30.71,3.409497
30.715,3.409499
30.72,3.409501
30.725,3.409501
30.73,3.409501
30.735,3.409501
30.74,3.4095
30.745,3.4095
30.75,3.409493
30.755,3.409443
30.76,3.409342
30.765,3.409219
30.77,3.409105
30.775,3.409023
30.78,3.408976
30.785,3.408961
30.79,3.408964
30.795,3.408977
30.8,3.408991
30.805,3.409001
30.81,3.409006
30.815,3.409007
30.82,3.409006
30.825,3.409003
30.83,3.409001
30.835,3.409
30.84,3.408999
30.845,3.408999
30.85,3.408999
30.855,3.408988
30.86,3.408924
30.865,3.408812
30.87,3.408687
30.875,3.408579
30.88,3.408506
30.885,3.408468
30.89,3.408454
30.895,3.40841
30.9,3.40832
30.905,3.408207
30.91,3.408103
30.915,3.408025
30.92,3.407981
30.925,3.407965
30.93,3.407967
30.935,3.407978
30.94,3.407991
30.945,3.408
30.95,3.408003
30.955,3.407962
30.96,3.407863
30.965,3.407737
30.97,3.407617
30.975,3.407529
30.98,3.407478
30.985,3.407459
30.99,3.407462
30.995,3.407475
31,3.407489
31.005,3.4075
31.01,3.407506
31.015,3.407508
31.02,3.407506
31.025,3.407504
31.03,3.407501
31.035,3.4075
31.04,3.407499
31.045,3.407499
31.05,3.407499
31.055,3.407499
31.06,3.4075
31.065,3.4075
31.07,3.4075
31.075,3.4075
31.08,3.4075
31.085,3.4075
31.09,3.4075
31.095,3.4075
31.1,3.4075
31.105,3.4075
31.11,3.4075
31.115,3.4075
31.12,3.4075
31.125,3.4075
31.13,3.4075
31.135,3.4075
31.14,3.4075
31.145,3.4075
31.15,3.4075
31.155,3.4075
31.16,3.4075
31.165,3.4075
31.17,3.407503
31.175,3.407542
31.18,3.407634
31.185,3.407756
31.19,3.407874
31.195,3.407964
31.2,3.408017
31.205,3.408038
31.21,3.408037
31.215,3.408026
31.22,3.408012
31.225,3.408001
31.23,3.407995
31.235,3.407993
31.24,3.407994
31.245,3.407996
31.25,3.407998
31.255,3.408
31.26,3.408007
31.265,3.40806
31.27,3.408165
31.275,3.40829
31.28,3.408402
31.285,3.408483
31.29,3.408527
31.295,3.40854
31.3,3.408535
31.305,3.408526
31.31,3.40856
31.315,3.408652
31.32,3.408773
31.325,3.408887
31.33,3.408972
31.335,3.409021
31.34,3.409039
31.345,3.409037
31.35,3.409024
31.355,3.40901
31.36,3.409
31.365,3.408994
31.37,3.408995
31.375,3.409039
31.38,3.409139
31.385,3.409265
31.39,3.409384
31.395,3.409472
31.4,3.409523
31.405,3.409541
31.41,3.409538
31.415,3.409525
31.42,3.40951
31.425,3.4095
31.43,3.409494
31.435,3.409493
31.44,3.409494
31.445,3.409496
31.45,3.409499
31.455,3.4095
31.46,3.409501
31.465,3.409511
31.47,3.409572
31.475,3.409681
31.48,3.409807
31.485,3.409916
31.49,3.409991
31.495,3.41003
31.5,3.410046
31.505,3.410089
31.51,3.410179
31.515,3.410291
31.52,3.410396
31.525,3.410474
31.53,3.410519
31.535,3.410535
31.54,3.410533
31.545,3.410522
31.55,3.410509
31.555,3.4105
31.56,3.410495
31.565,3.410493
31.57,3.410495
31.575,3.410497
31.58,3.410499
31.585,3.4105
31.59,3.410501
31.595,3.410501
31.6,3.410501
31.605,3.4105
31.61,3.4105
31.615,3.410505
31.62,3.410555
31.625,3.410659
31.63,3.410784
31.635,3.410898
31.64,3.41098
31.645,3.411026
31.65,3.411041
31.655,3.411036
31.66,3.411022
31.665,3.411009
31.67,3.410999
31.675,3.410994
31.68,3.410993
31.685,3.410994
31.69,3.410997
31.695,3.410999
31.7,3.411
31.705,3.411001
31.71,3.411001
31.715,3.411001
31.72,3.411
31.725,3.411
31.73,3.411
31.735,3.411
31.74,3.411018
31.745,3.411092
31.75,3.411208
31.755,3.411333
31.76,3.411435
31.765,3.411503
31.77,3.411535
31.775,3.41154
31.78,3.411531
31.785,3.411517
31.79,3.411504
31.795,3.411496
31.8,3.411493
31.805,3.411493
31.81,3.411495
31.815,3.411498
31.82,3.4115
31.825,3.411501
31.83,3.411501
31.835,3.411501
31.84,3.411501
31.845,3.4115
31.85,3.4115
31.855,3.4115
31.86,3.4115
31.865,3.4115
31.87,3.4115
31.875,3.411495
31.88,3.411446
31.885,3.411344
31.89,3.411218
31.895,3.411104
31.9,3.411021
31.905,3.410975
31.91,3.41096
31.915,3.410964
31.92,3.410977
31.925,3.410991
31.93,3.411001
31.935,3.411006
31.94,3.411007
31.945,3.411006
31.95,3.411003
31.955,3.411001
31.96,3.411
31.965,3.410999
31.97,3.410999
31.975,3.410999
31.98,3.411
31.985,3.411
31.99,3.411
31.995,3.411
32,3.411
32.005,3.411
32.01,3.411
32.015,3.411
32.02,3.411
32.025,3.411
32.03,3.411
32.035,3.411
32.04,3.411
32.045,3.411
32.05,3.411
32.055,3.411004
32.06,3.411021
32.065,3.411038
32.07,3.411043
32.075,3.411037
32.08,3.411025
32.085,3.411013
32.09,3.411003
32.095,3.410997
32.1,3.410995
32.105,3.410996
32.11,3.410997
32.115,3.410999
32.12,3.411
32.125,3.411001
32.13,3.411002
32.135,3.411037
32.14,3.411129
32.145,3.411252
32.15,3.411371
32.155,3.411462
32.16,3.411517
32.165,3.411539
32.17,3.411538
32.175,3.411526
32.18,3.411512
32.185,3.411501
32.19,3.411495
32.195,3.411493
32.2,3.411494
32.205,3.411496
32.21,3.411498
32.215,3.4115
32.22,3.411501
32.225,3.411501
32.23,3.411501
32.235,3.411501
32.24,3.4115
32.245,3.4115
32.25,3.4115
32.255,3.4115
32.26,3.411507
32.265,3.411564
32.27,3.411671
32.275,3.411797
32.28,3.411908
32.285,3.411987
32.29,3.412062
32.295,3.412164
32.3,3.412281
32.305,3.412388
32.31,3.412487
32.315,3.41261
32.32,3.412745
32.325,3.412869
32.33,3.41296
32.335,3.413014
32.34,3.413036
32.345,3.413035
32.35,3.413024
32.355,3.413031
32.36,3.413096
32.365,3.413208
32.37,3.41333
32.375,3.413433
32.38,3.413501
32.385,3.413534
32.39,3.413542
32.395,3.413569
32.4,3.413648
32.405,3.413759
32.41,3.41387
32.415,3.413957
32.42,3.414011
32.425,3.414044
32.43,3.414106
32.435,3.414206
32.44,3.414319
32.445,3.414417
32.45,3.414487
32.455,3.414524
32.46,3.414535
32.465,3.41453
32.47,3.414518
32.475,3.414506
32.48,3.414498
32.485,3.414494
32.49,3.414494
32.495,3.414495
32.5,3.414497
32.505,3.414499
32.51,3.4145
32.515,3.414501
32.52,3.414501
32.525,3.414501
32.53,3.4145
32.535,3.4145
32.54,3.4145
32.545,3.4145
32.55,3.4145
32.555,3.4145
32.56,3.4145
32.565,3.4145
32.57,3.4145
32.575,3.4145
32.58,3.4145
32.585,3.4145
32.59,3.4145
32.595,3.4145
32.6,3.4145
32.605,3.4145
32.61,3.4145
32.615,3.414479
32.62,3.414402
32.625,3.414284
32.63,3.41416
32.635,3.414059
32.64,3.413994
32.645,3.413963
32.65,3.413923
32.655,3.413842
32.66,3.413733
32.665,3.413625
32.67,3.413542
32.675,3.41349
32.68,3.413462
32.685,3.413409
32.69,3.413315
32.695,3.413202
32.7,3.413098
32.705,3.413023
32.71,3.41298
32.715,3.412965
32.72,3.412968
32.725,3.412979
32.73,3.412992
32.735,3.413
32.74,3.412973
32.745,3.412885
32.75,3.412761
32.755,3.412639
32.76,3.412543
32.765,3.412485
32.77,3.412461
32.775,3.41246
32.78,3.412472
32.785,3.412487
32.79,3.412499
32.795,3.412505
32.8,3.412508
32.805,3.412507
32.81,3.412504
32.815,3.412502
32.82,3.4125
32.825,3.412499
32.83,3.412499
32.835,3.412499
32.84,3.412499
32.845,3.4125
32.85,3.4125
32.855,3.4125
32.86,3.4125
32.865,3.4125
32.87,3.4125
32.875,3.4125
32.88,3.4125
32.885,3.4125
32.89,3.4125
32.895,3.4125
32.9,3.4125
32.905,3.4125
32.91,3.4125
32.915,3.4125
32.92,3.4125
32.925,3.4125
32.93,3.4125
32.935,3.4125
32.94,3.4125
32.945,3.4125
32.95,3.412502
32.955,3.412523
32.96,3.412571
32.965,3.412654
32.97,3.412762
32.975,3.412869
32.98,3.412953
32.985,3.413006
32.99,3.41303
32.995,3.413033
33,3.413024
33.005,3.413012
33.01,3.413002
33.015,3.412996
33.02,3.412994
33.025,3.412994
33.03,3.412996
33.035,3.412998
33.04,3.413
33.045,3.413001
33.05,3.413001
33.055,3.413001
33.06,3.413001
33.065,3.413
33.07,3.413
33.075,3.413
33.08,3.413
33.085,3.413
33.09,3.413014
33.095,3.413084
33.1,3.413198
33.105,3.413323
33.11,3.413428
33.115,3.413499
33.12,3.413533
33.125,3.413545
33.13,3.413586
33.135,3.413674
33.14,3.413787
33.145,3.413893
33.15,3.413972
33.155,3.414018
33.16,3.414035
33.165,3.414033
33.17,3.414022
33.175,3.41401
33.18,3.414
33.185,3.414024
33.19,3.414108
33.195,3.414231
33.2,3.414355
33.205,3.414452
33.21,3.414513
33.215,3.414539
33.22,3.41454
33.225,3.414529
33.23,3.414514
33.235,3.414502
33.24,3.414495
33.245,3.414493
33.25,3.414493
33.255,3.414496
33.26,3.414498
33.265,3.4145
33.27,3.414505
33.275,3.414552
33.28,3.414653
33.285,3.414777
33.29,3.414892
33.295,3.414976
33.3,3.415024
33.305,3.41504
33.31,3.415055
33.315,3.415117
33.32,3.41522
33.325,3.415334
33.33,3.415431
33.335,3.415496
33.34,3.415529
33.345,3.415537
33.35,3.415529
33.355,3.415517
33.36,3.415505
33.365,3.415497
33.37,3.415494
33.375,3.415494
33.38,3.415495
33.385,3.415498
33.39,3.415499
33.395,3.415501
33.4,3.415501
33.405,3.415507
33.41,3.415559
33.415,3.415664
33.42,3.415789
33.425,3.415902
33.43,3.415983
33.435,3.416027
33.44,3.416041
33.445,3.416035
33.45,3.416022
33.455,3.416008
33.46,3.415998
33.465,3.415994
33.47,3.415993
33.475,3.415994
33.48,3.415997
33.485,3.415999
33.49,3.416
33.495,3.41602
33.5,3.416095
33.505,3.416212
33.51,3.416335
33.515,3.416437
33.52,3.416504
33.525,3.416535
33.53,3.41654
33.535,3.416531
33.54,3.416516
33.545,3.416504
33.55,3.416496
33.555,3.416493
33.56,3.416493
33.565,3.416495
33.57,3.416498
33.575,3.4165
33.58,3.416501
33.585,3.416501
33.59,3.416501
33.595,3.416501
33.6,3.4165
33.605,3.4165
33.61,3.4165
33.615,3.4165
33.62,3.4165
33.625,3.4165
33.63,3.4165
33.635,3.4165
33.64,3.4165
33.645,3.4165
33.65,3.4165
33.655,3.416499
33.66,3.416466
33.665,3.416376
33.67,3.416254
33.675,3.416133
33.68,3.41604
33.685,3.415984
33.69,3.415961
33.695,3.415961
33.7,3.415973
33.705,3.415987
33.71,3.415999
33.715,3.416005
33.72,3.416007
33.725,3.416006
33.73,3.416004
33.735,3.416002
33.74,3.416
33.745,3.415999
33.75,3.415999
33.755,3.415999
33.76,3.415999
33.765,3.416
33.77,3.416
33.775,3.416
33.78,3.416
33.785,3.416
33.79,3.416
33.795,3.416
33.8,3.416
33.805,3.416
33.81,3.416
33.815,3.416
33.82,3.416
33.825,3.416
33.83,3.416
33.835,3.416
33.84,3.416
33.845,3.416
33.85,3.416
33.855,3.416
33.86,3.416
33.865,3.416
33.87,3.416
33.875,3.416
33.88,3.416
33.885,3.416
33.89,3.416
33.895,3.416
33.9,3.416
33.905,3.416
33.91,3.416
33.915,3.416
33.92,3.416
33.925,3.416
33.93,3.416
33.935,3.416
33.94,3.416
33.945,3.416001
33.95,3.416031
33.955,3.416119
33.96,3.416241
33.965,3.416362
33.97,3.416457
33.975,3.416514
33.98,3.416538
33.985,3.416539
33.99,3.416527
33.995,3.416513
34,3.416502
34.005,3.416495
34.01,3.416493
34.015,3.416494
34.02,3.416496
34.025,3.416498
34.03,3.4165
34.035,3.416501
34.04,3.416501
34.045,3.416501
34.05,3.416501
34.055,3.4165
34.06,3.4165
34.065,3.4165
34.07,3.4165
34.075,3.4165
34.08,3.4165
34.085,3.4165
34.09,3.4165
34.095,3.4165
34.1,3.416501
34.105,3.416537
34.11,3.416628
34.115,3.416752
34.12,3.416882
34.125,3.417037
34.13,3.417203
34.135,3.41735
34.14,3.417458
34.145,3.41752
34.15,3.417572
34.155,3.417656
34.16,3.417764
34.165,3.41787
34.17,3.417953
34.175,3.418006
34.18,3.418029
34.185,3.418044
34.19,3.418102
34.195,3.418203
34.2,3.418318
34.205,3.418419
34.21,3.41849
34.215,3.418527
34.22,3.418537
34.225,3.418531
34.23,3.418519
34.235,3.418506
34.24,3.41852
34.245,3.418594
34.25,3.418712
34.255,3.418837
34.26,3.41894
34.265,3.419006
34.27,3.419037
34.275,3.419041
34.28,3.419031
34.285,3.419017
34.29,3.419033
34.295,3.419111
34.3,3.419229
34.305,3.419351
34.31,3.419449
34.315,3.41951
34.32,3.419538
34.325,3.41954
34.33,3.419529
34.335,3.419515
34.34,3.419503
34.345,3.419495
34.35,3.419493
34.355,3.419493
34.36,3.419496
34.365,3.419498
34.37,3.4195
34.375,3.419501
34.38,3.419501
34.385,3.419501
34.39,3.419501
34.395,3.4195
34.4,3.4195
34.405,3.419478
34.41,3.4194
34.415,3.419281
34.42,3.419158
34.425,3.419058
34.43,3.418993
34.435,3.418964
34.44,3.41896
34.445,3.41897
34.45,3.418984
34.455,3.418996
34.46,3.418977
34.465,3.418897
34.47,3.418773
34.475,3.418608
34.48,3.418412
34.485,3.418225
34.49,3.41808
34.495,3.41799
34.5,3.417946
34.505,3.417896
34.51,3.417811
34.515,3.417706
34.52,3.417607
34.525,3.417532
34.53,3.417487
34.535,3.417469
34.54,3.41747
34.545,3.417479
34.55,3.417491
34.555,3.417499
34.56,3.417504
34.565,3.417506
34.57,3.417505
34.575,3.417503
34.58,3.417501
34.585,3.4175
34.59,3.417499
34.595,3.417499
34.6,3.417499
34.605,3.4175
34.61,3.4175
34.615,3.4175
34.62,3.4175
34.625,3.4175
34.63,3.4175
34.635,3.4175
34.64,3.4175
34.645,3.4175
34.65,3.4175
34.655,3.4175
34.66,3.4175
34.665,3.4175
34.67,3.4175
34.675,3.4175
34.68,3.4175
34.685,3.4175
34.69,3.4175
34.695,3.4175
34.7,3.4175
34.705,3.4175
34.71,3.4175
34.715,3.4175
34.72,3.4175
34.725,3.4175
34.73,3.4175
34.735,3.4175
34.74,3.4175
34.745,3.4175
34.75,3.4175
34.755,3.4175
34.76,3.4175
34.765,3.4175
34.77,3.417501
34.775,3.417536
34.78,3.417628
34.785,3.417752
34.79,3.417871
34.795,3.417963
34.8,3.418017
34.805,3.418039
34.81,3.418043
34.815,3.418082
34.82,3.418171
34.825,3.418285
34.83,3.418393
34.835,3.418473
34.84,3.418521
34.845,3.418572
34.85,3.41866
34.855,3.418772
34.86,3.418879
34.865,3.418961
34.87,3.419014
34.875,3.419078
34.88,3.419177
34.885,3.419292
34.89,3.419397
34.895,3.419474
34.9,3.419518
34.905,3.419534
34.91,3.419531
34.915,3.419521
34.92,3.419509
34.925,3.4195
34.93,3.419495
34.935,3.419494
34.94,3.419495
34.945,3.419497
34.95,3.419499
34.955,3.4195
34.96,3.419501
34.965,3.419501
34.97,3.419508
34.975,3.419564
34.98,3.419671
34.985,3.419797
34.99,3.419908
34.995,3.419986
35,3.420028
35.005,3.420041
35.01,3.420035
35.015,3.420021
35.02,3.420007
35.025,3.419998
35.03,3.419993
35.035,3.419993
35.04,3.419994
35.045,3.419997
35.05,3.419999
35.055,3.420001
35.06,3.420001
35.065,3.420001
35.07,3.420001
35.075,3.42
35.08,3.42
35.085,3.42
35.09,3.42
35.095,3.42
35.1,3.42
35.105,3.42
35.11,3.42
35.115,3.42
35.12,3.42
35.125,3.42
35.13,3.42
35.135,3.42
35.14,3.42
35.145,3.42
35.15,3.42
35.155,3.42
35.16,3.42
35.165,3.42
35.17,3.420019
35.175,3.420094
35.18,3.420211
35.185,3.420335
35.19,3.420437
35.195,3.420504
35.2,3.420535
35.205,3.42054
35.21,3.420531
35.215,3.420516
35.22,3.420504
35.225,3.420496
35.23,3.420493
35.235,3.420493
35.24,3.420495
35.245,3.420498
35.25,3.4205
35.255,3.420501
35.26,3.420501
35.265,3.420501
35.27,3.420501
35.275,3.4205
35.28,3.4205
35.285,3.4205
35.29,3.4205
35.295,3.4205
35.3,3.4205
35.305,3.4205
35.31,3.4205
35.315,3.4205
35.32,3.4205
35.325,3.4205
35.33,3.4205
35.335,3.420501
35.34,3.420533
35.345,3.420622
35.35,3.420744
35.355,3.420865
35.36,3.420958
35.365,3.421015
35.37,3.421038
35.375,3.421039
35.38,3.421027
35.385,3.421013
35.39,3.421001
35.395,3.420995
35.4,3.420993
35.405,3.420994
35.41,3.420996
35.415,3.420998
35.42,3.421005
35.425,3.421056
35.43,3.42116
35.435,3.421285
35.44,3.421399
35.445,3.421481
35.45,3.421526
35.455,3.42154
35.46,3.421536
35.465,3.421522
35.47,3.421509
35.475,3.421499
35.48,3.421494
35.485,3.421493
35.49,3.421498
35.495,3.421546
35.5,3.421648
35.505,3.421775
35.51,3.421891
35.515,3.421976
35.52,3.422024
35.525,3.422041
35.53,3.422037
35.535,3.422024
35.54,3.422009
35.545,3.421999
35.55,3.421994
35.555,3.421993
35.56,3.421994
35.565,3.421997
35.57,3.421999
35.575,3.422
35.58,3.422001
35.585,3.422001
35.59,3.422001
35.595,3.422003
35.6,3.422045
35.605,3.422142
35.61,3.422266
35.615,3.422384
35.62,3.422471
35.625,3.422521
35.63,3.42254
35.635,3.422537
35.64,3.422525
35.645,3.42251
35.65,3.4225
35.655,3.422494
35.66,3.422493
35.665,3.422494
35.67,3.422496
35.675,3.422499
35.68,3.4225
35.685,3.422501
35.69,3.422501
35.695,3.422501
35.7,3.422501
35.705,3.4225
35.71,3.4225
35.715,3.4225
35.72,3.4225
35.725,3.4225
35.73,3.4225
35.735,3.4225
35.74,3.4225
35.745,3.4225
35.75,3.4225
35.755,3.4225
35.76,3.4225
35.765,3.4225
35.77,3.4225
35.775,3.4225
35.78,3.4225
35.785,3.4225
35.79,3.4225
35.795,3.4225
35.8,3.4225
35.805,3.4225
35.81,3.4225
35.815,3.4225
35.82,3.4225
35.825,3.4225
35.83,3.422481
35.835,3.422406
35.84,3.422289
35.845,3.422165
35.85,3.422063
35.855,3.421996
35.86,3.421965
35.865,3.42196
35.87,3.421969
35.875,3.421984
35.88,3.421996
35.885,3.422004
35.89,3.422007
35.895,3.422007
35.9,3.422005
35.905,3.422002
35.91,3.422
35.915,3.421999
35.92,3.421999
35.925,3.421999
35.93,3.421999
35.935,3.422
35.94,3.422
35.945,3.422
35.95,3.422
35.955,3.422
35.96,3.422
35.965,3.422
35.97,3.422
35.975,3.422
35.98,3.422
35.985,3.422
35.99,3.422
35.995,3.422
36,3.422
36.005,3.422
36.01,3.422
36.015,3.422
36.02,3.422
36.025,3.422
36.03,3.422
36.035,3.422
36.04,3.422
36.045,3.422
36.05,3.422
36.055,3.422
36.06,3.422
36.065,3.422
36.07,3.422
36.075,3.422
36.08,3.422
36.085,3.422
36.09,3.422
36.095,3.422
36.1,3.422
36.105,3.422
36.11,3.422
36.115,3.422
36.12,3.422
36.125,3.422
36.13,3.422
36.135,3.422
36.14,3.422
36.145,3.422
36.15,3.422
36.155,3.422
36.16,3.422
36.165,3.422
36.17,3.422014
36.175,3.422082
36.18,3.422196
36.185,3.422321
36.19,3.422427
36.195,3.422498
36.2,3.422533
36.205,3.422541
36.21,3.422532
36.215,3.422518
36.22,3.422505
36.225,3.422497
36.23,3.422493
36.235,3.422493
36.24,3.422495
36.245,3.422497
36.25,3.422499
36.255,3.422501
36.26,3.422501
36.265,3.422501
36.27,3.422501
36.275,3.4225
36.28,3.4225
36.285,3.422503
36.29,3.422546
36.295,3.422644
36.3,3.422772
36.305,3.422934
36.31,3.423119
36.315,3.423294
36.32,3.423428
36.325,3.423528
36.33,3.423637
36.335,3.423756
36.34,3.423867
36.345,3.423952
36.35,3.424004
36.355,3.424028
36.36,3.424031
36.365,3.42404
36.37,3.424101
36.375,3.424208
36.38,3.424326
36.385,3.424428
36.39,3.424496
36.395,3.424531
36.4,3.424548
36.405,3.4246
36.41,3.424696
36.415,3.424809
36.42,3.424911
36.425,3.424983
36.43,3.425024
36.435,3.425071
36.44,3.425157
36.445,3.425269
36.45,3.425376
36.455,3.42546
36.46,3.425511
36.465,3.425532
36.47,3.425533
36.475,3.425524
36.48,3.425511
36.485,3.425501
36.49,3.425496
36.495,3.425494
36.5,3.425494
36.505,3.425496
36.51,3.425498
36.515,3.4255
36.52,3.425501
36.525,3.425501
36.53,3.425501
36.535,3.425501
36.54,3.4255
36.545,3.4255
36.55,3.4255
36.555,3.4255
36.56,3.4255
36.565,3.4255
36.57,3.4255
36.575,3.425495
36.58,3.425445
36.585,3.425341
36.59,3.425216
36.595,3.425102
36.6,3.42502
36.605,3.424974
36.61,3.42496
36.615,3.424963
36.62,3.424938
36.625,3.424858
36.63,3.424745
36.635,3.424631
36.64,3.424533
36.645,3.424418
36.65,3.424286
36.655,3.424159
36.66,3.42406
36.665,3.423997
36.67,3.423961
36.675,3.4239
36.68,3.423802
36.685,3.423689
36.69,3.423589
36.695,3.423518
36.7,3.423478
36.705,3.423466
36.71,3.42347
36.715,3.423481
36.72,3.423492
36.725,3.423471
36.73,3.423388
36.735,3.423267
36.74,3.423145
36.745,3.423048
36.75,3.422987
36.755,3.422962
36.76,3.42296
36.765,3.422971
36.77,3.422986
36.775,3.422998
36.78,3.423005
36.785,3.423007
36.79,3.423007
36.795,3.423004
36.8,3.423002
36.805,3.423
36.81,3.422999
36.815,3.422999
36.82,3.422999
36.825,3.422999
36.83,3.423
36.835,3.423
36.84,3.423
36.845,3.423
36.85,3.423
36.855,3.423
36.86,3.423
36.865,3.423
36.87,3.423
36.875,3.423
36.88,3.423
36.885,3.423
36.89,3.423
36.895,3.423
36.9,3.423
36.905,3.423
36.91,3.423
36.915,3.423
36.92,3.423
36.925,3.423
36.93,3.423
36.935,3.423
36.94,3.423
36.945,3.423
36.95,3.423
36.955,3.423
36.96,3.423
36.965,3.423
36.97,3.423
36.975,3.423
36.98,3.423
36.985,3.423
36.99,3.423
36.995,3.423
37,3.423
37.005,3.423
37.01,3.423
37.015,3.423
37.02,3.423
37.025,3.423
37.03,3.423
37.035,3.423
37.04,3.423
37.045,3.423
37.05,3.423
37.055,3.423
37.06,3.423
37.065,3.423
37.07,3.423029
37.075,3.423115
37.08,3.423236
37.085,3.423358
37.09,3.423454
37.095,3.423513
37.1,3.423538
37.105,3.423539
37.11,3.423528
37.115,3.423514
37.12,3.423502
37.125,3.423495
37.13,3.423493
37.135,3.423493
37.14,3.423496
37.145,3.423499
37.15,3.423536
37.155,3.423629
37.16,3.423753
37.165,3.423872
37.17,3.423963
37.175,3.424017
37.18,3.424039
37.185,3.424038
37.19,3.424043
37.195,3.424102
37.2,3.424207
37.205,3.424325
37.21,3.424426
37.215,3.424495
37.22,3.42453
37.225,3.424539
37.23,3.424553
37.235,3.424618
37.24,3.424724
37.245,3.424839
37.25,3.424936
37.255,3.425
37.26,3.425031
37.265,3.425037
37.27,3.425029
37.275,3.425016
37.28,3.425004
37.285,3.424997
37.29,3.424993
37.295,3.424994
37.3,3.425005
37.305,3.425068
37.31,3.42518
37.315,3.425307
37.32,3.425417
37.325,3.425492
37.33,3.425531
37.335,3.425541
37.34,3.425537
37.345,3.425566
37.35,3.425651
37.355,3.425766
37.36,3.425879
37.365,3.425965
37.37,3.426017
37.375,3.426037
37.38,3.426036
37.385,3.426025
37.39,3.426011
37.395,3.426001
37.4,3.425995
37.405,3.425993
37.41,3.425994
37.415,3.426016
37.42,3.426094
37.425,3.426214
37.43,3.426338
37.435,3.42644
37.44,3.426506
37.445,3.426536
37.45,3.42654
37.455,3.42653
37.46,3.426516
37.465,3.426504
37.47,3.426496
37.475,3.426493
37.48,3.426493
37.485,3.426495
37.49,3.426498
37.495,3.4265
37.5,3.426501
37.505,3.426501
37.51,3.426501
37.515,3.426501
37.52,3.4265
37.525,3.4265
37.53,3.4265
37.535,3.4265
37.54,3.4265
37.545,3.4265
37.55,3.4265
37.555,3.4265
37.56,3.4265
37.565,3.4265
37.57,3.4265
37.575,3.4265
37.58,3.4265
37.585,3.4265
37.59,3.4265
37.595,3.4265
37.6,3.4265
37.605,3.4265
37.61,3.4265
37.615,3.4265
37.62,3.4265
37.625,3.4265
37.63,3.426495
37.635,3.426445
37.64,3.426341
37.645,3.426216
37.65,3.426102
37.655,3.42602
37.66,3.425974
37.665,3.42596
37.67,3.425964
37.675,3.425978
37.68,3.425991
37.685,3.426001
37.69,3.426006
37.695,3.426007
37.7,3.426006
37.705,3.426003
37.71,3.426001
37.715,3.426
37.72,3.425999
37.725,3.425999
37.73,3.425999
37.735,3.426
37.74,3.426
37.745,3.426
37.75,3.426
37.755,3.426
37.76,3.426
37.765,3.426
37.77,3.426
37.775,3.426
37.78,3.426
37.785,3.426
37.79,3.426
37.795,3.426
37.8,3.426
37.805,3.426
37.81,3.426
37.815,3.426
37.82,3.426
37.825,3.426
37.83,3.426
37.835,3.426
37.84,3.426
37.845,3.426
37.85,3.426
37.855,3.426
37.86,3.426
37.865,3.426
37.87,3.426
37.875,3.426
37.88,3.426
37.885,3.426
37.89,3.426
37.895,3.426
37.9,3.426
37.905,3.426
37.91,3.426
37.915,3.426001
37.92,3.426034
37.925,3.426124
37.93,3.426246
37.935,3.426367
37.94,3.42646
37.945,3.426516
37.95,3.426539
37.955,3.426539
37.96,3.426527
37.965,3.426513
37.97,3.426501
37.975,3.426495
37.98,3.426493
37.985,3.426494
37.99,3.426496
37.995,3.426498
38,3.4265
38.005,3.426501
38.01,3.426501
38.015,3.426501
38.02,3.426501
38.025,3.4265
38.03,3.4265
38.035,3.4265
38.04,3.4265
38.045,3.4265
38.05,3.4265
38.055,3.4265
38.06,3.4265
38.065,3.4265
38.07,3.4265
38.075,3.426504
38.08,3.426552
38.085,3.426654
38.09,3.426779
38.095,3.42692
38.1,3.427086
38.105,3.427253
38.11,3.427391
38.115,3.427485
38.12,3.427557
38.125,3.42765
38.13,3.427762
38.135,3.427869
38.14,3.427953
38.145,3.428005
38.15,3.428028
38.155,3.428031
38.16,3.428023
38.165,3.428012
38.17,3.428002
38.175,3.427996
38.18,3.427994
38.185,3.427997
38.19,3.42804
38.195,3.428138
38.2,3.428264
38.205,3.428382
38.21,3.428471
38.215,3.428522
38.22,3.42854
38.225,3.428538
38.23,3.428525
38.235,3.428511
38.24,3.4285
38.245,3.428494
38.25,3.428493
38.255,3.428494
38.26,3.428496
38.265,3.428499
38.27,3.4285
38.275,3.428501
38.28,3.428501
38.285,3.428501
38.29,3.428501
38.295,3.4285
38.3,3.4285
38.305,3.4285
38.31,3.4285
38.315,3.4285
38.32,3.4285
38.325,3.4285
38.33,3.4285
38.335,3.4285
38.34,3.4285
38.345,3.4285
38.35,3.4285
38.355,3.4285
38.36,3.4285
38.365,3.4285
38.37,3.4285
38.375,3.4285
38.38,3.4285
38.385,3.4285
38.39,3.4285
38.395,3.4285
38.4,3.4285
38.405,3.4285
38.41,3.4285
38.415,3.428495
38.42,3.428443
38.425,3.428339
38.43,3.428213
38.435,3.428099
38.44,3.427987
38.445,3.427854
38.45,3.427718
38.455,3.427602
38.46,3.427521
38.465,3.427477
38.47,3.427436
38.475,3.427357
38.48,3.427249
38.485,3.427139
38.49,3.427051
38.495,3.426995
38.5,3.42697
38.505,3.426966
38.51,3.426975
38.515,3.426987
38.52,3.426997
38.525,3.426998
38.53,3.426949
38.535,3.426845
38.54,3.426717
38.545,3.426602
38.55,3.426519
38.555,3.426473
38.56,3.426458
38.565,3.426464
38.57,3.426477
38.575,3.426491
38.58,3.426501
38.585,3.426507
38.59,3.426507
38.595,3.426506
38.6,3.426503
38.605,3.426501
38.61,3.4265
38.615,3.426499
38.62,3.426499
38.625,3.426499
38.63,3.4265
38.635,3.4265
38.64,3.4265
38.645,3.4265
38.65,3.4265
38.655,3.4265
38.66,3.4265
38.665,3.4265
38.67,3.4265
38.675,3.4265
38.68,3.4265
38.685,3.4265
38.69,3.4265
38.695,3.4265
38.7,3.4265
38.705,3.4265
38.71,3.4265
38.715,3.4265
38.72,3.4265
38.725,3.4265
38.73,3.4265
38.735,3.4265
38.74,3.4265
38.745,3.4265
38.75,3.426505
38.755,3.426554
38.76,3.426656
38.765,3.426782
38.77,3.426896
38.775,3.426979
38.78,3.427025
38.785,3.42704
38.79,3.427036
38.795,3.427023
38.8,3.427009
38.805,3.426999
38.81,3.426994
38.815,3.426993
38.82,3.426994
38.825,3.426997
38.83,3.427014
38.835,3.427086
38.84,3.427202
38.845,3.427327
38.85,3.427431
38.855,3.4275
38.86,3.427534
38.865,3.427549
38.87,3.427599
38.875,3.427693
38.88,3.427806
38.885,3.427908
38.89,3.427982
38.895,3.428022
38.9,3.428036
38.905,3.428032
38.91,3.42803
38.915,3.42808
38.92,3.428182
38.925,3.428303
38.93,3.428411
38.935,3.428487
38.94,3.428528
38.945,3.42854
38.95,3.428534
38.955,3.428521
38.96,3.428507
38.965,3.428498
38.97,3.428494
38.975,3.428493
38.98,3.428495
38.985,3.428497
38.99,3.428521
38.995,3.4286
39,3.42872
39.005,3.428843
39.01,3.428943
39.015,3.429007
39.02,3.429036
39.025,3.42904
39.03,3.42903
39.035,3.429015
39.04,3.429003
39.045,3.428996
39.05,3.428995
39.055,3.429035
39.06,3.429133
39.065,3.429259
39.07,3.429379
39.075,3.429469
39.08,3.429527
39.085,3.429599
39.09,3.429702
39.095,3.429815
39.1,3.429913
39.105,3.429983
39.11,3.430021
39.115,3.430033
39.12,3.430029
39.125,3.430018
39.13,3.430007
39.135,3.429999
39.14,3.429997
39.145,3.43004
39.15,3.43014
39.155,3.430266
39.16,3.430385
39.165,3.430473
39.17,3.430523
39.175,3.430541
39.18,3.430538
39.185,3.430525
39.19,3.43051
39.195,3.4305
39.2,3.430521
39.205,3.430603
39.21,3.430725
39.215,3.43085
39.22,3.430949
39.225,3.431011
39.23,3.431038
39.235,3.431041
39.24,3.431029
39.245,3.431015
39.25,3.431002
39.255,3.430995
39.26,3.430993
39.265,3.430993
39.27,3.430996
39.275,3.430998
39.28,3.431
39.285,3.431001
39.29,3.431001
39.295,3.431001
39.3,3.431001
39.305,3.431
39.31,3.431
39.315,3.430999
39.32,3.430971
39.325,3.430885
39.33,3.430764
39.335,3.430642
39.34,3.430547
39.345,3.430487
39.35,3.430462
39.355,3.430461
39.36,3.430472
39.365,3.430486
39.37,3.430484
39.375,3.430423
39.38,3.430312
39.385,3.430186
39.39,3.430078
39.395,3.430003
39.4,3.429932
39.405,3.429832
39.41,3.429718
39.415,3.429608
39.42,3.429484
39.425,3.429337
39.43,3.429194
39.435,3.429079
39.44,3.429004
39.445,3.428967
39.45,3.428959
39.455,3.428968
39.46,3.428983
39.465,3.428996
39.47,3.429004
39.475,3.429007
39.48,3.429007
39.485,3.429005
39.49,3.429003
39.495,3.429
39.5,3.428999
39.505,3.428999
39.51,3.428999
39.515,3.428999
39.52,3.429
39.525,3.429
39.53,3.429
39.535,3.429
39.54,3.429
39.545,3.429
39.55,3.429
39.555,3.429
39.56,3.429
39.565,3.429
39.57,3.429
39.575,3.429
39.58,3.429
39.585,3.429
39.59,3.429
39.595,3.429
39.6,3.429
39.605,3.429
39.61,3.429
39.615,3.429
39.62,3.429
39.625,3.429
39.63,3.429
39.635,3.429
39.64,3.429
39.645,3.429
39.65,3.429
39.655,3.429
39.66,3.429
39.665,3.429
39.67,3.429
39.675,3.429
39.68,3.429
39.685,3.429
39.69,3.429
39.695,3.429
39.7,3.429
39.705,3.429
39.71,3.429
39.715,3.429
39.72,3.429
39.725,3.429
39.73,3.429
39.735,3.429
39.74,3.429
39.745,3.429
39.75,3.429
39.755,3.429
39.76,3.429003
39.765,3.429045
39.77,3.429142
39.775,3.429267
39.78,3.429384
39.785,3.429471
39.79,3.429521
39.795,3.42954
39.8,3.429539
39.805,3.429562
39.81,3.429641
39.815,3.429754
39.82,3.429867
39.825,3.429957
39.83,3.430012
39.835,3.430036
39.84,3.430037
39.845,3.430034
39.85,3.430077
39.855,3.430173
39.86,3.430292
39.865,3.430401
39.87,3.43048
39.875,3.430524
39.88,3.430539
39.885,3.430535
39.89,3.430522
39.895,3.430509
39.9,3.430499
39.905,3.430494
39.91,3.430497
39.915,3.430545
39.92,3.430648
39.925,3.430776
39.93,3.430893
39.935,3.430978
39.94,3.431025
39.945,3.431041
39.95,3.431037
39.955,3.431023
39.96,3.431009
39.965,3.430999
39.97,3.430994
39.975,3.430993
39.98,3.430994
39.985,3.430997
39.99,3.430999
39.995,3.431
40,3.431001
40.005,3.431004
40.01,3.431044
40.015,3.43114
40.02,3.431264
40.025,3.431382
40.03,3.43147
40.035,3.431521
40.04,3.43154
40.045,3.431552
40.05,3.431609
40.055,3.431709
40.06,3.431823
40.065,3.431923
40.07,3.431991
40.075,3.432027
40.08,3.432037
40.085,3.432036
40.09,3.432077
40.095,3.43217
40.1,3.432287
40.105,3.432396
40.11,3.432476
40.115,3.432522
40.12,3.432538
40.125,3.432535
40.13,3.432522
40.135,3.432509
40.14,3.432499
40.145,3.432496
40.15,3.432531
40.155,3.432625
40.16,3.432751
40.165,3.432872
40.17,3.432964
40.175,3.433019
40.18,3.43304
40.185,3.433039
40.19,3.433026
40.195,3.433012
40.2,3.433001
40.205,3.433011
40.21,3.433082
40.215,3.433199
40.22,3.433326
40.225,3.433432
40.23,3.433502
40.235,3.433535
40.24,3.433542
40.245,3.433532
40.25,3.433518
40.255,3.433504
40.26,3.433496
40.265,3.433493
40.27,3.433493
40.275,3.433495
40.28,3.433498
40.285,3.4335
40.29,3.433501
40.295,3.433501
40.3,3.433501
40.305,3.433501
40.31,3.4335
40.315,3.4335
40.32,3.4335
40.325,3.4335
40.33,3.4335
40.335,3.4335
40.34,3.4335
40.345,3.4335
40.35,3.4335
40.355,3.4335
40.36,3.4335
40.365,3.4335
40.37,3.4335
40.375,3.4335
40.38,3.4335
40.385,3.4335
40.39,3.4335
40.395,3.4335
40.4,3.4335
40.405,3.433495
40.41,3.433446
40.415,3.433344
40.42,3.433199
40.425,3.433008
40.43,3.432808
40.435,3.432637
40.44,3.432512
40.445,3.432392
40.45,3.432253
40.455,3.432069
40.46,3.431866
40.465,3.431683
40.47,3.431549
40.475,3.431473
40.48,3.431444
40.485,3.431447
40.49,3.431465
40.495,3.431485
40.5,3.4315
40.505,3.431509
40.51,3.431511
40.515,3.431507
40.52,3.431465
40.525,3.431367
40.53,3.431241
40.535,3.431121
40.54,3.431031
40.545,3.430979
40.55,3.43096
40.555,3.430944
40.56,3.430883
40.565,3.430781
40.57,3.430667
40.575,3.43057
40.58,3.430505
40.585,3.430471
40.59,3.430464
40.595,3.430471
40.6,3.430483
40.605,3.430495
40.61,3.430503
40.615,3.430506
40.62,3.430506
40.625,3.430505
40.63,3.430502
40.635,3.430501
40.64,3.430499
40.645,3.430499
40.65,3.430499
40.655,3.430499
40.66,3.4305
40.665,3.4305
40.67,3.4305
40.675,3.4305
40.68,3.4305
40.685,3.4305
40.69,3.4305
40.695,3.4305
40.7,3.4305
40.705,3.4305
40.71,3.4305
40.715,3.4305
40.72,3.4305
40.725,3.4305
40.73,3.4305
40.735,3.4305
40.74,3.4305
40.745,3.4305
40.75,3.4305
40.755,3.4305
40.76,3.4305
40.765,3.430517
40.77,3.43059
40.775,3.430706
40.78,3.43083
40.785,3.430934
40.79,3.431002
40.795,3.431034
40.8,3.431051
40.805,3.431106
40.81,3.431203
40.815,3.431316
40.82,3.431417
40.825,3.431524
40.83,3.431655
40.835,3.43179
40.84,3.431907
40.845,3.432029
40.85,3.432169
40.855,3.432307
40.86,3.432418
40.865,3.432492
40.87,3.432533
40.875,3.432589
40.88,3.432682
40.885,3.432794
40.89,3.432897
40.895,3.432973
40.9,3.433017
40.905,3.433033
40.91,3.433051
40.915,3.433117
40.92,3.433222
40.925,3.433341
40.93,3.433483
40.935,3.433648
40.94,3.433804
40.945,3.433927
40.95,3.434004
40.955,3.43404
40.96,3.434045
40.965,3.434033
40.97,3.434017
40.975,3.434003
40.98,3.433995
40.985,3.433992
40.99,3.433992
40.995,3.433995
41,3.433998
41.005,3.434
41.01,3.434001
41.015,3.434002
41.02,3.434035
41.025,3.434125
41.03,3.434247
41.035,3.434367
41.04,3.434459
41.045,3.434516
41.05,3.434538
41.055,3.434538
41.06,3.434527
41.065,3.434513
41.07,3.434501
41.075,3.434495
41.08,3.434493
41.085,3.434494
41.09,3.434496
41.095,3.434498
41.1,3.4345
41.105,3.434501
41.11,3.434501
41.115,3.434501
41.12,3.434501
41.125,3.4345
41.13,3.4345
41.135,3.4345
41.14,3.4345
41.145,3.4345
41.15,3.4345
41.155,3.4345
41.16,3.4345
41.165,3.4345
41.17,3.4345
41.175,3.4345
41.18,3.4345
41.185,3.4345
41.19,3.4345
41.195,3.4345
41.2,3.4345
41.205,3.4345
41.21,3.4345
41.215,3.4345
41.22,3.4345
41.225,3.4345
41.23,3.4345
41.235,3.4345
41.24,3.4345
41.245,3.4345
41.25,3.4345
41.255,3.434496
41.26,3.434449
41.265,3.434348
41.27,3.434223
41.275,3.434108
41.28,3.43402
41.285,3.433928
41.29,3.433813
41.295,3.433692
41.3,3.433589
41.305,3.433517
41.31,3.433478
41.315,3.433452
41.32,3.433387
41.325,3.433284
41.33,3.43317
41.335,3.433057
41.34,3.432919
41.345,3.43277
41.35,3.432636
41.355,3.432539
41.36,3.432482
41.365,3.432461
41.37,3.432462
41.375,3.432475
41.38,3.432489
41.385,3.4325
41.39,3.432506
41.395,3.432508
41.4,3.432506
41.405,3.432504
41.41,3.432501
41.415,3.4325
41.42,3.432499
41.425,3.432499
41.43,3.432499
41.435,3.432499
41.44,3.4325
41.445,3.4325
41.45,3.4325
41.455,3.4325
41.46,3.4325
41.465,3.4325
41.47,3.4325
41.475,3.4325
41.48,3.4325
41.485,3.4325
41.49,3.4325
41.495,3.4325
41.5,3.4325
41.505,3.4325
41.51,3.4325
41.515,3.4325
41.52,3.4325
41.525,3.4325
41.53,3.4325
41.535,3.4325
41.54,3.4325
41.545,3.4325
41.55,3.4325
41.555,3.4325
41.56,3.4325
41.565,3.4325
41.57,3.4325
41.575,3.4325
41.58,3.4325
41.585,3.4325
41.59,3.4325
41.595,3.4325
41.6,3.4325
41.605,3.4325
41.61,3.4325
41.615,3.4325
41.62,3.4325
41.625,3.4325
41.63,3.4325
41.635,3.4325
41.64,3.4325
41.645,3.4325
41.65,3.4325
41.655,3.4325
41.66,3.4325
41.665,3.4325
41.67,3.4325
41.675,3.4325
41.68,3.4325
41.685,3.4325
41.69,3.4325
41.695,3.4325
41.7,3.4325
41.705,3.4325
41.71,3.4325
41.715,3.432506
41.72,3.43256
41.725,3.432666
41.73,3.432792
41.735,3.432904
41.74,3.432984
41.745,3.433033
41.75,3.433098
41.755,3.433196
41.76,3.433308
41.765,3.433408
41.77,3.43348
41.775,3.433543
41.78,3.433637
41.785,3.433753
41.79,3.433866
41.795,3.433962
41.8,3.434076
41.805,3.43421
41.81,3.434337
41.815,3.434438
41.82,3.434502
41.825,3.434532
41.83,3.434537
41.835,3.434528
41.84,3.434519
41.845,3.434557
41.85,3.434652
41.855,3.434775
41.86,3.43489
41.865,3.434975
41.87,3.435023
41.875,3.435041
41.88,3.435072
41.885,3.43515
41.89,3.435259
41.895,3.435368
41.9,3.435455
41.905,3.435509
41.91,3.435533
41.915,3.435535
41.92,3.435525
41.925,3.435513
41.93,3.435502
41.935,3.43551
41.94,3.435575
41.945,3.43569
41.95,3.435817
41.955,3.435925
41.96,3.435998
41.965,3.436034
41.97,3.436042
41.975,3.436033
41.98,3.436019
41.985,3.436005
41.99,3.435997
41.995,3.435993
42,3.435993
42.005,3.435995
42.01,3.435997
42.015,3.435999
42.02,3.436001
42.025,3.436001
42.03,3.436001
42.035,3.436001
42.04,3.436
42.045,3.436
42.05,3.436
42.055,3.436
42.06,3.436
42.065,3.436
42.07,3.436
42.075,3.436
42.08,3.436
42.085,3.436
42.09,3.436
42.095,3.436
42.1,3.435997
42.105,3.435954
42.11,3.435856
42.115,3.435731
42.12,3.435614
42.125,3.435528
42.13,3.435478
42.135,3.43546
42.14,3.435463
42.145,3.435476
42.15,3.43549
42.155,3.4355
42.16,3.435506
42.165,3.435507
42.17,3.435506
42.175,3.435503
42.18,3.435472
42.185,3.435385
42.19,3.435263
42.195,3.435141
42.2,3.435045
42.205,3.434955
42.21,3.434843
42.215,3.43472
42.22,3.43461
42.225,3.43453
42.23,3.434484
42.235,3.434467
42.24,3.434469
42.245,3.434479
42.25,3.434491
42.255,3.4345
42.26,3.434505
42.265,3.434506
42.27,3.43448
42.275,3.434395
42.28,3.434273
42.285,3.434149
42.29,3.43405
42.295,3.433989
42.3,3.433962
42.305,3.43396
42.31,3.433971
42.315,3.433986
42.32,3.433998
42.325,3.434005
42.33,3.434007
42.335,3.434007
42.34,3.434004
42.345,3.434002
42.35,3.434
42.355,3.433999
42.36,3.433999
42.365,3.433999
42.37,3.433999
42.375,3.434
42.38,3.434
42.385,3.434
42.39,3.434
42.395,3.434
42.4,3.434
42.405,3.434
42.41,3.434
42.415,3.434
42.42,3.434
42.425,3.434
42.43,3.434
42.435,3.434
42.44,3.434
42.445,3.434
42.45,3.434
42.455,3.434
42.46,3.434
42.465,3.434
42.47,3.434
42.475,3.434
42.48,3.434
42.485,3.434
42.49,3.434
42.495,3.434
42.5,3.434002
42.505,3.434042
42.51,3.434137
42.515,3.434262
42.52,3.43438
42.525,3.434468
42.53,3.43452
42.535,3.43454
42.54,3.434538
42.545,3.434525
42.55,3.434511
42.555,3.4345
42.56,3.434494
42.565,3.434493
42.57,3.434495
42.575,3.434534
42.58,3.434629
42.585,3.434754
42.59,3.434874
42.595,3.434965
42.6,3.435019
42.605,3.435046
42.61,3.435097
42.615,3.435189
42.62,3.435301
42.625,3.435403
42.63,3.435477
42.635,3.435519
42.64,3.435534
42.645,3.435531
42.65,3.43552
42.655,3.435508
42.66,3.435499
42.665,3.435495
42.67,3.435498
42.675,3.435547
42.68,3.435651
42.685,3.435778
42.69,3.435894
42.695,3.435979
42.7,3.436026
42.705,3.436041
42.71,3.436037
42.715,3.436023
42.72,3.436009
42.725,3.435999
42.73,3.435994
42.735,3.435993
42.74,3.435994
42.745,3.435997
42.75,3.435999
42.755,3.436
42.76,3.436001
42.765,3.436009
42.77,3.436065
42.775,3.436171
42.78,3.436297
42.785,3.436408
42.79,3.436486
42.795,3.436528
42.8,3.436541
42.805,3.436559
42.81,3.436627
42.815,3.436734
42.82,3.436847
42.825,3.436941
42.83,3.437002
42.835,3.437039
42.84,3.4371
42.845,3.437199
42.85,3.437312
42.855,3.437412
42.86,3.437483
42.865,3.437522
42.87,3.437534
42.875,3.437549
42.88,3.437613
42.885,3.437718
42.89,3.437834
42.895,3.437932
42.9,3.437998
42.905,3.438055
42.91,3.438144
42.915,3.438256
42.92,3.438366
42.925,3.438452
42.93,3.438506
42.935,3.43853
42.94,3.438533
42.945,3.438524
42.95,3.438512
42.955,3.438502
42.96,3.438496
42.965,3.438494
42.97,3.438494
42.975,3.438496
42.98,3.438498
42.985,3.4385
42.99,3.438501
42.995,3.438501
43,3.438501
43.005,3.438501
43.01,3.4385
43.015,3.4385
43.02,3.4385
43.025,3.4385
43.03,3.4385
43.035,3.4385
43.04,3.4385
43.045,3.438496
43.05,3.438451
43.055,3.438351
43.06,3.438226
43.065,3.43811
43.07,3.438025
43.075,3.437977
43.08,3.43796
43.085,3.437963
43.09,3.437961
43.095,3.437905
43.1,3.4378
43.105,3.437681
43.11,3.437577
43.115,3.437487
43.12,3.437376
43.125,3.43725
43.13,3.437133
43.135,3.437044
43.14,3.436962
43.145,3.436855
43.15,3.436733
43.155,3.436621
43.16,3.436537
43.165,3.436487
43.17,3.436467
43.175,3.436467
43.18,3.436478
43.185,3.43649
43.19,3.436473
43.195,3.436394
43.2,3.436275
43.205,3.436152
43.21,3.436053
43.215,3.43599
43.22,3.435963
43.225,3.43596
43.23,3.435971
43.235,3.435985
43.24,3.435997
43.245,3.436005
43.25,3.436007
43.255,3.436007
43.26,3.436005
43.265,3.436002
43.27,3.436
43.275,3.435999
43.28,3.435999
43.285,3.435999
43.29,3.435999
43.295,3.436
43.3,3.436
43.305,3.436
43.31,3.436
43.315,3.436
43.32,3.436
43.325,3.436
43.33,3.436
43.335,3.436
43.34,3.436
43.345,3.436
43.35,3.436
43.355,3.436
43.36,3.436
43.365,3.436
43.37,3.436
43.375,3.436
43.38,3.436
43.385,3.436
43.39,3.436
43.395,3.436
43.4,3.436
43.405,3.436
43.41,3.436
43.415,3.436
43.42,3.436
43.425,3.436
43.43,3.436
43.435,3.436
43.44,3.436
43.445,3.436
43.45,3.436
43.455,3.436
43.46,3.436
43.465,3.436
43.47,3.436015
43.475,3.436086
43.48,3.436201
43.485,3.436326
43.49,3.43643
43.495,3.4365
43.5,3.436534
43.505,3.436566
43.51,3.43664
43.515,3.436746
43.52,3.436856
43.525,3.436945
43.53,3.43701
43.535,3.437092
43.54,3.437203
43.545,3.43732
43.55,3.43742
43.555,3.437516
43.56,3.437637
43.565,3.437768
43.57,3.437885
43.575,3.437969
43.58,3.438017
43.585,3.438035
43.59,3.438034
43.595,3.438047
43.6,3.438115
43.605,3.438226
43.61,3.438343
43.615,3.43844
43.62,3.438504
43.625,3.438533
43.63,3.438538
43.635,3.438529
43.64,3.438533
43.645,3.438594
43.65,3.438702
43.655,3.438824
43.66,3.438927
43.665,3.438997
43.67,3.439032
43.675,3.43904
43.68,3.439032
43.685,3.439018
43.69,3.439005
43.695,3.438997
43.7,3.438993
43.705,3.438993
43.71,3.438995
43.715,3.439
43.72,3.439046
43.725,3.439145
43.73,3.43927
43.735,3.439387
43.74,3.439473
43.745,3.439522
43.75,3.43954
43.755,3.439537
43.76,3.439524
43.765,3.43951
43.77,3.4395
43.775,3.439494
43.78,3.439493
43.785,3.439494
43.79,3.439496
43.795,3.439499
43.8,3.4395
43.805,3.439501
43.81,3.439501
43.815,3.439501
43.82,3.4395
43.825,3.4395
43.83,3.4395
43.835,3.4395
43.84,3.4395
43.845,3.439499
43.85,3.439475
43.855,3.439398
43.86,3.439281
43.865,3.439159
43.87,3.43906
43.875,3.438995
43.88,3.438965
43.885,3.438961
43.89,3.43897
43.895,3.438984
43.9,3.438996
43.905,3.439004
43.91,3.439007
43.915,3.439007
43.92,3.439005
43.925,3.439002
43.93,3.439
43.935,3.438999
43.94,3.438999
43.945,3.438999
43.95,3.438997
43.955,3.438956
43.96,3.43886
43.965,3.438736
43.97,3.438618
43.975,3.43853
43.98,3.438479
43.985,3.43846
43.99,3.43846
43.995,3.43843
44,3.438347
44.005,3.438233
44.01,3.438122
44.015,3.438036
44.02,3.437985
44.025,3.437964
44.03,3.437964
44.035,3.437975
44.04,3.437989
44.045,3.437999
44.05,3.438005
44.055,3.438007
44.06,3.438006
44.065,3.438002
44.07,3.437965
44.075,3.437872
44.08,3.437748
44.085,3.437628
44.09,3.437537
44.095,3.437482
44.1,3.437461
44.105,3.437462
44.11,3.437474
44.115,3.437488
44.12,3.437499
44.125,3.437506
44.13,3.437507
44.135,3.437506
44.14,3.437504
44.145,3.437502
44.15,3.4375
44.155,3.437499
44.16,3.437499
44.165,3.437499
44.17,3.437499
44.175,3.4375
44.18,3.4375
44.185,3.4375
44.19,3.4375
44.195,3.4375
44.2,3.4375
44.205,3.4375
44.21,3.4375
44.215,3.4375
44.22,3.4375
44.225,3.4375
44.23,3.4375
44.235,3.4375
44.24,3.4375
44.245,3.4375
44.25,3.4375
44.255,3.4375
44.26,3.4375
44.265,3.4375
44.27,3.4375
44.275,3.4375
44.28,3.4375
44.285,3.4375
44.29,3.4375
44.295,3.4375
44.3,3.4375
44.305,3.4375
44.31,3.4375
44.315,3.4375
44.32,3.4375
44.325,3.4375
44.33,3.4375
44.335,3.4375
44.34,3.4375
44.345,3.4375
44.35,3.437518
44.355,3.437592
44.36,3.437708
44.365,3.437833
44.37,3.437935
44.375,3.438003
44.38,3.438035
44.385,3.43804
44.39,3.438031
44.395,3.438017
44.4,3.438004
44.405,3.437996
44.41,3.437993
44.415,3.437993
44.42,3.437995
44.425,3.437998
44.43,3.438017
44.435,3.438091
44.44,3.438207
44.445,3.438331
44.45,3.438434
44.455,3.438502
44.46,3.438534
44.465,3.438553
44.47,3.438611
44.475,3.43871
44.48,3.438823
44.485,3.438921
44.49,3.43899
44.495,3.439026
44.5,3.439036
44.505,3.43903
44.51,3.439018
44.515,3.439006
44.52,3.438998
44.525,3.438994
44.53,3.439013
44.535,3.439091
44.54,3.439211
44.545,3.439337
44.55,3.439439
44.555,3.439506
44.56,3.439536
44.565,3.439541
44.57,3.439531
44.575,3.439516
44.58,3.439504
44.585,3.439496
44.59,3.439493
44.595,3.439493
44.6,3.439495
44.605,3.439498
44.61,3.4395
44.615,3.439502
44.62,3.439539
44.625,3.439632
44.63,3.439755
44.635,3.439874
44.64,3.439964
44.645,3.440018
44.65,3.440062
44.655,3.44014
44.66,3.440247
44.665,3.440356
44.67,3.440445
44.675,3.440502
44.68,3.440529
44.685,3.440534
44.69,3.44053
44.695,3.440568
44.7,3.44066
44.705,3.440778
44.71,3.44089
44.715,3.440973
44.72,3.441021
44.725,3.441038
44.73,3.441036
44.735,3.441044
44.74,3.441108
44.745,3.441216
44.75,3.441334
44.755,3.441433
44.76,3.4415
44.765,3.441532
44.77,3.441539
44.775,3.441533
44.78,3.44156
44.785,3.441644
44.79,3.441761
44.795,3.441875
44.8,3.441963
44.805,3.442016
44.81,3.442037
44.815,3.442037
44.82,3.442025
44.825,3.442012
44.83,3.442001
44.835,3.441995
44.84,3.441993
44.845,3.441994
44.85,3.441996
44.855,3.441998
44.86,3.442
44.865,3.442001
44.87,3.442001
44.875,3.442001
44.88,3.442001
44.885,3.44199
44.89,3.441927
44.895,3.441817
44.9,3.441691
44.905,3.441582
44.91,3.441508
44.915,3.441469
44.92,3.441459
44.925,3.441467
44.93,3.44148
44.935,3.441489
44.94,3.441447
44.945,3.441348
44.95,3.441223
44.955,3.441107
44.96,3.44102
44.965,3.44093
44.97,3.440817
44.975,3.440696
44.98,3.440593
44.985,3.440519
44.99,3.440459
44.995,3.440369
45,3.440254
45.005,3.440142
45.01,3.440052
45.015,3.439996
45.02,3.43997
45.025,3.439966
45.03,3.439975
45.035,3.439987
45.04,3.439986
45.045,3.439929
45.05,3.43982
45.055,3.439695
45.06,3.439585
45.065,3.439508
45.07,3.439469
45.075,3.439459
45.08,3.439466
45.085,3.43948
45.09,3.439493
45.095,3.439503
45.1,3.439507
45.105,3.439507
45.11,3.439505
45.115,3.439503
45.12,3.439501
45.125,3.439499
45.13,3.439499
45.135,3.439499
45.14,3.439499
45.145,3.4395
45.15,3.4395
45.155,3.4395
45.16,3.4395
45.165,3.4395
45.17,3.4395
45.175,3.4395
45.18,3.4395
45.185,3.4395
45.19,3.4395
45.195,3.4395
45.2,3.4395
45.205,3.4395
45.21,3.4395
45.215,3.4395
45.22,3.4395
45.225,3.4395
45.23,3.4395
45.235,3.4395
45.24,3.4395
45.245,3.4395
45.25,3.4395
45.255,3.4395
45.26,3.4395
45.265,3.4395
45.27,3.4395
45.275,3.4395
45.28,3.4395
45.285,3.4395
45.29,3.4395
45.295,3.4395
45.3,3.4395
45.305,3.4395
45.31,3.4395
45.315,3.4395
45.32,3.4395
45.325,3.4395
45.33,3.4395
45.335,3.4395
45.34,3.4395
45.345,3.4395
45.35,3.4395
45.355,3.4395
45.36,3.4395
45.365,3.4395
45.37,3.4395
45.375,3.4395
45.38,3.4395
45.385,3.439522
45.39,3.4396
45.395,3.439718
45.4,3.439842
45.405,3.439942
45.41,3.440007
45.415,3.440036
45.42,3.44004
45.425,3.44003
45.43,3.440016
45.435,3.440003
45.44,3.439996
45.445,3.439993
45.45,3.439993
45.455,3.439995
45.46,3.439998
45.465,3.44001
45.47,3.440073
45.475,3.440184
45.48,3.44031
45.485,3.440418
45.49,3.440493
45.495,3.440531
45.5,3.440541
45.505,3.440547
45.51,3.440601
45.515,3.440702
45.52,3.440818
45.525,3.44092
45.53,3.440991
45.535,3.441028
45.54,3.441038
45.545,3.441032
45.55,3.441046
45.555,3.441117
45.56,3.441229
45.565,3.441347
45.57,3.441444
45.575,3.441506
45.58,3.441535
45.585,3.441539
45.59,3.441529
45.595,3.441515
45.6,3.441503
45.605,3.441496
45.61,3.441493
45.615,3.441493
45.62,3.441496
45.625,3.441498
45.63,3.4415
45.635,3.441532
45.64,3.44162
45.645,3.441742
45.65,3.441863
45.655,3.441957
45.66,3.442014
45.665,3.442038
45.67,3.442039
45.675,3.442027
45.68,3.442013
45.685,3.442001
45.69,3.441995
45.695,3.441993
45.7,3.441994
45.705,3.441996
45.71,3.441998
45.715,3.442
45.72,3.442001
45.725,3.442001
45.73,3.442001
45.735,3.442001
45.74,3.442
45.745,3.442
45.75,3.442
45.755,3.442
45.76,3.442
45.765,3.442
45.77,3.442
45.775,3.442
45.78,3.442
45.785,3.442
45.79,3.442
45.795,3.442
45.8,3.442
45.805,3.442
45.81,3.442
45.815,3.442
45.82,3.442
45.825,3.442
45.83,3.442
45.835,3.442
45.84,3.442
45.845,3.442
45.85,3.442
45.855,3.442
45.86,3.442
45.865,3.442
45.87,3.442
45.875,3.442
45.88,3.442
45.885,3.442
45.89,3.442
45.895,3.442
45.9,3.442
45.905,3.442
45.91,3.442
45.915,3.442
45.92,3.442
45.925,3.442
45.93,3.442
45.935,3.442
45.94,3.442
45.945,3.442
45.95,3.442
45.955,3.442
45.96,3.442
45.965,3.442004
45.97,3.442052
45.975,3.442154
45.98,3.442279
45.985,3.442394
45.99,3.442478
45.995,3.442525
46,3.44254
46.005,3.442536
46.01,3.442523
46.015,3.442509
46.02,3.442499
46.025,3.442494
46.03,3.442493
46.035,3.442494
46.04,3.442497
46.045,3.442499
46.05,3.4425
46.055,3.442501
46.06,3.442502
46.065,3.442531
46.07,3.442618
46.075,3.442739
46.08,3.44286
46.085,3.442955
46.09,3.443013
46.095,3.443038
46.1,3.443039
46.105,3.443028
46.11,3.443013
46.115,3.443002
46.12,3.442995
46.125,3.442993
46.13,3.442994
46.135,3.443023
46.14,3.443109
46.145,3.443231
46.15,3.443354
46.155,3.443452
46.16,3.443512
46.165,3.443538
46.17,3.44354
46.175,3.443528
46.18,3.443514
46.185,3.443502
46.19,3.443495
46.195,3.443493
46.2,3.443493
46.205,3.443496
46.21,3.443498
46.215,3.4435
46.22,3.443502
46.225,3.443534
46.23,3.443623
46.235,3.443745
46.24,3.443865
46.245,3.443958
46.25,3.444015
46.255,3.444038
46.26,3.444039
46.265,3.444027
46.27,3.444013
46.275,3.444001
46.28,3.443995
46.285,3.443993
46.29,3.443994
46.295,3.443996
46.3,3.443998
46.305,3.444
46.31,3.444001
46.315,3.444001
46.32,3.444001
46.325,3.444001
46.33,3.444
46.335,3.444
46.34,3.444
46.345,3.444
46.35,3.444
46.355,3.444
46.36,3.444
46.365,3.444
46.37,3.444
46.375,3.444
46.38,3.444
46.385,3.444
46.39,3.444
46.395,3.444
46.4,3.444
46.405,3.444
46.41,3.444
46.415,3.444
46.42,3.444
46.425,3.444
46.43,3.444
46.435,3.444
46.44,3.444
46.445,3.444
46.45,3.444
46.455,3.443991
46.46,3.443931
46.465,3.443822
46.47,3.443696
46.475,3.443586
46.48,3.44351
46.485,3.443469
46.49,3.443428
46.495,3.443347
46.5,3.443239
46.505,3.443116
46.51,3.44296
46.515,3.442792
46.52,3.442643
46.525,3.442536
46.53,3.442476
46.535,3.442427
46.54,3.442347
46.545,3.442241
46.55,3.442135
46.555,3.442051
46.56,3.441996
46.565,3.441971
46.57,3.441968
46.575,3.441976
46.58,3.441987
46.585,3.441997
46.59,3.442004
46.595,3.442006
46.6,3.442006
46.605,3.442004
46.61,3.442002
46.615,3.442
46.62,3.441999
46.625,3.441999
46.63,3.441999
46.635,3.441999
46.64,3.442
46.645,3.442
46.65,3.442
46.655,3.442
46.66,3.442
46.665,3.442
46.67,3.442
46.675,3.442
46.68,3.442
46.685,3.442
46.69,3.442
46.695,3.442
46.7,3.442
46.705,3.442
46.71,3.442
46.715,3.442
46.72,3.442
46.725,3.442
46.73,3.442
46.735,3.442
46.74,3.442
46.745,3.442
46.75,3.442
46.755,3.442
46.76,3.442
46.765,3.442
46.77,3.442
46.775,3.442
46.78,3.442
46.785,3.442
46.79,3.442
46.795,3.442
46.8,3.442
46.805,3.442
46.81,3.442
46.815,3.442
46.82,3.442
46.825,3.442
46.83,3.442
46.835,3.442
46.84,3.442
46.845,3.442
46.85,3.442
46.855,3.442
46.86,3.442
46.865,3.442
46.87,3.442
46.875,3.442024
46.88,3.442104
46.885,3.442224
46.89,3.442347
46.895,3.442446
46.9,3.442508
46.905,3.442537
46.91,3.44254
46.915,3.442529
46.92,3.442515
46.925,3.442503
46.93,3.442495
46.935,3.442493
46.94,3.442511
46.945,3.442587
46.95,3.442706
46.955,3.442832
46.96,3.442936
46.965,3.443004
46.97,3.443036
46.975,3.443044
46.98,3.443076
46.985,3.443159
46.99,3.443271
46.995,3.44338
47,3.443464
47.005,3.443514
47.01,3.443535
47.015,3.443535
47.02,3.443524
47.025,3.443511
47.03,3.443501
47.035,3.443495
47.04,3.443493
47.045,3.443497
47.05,3.443541
47.055,3.443641
47.06,3.443767
47.065,3.443885
47.07,3.443972
47.075,3.444022
47.08,3.44404
47.085,3.444037
47.09,3.444024
47.095,3.44401
47.1,3.444
47.105,3.443994
47.11,3.443993
47.115,3.443994
47.12,3.443996
47.125,3.443999
47.13,3.444
47.135,3.444001
47.14,3.444002
47.145,3.444029
47.15,3.444113
47.155,3.444234
47.16,3.444356
47.165,3.444452
47.17,3.444512
47.175,3.444537
47.18,3.444539
47.185,3.444528
47.19,3.444514
47.195,3.444502
47.2,3.444495
47.205,3.444493
47.21,3.444493
47.215,3.444496
47.22,3.444498
47.225,3.4445
47.23,3.444501
47.235,3.444501
47.24,3.444501
47.245,3.444501
47.25,3.4445
47.255,3.4445
47.26,3.4445
47.265,3.4445
47.27,3.4445
47.275,3.4445
47.28,3.444513
47.285,3.44458
47.29,3.444693
47.295,3.444818
47.3,3.444925
47.305,3.444997
47.31,3.445033
47.315,3.445041
47.32,3.445032
47.325,3.445018
47.33,3.445005
47.335,3.444998
47.34,3.445026
47.345,3.445114
47.35,3.445239
47.355,3.445362
47.36,3.445458
47.365,3.445516
47.37,3.44554
47.375,3.44554
47.38,3.445528
47.385,3.445513
47.39,3.445502
47.395,3.445521
47.4,3.445603
47.405,3.445725
47.41,3.445849
47.415,3.445949
47.42,3.446011
47.425,3.446038
47.43,3.446041
47.435,3.446029
47.44,3.446015
47.445,3.446002
47.45,3.445995
47.455,3.445993
47.46,3.445993
47.465,3.445995
47.47,3.445998
47.475,3.446
47.48,3.446001
47.485,3.446001
47.49,3.446001
47.495,3.446001
47.5,3.446
47.505,3.446
47.51,3.446
47.515,3.446
47.52,3.446
47.525,3.446
47.53,3.446
47.535,3.446
47.54,3.445995
47.545,3.445946
47.55,3.445844
47.555,3.445718
47.56,3.445604
47.565,3.445521
47.57,3.445475
47.575,3.44546
47.58,3.445464
47.585,3.445477
47.59,3.445491
47.595,3.445475
47.6,3.445398
47.605,3.445279
47.61,3.445155
47.615,3.445055
47.62,3.444991
47.625,3.44496
47.63,3.444918
47.635,3.444833
47.64,3.444723
47.645,3.444588
47.65,3.444421
47.655,3.444251
47.66,3.444109
47.665,3.444014
47.67,3.443964
47.675,3.443951
47.68,3.44396
47.685,3.443977
47.69,3.443993
47.695,3.444004
47.7,3.444009
47.705,3.444009
47.71,3.444006
47.715,3.444003
47.72,3.444001
47.725,3.443999
47.73,3.443999
47.735,3.443999
47.74,3.443999
47.745,3.443998
47.75,3.443963
47.755,3.443872
47.76,3.443749
47.765,3.443629
47.77,3.443538
47.775,3.443483
47.78,3.443461
47.785,3.443462
47.79,3.443474
47.795,3.443488
47.8,3.443499
47.805,3.443505
47.81,3.443507
47.815,3.443506
47.82,3.443504
47.825,3.443502
47.83,3.4435
47.835,3.443499
47.84,3.443499
47.845,3.443499
47.85,3.443499
47.855,3.4435
47.86,3.4435
47.865,3.4435
47.87,3.4435
47.875,3.4435
47.88,3.4435
47.885,3.4435
47.89,3.4435
47.895,3.4435
47.9,3.4435
47.905,3.443506
47.91,3.443559
47.915,3.443664
47.92,3.443789
47.925,3.443902
47.93,3.443983
47.935,3.444027
47.94,3.444041
47.945,3.444035
47.95,3.444022
47.955,3.444008
47.96,3.443998
47.965,3.443994
47.97,3.443993
47.975,3.443994
47.98,3.443997
47.985,3.443999
47.99,3.444001
47.995,3.444023
48,3.444101
48.005,3.444219
48.01,3.444342
48.015,3.444442
48.02,3.444506
48.025,3.444536
48.03,3.44454
48.035,3.444536
48.04,3.444576
48.045,3.444669
48.05,3.444787
48.055,3.444897
48.06,3.444977
48.065,3.445023
48.07,3.445038
48.075,3.445043
48.08,3.445088
48.085,3.445183
48.09,3.445298
48.095,3.445404
48.1,3.445481
48.105,3.445523
48.11,3.445537
48.115,3.445533
48.12,3.445521
48.125,3.445508
48.13,3.445499
48.135,3.445494
48.14,3.445493
48.145,3.445495
48.15,3.445499
48.155,3.445544
48.16,3.445642
48.165,3.445768
48.17,3.445885
48.175,3.445972
48.18,3.446022
48.185,3.44604
48.19,3.446037
48.195,3.446024
48.2,3.44601
48.205,3.446
48.21,3.445994
48.215,3.445993
48.22,3.445994
48.225,3.445996
48.23,3.445999
48.235,3.446
48.24,3.446001
48.245,3.446001
48.25,3.446001
48.255,3.446
48.26,3.446
48.265,3.446
48.27,3.446
48.275,3.446
48.28,3.446
48.285,3.446
48.29,3.446
48.295,3.446
48.3,3.446
48.305,3.446
48.31,3.446
48.315,3.446
48.32,3.446
48.325,3.446
48.33,3.446
48.335,3.446
48.34,3.446
48.345,3.446
48.35,3.446
48.355,3.446
48.36,3.446
48.365,3.446
48.37,3.446
48.375,3.446
48.38,3.446
48.385,3.44602
48.39,3.446096
48.395,3.446213
48.4,3.446337
48.405,3.446439
48.41,3.446505
48.415,3.446535
48.42,3.44654
48.425,3.44653
48.43,3.446516
48.435,3.446504
48.44,3.446496
48.445,3.446493
48.45,3.446493
48.455,3.446495
48.46,3.446498
48.465,3.4465
48.47,3.446501
48.475,3.446501
48.48,3.446501
48.485,3.446501
48.49,3.446502
48.495,3.446539
48.5,3.446633
48.505,3.446756
48.51,3.446875
48.515,3.446965
48.52,3.447019
48.525,3.447039
48.53,3.447038
48.535,3.447026
48.54,3.447011
48.545,3.447
48.55,3.446997
48.555,3.447039
48.56,3.447138
48.565,3.447265
48.57,3.447384
48.575,3.447473
48.58,3.447523
48.585,3.447541
48.59,3.447538
48.595,3.447525
48.6,3.44751
48.605,3.4475
48.61,3.447494
48.615,3.447492
48.62,3.447494
48.625,3.447496
48.63,3.447499
48.635,3.4475
48.64,3.447501
48.645,3.447501
48.65,3.447501
48.655,3.447501
48.66,3.4475
48.665,3.4475
48.67,3.447497
48.675,3.447454
48.68,3.447355
48.685,3.447231
48.69,3.447114
48.695,3.447028
48.7,3.446978
48.705,3.44696
48.71,3.446963
48.715,3.446976
48.72,3.44699
48.725,3.447
48.73,3.447006
48.735,3.447007
48.74,3.447006
48.745,3.447004
48.75,3.447001
48.755,3.447
48.76,3.446999
48.765,3.446999
48.77,3.446999
48.775,3.447
48.78,3.447
48.785,3.446973
48.79,3.44689
48.795,3.446769
48.8,3.446647
48.805,3.446532
48.81,3.446397
48.815,3.446254
48.82,3.446128
48.825,3.446036
48.83,3.445983
48.835,3.445963
48.84,3.445965
48.845,3.445976
48.85,3.44599
48.855,3.445998
48.86,3.445964
48.865,3.44587
48.87,3.445744
48.875,3.445624
48.88,3.445533
48.885,3.44548
48.89,3.445459
48.895,3.445461
48.9,3.445474
48.905,3.445489
48.91,3.4455
48.915,3.445506
48.92,3.445508
48.925,3.445506
48.93,3.445504
48.935,3.445502
48.94,3.4455
48.945,3.445499
48.95,3.445499
48.955,3.445499
48.96,3.445499
48.965,3.4455
48.97,3.4455
48.975,3.4455
48.98,3.4455
48.985,3.4455
48.99,3.4455
48.995,3.4455
49,3.4455
49.005,3.4455
49.01,3.4455
49.015,3.4455
49.02,3.4455
49.025,3.4455
49.03,3.4455
49.035,3.4455
49.04,3.4455
49.045,3.4455
49.05,3.4455
49.055,3.4455
49.06,3.4455
49.065,3.4455
49.07,3.4455
49.075,3.4455
49.08,3.4455
49.085,3.4455
49.09,3.4455
49.095,3.4455
49.1,3.4455
49.105,3.4455
49.11,3.4455
49.115,3.4455
49.12,3.4455
49.125,3.445514
49.13,3.445582
49.135,3.445696
49.14,3.445821
49.145,3.445927
49.15,3.445998
49.155,3.446033
49.16,3.446041
49.165,3.446032
49.17,3.446018
49.175,3.446005
49.18,3.445997
49.185,3.445993
49.19,3.445993
49.195,3.446003
49.2,3.446063
49.205,3.446173
49.21,3.4463
49.215,3.446411
49.22,3.446489
49.225,3.44653
49.23,3.446541
49.235,3.446538
49.24,3.446571
49.245,3.446659
49.25,3.446774
49.255,3.446885
49.26,3.446969
49.265,3.447018
49.27,3.447037
49.275,3.447036
49.28,3.447024
49.285,3.447025
49.29,3.447084
49.295,3.447193
49.3,3.447316
49.305,3.447423
49.31,3.447495
49.315,3.447532
49.32,3.447541
49.325,3.447533
49.33,3.447519
49.335,3.447506
49.34,3.447497
49.345,3.447493
49.35,3.447493
49.355,3.447495
49.36,3.447497
49.365,3.447499
49.37,3.447501
49.375,3.447501
49.38,3.447501
49.385,3.447501
49.39,3.4475
49.395,3.4475
49.4,3.4475
49.405,3.4475
49.41,3.4475
49.415,3.4475
49.42,3.4475
49.425,3.4475
49.43,3.4475
49.435,3.4475
49.44,3.4475
49.445,3.4475
49.45,3.4475
49.455,3.4475
49.46,3.4475
49.465,3.4475
49.47,3.4475
49.475,3.4475
49.48,3.4475
49.485,3.4475
49.49,3.4475
49.495,3.4475
49.5,3.4475
49.505,3.4475
49.51,3.4475
49.515,3.4475
49.52,3.4475
49.525,3.4475
49.53,3.4475
49.535,3.4475
49.54,3.447502
49.545,3.447542
49.55,3.447637
49.555,3.447762
49.56,3.44788
49.565,3.447968
49.57,3.44802
49.575,3.44804
49.58,3.448038
49.585,3.448025
49.59,3.448011
49.595,3.448
49.6,3.447994
49.605,3.447994
49.61,3.448033
49.615,3.448129
49.62,3.448255
49.625,3.448376
49.63,3.448466
49.635,3.44852
49.64,3.44854
49.645,3.448538
49.65,3.448526
49.655,3.448511
49.66,3.4485
49.665,3.448494
49.67,3.448497
49.675,3.448546
49.68,3.44865
49.685,3.448778
49.69,3.448894
49.695,3.448979
49.7,3.449026
49.705,3.449041
49.71,3.449037
49.715,3.449023
49.72,3.449009
49.725,3.448999
49.73,3.448994
49.735,3.448993
49.74,3.448995
49.745,3.449031
49.75,3.449123
49.755,3.449247
49.76,3.449368
49.765,3.449461
49.77,3.449517
49.775,3.449539
49.78,3.449539
49.785,3.449527
49.79,3.449512
49.795,3.449501
49.8,3.449495
49.805,3.449493
49.81,3.449494
49.815,3.449496
49.82,3.449498
49.825,3.4495
49.83,3.449523
49.835,3.449601
49.84,3.449719
49.845,3.449843
49.85,3.449942
49.855,3.450006
49.86,3.450036
49.865,3.45004
49.87,3.45003
49.875,3.450015
49.88,3.450003
49.885,3.449996
49.89,3.449993
49.895,3.449993
49.9,3.449995
49.905,3.449998
49.91,3.45
49.915,3.450001
49.92,3.450001
49.925,3.450001
49.93,3.450001
49.935,3.45
49.94,3.45
49.945,3.45
49.95,3.45
49.955,3.45
49.96,3.45
49.965,3.45
49.97,3.45
49.975,3.45
49.98,3.45
49.985,3.45
49.99,3.45
49.995,3.45
50,3.449998
50.005,3.449958
50.01,3.449863
50.015,3.449738
50.02,3.44962
50.025,3.449532
50.03,3.44948
50.035,3.44946
50.04,3.449462
50.045,3.449475
50.05,3.449463
50.055,3.44939
50.06,3.449238
50.065,3.449023
50.07,3.448801
50.075,3.448618
50.08,3.448499
50.085,3.448442
50.09,3.448425
50.095,3.448389
50.1,3.44831
50.105,3.448206
50.11,3.448106
50.115,3.448031
50.12,3.447986
50.125,3.447968
50.13,3.447969
50.135,3.447979
50.14,3.44799
50.145,3.447999
50.15,3.448005
50.155,3.448006
50.16,3.448005
50.165,3.448003
50.17,3.448001
50.175,3.448
50.18,3.447999
50.185,3.447999
50.19,3.447996
50.195,3.447953
50.2,3.447855
50.205,3.447731
50.21,3.447614
50.215,3.447528
50.22,3.447478
50.225,3.44746
50.23,3.447463
50.235,3.447476
50.24,3.44749
50.245,3.4475
50.25,3.447506
50.255,3.447507
50.26,3.447506
50.265,3.447504
50.27,3.447501
50.275,3.4475
50.28,3.447499
50.285,3.447499
50.29,3.447499
50.295,3.4475
50.3,3.4475
50.305,3.4475
50.31,3.4475
50.315,3.4475
50.32,3.4475
50.325,3.4475
50.33,3.4475
50.335,3.4475
50.34,3.4475
50.345,3.4475
50.35,3.4475
50.355,3.4475
50.36,3.4475
50.365,3.4475
50.37,3.4475
50.375,3.4475
50.38,3.4475
50.385,3.4475
50.39,3.4475
50.395,3.4475
50.4,3.4475
50.405,3.4475
50.41,3.4475
50.415,3.4475
50.42,3.4475
50.425,3.4475
50.43,3.4475
50.435,3.4475
50.44,3.4475
50.445,3.4475
50.45,3.4475
50.455,3.4475
50.46,3.44751
50.465,3.447573
50.47,3.447683
50.475,3.447809
50.48,3.447918
50.485,3.447992
50.49,3.448031
50.495,3.448041
50.5,3.448033
50.505,3.44802
50.51,3.448006
50.515,3.447997
50.52,3.447993
50.525,3.447993
50.53,3.447995
50.535,3.447997
50.54,3.447999
50.545,3.448002
50.55,3.448035
50.555,3.448125
50.56,3.448247
50.565,3.448367
50.57,3.44846
50.575,3.448516
50.58,3.448538
50.585,3.448538
50.59,3.448527
50.595,3.448544
50.6,3.44862
50.605,3.448736
50.61,3.448855
50.615,3.44895
50.62,3.44901
50.625,3.449037
50.63,3.449059
50.635,3.449124
50.64,3.449228
50.645,3.44934
50.65,3.449434
50.655,3.449498
50.66,3.449529
50.665,3.449536
50.67,3.449528
50.675,3.449516
50.68,3.449505
50.685,3.449497
50.69,3.449494
50.695,3.449494
50.7,3.449511
50.705,3.449584
50.71,3.4497
50.715,3.449826
50.72,3.449931
50.725,3.450001
50.73,3.450034
50.735,3.450041
50.74,3.450032
50.745,3.450017
50.75,3.450005
50.755,3.449996
50.76,3.450002
50.765,3.450064
50.77,3.450176
50.775,3.450304
50.78,3.450415
50.785,3.450492
50.79,3.450532
50.795,3.450542
50.8,3.450534
50.805,3.45052
50.81,3.450507
50.815,3.450497
50.82,3.450493
50.825,3.450493
50.83,3.450495
50.835,3.450513
50.84,3.450587
50.845,3.450704
50.85,3.450829
50.855,3.450933
50.86,3.451002
50.865,3.451034
50.87,3.45104
50.875,3.451031
50.88,3.451017
50.885,3.451004
50.89,3.450996
50.895,3.450993
50.9,3.450993
50.905,3.450995
50.91,3.450998
50.915,3.451
50.92,3.451001
50.925,3.451001
50.93,3.451001
50.935,3.451001
50.94,3.451
50.945,3.451
50.95,3.451
50.955,3.451
50.96,3.451
50.965,3.451
50.97,3.451
50.975,3.451
50.98,3.451
50.985,3.451
50.99,3.451
50.995,3.450978
51,3.4509
51.005,3.450782
51.01,3.450658
51.015,3.450558
51.02,3.450493
51.025,3.450464
51.03,3.45046
51.035,3.45047
51.04,3.450484
51.045,3.450497
51.05,3.450504
51.055,3.450507
51.06,3.450505
51.065,3.450467
51.07,3.450372
51.075,3.450246
51.08,3.450126
51.085,3.450035
51.09,3.449981
51.095,3.44996
51.1,3.449959
51.105,3.449931
51.11,3.449849
51.115,3.449735
51.12,3.449624
51.125,3.449538
51.13,3.449486
51.135,3.449464
51.14,3.449464
51.145,3.449475
51.15,3.449488
51.155,3.449499
51.16,3.449505
51.165,3.449507
51.17,3.449506
51.175,3.449504
51.18,3.449502
51.185,3.4495
51.19,3.449499
51.195,3.449499
51.2,3.449499
51.205,3.449499
51.21,3.4495
51.215,3.4495
51.22,3.4495
51.225,3.4495
51.23,3.4495
51.235,3.4495
51.24,3.4495
51.245,3.4495
51.25,3.4495
51.255,3.4495
51.26,3.4495
51.265,3.4495
51.27,3.4495
51.275,3.4495
51.28,3.4495
51.285,3.4495
51.29,3.4495
51.295,3.4495
51.3,3.4495
51.305,3.4495
51.31,3.4495
51.315,3.4495
51.32,3.4495
51.325,3.4495
51.33,3.4495
51.335,3.4495
51.34,3.4495
51.345,3.4495
51.35,3.4495
51.355,3.4495
51.36,3.4495
51.365,3.4495
51.37,3.4495
51.375,3.4495
51.38,3.4495
51.385,3.4495
51.39,3.4495
51.395,3.4495
51.4,3.4495
51.405,3.4495
51.41,3.4495
51.415,3.4495
51.42,3.4495
51.425,3.4495
51.43,3.4495
51.435,3.4495
51.44,3.4495
51.445,3.4495
51.45,3.4495
51.455,3.4495
51.46,3.4495
51.465,3.4495
51.47,3.4495
51.475,3.4495
51.48,3.4495
51.485,3.449501
51.49,3.449535
51.495,3.449626
51.5,3.449749
51.505,3.449869
51.51,3.449961
51.515,3.450017
51.52,3.450039
51.525,3.450038
51.53,3.450027
51.535,3.450033
51.54,3.450099
51.545,3.450211
51.55,3.450332
51.555,3.450434
51.56,3.450502
51.565,3.450534
51.57,3.450545
51.575,3.450587
51.58,3.450676
51.585,3.450789
51.59,3.450895
51.595,3.450973
51.6,3.451019
51.605,3.451036
51.61,3.451033
51.615,3.451022
51.62,3.451009
51.625,3.451
51.63,3.450995
51.635,3.450993
51.64,3.450995
51.645,3.450997
51.65,3.450999
51.655,3.451
51.66,3.451001
51.665,3.451001
51.67,3.451001
51.675,3.451
51.68,3.451
51.685,3.451
51.69,3.451
51.695,3.451
51.7,3.451
51.705,3.451
51.71,3.451
51.715,3.451
51.72,3.451
51.725,3.451
51.73,3.451005
51.735,3.451055
51.74,3.451159
51.745,3.451284
51.75,3.451398
51.755,3.45148
51.76,3.451526
51.765,3.45154
51.77,3.451536
51.775,3.451522
51.78,3.451509
51.785,3.451499
51.79,3.451494
51.795,3.451493
51.8,3.451523
51.805,3.451612
51.81,3.451735
51.815,3.451858
51.82,3.451955
51.825,3.452014
51.83,3.452039
51.835,3.45204
51.84,3.452028
51.845,3.452014
51.85,3.452002
51.855,3.451995
51.86,3.451993
51.865,3.451993
51.87,3.451996
51.875,3.451998
51.88,3.452
51.885,3.452001
51.89,3.452001
51.895,3.452001
51.9,3.452001
51.905,3.452
51.91,3.452
51.915,3.452
51.92,3.452
51.925,3.452007
51.93,3.452062
51.935,3.452168
51.94,3.452294
51.945,3.452406
51.95,3.452485
51.955,3.452528
51.96,3.452541
51.965,3.452535
51.97,3.452521
51.975,3.452508
51.98,3.452498
51.985,3.452493
51.99,3.452493
51.995,3.452494
52,3.452497
52.005,3.452499
52.01,3.452501
52.015,3.452501
52.02,3.452501
52.025,3.452501
52.03,3.4525
52.035,3.4525
52.04,3.4525
52.045,3.4525
52.05,3.4525
52.055,3.4525
52.06,3.4525
52.065,3.4525
52.07,3.4525
52.075,3.4525
52.08,3.4525
52.085,3.4525
52.09,3.4525
52.095,3.4525
52.1,3.4525
52.105,3.4525
52.11,3.4525
52.115,3.4525
52.12,3.4525
52.125,3.4525
52.13,3.4525
52.135,3.4525
52.14,3.4525
52.145,3.4525
52.15,3.452497
52.155,3.452452
52.16,3.452353
52.165,3.452228
52.17,3.452112
52.175,3.452026
52.18,3.451977
52.185,3.45196
52.19,3.451935
52.195,3.451863
52.2,3.451756
52.205,3.451645
52.21,3.451554
52.215,3.451496
52.22,3.451468
52.225,3.451446
52.23,3.451379
52.235,3.451275
52.24,3.451162
52.245,3.451067
52.25,3.451003
52.255,3.450971
52.26,3.450964
52.265,3.450971
52.27,3.450984
52.275,3.450995
52.28,3.451003
52.285,3.451006
52.29,3.451006
52.295,3.451005
52.3,3.451002
52.305,3.451
52.31,3.450999
52.315,3.450999
52.32,3.450999
52.325,3.450999
52.33,3.451
52.335,3.451
52.34,3.451
52.345,3.451
52.35,3.451
52.355,3.451
52.36,3.451
52.365,3.451
52.37,3.451
52.375,3.451
52.38,3.451
52.385,3.451
52.39,3.451
52.395,3.451
52.4,3.451
52.405,3.451
52.41,3.451
52.415,3.451
52.42,3.451
52.425,3.451
52.43,3.451
52.435,3.451
52.44,3.451
52.445,3.451
52.45,3.451
52.455,3.451
52.46,3.451
52.465,3.451
52.47,3.451
52.475,3.451
52.48,3.451
52.485,3.451
52.49,3.451
52.495,3.451
52.5,3.451
52.505,3.451
52.51,3.451
52.515,3.451
52.52,3.451
52.525,3.451
52.53,3.451
52.535,3.451
52.54,3.451
52.545,3.451002
52.55,3.451043
52.555,3.45114
52.56,3.451264
52.565,3.451382
52.57,3.45147
52.575,3.451521
52.58,3.45154
52.585,3.451537
52.59,3.451525
52.595,3.451511
52.6,3.4515
52.605,3.451494
52.61,3.451503
52.615,3.451567
52.62,3.45168
52.625,3.451807
52.63,3.451918
52.635,3.451993
52.64,3.452032
52.645,3.452042
52.65,3.452034
52.655,3.452021
52.66,3.452045
52.665,3.45213
52.67,3.45225
52.675,3.452368
52.68,3.45246
52.685,3.452516
52.69,3.452539
52.695,3.452539
52.7,3.452527
52.705,3.452513
52.71,3.452501
52.715,3.452495
52.72,3.452493
52.725,3.452494
52.73,3.452496
52.735,3.452498
52.74,3.4525
52.745,3.452501
52.75,3.452501
52.755,3.452501
52.76,3.452501
52.765,3.4525
52.77,3.4525
52.775,3.452528
52.78,3.452613
52.785,3.452734
52.79,3.452856
52.795,3.452952
52.8,3.453012
52.805,3.453038
52.81,3.453039
52.815,3.453028
52.82,3.453022
52.825,3.453068
52.83,3.453168
52.835,3.453292
52.84,3.453403
52.845,3.453483
52.85,3.453527
52.855,3.453541
52.86,3.453535
52.865,3.453522
52.87,3.453508
52.875,3.453498
52.88,3.453494
52.885,3.453493
52.89,3.453494
52.895,3.453497
52.9,3.453499
52.905,3.4535
52.91,3.453501
52.915,3.453509
52.92,3.453566
52.925,3.453674
52.93,3.453799
52.935,3.45391
52.94,3.453988
52.945,3.454029
52.95,3.454041
52.955,3.454034
52.96,3.454021
52.965,3.454007
52.97,3.453998
52.975,3.453993
52.98,3.453993
52.985,3.453995
52.99,3.453997
52.995,3.453999
53,3.454001
53.005,3.454001
53.01,3.454001
53.015,3.454001
53.02,3.454
53.025,3.454
53.03,3.454
53.035,3.454
53.04,3.454
53.045,3.454
53.05,3.454
53.055,3.454
53.06,3.454
53.065,3.453995
53.07,3.453952
53.075,3.453856
53.08,3.453734
53.085,3.453618
53.09,3.453531
53.095,3.45348
53.1,3.453461
53.105,3.453463
53.11,3.453476
53.115,3.453489
53.12,3.4535
53.125,3.453506
53.13,3.453507
53.135,3.453506
53.14,3.453504
53.145,3.453501
53.15,3.4535
53.155,3.453499
53.16,3.453499
53.165,3.453499
53.17,3.453496
53.175,3.453449
53.18,3.453348
53.185,3.453223
53.19,3.453108
53.195,3.453024
53.2,3.452976
53.205,3.45296
53.21,3.452957
53.215,3.452916
53.22,3.452825
53.225,3.452709
53.23,3.452602
53.235,3.452523
53.24,3.452479
53.245,3.452463
53.25,3.452466
53.255,3.452478
53.26,3.452491
53.265,3.452501
53.27,3.452506
53.275,3.452507
53.28,3.452505
53.285,3.452503
53.29,3.452501
53.295,3.4525
53.3,3.452499
53.305,3.452499
53.31,3.452499
53.315,3.4525
53.32,3.4525
53.325,3.4525
53.33,3.4525
53.335,3.4525
53.34,3.4525
53.345,3.4525
53.35,3.4525
53.355,3.4525
53.36,3.4525
53.365,3.4525
53.37,3.4525
53.375,3.4525
53.38,3.4525
53.385,3.4525
53.39,3.4525
53.395,3.4525
53.4,3.4525
53.405,3.4525
53.41,3.4525
53.415,3.4525
53.42,3.4525
53.425,3.4525
53.43,3.4525
53.435,3.4525
53.44,3.4525
53.445,3.4525
53.45,3.4525
53.455,3.4525
53.46,3.4525
53.465,3.4525
53.47,3.4525
53.475,3.4525
53.48,3.4525
53.485,3.4525
53.49,3.4525
53.495,3.4525
53.5,3.4525
53.505,3.4525
53.51,3.4525
53.515,3.4525
53.52,3.4525
53.525,3.4525
53.53,3.4525
53.535,3.4525
53.54,3.4525
53.545,3.4525
53.55,3.4525
53.555,3.4525
53.56,3.4525
53.565,3.4525
53.57,3.4525
53.575,3.4525
53.58,3.4525
53.585,3.452529
53.59,3.452615
53.595,3.452736
53.6,3.452858
53.605,3.452954
53.61,3.453013
53.615,3.453039
53.62,3.453076
53.625,3.453156
53.63,3.453265
53.635,3.453373
53.64,3.453458
53.645,3.45351
53.65,3.453532
53.655,3.453534
53.66,3.453524
53.665,3.453512
53.67,3.453506
53.675,3.453548
53.68,3.453648
53.685,3.453774
53.69,3.45389
53.695,3.453976
53.7,3.454025
53.705,3.454041
53.71,3.454037
53.715,3.454024
53.72,3.45401
53.725,3.453999
53.73,3.453994
53.735,3.453993
53.74,3.453994
53.745,3.453996
53.75,3.453999
53.755,3.454
53.76,3.454001
53.765,3.454001
53.77,3.454001
53.775,3.454
53.78,3.454
53.785,3.454
53.79,3.454
53.795,3.454
53.8,3.454
53.805,3.454
53.81,3.454
53.815,3.454
53.82,3.454
53.825,3.454
53.83,3.454
53.835,3.454
53.84,3.454
53.845,3.454
53.85,3.454
53.855,3.454
53.86,3.45401
53.865,3.454073
53.87,3.454183
53.875,3.454309
53.88,3.454418
53.885,3.454492
53.89,3.454531
53.895,3.454541
53.9,3.454534
53.905,3.454548
53.91,3.454619
53.915,3.454731
53.92,3.454849
53.925,3.454945
53.93,3.455006
53.935,3.455035
53.94,3.455039
53.945,3.455029
53.95,3.455015
53.955,3.455003
53.96,3.454996
53.965,3.454993
53.97,3.454993
53.975,3.455012
53.98,3.455086
53.985,3.455203
53.99,3.455329
53.995,3.455433
54,3.455502
54.005,3.455535
54.01,3.455541
54.015,3.455531
54.02,3.455517
54.025,3.455504
54.03,3.455496
54.035,3.455493
54.04,3.455493
54.045,3.455495
54.05,3.455498
54.055,3.4555
54.06,3.455501
54.065,3.455501
54.07,3.455501
54.075,3.455501
54.08,3.4555
54.085,3.4555
54.09,3.4555
54.095,3.4555
54.1,3.4555
54.105,3.4555
54.11,3.4555
54.115,3.4555
54.12,3.4555
54.125,3.455503
54.13,3.455538
54.135,3.455627
54.14,3.455749
54.145,3.455868
54.15,3.455959
54.155,3.456015
54.16,3.456038
54.165,3.456038
54.17,3.456026
54.175,3.456012
54.18,3.456001
54.185,3.455991
54.19,3.455944
54.195,3.455845
54.2,3.455722
54.205,3.455608
54.21,3.455525
54.215,3.455478
54.22,3.455461
54.225,3.455464
54.23,3.455477
54.235,3.455491
54.24,3.455501
54.245,3.455506
54.25,3.455507
54.255,3.455506
54.26,3.455492
54.265,3.455427
54.27,3.455314
54.275,3.455188
54.28,3.455069
54.285,3.454931
54.29,3.454783
54.295,3.454648
54.3,3.454547
54.305,3.454488
54.31,3.454463
54.315,3.454462
54.32,3.454451
54.325,3.454386
54.33,3.454278
54.335,3.454161
54.34,3.454064
54.345,3.453999
54.35,3.453968
54.355,3.453962
54.36,3.45397
54.365,3.453984
54.37,3.453996
54.375,3.454003
54.38,3.454007
54.385,3.454007
54.39,3.454005
54.395,3.454002
54.4,3.454
54.405,3.453999
54.41,3.453999
54.415,3.453999
54.42,3.453974
54.425,3.453891
54.43,3.453771
54.435,3.453649
54.44,3.453551
54.445,3.45349
54.45,3.453463
54.455,3.453461
54.46,3.453471
54.465,3.453486
54.47,3.453497
54.475,3.453505
54.48,3.453507
54.485,3.453507
54.49,3.453504
54.495,3.453502
54.5,3.4535
54.505,3.453499
54.51,3.453499
54.515,3.453499
54.52,3.453499
54.525,3.4535
54.53,3.4535
54.535,3.4535
54.54,3.4535
54.545,3.4535
54.55,3.4535
54.555,3.4535
54.56,3.4535
54.565,3.4535
54.57,3.4535
54.575,3.4535
54.58,3.4535
54.585,3.4535
54.59,3.4535
54.595,3.4535
54.6,3.4535
54.605,3.4535
54.61,3.4535
54.615,3.4535
54.62,3.4535
54.625,3.4535
54.63,3.4535
54.635,3.4535
54.64,3.4535
54.645,3.4535
54.65,3.4535
54.655,3.4535
54.66,3.4535
54.665,3.4535
54.67,3.453504
54.675,3.453552
54.68,3.453654
54.685,3.453779
54.69,3.453894
54.695,3.453978
54.7,3.454025
54.705,3.45404
54.71,3.454036
54.715,3.454023
54.72,3.454009
54.725,3.453999
54.73,3.453994
54.735,3.453993
54.74,3.453994
54.745,3.453997
54.75,3.453999
54.755,3.454001
54.76,3.454027
54.765,3.45411
54.77,3.45423
54.775,3.454352
54.78,3.454449
54.785,3.45451
54.79,3.454537
54.795,3.454544
54.8,3.454584
54.805,3.454673
54.81,3.454787
54.815,3.454893
54.82,3.454973
54.825,3.455019
54.83,3.455036
54.835,3.455034
54.84,3.455024
54.845,3.455047
54.85,3.45513
54.855,3.455249
54.86,3.455367
54.865,3.455459
54.87,3.455515
54.875,3.455538
54.88,3.455538
54.885,3.455527
54.89,3.455513
54.895,3.455501
54.9,3.455495
54.905,3.455493
54.91,3.455494
54.915,3.455496
54.92,3.455524
54.925,3.455608
54.93,3.45573
54.935,3.455852
54.94,3.45595
54.945,3.456011
54.95,3.456037
54.955,3.456039
54.96,3.456029
54.965,3.456014
54.97,3.456002
54.975,3.455995
54.98,3.455993
54.985,3.455993
54.99,3.455996
54.995,3.455998
55,3.456
55.005,3.456001
55.01,3.456001
55.015,3.456001
55.02,3.456001
55.025,3.456
55.03,3.456
55.035,3.456
55.04,3.456
55.045,3.456
55.05,3.456
55.055,3.456
55.06,3.456
55.065,3.456
55.07,3.456
55.075,3.456
55.08,3.456
55.085,3.456
55.09,3.456
55.095,3.456
55.1,3.456
55.105,3.456
55.11,3.456
55.115,3.456
55.12,3.456
55.125,3.456
55.13,3.456
55.135,3.456
55.14,3.456
55.145,3.456
55.15,3.456
55.155,3.456
55.16,3.456
55.165,3.456
55.17,3.456
55.175,3.456
55.18,3.456
55.185,3.456
55.19,3.456
55.195,3.456
55.2,3.456
55.205,3.456
55.21,3.456
55.215,3.456
55.22,3.456
55.225,3.456
55.23,3.456
55.235,3.456
55.24,3.456
55.245,3.456
55.25,3.456
55.255,3.456
55.26,3.456
55.265,3.456
55.27,3.456
55.275,3.456
55.28,3.456
55.285,3.456
55.29,3.456
55.295,3.456
55.3,3.456
55.305,3.456
55.31,3.456
55.315,3.456
55.32,3.456
55.325,3.456
55.33,3.456
55.335,3.456
55.34,3.456
55.345,3.456
55.35,3.456
55.355,3.456
55.36,3.456
55.365,3.456019
55.37,3.456094
55.375,3.456211
55.38,3.456335
55.385,3.456437
55.39,3.456504
55.395,3.456535
55.4,3.456541
55.405,3.456559
55.41,3.456629
55.415,3.456738
55.42,3.456852
55.425,3.456945
55.43,3.457005
55.435,3.457033
55.44,3.457037
55.445,3.457028
55.45,3.457015
55.455,3.457003
55.46,3.456996
55.465,3.457017
55.47,3.457098
55.475,3.457219
55.48,3.457345
55.485,3.457445
55.49,3.457509
55.495,3.457538
55.5,3.457541
55.505,3.45753
55.51,3.457515
55.515,3.457503
55.52,3.457503
55.525,3.457558
55.53,3.457667
55.535,3.457794
55.54,3.457908
55.545,3.457988
55.55,3.45803
55.555,3.458042
55.56,3.458035
55.565,3.458021
55.57,3.458007
55.575,3.457998
55.58,3.457993
55.585,3.457993
55.59,3.457994
55.595,3.457997
55.6,3.457999
55.605,3.458001
55.61,3.458001
55.615,3.458001
55.62,3.458001
55.625,3.458
55.63,3.458
55.635,3.458
55.64,3.458
55.645,3.458
55.65,3.458
55.655,3.458
55.66,3.458
55.665,3.458
55.67,3.458
55.675,3.458
55.68,3.458
55.685,3.458
55.69,3.458
55.695,3.458
55.7,3.458
55.705,3.457996
55.71,3.457951
55.715,3.457851
55.72,3.457726
55.725,3.45761
55.73,3.457525
55.735,3.457475
55.74,3.457423
55.745,3.457335
55.75,3.457225
55.755,3.457117
55.76,3.456993
55.765,3.456847
55.77,3.456702
55.775,3.456584
55.78,3.456506
55.785,3.456468
55.79,3.456448
55.795,3.456393
55.8,3.456296
55.805,3.456184
55.81,3.456084
55.815,3.456014
55.82,3.455976
55.825,3.455965
55.83,3.455969
55.835,3.455981
55.84,3.455993
55.845,3.456002
55.85,3.456006
55.855,3.456006
55.86,3.455999
55.865,3.455944
55.87,3.455837
55.875,3.45571
55.88,3.455597
55.885,3.455516
55.89,3.455472
55.895,3.455459
55.9,3.455465
55.905,3.455478
55.91,3.455492
55.915,3.455502
55.92,3.455507
55.925,3.455507
55.93,3.455506
55.935,3.455503
55.94,3.455501
55.945,3.4555
55.95,3.455499
55.955,3.455499
55.96,3.455499
55.965,3.4555
55.97,3.4555
55.975,3.4555
55.98,3.4555
55.985,3.4555
55.99,3.4555
55.995,3.4555
56,3.4555
56.005,3.4555
56.01,3.4555
56.015,3.4555
56.02,3.4555
56.025,3.4555
56.03,3.4555
56.035,3.4555
56.04,3.4555
56.045,3.4555
56.05,3.4555
56.055,3.4555
56.06,3.4555
56.065,3.4555
56.07,3.4555
56.075,3.4555
56.08,3.4555
56.085,3.4555
56.09,3.4555
56.095,3.4555
56.1,3.4555
56.105,3.4555
56.11,3.4555
56.115,3.4555
56.12,3.4555
56.125,3.4555
56.13,3.4555
56.135,3.4555
56.14,3.4555
56.145,3.4555
56.15,3.4555
56.155,3.4555
56.16,3.4555
56.165,3.4555
56.17,3.4555
56.175,3.4555
56.18,3.4555
56.185,3.4555
56.19,3.4555
56.195,3.4555
56.2,3.4555
56.205,3.4555
56.21,3.4555
56.215,3.4555
56.22,3.4555
56.225,3.4555
56.23,3.4555
56.235,3.4555
56.24,3.4555
56.245,3.4555
56.25,3.455505
56.255,3.455555
56.26,3.455659
56.265,3.455784
56.27,3.455898
56.275,3.45598
56.28,3.456026
56.285,3.45604
56.29,3.456036
56.295,3.456035
56.3,3.456087
56.305,3.456189
56.31,3.45631
56.315,3.456416
56.32,3.45649
56.325,3.456529
56.33,3.45656
56.335,3.456631
56.34,3.456736
56.345,3.456846
56.35,3.456938
56.355,3.456999
56.36,3.457029
56.365,3.457035
56.37,3.457033
56.375,3.457074
56.38,3.457168
56.385,3.457286
56.39,3.457396
56.395,3.457477
56.4,3.457523
56.405,3.457538
56.41,3.457535
56.415,3.457523
56.42,3.457509
56.425,3.457499
56.43,3.457494
56.435,3.457493
56.44,3.457494
56.445,3.457497
56.45,3.457499
56.455,3.4575
56.46,3.457501
56.465,3.457529
56.47,3.457614
56.475,3.457734
56.48,3.457856
56.485,3.457952
56.49,3.458012
56.495,3.458037
56.5,3.458039
56.505,3.458028
56.51,3.458014
56.515,3.458002
56.52,3.457995
56.525,3.457993
56.53,3.457993
56.535,3.457996
56.54,3.457998
56.545,3.458
56.55,3.458001
56.555,3.458001
56.56,3.458001
56.565,3.458001
56.57,3.458
56.575,3.458
56.58,3.458
56.585,3.458
56.59,3.458
56.595,3.458
56.6,3.458
56.605,3.458
56.61,3.458
56.615,3.458
56.62,3.458
56.625,3.458
56.63,3.458
56.635,3.458
56.64,3.458
56.645,3.458
56.65,3.458
56.655,3.458
56.66,3.458
56.665,3.458
56.67,3.458
56.675,3.458
56.68,3.458
56.685,3.458
56.69,3.458
56.695,3.458
56.7,3.458
56.705,3.458
56.71,3.458
56.715,3.458
56.72,3.458
56.725,3.458
56.73,3.458
56.735,3.458
56.74,3.458
56.745,3.458
56.75,3.458
56.755,3.458
56.76,3.458
56.765,3.458
56.77,3.458
56.775,3.458
56.78,3.458
56.785,3.458
56.79,3.458
56.795,3.458
56.8,3.458
56.805,3.458
56.81,3.458
56.815,3.458
56.82,3.458
56.825,3.458
56.83,3.458
56.835,3.458
56.84,3.458
56.845,3.458
56.85,3.458
56.855,3.458
56.86,3.458
56.865,3.458
56.87,3.458
56.875,3.458
56.88,3.458
56.885,3.458
56.89,3.458
56.895,3.458
56.9,3.458
56.905,3.458
56.91,3.458
56.915,3.458
56.92,3.458
56.925,3.458
56.93,3.458
56.935,3.458
56.94,3.458
56.945,3.458
56.95,3.458
56.955,3.458
56.96,3.458
56.965,3.458
56.97,3.458
56.975,3.458
56.98,3.458
56.985,3.458
56.99,3.458
56.995,3.458
57,3.458
57.005,3.458
57.01,3.458
57.015,3.458
57.02,3.458
57.025,3.458
57.03,3.458
57.035,3.458
57.04,3.458
57.045,3.458
57.05,3.458
57.055,3.458
57.06,3.458
57.065,3.458
57.07,3.458
57.075,3.458
57.08,3.458
57.085,3.458
57.09,3.458
57.095,3.458
57.1,3.458
57.105,3.458
57.11,3.458
57.115,3.458
57.12,3.458
57.125,3.458
57.13,3.458
57.135,3.458
57.14,3.458
57.145,3.458
57.15,3.458
57.155,3.458
57.16,3.458
57.165,3.458
57.17,3.458
57.175,3.458
57.18,3.458
57.185,3.458
57.19,3.458
57.195,3.458
57.2,3.458
57.205,3.458
57.21,3.458
57.215,3.458
57.22,3.458
57.225,3.458
57.23,3.458
57.235,3.458
57.24,3.458
57.245,3.458
57.25,3.458
57.255,3.458
57.26,3.458
57.265,3.458
57.27,3.458
57.275,3.458
57.28,3.458
57.285,3.458001
57.29,3.45803
57.295,3.458117
57.3,3.458239
57.305,3.45836
57.31,3.458456
57.315,3.458544
57.32,3.458655
57.325,3.458778
57.33,3.458888
57.335,3.458968
57.34,3.459015
57.345,3.45905
57.35,3.459121
57.355,3.459227
57.36,3.459339
57.365,3.459434
57.37,3.459497
57.375,3.459528
57.38,3.459539
57.385,3.459579
57.39,3.459667
57.395,3.459781
57.4,3.459889
57.405,3.45997
57.41,3.460018
57.415,3.460036
57.42,3.460034
57.425,3.460023
57.43,3.46001
57.435,3.46
57.44,3.459995
57.445,3.460017
57.45,3.460099
57.455,3.46022
57.46,3.460345
57.465,3.460446
57.47,3.460509
57.475,3.460538
57.48,3.460541
57.485,3.46053
57.49,3.460515
57.495,3.460503
57.5,3.460495
57.505,3.460493
57.51,3.460493
57.515,3.460495
57.52,3.460498
57.525,3.4605
57.53,3.460501
57.535,3.460501
57.54,3.460501
57.545,3.460501
57.55,3.4605
57.555,3.4605
57.56,3.4605
57.565,3.4605
57.57,3.4605
57.575,3.4605
57.58,3.4605
57.585,3.4605
57.59,3.4605
57.595,3.4605
57.6,3.4605
57.605,3.4605
57.61,3.4605
57.615,3.4605
57.62,3.4605
57.625,3.4605
57.63,3.4605
57.635,3.4605
57.64,3.4605
57.645,3.4605
57.65,3.460485
57.655,3.460416
57.66,3.460302
57.665,3.460177
57.67,3.460068
57.675,3.459951
57.68,3.459815
57.685,3.459683
57.69,3.459576
57.695,3.459501
57.7,3.459416
57.705,3.459304
57.71,3.459183
57.715,3.459038
57.72,3.458868
57.725,3.458706
57.73,3.458578
57.735,3.458497
57.74,3.45846
57.745,3.458454
57.75,3.458465
57.755,3.458482
57.76,3.458496
57.765,3.458505
57.77,3.458509
57.775,3.458508
57.78,3.458506
57.785,3.458503
57.79,3.4585
57.795,3.458499
57.8,3.458499
57.805,3.458499
57.81,3.458499
57.815,3.4585
57.82,3.4585
57.825,3.4585
57.83,3.4585
57.835,3.458499
57.84,3.458464
57.845,3.458372
57.85,3.458248
57.855,3.458129
57.86,3.458037
57.865,3.457983
57.87,3.457961
57.875,3.457962
57.88,3.457974
57.885,3.457988
57.89,3.457999
57.895,3.458006
57.9,3.458007
57.905,3.458006
57.91,3.458004
57.915,3.458002
57.92,3.458
57.925,3.457999
57.93,3.457999
57.935,3.457999
57.94,3.457999
57.945,3.458
57.95,3.458
57.955,3.458
57.96,3.458
57.965,3.458
57.97,3.458
57.975,3.458
57.98,3.458
57.985,3.458
57.99,3.458
57.995,3.458
58,3.458
58.005,3.458
58.01,3.458
58.015,3.458
58.02,3.458
58.025,3.458
58.03,3.458
58.035,3.458
58.04,3.458
58.045,3.458
58.05,3.458
58.055,3.458
58.06,3.458
58.065,3.458
58.07,3.458
58.075,3.458
58.08,3.458
58.085,3.458
58.09,3.458
58.095,3.458
58.1,3.458
58.105,3.458
58.11,3.458
58.115,3.458
58.12,3.458
58.125,3.458
58.13,3.458
58.135,3.458
58.14,3.458
58.145,3.458
58.15,3.458
58.155,3.458
58.16,3.458
58.165,3.458
58.17,3.458
58.175,3.458
58.18,3.458
58.185,3.458023
58.19,3.458102
58.195,3.458221
58.2,3.458345
58.205,3.45847
58.21,3.458616
58.215,3.458765
58.22,3.458891
58.225,3.458978
58.23,3.459025
58.235,3.459045
58.24,3.45909
58.245,3.45918
58.25,3.459292
58.255,3.459396
58.26,3.459473
58.265,3.459518
58.27,3.459535
58.275,3.459533
58.28,3.459536
58.285,3.459593
58.29,3.459698
58.295,3.459818
58.3,3.459922
58.305,3.459993
58.31,3.46003
58.315,3.460039
58.32,3.460032
58.325,3.460019
58.33,3.460006
58.335,3.459997
58.34,3.459993
58.345,3.459993
58.35,3.459995
58.355,3.459997
58.36,3.459999
58.365,3.460001
58.37,3.460001
58.375,3.460001
58.38,3.460001
58.385,3.460002
58.39,3.460037
58.395,3.460128
58.4,3.460251
58.405,3.460371
58.41,3.460462
58.415,3.460517
58.42,3.460539
58.425,3.460538
58.43,3.460526
58.435,3.460512
58.44,3.460501
58.445,3.460495
58.45,3.460493
58.455,3.460494
58.46,3.460496
58.465,3.460498
58.47,3.4605
58.475,3.460501
58.48,3.460501
58.485,3.460501
58.49,3.460501
58.495,3.4605
58.5,3.4605
58.505,3.4605
58.51,3.4605
58.515,3.4605
58.52,3.4605
58.525,3.4605
58.53,3.4605
58.535,3.4605
58.54,3.4605
58.545,3.4605
58.55,3.4605
58.555,3.4605
58.56,3.4605
58.565,3.4605
58.57,3.4605
58.575,3.4605
58.58,3.4605
58.585,3.4605
58.59,3.4605
58.595,3.4605
58.6,3.4605
58.605,3.4605
58.61,3.4605
58.615,3.4605
58.62,3.4605
58.625,3.4605
58.63,3.4605
58.635,3.4605
58.64,3.4605
58.645,3.4605
58.65,3.4605
58.655,3.4605
58.66,3.4605
58.665,3.4605
58.67,3.4605
58.675,3.4605
58.68,3.4605
58.685,3.4605
58.69,3.4605
58.695,3.4605
58.7,3.4605
58.705,3.4605
58.71,3.4605
58.715,3.4605
58.72,3.4605
58.725,3.4605
58.73,3.4605
58.735,3.4605
58.74,3.4605
58.745,3.4605
58.75,3.460479
58.755,3.460402
58.76,3.460284
58.765,3.46016
58.77,3.460059
58.775,3.459994
58.78,3.459964
58.785,3.45996
58.79,3.45997
58.795,3.459984
58.8,3.459997
58.805,3.460004
58.81,3.460007
58.815,3.460007
58.82,3.460005
58.825,3.460002
58.83,3.46
58.835,3.459999
58.84,3.459999
58.845,3.459999
58.85,3.459999
58.855,3.46
58.86,3.46
58.865,3.459985
58.87,3.459914
58.875,3.459799
58.88,3.459674
58.885,3.45957
58.89,3.4595
58.895,3.459466
58.9,3.459459
58.905,3.459468
58.91,3.459482
58.915,3.459495
58.92,3.459504
58.925,3.459507
58.93,3.459507
58.935,3.459505
58.94,3.459502
58.945,3.4595
58.95,3.459499
58.955,3.459499
58.96,3.459499
58.965,3.459499
58.97,3.4595
58.975,3.4595
58.98,3.4595
58.985,3.4595
58.99,3.4595
58.995,3.4595
59,3.4595
59.005,3.4595
59.01,3.4595
59.015,3.4595
59.02,3.4595
59.025,3.4595
59.03,3.459501
59.035,3.459527
59.04,3.459606
59.045,3.459724
59.05,3.459845
59.055,3.459943
59.06,3.460006
59.065,3.460035
59.07,3.460039
59.075,3.460029
59.08,3.460015
59.085,3.460003
59.09,3.459996
59.095,3.459993
59.1,3.459993
59.105,3.459996
59.11,3.459998
59.115,3.46
59.12,3.460001
59.125,3.460001
59.13,3.460001
59.135,3.460001
59.14,3.46
59.145,3.46
59.15,3.46
59.155,3.46
59.16,3.46
59.165,3.46
59.17,3.46
59.175,3.46
59.18,3.46
59.185,3.460002
59.19,3.460042
59.195,3.460137
59.2,3.460262
59.205,3.46038
59.21,3.460468
59.215,3.46052
59.22,3.46054
59.225,3.460538
59.23,3.460525
59.235,3.460511
59.24,3.4605
59.245,3.460494
59.25,3.460493
59.255,3.460494
59.26,3.460496
59.265,3.460499
59.27,3.4605
59.275,3.460501
59.28,3.460501
59.285,3.460501
59.29,3.460527
59.295,3.460611
59.3,3.460731
59.305,3.460853
59.31,3.460952
59.315,3.46105
59.32,3.46117
59.325,3.461296
59.33,3.461404
59.335,3.46148
59.34,3.461546
59.345,3.461641
59.35,3.461757
59.355,3.461868
59.36,3.461954
59.365,3.462008
59.37,3.462031
59.375,3.462048
59.38,3.462108
59.385,3.46221
59.39,3.462325
59.395,3.462424
59.4,3.462492
59.405,3.462528
59.41,3.462537
59.415,3.46253
59.42,3.462537
59.425,3.462602
59.43,3.462711
59.435,3.462831
59.44,3.462932
59.445,3.463
59.45,3.463033
59.455,3.463039
59.46,3.463033
59.465,3.463056
59.47,3.463138
59.475,3.463253
59.48,3.463369
59.485,3.463459
59.49,3.463514
59.495,3.463537
59.5,3.463537
59.505,3.463526
59.51,3.463513
59.515,3.463501
59.52,3.463495
59.525,3.463493
59.53,3.463494
59.535,3.463496
59.54,3.463498
59.545,3.4635
59.55,3.463501
59.555,3.463501
59.56,3.463501
59.565,3.463501
59.57,3.4635
59.575,3.4635
59.58,3.4635
59.585,3.463485
59.59,3.463416
59.595,3.463302
59.6,3.463177
59.605,3.463072
59.61,3.463001
59.615,3.462959
59.62,3.462894
59.625,3.462795
59.63,3.462683
59.635,3.462584
59.64,3.462478
59.645,3.462348
59.65,3.462203
59.655,3.462027
59.66,3.461837
59.665,3.461669
59.67,3.461547
59.675,3.461476
59.68,3.46145
59.685,3.461452
59.69,3.461462
59.695,3.461428
59.7,3.461337
59.705,3.461219
59.71,3.461108
59.715,3.461022
59.72,3.460932
59.725,3.460817
59.73,3.460695
59.735,3.460579
59.74,3.460442
59.745,3.46029
59.75,3.460152
59.755,3.460049
59.76,3.459987
59.765,3.459947
59.77,3.459877
59.775,3.459774
59.78,3.459664
59.785,3.459571
59.79,3.459507
59.795,3.459474
59.8,3.459466
59.805,3.459472
59.81,3.459484
59.815,3.459495
59.82,3.459502
59.825,3.459506
59.83,3.459506
59.835,3.459504
59.84,3.459502
59.845,3.459501
59.85,3.459499
59.855,3.459499
59.86,3.459499
59.865,3.459499
59.87,3.4595
59.875,3.4595
59.88,3.4595
59.885,3.4595
59.89,3.4595
59.895,3.4595
59.9,3.4595
59.905,3.4595
59.91,3.4595
59.915,3.4595
59.92,3.4595
59.925,3.4595
59.93,3.4595
59.935,3.4595
59.94,3.459525
59.945,3.459606
59.95,3.459726
59.955,3.459851
59.96,3.459992
59.965,3.460151
59.97,3.460307
59.975,3.460471
59.98,3.460647
59.985,3.460833
59.99,3.461037
59.995,3.461232
60,3.461389
60.005,3.461491
60.01,3.461541
60.015,3.461574
60.02,3.461642
60.025,3.461742
60.03,3.461848
60.035,3.461937
60.04,3.461997
60.045,3.462031
60.05,3.462089
60.055,3.462185
60.06,3.462299
60.065,3.462402
60.07,3.462478
60.075,3.46252
60.08,3.462535
60.085,3.462532
60.09,3.46252
60.095,3.462508
60.1,3.46251
60.105,3.462567
60.11,3.462677
60.115,3.462804
60.12,3.462915
60.125,3.462991
60.13,3.463031
60.135,3.463042
60.14,3.463034
60.145,3.46302
60.15,3.463007
60.155,3.462997
60.16,3.462993
60.165,3.462993
60.17,3.462995
60.175,3.462997
60.18,3.462999
60.185,3.463001
60.19,3.463001
60.195,3.463001
60.2,3.463001
60.205,3.463
60.21,3.463
60.215,3.463
60.22,3.463
60.225,3.463
60.23,3.463
60.235,3.463
60.24,3.463
60.245,3.463
60.25,3.463
60.255,3.463
60.26,3.463
60.265,3.463
60.27,3.463
60.275,3.463
60.28,3.463
60.285,3.463
60.29,3.463
60.295,3.463
60.3,3.463
60.305,3.463
60.31,3.463
60.315,3.463
60.32,3.463
60.325,3.463
60.33,3.463
60.335,3.463
60.34,3.463
60.345,3.463
60.35,3.463
60.355,3.462998
60.36,3.462961
60.365,3.462867
60.37,3.462743
60.375,3.462625
60.38,3.462532
60.385,3.462437
60.39,3.462319
60.395,3.462195
60.4,3.46209
60.405,3.462017
60.41,3.461978
60.415,3.461966
60.42,3.46197
60.425,3.461966
60.43,3.461906
60.435,3.461798
60.44,3.461678
60.445,3.461574
60.45,3.461504
60.455,3.461469
60.46,3.46146
60.465,3.461468
60.47,3.461482
60.475,3.461494
60.48,3.461503
60.485,3.461507
60.49,3.461507
60.495,3.461505
60.5,3.461503
60.505,3.461501
60.51,3.461499
60.515,3.461499
60.52,3.461499
60.525,3.461499
60.53,3.4615
60.535,3.4615
60.54,3.4615
60.545,3.4615
60.55,3.4615
60.555,3.4615
60.56,3.4615
60.565,3.4615
60.57,3.4615
60.575,3.4615
60.58,3.4615
60.585,3.4615
60.59,3.4615
60.595,3.4615
60.6,3.4615
60.605,3.4615
60.61,3.4615
60.615,3.4615
60.62,3.4615
60.625,3.4615
60.63,3.4615
60.635,3.4615
60.64,3.4615
60.645,3.4615
60.65,3.4615
60.655,3.4615
60.66,3.4615
60.665,3.4615
60.67,3.4615
60.675,3.4615
60.68,3.4615
60.685,3.4615
60.69,3.4615
60.695,3.4615
60.7,3.4615
60.705,3.4615
60.71,3.4615
60.715,3.4615
60.72,3.4615
60.725,3.4615
60.73,3.4615
60.735,3.4615
60.74,3.4615
60.745,3.4615
60.75,3.4615
60.755,3.4615
60.76,3.4615
60.765,3.4615
60.77,3.4615
60.775,3.4615
60.78,3.4615
60.785,3.4615
60.79,3.4615
60.795,3.4615
60.8,3.461
60.805,3.461
60.81,3.461
60.815,3.461
60.82,3.461
60.825,3.461
60.83,3.461
60.835,3.461
60.84,3.461
60.845,3.461
60.85,3.461
60.855,3.461
60.86,3.461
60.865,3.461
60.87,3.461
60.875,3.461
60.88,3.461
60.885,3.461
60.89,3.461
60.895,3.461
60.9,3.461
60.905,3.461
60.91,3.461
60.915,3.461
60.92,3.461
60.925,3.461
60.93,3.461
60.935,3.461
60.94,3.461
60.945,3.461
60.95,3.461
60.955,3.461
60.96,3.461
60.965,3.461
60.97,3.461
60.975,3.461
60.98,3.461
60.985,3.461
60.99,3.461
60.995,3.461
61,3.461
61.005,3.461
61.01,3.461
61.015,3.461
61.02,3.461
61.025,3.461
61.03,3.461
61.035,3.461
61.04,3.461
61.045,3.461
61.05,3.461
61.055,3.461
61.06,3.461
61.065,3.461
61.07,3.461
61.075,3.461
61.08,3.461
61.085,3.461
61.09,3.461
61.095,3.461
61.1,3.461
61.105,3.461
61.11,3.461
61.115,3.461
61.12,3.461
61.125,3.461
61.13,3.461
61.135,3.461
61.14,3.461
61.145,3.461
61.15,3.461
61.155,3.461
61.16,3.461
61.165,3.461
61.17,3.461
61.175,3.461
61.18,3.461
61.185,3.461
61.19,3.461
61.195,3.461