Time (s),Position (mm)
0,4.61E-12
0.005,4.61E-12
0.01,4.61E-12
0.015,4.61E-12
0.02,4.61E-12
0.025,4.61E-12
0.03,4.61E-12
0.035,4.61E-12
0.04,4.61E-12
0.045,4.61E-12
0.05,4.61E-12
0.055,4.61E-12
0.06,4.61E-12
0.065,4.61E-12
0.07,4.61E-12
0.075,4.61E-12
0.08,4.61E-12
0.085,4.61E-12
0.09,4.61E-12
0.095,4.61E-12
0.1,4.61E-12
0.105,4.61E-12
0.11,4.61E-12
0.115,4.61E-12
0.12,4.61E-12
0.125,4.61E-12
0.13,4.61E-12
0.135,4.61E-12
0.14,4.61E-12
0.145,4.61E-12
0.15,4.61E-12
0.155,4.61E-12
0.16,4.61E-12
0.165,4.61E-12
0.17,4.61E-12
0.175,4.61E-12
0.18,4.61E-12
0.185,4.61E-12
0.19,2.36E-07
0.195,6.90E-05
0.2,0.000777
0.205,0.003337
0.21,0.009056
0.215,0.018905
0.22,0.033285
0.225,0.051876
0.23,0.073863
0.235,0.09823
0.24,0.12393
0.245,0.150087
0.25,0.176173
0.255,0.201937
0.26,0.227342
0.265,0.252489
0.27,0.277422
0.275,0.302304
0.28,0.327285
0.285,0.352306
0.29,0.377399
0.295,0.402537
0.3,0.427601
0.305,0.452647
0.31,0.477839
0.315,0.503101
0.32,0.528242
0.325,0.553271
0.33,0.578206
0.335,0.603083
0.34,0.628022
0.345,0.653028
0.35,0.678052
0.355,0.703074
0.36,0.72803
0.365,0.752977
0.37,0.778041
0.375,0.80316
0.38,0.828198
0.385,0.853184
0.39,0.878176
0.395,0.903299
0.4,0.928523
0.405,0.953709
0.41,0.978737
0.415,1.003654
0.42,1.028529
0.425,1.053384
0.43,1.078261
0.435,1.103131
0.44,1.128063
0.445,1.153076
0.45,1.178101
0.455,1.203102
0.46,1.228074
0.465,1.253056
0.47,1.278152
0.475,1.303356
0.48,1.328578
0.485,1.353798
0.49,1.378866
0.495,1.40373
0.5,1.428537
0.505,1.453369
0.51,1.478257
0.515,1.503311
0.52,1.528496
0.525,1.553708
0.53,1.578864
0.535,1.603827
0.54,1.62864
0.545,1.653536
0.55,1.678487
0.555,1.70342
0.56,1.728439
0.565,1.75354
0.57,1.778585
0.575,1.803562
0.58,1.828563
0.585,1.853619
0.59,1.8787
0.595,1.903733
0.6,1.928707
0.605,1.953687
0.61,1.978684
0.615,2.003659
0.62,2.02857
0.625,2.053045
0.63,2.076399
0.635,2.098018
0.64,2.117479
0.645,2.134484
0.65,2.148851
0.655,2.160554
0.66,2.169679
0.665,2.176459
0.67,2.181378
0.675,2.185106
0.68,2.188364
0.685,2.191692
0.69,2.195303
0.695,2.19916
0.7,2.20316
0.705,2.207157
0.71,2.211016
0.715,2.214747
0.72,2.218399
0.725,2.221976
0.73,2.225507
0.735,2.229024
0.74,2.232514
0.745,2.235953
0.75,2.239328
0.755,2.242633
0.76,2.245876
0.765,2.2491
0.77,2.252316
0.775,2.255508
0.78,2.258672
0.785,2.261831
0.79,2.265022
0.795,2.268254
0.8,2.271524
0.805,2.274822
0.81,2.278111
0.815,2.28136
0.82,2.284558
0.825,2.287706
0.83,2.290773
0.835,2.293779
0.84,2.2969
0.845,2.300421
0.85,2.304479
0.855,2.309038
0.86,2.313992
0.865,2.31919
0.87,2.32448
0.875,2.32975
0.88,2.33495
0.885,2.340124
0.89,2.345325
0.895,2.350501
0.9,2.355612
0.905,2.360648
0.91,2.36559
0.915,2.370394
0.92,2.375125
0.925,2.379893
0.93,2.384697
0.935,2.389476
0.94,2.394183
0.945,2.398829
0.95,2.403431
0.955,2.407971
0.96,2.412408
0.965,2.416767
0.97,2.421163
0.975,2.425646
0.98,2.430169
0.985,2.434635
0.99,2.439014
0.995,2.443373
1,2.447764
1.005,2.452212
1.01,2.456718
1.015,2.461258
1.02,2.465762
1.025,2.470162
1.03,2.474424
1.035,2.478531
1.04,2.482475
1.045,2.486313
1.05,2.490133
1.055,2.493946
1.06,2.497734
1.065,2.501485
1.07,2.505201
1.075,2.508896
1.08,2.512562
1.085,2.516209
1.09,2.519856
1.095,2.523539
1.1,2.527283
1.105,2.531077
1.11,2.534868
1.115,2.538609
1.12,2.542269
1.125,2.545819
1.13,2.54931
1.135,2.552815
1.14,2.556337
1.145,2.559897
1.15,2.56352
1.155,2.567253
1.16,2.571133
1.165,2.575123
1.17,2.579137
1.175,2.583103
1.18,2.586934
1.185,2.590527
1.19,2.59383
1.195,2.59686
1.2,2.599739
1.205,2.60261
1.21,2.60557
1.215,2.608642
1.22,2.611799
1.225,2.614973
1.23,2.618054
1.235,2.620931
1.24,2.623601
1.245,2.626124
1.25,2.62857
1.255,2.631001
1.26,2.63346
1.265,2.635953
1.27,2.638507
1.275,2.641174
1.28,2.643914
1.285,2.646633
1.29,2.649294
1.295,2.651894
1.3,2.654437
1.305,2.656953
1.31,2.659455
1.315,2.661942
1.32,2.664405
1.325,2.66685
1.33,2.669281
1.335,2.671686
1.34,2.674038
1.345,2.676325
1.35,2.678577
1.355,2.680867
1.36,2.683255
1.365,2.685698
1.37,2.688075
1.375,2.690359
1.38,2.69261
1.385,2.69487
1.39,2.697163
1.395,2.699504
1.4,2.701888
1.405,2.704289
1.41,2.706664
1.415,2.709035
1.42,2.711502
1.425,2.714091
1.43,2.716733
1.435,2.719344
1.44,2.721882
1.445,2.724308
1.45,2.726615
1.455,2.728838
1.46,2.731033
1.465,2.733234
1.47,2.735456
1.475,2.737705
1.48,2.739972
1.485,2.742232
1.49,2.744475
1.495,2.746702
1.5,2.748914
1.505,2.751108
1.51,2.753286
1.515,2.755456
1.52,2.757616
1.525,2.759734
1.53,2.761795
1.535,2.763795
1.54,2.765733
1.545,2.767628
1.55,2.7695
1.555,2.771353
1.56,2.773196
1.565,2.775045
1.57,2.776901
1.575,2.778746
1.58,2.78057
1.585,2.782385
1.59,2.784237
1.595,2.786141
1.6,2.788088
1.605,2.790075
1.61,2.792094
1.615,2.794118
1.62,2.7961
1.625,2.797993
1.63,2.799769
1.635,2.801435
1.64,2.803026
1.645,2.804588
1.65,2.806147
1.655,2.807716
1.66,2.8093
1.665,2.810907
1.67,2.812538
1.675,2.814171
1.68,2.815791
1.685,2.817411
1.69,2.819053
1.695,2.820726
1.7,2.822446
1.705,2.824233
1.71,2.826065
1.715,2.827877
1.72,2.829625
1.725,2.831295
1.73,2.832868
1.735,2.834331
1.74,2.835751
1.745,2.837207
1.75,2.83873
1.755,2.840317
1.76,2.841957
1.765,2.843614
1.77,2.845257
1.775,2.846888
1.78,2.848522
1.785,2.850165
1.79,2.851804
1.795,2.853413
1.8,2.854985
1.805,2.856541
1.81,2.858097
1.815,2.85966
1.82,2.861232
1.825,2.86283
1.83,2.864449
1.835,2.866061
1.84,2.867643
1.845,2.869172
1.85,2.870635
1.855,2.87203
1.86,2.87337
1.865,2.874683
1.87,2.876005
1.875,2.877363
1.88,2.878752
1.885,2.880148
1.89,2.881519
1.895,2.882849
1.9,2.884134
1.905,2.885383
1.91,2.886599
1.915,2.887778
1.92,2.888936
1.925,2.890101
1.93,2.8913
1.935,2.892542
1.94,2.893816
1.945,2.895095
1.95,2.896358
1.955,2.897611
1.96,2.898869
1.965,2.900136
1.97,2.90141
1.975,2.902686
1.98,2.903971
1.985,2.905291
1.99,2.906675
1.995,2.908103
2,2.909537
2.005,2.910945
2.01,2.912312
2.015,2.91363
2.02,2.914899
2.025,2.916137
2.03,2.917365
2.035,2.918597
2.04,2.919824
2.045,2.92104
2.05,2.922243
2.055,2.923447
2.06,2.924691
2.065,2.925984
2.07,2.927298
2.075,2.928606
2.08,2.929882
2.085,2.931111
2.09,2.932292
2.095,2.933434
2.1,2.934546
2.105,2.935625
2.11,2.936651
2.115,2.937636
2.12,2.938631
2.125,2.939663
2.13,2.940721
2.135,2.941794
2.14,2.942899
2.145,2.944083
2.15,2.945337
2.155,2.946587
2.16,2.947771
2.165,2.948855
2.17,2.949857
2.175,2.950835
2.18,2.951834
2.185,2.952863
2.19,2.95391
2.195,2.954954
2.2,2.955989
2.205,2.957023
2.21,2.958058
2.215,2.959094
2.22,2.960119
2.225,2.961135
2.23,2.96214
2.235,2.963135
2.24,2.964121
2.245,2.965108
2.25,2.966101
2.255,2.967095
2.26,2.968079
2.265,2.969049
2.27,2.970013
2.275,2.970988
2.28,2.97199
2.285,2.97301
2.29,2.974042
2.295,2.975072
2.3,2.976085
2.305,2.977071
2.31,2.978035
2.315,2.979001
2.32,2.979982
2.325,2.980972
2.33,2.981956
2.335,2.982901
2.34,2.983772
2.345,2.984572
2.35,2.985355
2.355,2.986173
2.36,2.987048
2.365,2.987979
2.37,2.988959
2.375,2.989969
2.38,2.990976
2.385,2.991958
2.39,2.992915
2.395,2.993849
2.4,2.994766
2.405,2.995669
2.41,2.996569
2.415,2.997485
2.42,2.998427
2.425,2.999378
2.43,3.000321
2.435,3.001246
2.44,3.002142
2.445,3.003001
2.45,3.00383
2.455,3.004649
2.46,3.00549
2.465,3.006374
2.47,3.007296
2.475,3.008228
2.48,3.009151
2.485,3.010047
2.49,3.010911
2.495,3.011761
2.5,3.012611
2.505,3.013467
2.51,3.014343
2.515,3.015266
2.52,3.016278
2.525,3.017365
2.53,3.018442
2.535,3.019445
2.54,3.020353
2.545,3.021169
2.55,3.021917
2.555,3.022622
2.56,3.023303
2.565,3.02396
2.57,3.024581
2.575,3.025176
2.58,3.025779
2.585,3.02643
2.59,3.027148
2.595,3.027925
2.6,3.028733
2.605,3.02955
2.61,3.030367
2.615,3.031191
2.62,3.032024
2.625,3.032862
2.63,3.033701
2.635,3.034532
2.64,3.035341
2.645,3.036118
2.65,3.03686
2.655,3.037584
2.66,3.038319
2.665,3.039074
2.67,3.039859
2.675,3.040679
2.68,3.041544
2.685,3.042455
2.69,3.043395
2.695,3.044327
2.7,3.045218
2.705,3.046056
2.71,3.046847
2.715,3.047607
2.72,3.048347
2.725,3.049074
2.73,3.049788
2.735,3.050479
2.74,3.051144
2.745,3.051778
2.75,3.052379
2.755,3.052948
2.76,3.053488
2.765,3.054009
2.77,3.054543
2.775,3.05511
2.78,3.055713
2.785,3.056338
2.79,3.056968
2.795,3.057597
2.8,3.058233
2.805,3.058875
2.81,3.059519
2.815,3.060174
2.82,3.060843
2.825,3.061527
2.83,3.062226
2.835,3.062935
2.84,3.06366
2.845,3.064411
2.85,3.065204
2.855,3.066023
2.86,3.066829
2.865,3.067587
2.87,3.068275
2.875,3.068892
2.88,3.069459
2.885,3.070006
2.89,3.070559
2.895,3.071137
2.9,3.071758
2.905,3.072415
2.91,3.073102
2.915,3.073813
2.92,3.074535
2.925,3.075268
2.93,3.076012
2.935,3.076739
2.94,3.077423
2.945,3.078067
2.95,3.078691
2.955,3.079311
2.96,3.079951
2.965,3.080632
2.97,3.08135
2.975,3.082076
2.98,3.082793
2.985,3.08349
2.99,3.08417
2.995,3.084831
3,3.085493
3.005,3.086173
3.01,3.086875
3.015,3.087608
3.02,3.088376
3.025,3.089157
3.03,3.08992
3.035,3.09064
3.04,3.091303
3.045,3.091912
3.05,3.092479
3.055,3.093021
3.06,3.093552
3.065,3.094084
3.07,3.094624
3.075,3.095174
3.08,3.095734
3.085,3.096297
3.09,3.096861
3.095,3.097421
3.1,3.097977
3.105,3.098534
3.11,3.099086
3.115,3.099627
3.12,3.100146
3.125,3.100642
3.13,3.101115
3.135,3.101567
3.14,3.101984
3.145,3.102382
3.15,3.102786
3.155,3.103219
3.16,3.103691
3.165,3.104204
3.17,3.10475
3.175,3.105314
3.18,3.105882
3.185,3.106441
3.19,3.106985
3.195,3.107517
3.2,3.108044
3.205,3.108567
3.21,3.109085
3.215,3.109596
3.22,3.110105
3.225,3.110619
3.23,3.111145
3.235,3.111689
3.24,3.112239
3.245,3.112789
3.25,3.11334
3.255,3.11389
3.26,3.114437
3.265,3.114972
3.27,3.115499
3.275,3.116021
3.28,3.11654
3.285,3.117065
3.29,3.117602
3.295,3.118145
3.3,3.118686
3.305,3.119217
3.31,3.119735
3.315,3.120248
3.32,3.120764
3.325,3.121286
3.33,3.121818
3.335,3.122362
3.34,3.122912
3.345,3.123458
3.35,3.123996
3.355,3.124529
3.36,3.125058
3.365,3.125578
3.37,3.126092
3.375,3.126603
3.38,3.12711
3.385,3.127612
3.39,3.128113
3.395,3.128617
3.4,3.129126
3.405,3.129642
3.41,3.130163
3.415,3.130685
3.42,3.131202
3.425,3.131708
3.43,3.132203
3.435,3.13269
3.44,3.133175
3.445,3.13366
3.45,3.134162
3.455,3.134678
3.46,3.135195
3.465,3.135697
3.47,3.136184
3.475,3.136663
3.48,3.137137
3.485,3.137618
3.49,3.138136
3.495,3.138733
3.5,3.139401
3.505,3.140089
3.51,3.140741
3.515,3.141327
3.52,3.141844
3.525,3.142306
3.53,3.142736
3.535,3.143161
3.54,3.143599
3.545,3.144056
3.55,3.14453
3.555,3.145009
3.56,3.145482
3.565,3.145946
3.57,3.146412
3.575,3.146875
3.58,3.147331
3.585,3.147783
3.59,3.148227
3.595,3.148661
3.6,3.149086
3.605,3.149511
3.61,3.149937
3.615,3.150351
3.62,3.150746
3.625,3.151093
3.63,3.151396
3.635,3.151664
3.64,3.151924
3.645,3.152204
3.65,3.152521
3.655,3.152883
3.66,3.153285
3.665,3.153716
3.67,3.154163
3.675,3.154613
3.68,3.155059
3.685,3.155499
3.69,3.155922
3.695,3.15633
3.7,3.156727
3.705,3.157122
3.71,3.157522
3.715,3.157936
3.72,3.158368
3.725,3.158809
3.73,3.159246
3.735,3.159676
3.74,3.160105
3.745,3.16053
3.75,3.160958
3.755,3.161381
3.76,3.161798
3.765,3.162213
3.77,3.16263
3.775,3.16305
3.78,3.163482
3.785,3.163939
3.79,3.164442
3.795,3.165003
3.8,3.165606
3.805,3.166222
3.81,3.166813
3.815,3.167357
3.82,3.167845
3.825,3.168288
3.83,3.1687
3.835,3.169097
3.84,3.169495
3.845,3.169902
3.85,3.170323
3.855,3.170756
3.86,3.171193
3.865,3.171627
3.87,3.172047
3.875,3.172454
3.88,3.172849
3.885,3.173234
3.89,3.17361
3.895,3.173981
3.9,3.174354
3.905,3.174729
3.91,3.175097
3.915,3.175451
3.92,3.175796
3.925,3.176125
3.93,3.17644
3.935,3.176712
3.94,3.176951
3.945,3.17717
3.95,3.177391
3.955,3.177637
3.96,3.17792
3.965,3.178242
3.97,3.178594
3.975,3.178963
3.98,3.179337
3.985,3.179712
3.99,3.180083
3.995,3.180453
4,3.180823
4.005,3.181191
4.01,3.181559
4.015,3.181925
4.02,3.182292
4.025,3.182665
4.03,3.183047
4.035,3.183439
4.04,3.183843
4.045,3.18426
4.05,3.184683
4.055,3.185098
4.06,3.185502
4.065,3.185893
4.07,3.186286
4.075,3.186689
4.08,3.1871
4.085,3.187501
4.09,3.187898
4.095,3.188291
4.1,3.188673
4.105,3.189042
4.11,3.189399
4.115,3.189754
4.12,3.190118
4.125,3.190494
4.13,3.19088
4.135,3.191272
4.14,3.19167
4.145,3.192075
4.15,3.192485
4.155,3.192894
4.16,3.1933
4.165,3.193702
4.17,3.194099
4.175,3.194501
4.18,3.194914
4.185,3.195328
4.19,3.195728
4.195,3.196091
4.2,3.196422
4.205,3.196735
4.21,3.197044
4.215,3.197359
4.22,3.197686
4.225,3.198028
4.23,3.198381
4.235,3.198741
4.24,3.199104
4.245,3.199479
4.25,3.199874
4.255,3.200296
4.26,3.200737
4.265,3.201177
4.27,3.201586
4.275,3.201952
4.28,3.202278
4.285,3.202569
4.29,3.202841
4.295,3.203096
4.3,3.203348
4.305,3.203591
4.31,3.203801
4.315,3.203997
4.32,3.204184
4.325,3.20437
4.33,3.204576
4.335,3.20482
4.34,3.205095
4.345,3.205396
4.35,3.205714
4.355,3.206038
4.36,3.206364
4.365,3.206689
4.37,3.207007
4.375,3.207323
4.38,3.207633
4.385,3.207939
4.39,3.208246
4.395,3.208555
4.4,3.20887
4.405,3.209182
4.41,3.20949
4.415,3.209799
4.42,3.210119
4.425,3.21044
4.43,3.210757
4.435,3.211069
4.44,3.211381
4.445,3.21168
4.45,3.21197
4.455,3.212256
4.46,3.212541
4.465,3.212835
4.47,3.213133
4.475,3.213437
4.48,3.213751
4.485,3.214072
4.49,3.214397
4.495,3.21473
4.5,3.215071
4.505,3.215412
4.51,3.215746
4.515,3.216072
4.52,3.216408
4.525,3.216763
4.53,3.217133
4.535,3.217501
4.54,3.21786
4.545,3.218204
4.55,3.218535
4.555,3.218863
4.56,3.219194
4.565,3.219526
4.57,3.219861
4.575,3.220201
4.58,3.220554
4.585,3.220921
4.59,3.221299
4.595,3.221685
4.6,3.222066
4.605,3.222433
4.61,3.222785
4.615,3.223108
4.62,3.223408
4.625,3.223684
4.63,3.223951
4.635,3.224196
4.64,3.224432
4.645,3.224659
4.65,3.224891
4.655,3.22512
4.66,3.225343
4.665,3.225567
4.67,3.22579
4.675,3.226021
4.68,3.226235
4.685,3.226442
4.69,3.226643
4.695,3.226823
4.7,3.227005
4.705,3.227186
4.71,3.227366
4.715,3.227561
4.72,3.227775
4.725,3.228008
4.73,3.228254
4.735,3.228509
4.74,3.228773
4.745,3.229038
4.75,3.229304
4.755,3.229565
4.76,3.229826
4.765,3.230081
4.77,3.230337
4.775,3.230591
4.78,3.230848
4.785,3.231104
4.79,3.231364
4.795,3.231627
4.8,3.2319
4.805,3.232185
4.81,3.232487
4.815,3.232808
4.82,3.233142
4.825,3.233483
4.83,3.233829
4.835,3.234177
4.84,3.234519
4.845,3.234857
4.85,3.23519
4.855,3.235518
4.86,3.235845
4.865,3.236171
4.87,3.236506
4.875,3.236848
4.88,3.237194
4.885,3.23753
4.89,3.237863
4.895,3.23821
4.9,3.238577
4.905,3.238951
4.91,3.239324
4.915,3.239691
4.92,3.240048
4.925,3.240395
4.93,3.240731
4.935,3.24106
4.94,3.241384
4.945,3.241701
4.95,3.242004
4.955,3.242283
4.96,3.242545
4.965,3.242777
4.97,3.243
4.975,3.243205
4.98,3.243397
4.985,3.243593
4.99,3.243771
4.995,3.243924
5,3.244084
5.005,3.244241
5.01,3.244381
5.015,3.244533
5.02,3.244696
5.025,3.244885
5.03,3.245093
5.035,3.245319
5.04,3.245554
5.045,3.245792
5.05,3.246032
5.055,3.246271
5.06,3.246513
5.065,3.24676
5.07,3.247013
5.075,3.247266
5.08,3.24752
5.085,3.247774
5.09,3.248029
5.095,3.248287
5.1,3.248546
5.105,3.248811
5.11,3.249082
5.115,3.249364
5.12,3.249634
5.125,3.249893
5.13,3.250139
5.135,3.250388
5.14,3.250644
5.145,3.250913
5.15,3.251174
5.155,3.251431
5.16,3.251687
5.165,3.251951
5.17,3.252221
5.175,3.252497
5.18,3.252785
5.185,3.253071
5.19,3.253359
5.195,3.253631
5.2,3.253895
5.205,3.25414
5.21,3.254375
5.215,3.254603
5.22,3.254833
5.225,3.255066
5.23,3.2553
5.235,3.255539
5.24,3.25579
5.245,3.256049
5.25,3.256321
5.255,3.2566
5.26,3.25689
5.265,3.257183
5.27,3.257474
5.275,3.257762
5.28,3.258043
5.285,3.258319
5.29,3.258585
5.295,3.258846
5.3,3.259096
5.305,3.259314
5.31,3.259522
5.315,3.259717
5.32,3.259919
5.325,3.260125
5.33,3.260325
5.335,3.260534
5.34,3.260743
5.345,3.260965
5.35,3.261183
5.355,3.261403
5.36,3.26162
5.365,3.261826
5.37,3.262037
5.375,3.262233
5.38,3.262414
5.385,3.262598
5.39,3.262769
5.395,3.262909
5.4,3.263049
5.405,3.263197
5.41,3.263333
5.415,3.263463
5.42,3.26361
5.425,3.263774
5.43,3.263969
5.435,3.264182
5.44,3.264417
5.445,3.264659
5.45,3.264911
5.455,3.265166
5.46,3.265431
5.465,3.265692
5.47,3.265956
5.475,3.266199
5.48,3.266431
5.485,3.266655
5.49,3.266889
5.495,3.26712
5.5,3.267348
5.505,3.267576
5.51,3.267803
5.515,3.268036
5.52,3.268268
5.525,3.268507
5.53,3.26875
5.535,3.268999
5.54,3.269247
5.545,3.269497
5.55,3.269744
5.555,3.269995
5.56,3.270252
5.565,3.270522
5.57,3.270813
5.575,3.27111
5.58,3.271411
5.585,3.271705
5.59,3.271995
5.595,3.272288
5.6,3.272568
5.605,3.272829
5.61,3.273075
5.615,3.273282
5.62,3.273457
5.625,3.273627
5.63,3.273782
5.635,3.273923
5.64,3.274077
5.645,3.274235
5.65,3.274374
5.655,3.274515
5.66,3.27467
5.665,3.274829
5.67,3.275013
5.675,3.275204
5.68,3.275412
5.685,3.275626
5.69,3.27582
5.695,3.276013
5.7,3.2762
5.705,3.276387
5.71,3.276584
5.715,3.276779
5.72,3.276988
5.725,3.277192
5.73,3.277375
5.735,3.277561
5.74,3.277737
5.745,3.277904
5.75,3.278081
5.755,3.278261
5.76,3.278461
5.765,3.278673
5.77,3.278906
5.775,3.279141
5.78,3.279378
5.785,3.279612
5.79,3.279845
5.795,3.280077
5.8,3.280306
5.805,3.280539
5.81,3.280777
5.815,3.281022
5.82,3.281261
5.825,3.281502
5.83,3.281737
5.835,3.281979
5.84,3.28223
5.845,3.282494
5.85,3.282773
5.855,3.283049
5.86,3.283295
5.865,3.283526
5.87,3.28373
5.875,3.283901
5.88,3.284071
5.885,3.284235
5.89,3.2844
5.895,3.284582
5.9,3.284781
5.905,3.285003
5.91,3.285216
5.915,3.285421
5.92,3.285622
5.925,3.285814
5.93,3.286015
5.935,3.286212
5.94,3.286415
5.945,3.286623
5.95,3.286838
5.955,3.287061
5.96,3.287262
5.965,3.287416
5.97,3.287546
5.975,3.28768
5.98,3.287808
5.985,3.287913
5.99,3.288012
5.995,3.288136
6,3.288272
6.005,3.288438
6.01,3.288624
6.015,3.288812
6.02,3.289014
6.025,3.289211
6.03,3.289406
6.035,3.289606
6.04,3.289794
6.045,3.289987
6.05,3.290181
6.055,3.290385
6.06,3.290597
6.065,3.290811
6.07,3.291034
6.075,3.291264
6.08,3.291504
6.085,3.291733
6.09,3.291961
6.095,3.292182
6.1,3.292407
6.105,3.292642
6.11,3.292897
6.115,3.293162
6.12,3.293439
6.125,3.293724
6.13,3.294008
6.135,3.294285
6.14,3.29455
6.145,3.294775
6.15,3.294968
6.155,3.29515
6.16,3.295308
6.165,3.295435
6.17,3.295568
6.175,3.295711
6.18,3.295843
6.185,3.295979
6.19,3.296133
6.195,3.296286
6.2,3.296447
6.205,3.296624
6.21,3.296795
6.215,3.296977
6.22,3.297164
6.225,3.297328
6.23,3.297464
6.235,3.297605
6.24,3.297748
6.245,3.297872
6.25,3.297962
6.255,3.298019
6.26,3.29809
6.265,3.298192
6.27,3.298307
6.275,3.298437
6.28,3.298595
6.285,3.298759
6.29,3.298938
6.295,3.299128
6.3,3.299306
6.305,3.299487
6.31,3.299669
6.315,3.299837
6.32,3.300013
6.325,3.30019
6.33,3.300366
6.335,3.300556
6.34,3.300751
6.345,3.300963
6.35,3.301173
6.355,3.30136
6.36,3.301544
6.365,3.30172
6.37,3.301894
6.375,3.30208
6.38,3.30226
6.385,3.302448
6.39,3.302641
6.395,3.302828
6.4,3.303025
6.405,3.303215
6.41,3.3034
6.415,3.303591
6.42,3.303771
6.425,3.303951
6.43,3.304137
6.435,3.304309
6.44,3.304484
6.445,3.304663
6.45,3.304828
6.455,3.304999
6.46,3.305175
6.465,3.305337
6.47,3.305507
6.475,3.305681
6.48,3.305846
6.485,3.306022
6.49,3.306202
6.495,3.306396
6.5,3.306601
6.505,3.306788
6.51,3.306964
6.515,3.307141
6.52,3.307302
6.525,3.307443
6.53,3.307594
6.535,3.307746
6.54,3.307897
6.545,3.308066
6.55,3.308237
6.555,3.308413
6.56,3.308602
6.565,3.308777
6.57,3.308931
6.575,3.30909
6.58,3.309246
6.585,3.309378
6.59,3.309502
6.595,3.309642
6.6,3.309782
6.605,3.309923
6.61,3.310084
6.615,3.310248
6.62,3.310418
6.625,3.310601
6.63,3.31078
6.635,3.310967
6.64,3.311159
6.645,3.311357
6.65,3.311566
6.655,3.311778
6.66,3.312002
6.665,3.312229
6.67,3.312468
6.675,3.31272
6.68,3.312983
6.685,3.313228
6.69,3.313463
6.695,3.313679
6.7,3.313867
6.705,3.314052
6.71,3.314227
6.715,3.314375
6.72,3.314518
6.725,3.314671
6.73,3.314813
6.735,3.314928
6.74,3.315044
6.745,3.315178
6.75,3.31531
6.755,3.315417
6.76,3.31549
6.765,3.315528
6.77,3.315577
6.775,3.315665
6.78,3.315776
6.785,3.315883
6.79,3.315964
6.795,3.316013
6.8,3.316033
6.805,3.316052
6.81,3.316117
6.815,3.316222
6.82,3.316336
6.825,3.316433
6.83,3.316501
6.835,3.31658
6.84,3.316688
6.845,3.316806
6.85,3.316909
6.855,3.316998
6.86,3.317111
6.865,3.31724
6.87,3.31736
6.875,3.317463
6.88,3.317581
6.885,3.317716
6.89,3.317857
6.895,3.318022
6.9,3.318198
6.905,3.318371
6.91,3.318559
6.915,3.318739
6.92,3.318908
6.925,3.319086
6.93,3.319258
6.935,3.319438
6.94,3.319628
6.945,3.319819
6.95,3.320025
6.955,3.320226
6.96,3.320433
6.965,3.32064
6.97,3.320841
6.975,3.32105
6.98,3.321246
6.985,3.321441
6.99,3.321637
6.995,3.321825
7,3.322024
7.005,3.322215
7.01,3.322397
7.015,3.322586
7.02,3.322764
7.025,3.322946
7.03,3.323135
7.035,3.323312
7.04,3.323497
7.045,3.323682
7.05,3.323841
7.055,3.32398
7.06,3.324127
7.065,3.324271
7.07,3.324396
7.075,3.324529
7.08,3.324677
7.085,3.324818
7.09,3.324945
7.095,3.325087
7.1,3.325236
7.105,3.325367
7.11,3.325462
7.115,3.325547
7.12,3.325655
7.125,3.325775
7.13,3.325887
7.135,3.32601
7.14,3.326155
7.145,3.326299
7.15,3.326426
7.155,3.326565
7.16,3.326714
7.165,3.326851
7.17,3.32699
7.175,3.327146
7.18,3.327295
7.185,3.327421
7.19,3.327552
7.195,3.327695
7.2,3.327831
7.205,3.327968
7.21,3.328125
7.215,3.328278
7.22,3.328425
7.225,3.328587
7.23,3.328749
7.235,3.328899
7.24,3.329062
7.245,3.329228
7.25,3.329397
7.255,3.329582
7.26,3.329768
7.265,3.32997
7.27,3.330173
7.275,3.330377
7.28,3.330587
7.285,3.330803
7.29,3.331031
7.295,3.331246
7.3,3.331461
7.305,3.331668
7.31,3.331841
7.315,3.331996
7.32,3.332154
7.325,3.3323
7.33,3.332417
7.335,3.332525
7.34,3.332652
7.345,3.332783
7.35,3.332896
7.355,3.332976
7.36,3.333025
7.365,3.333089
7.37,3.333188
7.375,3.333302
7.38,3.333404
7.385,3.333478
7.39,3.333519
7.395,3.333534
7.4,3.333548
7.405,3.333609
7.41,3.333714
7.415,3.33383
7.42,3.333928
7.425,3.333995
7.43,3.334029
7.435,3.334037
7.44,3.334039
7.445,3.334084
7.45,3.334181
7.455,3.334299
7.46,3.334408
7.465,3.334529
7.47,3.334669
7.475,3.334807
7.48,3.334929
7.485,3.335064
7.49,3.335211
7.495,3.335355
7.5,3.335517
7.505,3.335689
7.51,3.335857
7.515,3.336039
7.52,3.336219
7.525,3.336373
7.53,3.336526
7.535,3.336685
7.54,3.336853
7.545,3.337043
7.55,3.337234
7.555,3.337435
7.56,3.337639
7.565,3.337828
7.57,3.338021
7.575,3.338208
7.58,3.338388
7.585,3.338577
7.59,3.338761
7.595,3.338954
7.6,3.339151
7.605,3.339322
7.61,3.339476
7.615,3.339634
7.62,3.339783
7.625,3.33992
7.63,3.340072
7.635,3.340229
7.64,3.340366
7.645,3.340469
7.65,3.340576
7.655,3.340701
7.66,3.340824
7.665,3.340926
7.67,3.341031
7.675,3.341158
7.68,3.341291
7.685,3.341403
7.69,3.3415
7.695,3.341617
7.7,3.341747
7.705,3.341867
7.71,3.341968
7.715,3.342087
7.72,3.342221
7.725,3.342348
7.73,3.342461
7.735,3.342593
7.74,3.342736
7.745,3.342864
7.75,3.342963
7.755,3.343069
7.76,3.343195
7.765,3.34332
7.77,3.343423
7.775,3.343516
7.78,3.343632
7.785,3.343761
7.79,3.343877
7.795,3.343971
7.8,3.344078
7.805,3.344205
7.81,3.34433
7.815,3.344436
7.82,3.344554
7.825,3.34469
7.83,3.344822
7.835,3.34493
7.84,3.345036
7.845,3.345163
7.85,3.345294
7.855,3.345404
7.86,3.345481
7.865,3.345532
7.87,3.345606
7.875,3.345712
7.88,3.345825
7.885,3.345922
7.89,3.345998
7.895,3.346093
7.9,3.346212
7.905,3.346333
7.91,3.346454
7.915,3.3466
7.92,3.346751
7.925,3.346887
7.93,3.347029
7.935,3.347183
7.94,3.347327
7.945,3.347477
7.95,3.347641
7.955,3.347796
7.96,3.347928
7.965,3.348066
7.97,3.348213
7.975,3.348348
7.98,3.34849
7.985,3.348647
7.99,3.348799
7.995,3.348953
8,3.349122
8.005,3.349282
8.01,3.349428
8.015,3.349585
8.02,3.349743
8.025,3.349889
8.03,3.35005
8.035,3.350215
8.04,3.350375
8.045,3.350551
8.05,3.350725
8.055,3.350892
8.06,3.351071
8.065,3.351244
8.07,3.351387
8.075,3.351522
8.08,3.351668
8.085,3.351806
8.09,3.351917
8.095,3.352012
8.1,3.352127
8.105,3.352255
8.11,3.352372
8.115,3.352471
8.12,3.352588
8.125,3.352721
8.13,3.352847
8.135,3.352966
8.14,3.353105
8.145,3.353251
8.15,3.353378
8.155,3.353469
8.16,3.353523
8.165,3.353584
8.17,3.35368
8.175,3.353792
8.18,3.353895
8.185,3.353972
8.19,3.354016
8.195,3.354033
8.2,3.354032
8.205,3.354055
8.21,3.354133
8.215,3.354246
8.22,3.354362
8.225,3.354453
8.23,3.354511
8.235,3.354536
8.24,3.354564
8.245,3.354638
8.25,3.354745
8.255,3.354856
8.26,3.354946
8.265,3.355007
8.27,3.355077
8.275,3.35518
8.28,3.355296
8.285,3.3554
8.29,3.355495
8.295,3.355614
8.3,3.355747
8.305,3.355868
8.31,3.355962
8.315,3.356059
8.32,3.356179
8.325,3.356304
8.33,3.356413
8.335,3.35653
8.34,3.356667
8.345,3.356804
8.35,3.356928
8.355,3.357069
8.36,3.357219
8.365,3.357354
8.37,3.357469
8.375,3.357599
8.38,3.357738
8.385,3.357864
8.39,3.357985
8.395,3.358126
8.4,3.358271
8.405,3.358397
8.41,3.35853
8.415,3.358678
8.42,3.358818
8.425,3.35896
8.43,3.359118
8.435,3.359274
8.44,3.359412
8.445,3.359561
8.45,3.359716
8.455,3.35988
8.46,3.360065
8.465,3.36027
8.47,3.360499
8.475,3.360717
8.48,3.360891
8.485,3.361047
8.49,3.361199
8.495,3.361334
8.5,3.361436
8.505,3.3615
8.51,3.361529
8.515,3.36154
8.52,3.361584
8.525,3.361677
8.53,3.361791
8.535,3.361898
8.54,3.361976
8.545,3.362021
8.55,3.362037
8.555,3.362058
8.56,3.362128
8.565,3.362235
8.57,3.362348
8.575,3.362442
8.58,3.362503
8.585,3.362531
8.59,3.362536
8.595,3.362539
8.6,3.362591
8.605,3.362692
8.61,3.36281
8.615,3.362915
8.62,3.362988
8.625,3.363027
8.63,3.363039
8.635,3.363033
8.64,3.36302
8.645,3.363017
8.65,3.363069
8.655,3.363175
8.66,3.3633
8.665,3.36341
8.67,3.363488
8.675,3.36353
8.68,3.363541
8.685,3.363535
8.69,3.363521
8.695,3.363526
8.7,3.363592
8.705,3.363704
8.71,3.363828
8.715,3.363934
8.72,3.364045
8.725,3.364176
8.73,3.364308
8.735,3.364444
8.74,3.364601
8.745,3.364763
8.75,3.36494
8.755,3.365129
8.76,3.365309
8.765,3.365498
8.77,3.365686
8.775,3.365864
8.78,3.366051
8.785,3.366232
8.79,3.366414
8.795,3.366605
8.8,3.366812
8.805,3.367036
8.81,3.36725
8.815,3.367463
8.82,3.367671
8.825,3.367884
8.83,3.368105
8.835,3.368344
8.84,3.368586
8.845,3.368795
8.85,3.368955
8.855,3.369103
8.86,3.369246
8.865,3.369368
8.87,3.369456
8.875,3.369509
8.88,3.36953
8.885,3.369531
8.89,3.369526
8.895,3.369562
8.9,3.369654
8.905,3.369774
8.91,3.369888
8.915,3.369972
8.92,3.370021
8.925,3.370039
8.93,3.370039
8.935,3.37007
8.94,3.370155
8.945,3.370269
8.95,3.37038
8.955,3.370465
8.96,3.370517
8.965,3.370566
8.97,3.370651
8.975,3.370761
8.98,3.370869
8.985,3.370954
8.99,3.371007
8.995,3.371031
9,3.371034
9.005,3.371051
9.01,3.371123
9.015,3.371233
9.02,3.371349
9.025,3.371444
9.03,3.371505
9.035,3.371534
9.04,3.371548
9.045,3.371601
9.05,3.371698
9.055,3.371812
9.06,3.371914
9.065,3.371999
9.07,3.372106
9.075,3.372232
9.08,3.372352
9.085,3.372456
9.09,3.372577
9.095,3.372715
9.1,3.372844
9.105,3.372955
9.11,3.373082
9.115,3.373221
9.12,3.37335
9.125,3.373463
9.13,3.373594
9.135,3.373735
9.14,3.373862
9.145,3.373957
9.15,3.374049
9.155,3.374164
9.16,3.374287
9.165,3.374404
9.17,3.374541
9.175,3.374694
9.18,3.374835
9.185,3.374963
9.19,3.375105
9.195,3.375251
9.2,3.375384
9.205,3.375528
9.21,3.375685
9.215,3.375829
9.22,3.375961
9.225,3.376107
9.23,3.376255
9.235,3.37641
9.24,3.376584
9.245,3.376755
9.25,3.376894
9.255,3.376987
9.26,3.377051
9.265,3.377136
9.27,3.377244
9.275,3.377352
9.28,3.37744
9.285,3.377498
9.29,3.377526
9.295,3.377532
9.3,3.377525
9.305,3.377514
9.31,3.377504
9.315,3.3775
9.32,3.377539
9.325,3.377637
9.33,3.377763
9.335,3.377882
9.34,3.377971
9.345,3.378022
9.35,3.378041
9.355,3.378038
9.36,3.378025
9.365,3.378011
9.37,3.378
9.375,3.377994
9.38,3.378018
9.385,3.378102
9.39,3.378225
9.395,3.37835
9.4,3.378449
9.405,3.378511
9.41,3.37854
9.415,3.37858
9.42,3.378662
9.425,3.378771
9.43,3.378878
9.435,3.378961
9.44,3.379038
9.445,3.379143
9.45,3.379265
9.455,3.379378
9.46,3.379494
9.465,3.379634
9.47,3.379777
9.475,3.379906
9.48,3.380048
9.485,3.380201
9.49,3.380341
9.495,3.380469
9.5,3.380614
9.505,3.38076
9.51,3.380892
9.515,3.381035
9.52,3.38119
9.525,3.381332
9.53,3.381445
9.535,3.381561
9.54,3.381693
9.545,3.381821
9.55,3.381927
9.555,3.382034
9.56,3.382162
9.565,3.382294
9.57,3.382406
9.575,3.382497
9.58,3.382608
9.585,3.382735
9.59,3.382855
9.595,3.382953
9.6,3.383062
9.605,3.383192
9.61,3.383321
9.615,3.383425
9.62,3.383498
9.625,3.383579
9.63,3.383688
9.635,3.383806
9.64,3.383908
9.645,3.383981
9.65,3.384028
9.655,3.384096
9.66,3.384198
9.665,3.384313
9.67,3.384413
9.675,3.384484
9.68,3.384523
9.685,3.384565
9.69,3.384647
9.695,3.384757
9.7,3.384867
9.705,3.384954
9.71,3.385008
9.715,3.385062
9.72,3.385151
9.725,3.385264
9.73,3.385373
9.735,3.385457
9.74,3.385509
9.745,3.385541
9.75,3.385602
9.755,3.385702
9.76,3.385816
9.765,3.385915
9.77,3.385986
9.775,3.386025
9.78,3.386073
9.785,3.386161
9.79,3.386273
9.795,3.38638
9.8,3.386462
9.805,3.386512
9.81,3.386533
9.815,3.386533
9.82,3.38654
9.825,3.386601
9.83,3.386707
9.835,3.386826
9.84,3.386927
9.845,3.386996
9.85,3.387031
9.855,3.387047
9.86,3.387097
9.865,3.387191
9.87,3.387304
9.875,3.387407
9.88,3.387481
9.885,3.387536
9.89,3.387618
9.895,3.387728
9.9,3.387841
9.905,3.387935
9.91,3.387997
9.915,3.388053
9.92,3.388142
9.925,3.388256
9.93,3.388366
9.935,3.388465
9.94,3.388585
9.945,3.388722
9.95,3.38885
9.955,3.388965
9.96,3.389098
9.965,3.38924
9.97,3.389367
9.975,3.389478
9.98,3.389607
9.985,3.389745
9.99,3.389868
9.995,3.38996
10,3.390046
10.005,3.390156
10.01,3.390279
10.015,3.390388
10.02,3.390469
10.025,3.39052
10.03,3.390589
10.035,3.39069
10.04,3.390805
10.045,3.390907
10.05,3.39098
10.055,3.391031
10.06,3.391107
10.065,3.391214
10.07,3.391328
10.075,3.391425
10.08,3.391491
10.085,3.391532
10.09,3.391596
10.095,3.391697
10.1,3.391811
10.105,3.391911
10.11,3.391983
10.115,3.392045
10.12,3.392137
10.125,3.392251
10.13,3.392363
10.135,3.392451
10.14,3.392525
10.145,3.392625
10.15,3.392744
10.155,3.39286
10.16,3.39295
10.165,3.393006
10.17,3.393031
10.175,3.393034
10.18,3.393027
10.185,3.393056
10.19,3.393142
10.195,3.39326
10.2,3.393375
10.205,3.393464
10.21,3.393517
10.215,3.393538
10.22,3.393537
10.225,3.393526
10.23,3.393512
10.235,3.393501
10.24,3.393495
10.245,3.393497
10.25,3.393546
10.255,3.39365
10.26,3.393778
10.265,3.393894
10.27,3.393979
10.275,3.394026
10.28,3.394041
10.285,3.394042
10.29,3.39408
10.295,3.39417
10.3,3.394286
10.305,3.394394
10.31,3.394474
10.315,3.394541
10.32,3.394635
10.325,3.39475
10.33,3.394862
10.335,3.394954
10.34,3.395055
10.345,3.395179
10.35,3.395307
10.355,3.395415
10.36,3.395497
10.365,3.395595
10.37,3.395715
10.375,3.395834
10.38,3.395932
10.385,3.396013
10.39,3.396117
10.395,3.39624
10.4,3.396358
10.405,3.39645
10.41,3.396536
10.415,3.396648
10.42,3.396773
10.425,3.396885
10.43,3.396972
10.435,3.397068
10.44,3.397188
10.445,3.397312
10.45,3.397416
10.455,3.397487
10.46,3.397525
10.465,3.397544
10.47,3.397597
10.475,3.397693
10.48,3.397807
10.485,3.39791
10.49,3.397983
10.495,3.398023
10.5,3.398038
10.505,3.398075
10.51,3.39816
10.515,3.398272
10.52,3.39838
10.525,3.398464
10.53,3.398514
10.535,3.398535
10.54,3.398561
10.545,3.398634
10.55,3.398742
10.555,3.398854
10.56,3.398946
10.565,3.399004
10.57,3.399032
10.575,3.39905
10.58,3.399111
10.585,3.399213
10.59,3.399326
10.595,3.399425
10.6,3.399492
10.605,3.399527
10.61,3.399539
10.615,3.399576
10.62,3.399662
10.625,3.399775
10.63,3.399884
10.635,3.399966
10.64,3.400016
10.645,3.400055
10.65,3.40013
10.655,3.400237
10.66,3.400348
10.665,3.40044
10.67,3.400503
10.675,3.400575
10.68,3.400679
10.685,3.400796
10.69,3.400901
10.695,3.400976
10.7,3.401033
10.705,3.401116
10.71,3.401227
10.715,3.401341
10.72,3.401435
10.725,3.401497
10.73,3.401548
10.735,3.401632
10.74,3.401743
10.745,3.401855
10.75,3.401945
10.755,3.402005
10.76,3.402074
10.765,3.402176
10.77,3.402292
10.775,3.402398
10.78,3.402474
10.785,3.402519
10.79,3.402568
10.795,3.402655
10.8,3.402767
10.805,3.402875
10.81,3.402966
10.815,3.403074
10.82,3.403203
10.825,3.40333
10.83,3.403432
10.835,3.4035
10.84,3.403573
10.845,3.403676
10.85,3.403792
10.855,3.403897
10.86,3.403978
10.865,3.404071
10.87,3.404189
10.875,3.404313
10.88,3.404416
10.885,3.404495
10.89,3.40459
10.895,3.404709
10.9,3.404829
10.905,3.404928
10.91,3.404994
10.915,3.405033
10.92,3.405093
10.925,3.405192
10.93,3.405305
10.935,3.405407
10.94,3.40548
10.945,3.405521
10.95,3.405534
10.955,3.405531
10.96,3.40552
10.965,3.405508
10.97,3.405499
10.975,3.405495
10.98,3.405494
10.985,3.405495
10.99,3.405497
10.995,3.405499
11,3.4055
11.005,3.405501
11.01,3.405501
11.015,3.405501
11.02,3.4055
11.025,3.4055
11.03,3.4055
11.035,3.4055
11.04,3.4055
11.045,3.405504
11.05,3.405551
11.055,3.405652
11.06,3.405777
11.065,3.405892
11.07,3.405976
11.075,3.406024
11.08,3.40604
11.085,3.406036
11.09,3.406023
11.095,3.406009
11.1,3.405999
11.105,3.405994
11.11,3.405993
11.115,3.405994
11.12,3.405997
11.125,3.405999
11.13,3.406028
11.135,3.406114
11.14,3.406235
11.145,3.406357
11.15,3.406453
11.155,3.406546
11.16,3.406661
11.165,3.406785
11.17,3.406903
11.175,3.407041
11.18,3.407194
11.185,3.407336
11.19,3.407477
11.195,3.407633
11.2,3.407784
11.205,3.407918
11.21,3.408063
11.215,3.408215
11.22,3.408352
11.225,3.408459
11.23,3.408574
11.235,3.408705
11.24,3.408831
11.245,3.408947
11.25,3.409083
11.255,3.409229
11.26,3.409361
11.265,3.409475
11.27,3.409606
11.275,3.409746
11.28,3.40987
11.285,3.409963
11.29,3.410055
11.295,3.41017
11.3,3.410294
11.305,3.410401
11.31,3.410477
11.315,3.410521
11.32,3.410575
11.325,3.410666
11.33,3.410779
11.335,3.410885
11.34,3.410966
11.345,3.411015
11.35,3.411068
11.355,3.411159
11.36,3.411271
11.365,3.411379
11.37,3.411462
11.375,3.411512
11.38,3.411532
11.385,3.411547
11.39,3.411607
11.395,3.411709
11.4,3.411824
11.405,3.411924
11.41,3.411992
11.415,3.412028
11.42,3.412037
11.425,3.41203
11.43,3.412018
11.435,3.412023
11.44,3.412087
11.445,3.4122
11.45,3.412324
11.455,3.412429
11.46,3.412499
11.465,3.412534
11.47,3.412541
11.475,3.412532
11.48,3.412518
11.485,3.412505
11.49,3.412497
11.495,3.412493
11.5,3.412493
11.505,3.412495
11.51,3.412498
11.515,3.412532
11.52,3.412622
11.525,3.412745
11.53,3.412866
11.535,3.412959
11.54,3.413015
11.545,3.413038
11.55,3.413039
11.555,3.413027
11.56,3.413013
11.565,3.413001
11.57,3.412995
11.575,3.412993
11.58,3.412994
11.585,3.412996
11.59,3.412998
11.595,3.413
11.6,3.413027
11.605,3.41311
11.61,3.41323
11.615,3.413352
11.62,3.413449
11.625,3.41351
11.63,3.413537
11.635,3.413539
11.64,3.413529
11.645,3.413514
11.65,3.413513
11.655,3.413568
11.66,3.413676
11.665,3.413802
11.67,3.413913
11.675,3.413991
11.68,3.414065
11.685,3.414165
11.69,3.414281
11.695,3.414387
11.7,3.414474
11.705,3.414577
11.71,3.414703
11.715,3.414828
11.72,3.414942
11.725,3.415074
11.73,3.41522
11.735,3.415352
11.74,3.415451
11.745,3.41552
11.75,3.415604
11.755,3.415713
11.76,3.415828
11.765,3.415924
11.77,3.41599
11.775,3.416049
11.78,3.41614
11.785,3.416254
11.79,3.416365
11.795,3.416452
11.8,3.416508
11.805,3.416563
11.81,3.416653
11.815,3.416766
11.82,3.416875
11.825,3.416959
11.83,3.417022
11.835,3.417108
11.84,3.417221
11.845,3.417337
11.85,3.417433
11.855,3.417508
11.86,3.417605
11.865,3.417725
11.87,3.417843
11.875,3.41794
11.88,3.41804
11.885,3.418164
11.89,3.418294
11.895,3.418404
11.9,3.418481
11.905,3.418523
11.91,3.418536
11.915,3.418531
11.92,3.418519
11.925,3.418507
11.93,3.418498
11.935,3.418494
11.94,3.418493
11.945,3.418495
11.95,3.418497
11.955,3.418499
11.96,3.4185
11.965,3.418501
11.97,3.418501
11.975,3.418501
11.98,3.4185
11.985,3.4185
11.99,3.4185
11.995,3.4185
12,3.4185
12.005,3.4185
12.01,3.4185
12.015,3.4185
12.02,3.4185
12.025,3.4185
12.03,3.4185
12.035,3.4185
12.04,3.4185
12.045,3.418519
12.05,3.418594
12.055,3.418711
12.06,3.418835
12.065,3.418937
12.07,3.419004
12.075,3.419035
12.08,3.41904
12.085,3.419031
12.09,3.419036
12.095,3.4191
12.1,3.419209
12.105,3.419334
12.11,3.419484
12.115,3.419654
12.12,3.419812
12.125,3.419946
12.13,3.420085
12.135,3.42023
12.14,3.420359
12.145,3.420459
12.15,3.420564
12.155,3.42069
12.16,3.420817
12.165,3.420922
12.17,3.421027
12.175,3.421154
12.18,3.421287
12.185,3.421401
12.19,3.42151
12.195,3.421639
12.2,3.421788
12.205,3.421972
12.21,3.422168
12.215,3.422359
12.22,3.422557
12.225,3.422745
12.23,3.42293
12.235,3.42312
12.24,3.423292
12.245,3.423423
12.25,3.423504
12.255,3.423559
12.26,3.423639
12.265,3.423744
12.27,3.423852
12.275,3.42394
12.28,3.423998
12.285,3.424026
12.29,3.424032
12.295,3.424025
12.3,3.424014
12.305,3.424004
12.31,3.423997
12.315,3.423994
12.32,3.423994
12.325,3.423996
12.33,3.423998
12.335,3.424
12.34,3.424001
12.345,3.424001
12.35,3.424001
12.355,3.424001
12.36,3.424
12.365,3.424
12.37,3.424
12.375,3.424
12.38,3.424
12.385,3.424
12.39,3.424
12.395,3.424
12.4,3.424
12.405,3.424
12.41,3.424
12.415,3.424
12.42,3.424
12.425,3.424
12.43,3.424
12.435,3.424
12.44,3.424
12.445,3.424028
12.45,3.424113
12.455,3.424234
12.46,3.424356
12.465,3.424452
12.47,3.424512
12.475,3.424538
12.48,3.424539
12.485,3.424528
12.49,3.424518
12.495,3.424554
12.5,3.424649
12.505,3.424772
12.51,3.424889
12.515,3.425011
12.52,3.425153
12.525,3.425294
12.53,3.42541
12.535,3.425489
12.54,3.425557
12.545,3.425654
12.55,3.425768
12.555,3.425876
12.56,3.425959
12.565,3.426025
12.57,3.426117
12.575,3.426233
12.58,3.426348
12.585,3.426441
12.59,3.426506
12.595,3.426583
12.6,3.426691
12.605,3.426808
12.61,3.42691
12.615,3.426982
12.62,3.42704
12.625,3.427128
12.63,3.427241
12.635,3.427354
12.64,3.427444
12.645,3.427502
12.65,3.427529
12.655,3.427534
12.66,3.427526
12.665,3.427529
12.67,3.427589
12.675,3.427697
12.68,3.427819
12.685,3.427924
12.69,3.427996
12.695,3.428032
12.7,3.42804
12.705,3.428032
12.71,3.428019
12.715,3.428006
12.72,3.427997
12.725,3.428002
12.73,3.42806
12.735,3.428171
12.74,3.428299
12.745,3.428411
12.75,3.42849
12.755,3.428531
12.76,3.428542
12.765,3.428535
12.77,3.428521
12.775,3.428507
12.78,3.428498
12.785,3.428493
12.79,3.428493
12.795,3.428498
12.8,3.428546
12.805,3.428648
12.81,3.428775
12.815,3.428891
12.82,3.428976
12.825,3.429024
12.83,3.429041
12.835,3.429037
12.84,3.429023
12.845,3.429009
12.85,3.428999
12.855,3.428994
12.86,3.428993
12.865,3.428994
12.87,3.428997
12.875,3.428999
12.88,3.429
12.885,3.429008
12.89,3.429065
12.895,3.429172
12.9,3.429297
12.905,3.429408
12.91,3.429486
12.915,3.429528
12.92,3.429541
12.925,3.429535
12.93,3.429523
12.935,3.429551
12.94,3.429638
12.945,3.429758
12.95,3.429875
12.955,3.429964
12.96,3.430031
12.965,3.430121
12.97,3.430234
12.975,3.430347
12.98,3.430439
12.985,3.430522
12.99,3.430632
12.995,3.430757
13,3.430873
13.005,3.430961
13.01,3.431048
13.015,3.431162
13.02,3.431285
13.025,3.431395
13.03,3.431474
13.035,3.431545
13.04,3.431645
13.045,3.431763
13.05,3.431874
13.055,3.431959
13.06,3.43201
13.065,3.432055
13.07,3.432135
13.075,3.432244
13.08,3.432355
13.085,3.432445
13.09,3.432503
13.095,3.43253
13.1,3.432543
13.105,3.432593
13.11,3.43269
13.115,3.432805
13.12,3.432908
13.125,3.432983
13.13,3.433024
13.135,3.433037
13.14,3.433032
13.145,3.43302
13.15,3.433008
13.155,3.432999
13.16,3.432994
13.165,3.432993
13.17,3.432995
13.175,3.432997
13.18,3.432999
13.185,3.433
13.19,3.433001
13.195,3.433001
13.2,3.433001
13.205,3.433
13.21,3.433
13.215,3.433
13.22,3.433
13.225,3.433
13.23,3.433
13.235,3.433
13.24,3.433
13.245,3.433
13.25,3.433
13.255,3.433016
13.26,3.433088
13.265,3.433203
13.27,3.433328
13.275,3.433432
13.28,3.433501
13.285,3.433534
13.29,3.43354
13.295,3.433531
13.3,3.433517
13.305,3.43352
13.31,3.433582
13.315,3.433694
13.32,3.433819
13.325,3.433925
13.33,3.434014
13.335,3.434123
13.34,3.434247
13.345,3.434363
13.35,3.434458
13.355,3.434564
13.36,3.434692
13.365,3.43482
13.37,3.434924
13.375,3.435001
13.38,3.435092
13.385,3.435207
13.39,3.435326
13.395,3.435424
13.4,3.435499
13.405,3.435589
13.41,3.435705
13.415,3.435825
13.42,3.435924
13.425,3.435997
13.43,3.436085
13.435,3.436198
13.44,3.436318
13.445,3.436426
13.45,3.436552
13.455,3.436695
13.46,3.436831
13.465,3.436937
13.47,3.437018
13.475,3.437118
13.48,3.437237
13.485,3.437352
13.49,3.437443
13.495,3.437501
13.5,3.437531
13.505,3.437577
13.51,3.437665
13.515,3.437777
13.52,3.437885
13.525,3.437966
13.53,3.438015
13.535,3.438061
13.54,3.438144
13.545,3.438254
13.55,3.438364
13.555,3.438451
13.56,3.438506
13.565,3.438531
13.57,3.438534
13.575,3.438525
13.58,3.438513
13.585,3.438502
13.59,3.438496
13.595,3.438494
13.6,3.438494
13.605,3.438496
13.61,3.438498
13.615,3.4385
13.62,3.438501
13.625,3.438501
13.63,3.438501
13.635,3.438501
13.64,3.4385
13.645,3.4385
13.65,3.4385
13.655,3.4385
13.66,3.4385
13.665,3.4385
13.67,3.438515
13.675,3.438586
13.68,3.438701
13.685,3.438826
13.69,3.43893
13.695,3.439
13.7,3.439034
13.705,3.43904
13.71,3.439032
13.715,3.439018
13.72,3.439005
13.725,3.438996
13.73,3.438993
13.735,3.438993
13.74,3.438995
13.745,3.438998
13.75,3.439
13.755,3.439001
13.76,3.439001
13.765,3.439001
13.77,3.439001
13.775,3.439
13.78,3.439
13.785,3.439
13.79,3.439028
13.795,3.439113
13.8,3.439234
13.805,3.439356
13.81,3.439452
13.815,3.439512
13.82,3.439538
13.825,3.439539
13.83,3.439528
13.835,3.439514
13.84,3.439502
13.845,3.439495
13.85,3.439514
13.855,3.439593
13.86,3.439714
13.865,3.43984
13.87,3.439942
13.875,3.440013
13.88,3.440096
13.885,3.440205
13.89,3.44032
13.895,3.440418
13.9,3.440493
13.905,3.440584
13.91,3.440702
13.915,3.440823
13.92,3.440923
13.925,3.440991
13.93,3.441026
13.935,3.441052
13.94,3.441119
13.945,3.441223
13.95,3.441335
13.955,3.441431
13.96,3.441496
13.965,3.441528
13.97,3.441536
13.975,3.441529
13.98,3.441523
13.985,3.441567
13.99,3.441666
13.995,3.441788
14,3.4419
14.005,3.441981
14.01,3.442026
14.015,3.44204
14.02,3.442036
14.025,3.442049
14.03,3.442119
14.035,3.44223
14.04,3.442347
14.045,3.442443
14.05,3.442505
14.055,3.442534
14.06,3.442538
14.065,3.442539
14.07,3.442586
14.075,3.442684
14.08,3.442802
14.085,3.442909
14.09,3.442985
14.095,3.443026
14.1,3.443039
14.105,3.443033
14.11,3.443021
14.115,3.443008
14.12,3.442998
14.125,3.442994
14.13,3.442993
14.135,3.442995
14.14,3.442997
14.145,3.442999
14.15,3.443
14.155,3.443001
14.16,3.443001
14.165,3.443001
14.17,3.443
14.175,3.443
14.18,3.443
14.185,3.443
14.19,3.443
14.195,3.443001
14.2,3.443034
14.205,3.443124
14.21,3.443246
14.215,3.443367
14.22,3.44346
14.225,3.443516
14.23,3.443539
14.235,3.443539
14.24,3.443527
14.245,3.443513
14.25,3.443501
14.255,3.443495
14.26,3.443493
14.265,3.443494
14.27,3.443496
14.275,3.4435
14.28,3.443538
14.285,3.443632
14.29,3.443755
14.295,3.443874
14.3,3.443965
14.305,3.444018
14.31,3.444062
14.315,3.44414
14.32,3.444247
14.325,3.444356
14.33,3.444445
14.335,3.444536
14.34,3.444653
14.345,3.44478
14.35,3.444892
14.355,3.444981
14.36,3.445084
14.365,3.445209
14.37,3.445331
14.375,3.445431
14.38,3.445509
14.385,3.445606
14.39,3.445726
14.395,3.445844
14.4,3.445938
14.405,3.446001
14.41,3.446067
14.415,3.446165
14.42,3.446281
14.425,3.446387
14.43,3.446472
14.435,3.44657
14.44,3.446692
14.445,3.446816
14.45,3.44692
14.455,3.446991
14.46,3.44706
14.465,3.447159
14.47,3.447276
14.475,3.447384
14.48,3.447465
14.485,3.447513
14.49,3.447532
14.495,3.447532
14.5,3.447523
14.505,3.447547
14.51,3.447629
14.515,3.447747
14.52,3.447865
14.525,3.447957
14.53,3.448014
14.535,3.448038
14.54,3.448038
14.545,3.448027
14.55,3.448013
14.555,3.448002
14.56,3.447995
14.565,3.447993
14.57,3.447994
14.575,3.447996
14.58,3.447998
14.585,3.448
14.59,3.448001
14.595,3.448001
14.6,3.448001
14.605,3.448001
14.61,3.448
14.615,3.448
14.62,3.448
14.625,3.448
14.63,3.448
14.635,3.448
14.64,3.448
14.645,3.448
14.65,3.448
14.655,3.448
14.66,3.448
14.665,3.448
14.67,3.448
14.675,3.448
14.68,3.448
14.685,3.448
14.69,3.448
14.695,3.448
14.7,3.448
14.705,3.448
14.71,3.448
14.715,3.448
14.72,3.448
14.725,3.448
14.73,3.448025
14.735,3.448106
14.74,3.448226
14.745,3.448349
14.75,3.448447
14.755,3.448509
14.76,3.448537
14.765,3.44854
14.77,3.448529
14.775,3.448516
14.78,3.44854
14.785,3.448626
14.79,3.448749
14.795,3.448908
14.8,3.449097
14.805,3.449278
14.81,3.449419
14.815,3.44952
14.82,3.449625
14.825,3.449743
14.83,3.449855
14.835,3.449943
14.84,3.449999
14.845,3.450026
14.85,3.450031
14.855,3.450024
14.86,3.450014
14.865,3.450042
14.87,3.45013
14.875,3.450251
14.88,3.45037
14.885,3.450462
14.89,3.450517
14.895,3.450539
14.9,3.450539
14.905,3.450532
14.91,3.450569
14.915,3.450662
14.92,3.450781
14.925,3.450893
14.93,3.450975
14.935,3.451022
14.94,3.451042
14.945,3.451082
14.95,3.451168
14.955,3.451279
14.96,3.451385
14.965,3.451467
14.97,3.451515
14.975,3.451534
14.98,3.451534
14.985,3.451523
14.99,3.45151
14.995,3.451506
15,3.451552
15.005,3.451655
15.01,3.451781
15.015,3.451897
15.02,3.45198
15.025,3.452026
15.03,3.452041
15.035,3.452037
15.04,3.452023
15.045,3.452009
15.05,3.451999
15.055,3.451994
15.06,3.451993
15.065,3.451994
15.07,3.451997
15.075,3.451999
15.08,3.452
15.085,3.452001
15.09,3.452001
15.095,3.452001
15.1,3.452
15.105,3.452
15.11,3.452
15.115,3.452
15.12,3.452
15.125,3.452
15.13,3.452
15.135,3.452
15.14,3.452
15.145,3.452
15.15,3.452
15.155,3.452
15.16,3.452
15.165,3.452
15.17,3.452012
15.175,3.452076
15.18,3.452188
15.185,3.452314
15.19,3.452421
15.195,3.452494
15.2,3.452532
15.205,3.452541
15.21,3.452533
15.215,3.45254
15.22,3.452604
15.225,3.452713
15.23,3.452833
15.235,3.452933
15.24,3.453004
15.245,3.453081
15.25,3.453186
15.255,3.453302
15.26,3.453405
15.265,3.453478
15.27,3.453522
15.275,3.453581
15.28,3.453677
15.285,3.453791
15.29,3.453896
15.295,3.453973
15.3,3.454019
15.305,3.454074
15.31,3.454167
15.315,3.45428
15.32,3.454386
15.325,3.454467
15.33,3.454514
15.335,3.454533
15.34,3.454532
15.345,3.454522
15.35,3.454531
15.355,3.454598
15.36,3.454711
15.365,3.454833
15.37,3.454935
15.375,3.455002
15.38,3.455034
15.385,3.45504
15.39,3.455031
15.395,3.45503
15.4,3.455084
15.405,3.455189
15.41,3.455311
15.415,3.455418
15.42,3.455492
15.425,3.45553
15.43,3.45554
15.435,3.455533
15.44,3.455525
15.445,3.455562
15.45,3.455656
15.455,3.455778
15.46,3.455891
15.465,3.455975
15.47,3.456023
15.475,3.45604
15.48,3.456036
15.485,3.456024
15.49,3.456022
15.495,3.456078
15.5,3.456185
15.505,3.456309
15.51,3.456417
15.515,3.456492
15.52,3.456531
15.525,3.456541
15.53,3.456534
15.535,3.45652
15.54,3.456506
15.545,3.456497
15.55,3.456493
15.555,3.456493
15.56,3.456495
15.565,3.456497
15.57,3.456499
15.575,3.456501
15.58,3.456501
15.585,3.456501
15.59,3.456501
15.595,3.4565
15.6,3.4565
15.605,3.4565
15.61,3.4565
15.615,3.4565
15.62,3.4565
15.625,3.4565
15.63,3.4565
15.635,3.4565
15.64,3.4565
15.645,3.4565
15.65,3.4565
15.655,3.456506
15.66,3.456559
15.665,3.456664
15.67,3.456789
15.675,3.456902
15.68,3.456983
15.685,3.457027
15.69,3.457041
15.695,3.457035
15.7,3.457022
15.705,3.457012
15.71,3.457051
15.715,3.457148
15.72,3.457272
15.725,3.457388
15.73,3.457475
15.735,3.457529
15.74,3.457598
15.745,3.457698
15.75,3.457811
15.755,3.45791
15.76,3.457982
15.765,3.458053
15.77,3.458155
15.775,3.458273
15.78,3.458383
15.785,3.458465
15.79,3.458514
15.795,3.458548
15.8,3.458616
15.805,3.458721
15.81,3.458833
15.815,3.458929
15.82,3.458994
15.825,3.45903
15.83,3.459081
15.835,3.459173
15.84,3.459286
15.845,3.459391
15.85,3.45947
15.855,3.459516
15.86,3.459534
15.865,3.459553
15.87,3.45962
15.875,3.459726
15.88,3.45984
15.885,3.459936
15.89,3.459999
15.895,3.460032
15.9,3.460077
15.905,3.460164
15.91,3.460275
15.915,3.460382
15.92,3.460464
15.925,3.460513
15.93,3.460533
15.935,3.460533
15.94,3.460537
15.945,3.460593
15.95,3.460697
15.955,3.460816
15.96,3.46092
15.965,3.460992
15.97,3.461029
15.975,3.461039
15.98,3.461032
15.985,3.461019
15.99,3.461006
15.995,3.460997
16,3.460993
16.005,3.460993
16.01,3.460995
16.015,3.460997
16.02,3.460999
16.025,3.461001
16.03,3.461001
16.035,3.461001
16.04,3.461001
16.045,3.461
16.05,3.461
16.055,3.461
16.06,3.461
16.065,3.461
16.07,3.461
16.075,3.461
16.08,3.461
16.085,3.461
16.09,3.461
16.095,3.461
16.1,3.461
16.105,3.461
16.11,3.461
16.115,3.461
16.12,3.461
16.125,3.461
16.13,3.461
16.135,3.461
16.14,3.461
16.145,3.461
16.15,3.461
16.155,3.461
16.16,3.461
16.165,3.461012
16.17,3.461076
16.175,3.461188
16.18,3.461314
16.185,3.461421
16.19,3.461494
16.195,3.461532
16.2,3.461541
16.205,3.461533
16.21,3.461519
16.215,3.461506
16.22,3.461497
16.225,3.461493
16.23,3.461493
16.235,3.461495
16.24,3.461497
16.245,3.461504
16.25,3.461553
16.255,3.461655
16.26,3.46178
16.265,3.461895
16.27,3.461978
16.275,3.462025
16.28,3.462047
16.285,3.462096
16.29,3.462189
16.295,3.462301
16.3,3.462403
16.305,3.462478
16.31,3.462535
16.315,3.462619
16.32,3.46273
16.325,3.462844
16.33,3.462937
16.335,3.462998
16.34,3.463028
16.345,3.463034
16.35,3.463027
16.355,3.463024
16.36,3.463075
16.365,3.463178
16.37,3.4633
16.375,3.46341
16.38,3.463487
16.385,3.463528
16.39,3.46354
16.395,3.463539
16.4,3.463575
16.405,3.463664
16.41,3.46378
16.415,3.46389
16.42,3.463972
16.425,3.46402
16.43,3.464037
16.435,3.464048
16.44,3.464103
16.445,3.464203
16.45,3.464318
16.455,3.464419
16.46,3.46449
16.465,3.464527
16.47,3.464537
16.475,3.464531
16.48,3.464519
16.485,3.464506
16.49,3.464499
16.495,3.464527
16.5,3.464615
16.505,3.464739
16.51,3.464862
16.515,3.464957
16.52,3.465015
16.525,3.465039
16.53,3.46504
16.535,3.465028
16.54,3.465013
16.545,3.465001
16.55,3.464995
16.555,3.464992
16.56,3.464993
16.565,3.464996
16.57,3.464998
16.575,3.465
16.58,3.465001
16.585,3.465001
16.59,3.465001
16.595,3.465001
16.6,3.465
16.605,3.465
16.61,3.465
16.615,3.465
16.62,3.465
16.625,3.465
16.63,3.465
16.635,3.465
16.64,3.465
16.645,3.465
16.65,3.465
16.655,3.465
16.66,3.465
16.665,3.465
16.67,3.465
16.675,3.465
16.68,3.465
16.685,3.465
16.69,3.465
16.695,3.465021
16.7,3.465098
16.705,3.465216
16.71,3.46534
16.715,3.465441
16.72,3.465506
16.725,3.465536
16.73,3.46554
16.735,3.46553
16.74,3.465516
16.745,3.465503
16.75,3.465496
16.755,3.465493
16.76,3.465493
16.765,3.465495
16.77,3.465498
16.775,3.4655
16.78,3.465501
16.785,3.465501
16.79,3.465501
16.795,3.465506
16.8,3.465556
16.805,3.465659
16.81,3.465784
16.815,3.465898
16.82,3.46598
16.825,3.466026
16.83,3.466047
16.835,3.466096
16.84,3.466189
16.845,3.4663
16.85,3.466403
16.855,3.466478
16.86,3.466527
16.865,3.466597
16.87,3.4667
16.875,3.466815
16.88,3.466914
16.885,3.466985
16.89,3.467023
16.895,3.467052
16.9,3.467121
16.905,3.467227
16.91,3.467339
16.915,3.467434
16.92,3.467497
16.925,3.467528
16.93,3.467535
16.935,3.467541
16.94,3.467596
16.945,3.467698
16.95,3.467815
16.955,3.467919
16.96,3.46799
16.965,3.468028
16.97,3.468038
16.975,3.468032
16.98,3.468019
16.985,3.468007
16.99,3.46802
16.995,3.468096
17,3.468214
17.005,3.468339
17.01,3.468441
17.015,3.468507
17.02,3.468537
17.025,3.468541
17.03,3.468531
17.035,3.468524
17.04,3.468571
17.045,3.468671
17.05,3.468794
17.055,3.468905
17.06,3.468984
17.065,3.469027
17.07,3.46904
17.075,3.469035
17.08,3.469026
17.085,3.469062
17.09,3.469155
17.095,3.469275
17.1,3.469389
17.105,3.469473
17.11,3.469522
17.115,3.469539
17.12,3.469536
17.125,3.469524
17.13,3.46951
17.135,3.4695
17.14,3.469494
17.145,3.469493
17.15,3.469494
17.155,3.469524
17.16,3.469611
17.165,3.469734
17.17,3.469857
17.175,3.469953
17.18,3.470013
17.185,3.470038
17.19,3.470039
17.195,3.470028
17.2,3.470014
17.205,3.470002
17.21,3.469995
17.215,3.469993
17.22,3.469993
17.225,3.469996
17.23,3.469998
17.235,3.47
17.24,3.470001
17.245,3.470001
17.25,3.470001
17.255,3.470001
17.26,3.47
17.265,3.47
17.27,3.47
17.275,3.47
17.28,3.47
17.285,3.47
17.29,3.47
17.295,3.47
17.3,3.47
17.305,3.47
17.31,3.47
17.315,3.47
17.32,3.47
17.325,3.47
17.33,3.47
17.335,3.47001
17.34,3.470073
17.345,3.470183
17.35,3.470309
17.355,3.470418
17.36,3.470492
17.365,3.470531
17.37,3.470541
17.375,3.470533
17.38,3.47052
17.385,3.470506
17.39,3.470497
17.395,3.470493
17.4,3.470493
17.405,3.470495
17.41,3.470497
17.415,3.470499
17.42,3.470501
17.425,3.470501
17.43,3.470501
17.435,3.470501
17.44,3.470525
17.445,3.470606
17.45,3.470726
17.455,3.470849
17.46,3.470947
17.465,3.471009
17.47,3.471041
17.475,3.471092
17.48,3.471183
17.485,3.471294
17.49,3.471397
17.495,3.471473
17.5,3.471538
17.505,3.471632
17.51,3.471748
17.515,3.471861
17.52,3.47195
17.525,3.472005
17.53,3.472031
17.535,3.472034
17.54,3.472025
17.545,3.472013
17.55,3.472025
17.555,3.472098
17.56,3.472215
17.565,3.472338
17.57,3.47244
17.575,3.472506
17.58,3.472536
17.585,3.472541
17.59,3.472531
17.595,3.472516
17.6,3.472504
17.605,3.472496
17.61,3.472493
17.615,3.472493
17.62,3.472495
17.625,3.472508
17.63,3.472572
17.635,3.472684
17.64,3.47281
17.645,3.472919
17.65,3.472993
17.655,3.473031
17.66,3.473041
17.665,3.473033
17.67,3.473019
17.675,3.473006
17.68,3.472997
17.685,3.472993
17.69,3.472993
17.695,3.473017
17.7,3.473099
17.705,3.47322
17.71,3.473345
17.715,3.473445
17.72,3.473509
17.725,3.473537
17.73,3.47354
17.735,3.47353
17.74,3.473515
17.745,3.473503
17.75,3.473495
17.755,3.473493
17.76,3.473499
17.765,3.473554
17.77,3.473662
17.775,3.473789
17.78,3.473903
17.785,3.473984
17.79,3.474028
17.795,3.474041
17.8,3.474036
17.805,3.474022
17.81,3.474008
17.815,3.473998
17.82,3.473993
17.825,3.473993
17.83,3.473994
17.835,3.473998
17.84,3.474034
17.845,3.474127
17.85,3.47425
17.855,3.47437
17.86,3.474462
17.865,3.474517
17.87,3.474539
17.875,3.474538
17.88,3.474526
17.885,3.474512
17.89,3.474501
17.895,3.474495
17.9,3.474493
17.905,3.474494
17.91,3.474496
17.915,3.474498
17.92,3.4745
17.925,3.474501
17.93,3.474502
17.935,3.474537
17.94,3.474629
17.945,3.474752
17.95,3.474871
17.955,3.474962
17.96,3.475017
17.965,3.475039
17.97,3.475038
17.975,3.475026
17.98,3.475012
17.985,3.475001
17.99,3.474995
17.995,3.474993
18,3.474994
18.005,3.474996
18.01,3.474998
18.015,3.475
18.02,3.475001
18.025,3.475011
18.03,3.475072
18.035,3.475181
18.04,3.475307
18.045,3.475416
18.05,3.475491
18.055,3.47553
18.06,3.475541
18.065,3.475534
18.07,3.47552
18.075,3.475507
18.08,3.475497
18.085,3.475493
18.09,3.475493
18.095,3.475495
18.1,3.475497
18.105,3.475499
18.11,3.475501
18.115,3.475501
18.12,3.475501
18.125,3.475501
18.13,3.475517
18.135,3.475588
18.14,3.475703
18.145,3.475828
18.15,3.475932
18.155,3.476001
18.16,3.476034
18.165,3.47604
18.17,3.476031
18.175,3.476017
18.18,3.476005
18.185,3.475996
18.19,3.475993
18.195,3.475993
18.2,3.475995
18.205,3.475998
18.21,3.476001
18.215,3.476036
18.22,3.476127
18.225,3.47625
18.23,3.47637
18.235,3.476461
18.24,3.476517
18.245,3.476539
18.25,3.476538
18.255,3.476526
18.26,3.476512
18.265,3.476501
18.27,3.476495
18.275,3.476493
18.28,3.476495
18.285,3.476534
18.29,3.476629
18.295,3.476754
18.3,3.476874
18.305,3.476965
18.31,3.477019
18.315,3.47704
18.32,3.47704
18.325,3.477064
18.33,3.477142
18.335,3.477254
18.34,3.477368
18.345,3.477457
18.35,3.477512
18.355,3.477535
18.36,3.477537
18.365,3.477526
18.37,3.477519
18.375,3.477561
18.38,3.477659
18.385,3.477782
18.39,3.477896
18.395,3.477979
18.4,3.478025
18.405,3.478043
18.41,3.478078
18.415,3.47816
18.42,3.478271
18.425,3.478379
18.43,3.478462
18.435,3.478522
18.44,3.478603
18.445,3.478712
18.45,3.478828
18.455,3.478925
18.46,3.478991
18.465,3.479025
18.47,3.479034
18.475,3.479028
18.48,3.479016
18.485,3.479005
18.49,3.478998
18.495,3.478994
18.5,3.478994
18.505,3.478995
18.51,3.478998
18.515,3.478999
18.52,3.479003
18.525,3.479047
18.53,3.479145
18.535,3.47927
18.54,3.479386
18.545,3.479473
18.55,3.479522
18.555,3.47954
18.56,3.479537
18.565,3.479524
18.57,3.47951
18.575,3.4795
18.58,3.479494
18.585,3.479493
18.59,3.479494
18.595,3.479496
18.6,3.479499
18.605,3.4795
18.61,3.479501
18.615,3.479501
18.62,3.479501
18.625,3.4795
18.63,3.4795
18.635,3.4795
18.64,3.4795
18.645,3.4795
18.65,3.4795
18.655,3.4795
18.66,3.4795
18.665,3.4795
18.67,3.4795
18.675,3.4795
18.68,3.4795
18.685,3.4795
18.69,3.4795
18.695,3.4795
18.7,3.4795
18.705,3.4795
18.71,3.4795
18.715,3.4795
18.72,3.4795
18.725,3.4795
18.73,3.4795
18.735,3.4795
18.74,3.4795
18.745,3.479521
18.75,3.479598
18.755,3.479716
18.76,3.47984
18.765,3.479941
18.77,3.480006
18.775,3.480036
18.78,3.48004
18.785,3.480032
18.79,3.480059
18.795,3.480143
18.8,3.48026
18.805,3.480375
18.81,3.480465
18.815,3.480559
18.82,3.480677
18.825,3.480801
18.83,3.480907
18.835,3.480982
18.84,3.481035
18.845,3.481115
18.85,3.481224
18.855,3.481337
18.86,3.481432
18.865,3.481495
18.87,3.481527
18.875,3.481547
18.88,3.481606
18.885,3.481706
18.89,3.481821
18.895,3.48192
18.9,3.48199
18.905,3.482026
18.91,3.482036
18.915,3.482035
18.92,3.482072
18.925,3.482163
18.93,3.48228
18.935,3.48239
18.94,3.482473
18.945,3.48252
18.95,3.482538
18.955,3.482537
18.96,3.482564
18.965,3.482645
18.97,3.482759
18.975,3.482872
18.98,3.48296
18.985,3.483014
18.99,3.483036
18.995,3.483036
19,3.483026
19.005,3.483012
19.01,3.483001
19.015,3.482995
19.02,3.482993
19.025,3.482994
19.03,3.482996
19.035,3.482998
19.04,3.483
19.045,3.483001
19.05,3.483001
19.055,3.483001
19.06,3.483008
19.065,3.483066
19.07,3.483173
19.075,3.483299
19.08,3.48341
19.085,3.483488
19.09,3.483529
19.095,3.483541
19.1,3.483534
19.105,3.483521
19.11,3.483507
19.115,3.483498
19.12,3.483493
19.125,3.483493
19.13,3.483495
19.135,3.483497
19.14,3.483499
19.145,3.483501
19.15,3.483501
19.155,3.483501
19.16,3.483501
19.165,3.4835
19.17,3.4835
19.175,3.4835
19.18,3.4835
19.185,3.4835
19.19,3.4835
19.195,3.4835
19.2,3.4835
19.205,3.4835
19.21,3.4835
19.215,3.4835
19.22,3.4835
19.225,3.4835
19.23,3.4835
19.235,3.483501
19.24,3.483536
19.245,3.483628
19.25,3.483752
19.255,3.483871
19.26,3.483963
19.265,3.484017
19.27,3.484039
19.275,3.484038
19.28,3.484026
19.285,3.484012
19.29,3.484001
19.295,3.483994
19.3,3.483993
19.305,3.483994
19.31,3.483996
19.315,3.483998
19.32,3.484
19.325,3.484001
19.33,3.484001
19.335,3.484001
19.34,3.484002
19.345,3.484041
19.35,3.484135
19.355,3.484259
19.36,3.484377
19.365,3.484467
19.37,3.484519
19.375,3.484539
19.38,3.484538
19.385,3.484525
19.39,3.484511
19.395,3.4845
19.4,3.484494
19.405,3.484493
19.41,3.484494
19.415,3.484496
19.42,3.484501
19.425,3.484542
19.43,3.484638
19.435,3.484763
19.44,3.484881
19.445,3.484969
19.45,3.48502
19.455,3.48504
19.46,3.485037
19.465,3.485025
19.47,3.485011
19.475,3.485
19.48,3.484994
19.485,3.484993
19.49,3.484994
19.495,3.484996
19.5,3.485019
19.505,3.485098
19.51,3.485217
19.515,3.485341
19.52,3.485441
19.525,3.485506
19.53,3.485536
19.535,3.48554
19.54,3.48553
19.545,3.485516
19.55,3.485503
19.555,3.485496
19.56,3.485493
19.565,3.485493
19.57,3.485495
19.575,3.485498
19.58,3.485523
19.585,3.485605
19.59,3.485725
19.595,3.485848
19.6,3.485946
19.605,3.486009
19.61,3.486037
19.615,3.48604
19.62,3.486029
19.625,3.486015
19.63,3.486003
19.635,3.485995
19.64,3.485993
19.645,3.485993
19.65,3.485996
19.655,3.485998
19.66,3.486
19.665,3.486008
19.67,3.486065
19.675,3.486172
19.68,3.486297
19.685,3.486408
19.69,3.486486
19.695,3.486528
19.7,3.486541
19.705,3.486534
19.71,3.486521
19.715,3.486507
19.72,3.486498
19.725,3.486493
19.73,3.486493
19.735,3.486494
19.74,3.486497
19.745,3.486499
19.75,3.486519
19.755,3.486595
19.76,3.486712
19.765,3.486836
19.77,3.486938
19.775,3.487004
19.78,3.487035
19.785,3.48704
19.79,3.48703
19.795,3.487016
19.8,3.487004
19.805,3.486996
19.81,3.486993
19.815,3.486993
19.82,3.486995
19.825,3.486999
19.83,3.487039
19.835,3.487134
19.84,3.487258
19.845,3.487376
19.85,3.487466
19.855,3.487519
19.86,3.487539
19.865,3.487538
19.87,3.487525
19.875,3.487511
19.88,3.4875
19.885,3.487494
19.89,3.487493
19.895,3.487494
19.9,3.487496
19.905,3.487509
19.91,3.487573
19.915,3.487684
19.92,3.48781
19.925,3.487918
19.93,3.487993
19.935,3.488031
19.94,3.488041
19.945,3.488033
19.95,3.488019
19.955,3.488006
19.96,3.487997
19.965,3.487993
19.97,3.487993
19.975,3.487995
19.98,3.487997
19.985,3.487999
19.99,3.488001
19.995,3.488021
20,3.488097
20.005,3.488214
20.01,3.488338
20.015,3.488439
20.02,3.488505
20.025,3.488535
20.03,3.48854
20.035,3.48853
20.04,3.488516
20.045,3.488504
20.05,3.488496
20.055,3.488493
20.06,3.488493
20.065,3.488495
20.07,3.488498
20.075,3.488501
20.08,3.488537
20.085,3.488629
20.09,3.488753
20.095,3.488872
20.1,3.488963
20.105,3.489017
20.11,3.489039
20.115,3.489038
20.12,3.489026
20.125,3.489012
20.13,3.489001
20.135,3.488995
20.14,3.488993
20.145,3.488994
20.15,3.488996
20.155,3.488998
20.16,3.489007
20.165,3.489065
20.17,3.489172
20.175,3.489298
20.18,3.489409
20.185,3.489487
20.19,3.489528
20.195,3.489541
20.2,3.489534
20.205,3.489521
20.21,3.489507
20.215,3.489498
20.22,3.489493
20.225,3.489493
20.23,3.489495
20.235,3.489498
20.24,3.489529
20.245,3.489618
20.25,3.48974
20.255,3.489861
20.26,3.489956
20.265,3.490014
20.27,3.490038
20.275,3.490039
20.28,3.490027
20.285,3.490013
20.29,3.490002
20.295,3.489995
20.3,3.489993
20.305,3.489994
20.31,3.489996
20.315,3.489998
20.32,3.49
20.325,3.490003
20.33,3.490043
20.335,3.490138
20.34,3.490262
20.345,3.49038
20.35,3.490468
20.355,3.49052
20.36,3.490539
20.365,3.490537
20.37,3.490525
20.375,3.490511
20.38,3.4905
20.385,3.490494
20.39,3.490493
20.395,3.490494
20.4,3.490496
20.405,3.490499
20.41,3.490511
20.415,3.490575
20.42,3.490687
20.425,3.490812
20.43,3.49092
20.435,3.490994
20.44,3.491031
20.445,3.491041
20.45,3.491033
20.455,3.491019
20.46,3.491006
20.465,3.490997
20.47,3.490993
20.475,3.490993
20.48,3.490995
20.485,3.491016
20.49,3.491093
20.495,3.491212
20.5,3.491336
20.505,3.491438
20.51,3.491504
20.515,3.491535
20.52,3.49154
20.525,3.491531
20.53,3.491516
20.535,3.491504
20.54,3.491496
20.545,3.491493
20.55,3.491493
20.555,3.491495
20.56,3.491498
20.565,3.4915
20.57,3.491501
20.575,3.491504
20.58,3.491544
20.585,3.49164
20.59,3.491764
20.595,3.491882
20.6,3.49197
20.605,3.492021
20.61,3.49204
20.615,3.492037
20.62,3.492025
20.625,3.492011
20.63,3.492
20.635,3.491994
20.64,3.491993
20.645,3.491994
20.65,3.491996
20.655,3.491999
20.66,3.492008
20.665,3.492067
20.67,3.492175
20.675,3.4923
20.68,3.49241
20.685,3.492488
20.69,3.492529
20.695,3.492541
20.7,3.492534
20.705,3.492521
20.71,3.492507
20.715,3.492498
20.72,3.492493
20.725,3.492493
20.73,3.492495
20.735,3.492504
20.74,3.492561
20.745,3.492669
20.75,3.492795
20.755,3.492907
20.76,3.492986
20.765,3.493028
20.77,3.493041
20.775,3.493035
20.78,3.493021
20.785,3.493008
20.79,3.492998
20.795,3.492993
20.8,3.492993
20.805,3.492994
20.81,3.492997
20.815,3.493009
20.82,3.493073
20.825,3.493184
20.83,3.49331
20.835,3.493418
20.84,3.493493
20.845,3.493531
20.85,3.493541
20.855,3.493533
20.86,3.493519
20.865,3.493506
20.87,3.493497
20.875,3.493493
20.88,3.493493
20.885,3.493495
20.89,3.493497
20.895,3.493499
20.9,3.493501
20.905,3.493501
20.91,3.493511
20.915,3.493573
20.92,3.493684
20.925,3.493809
20.93,3.493917
20.935,3.493992
20.94,3.494031
20.945,3.494041
20.95,3.494033
20.955,3.49402
20.96,3.494006
20.965,3.493997
20.97,3.493993
20.975,3.493993
20.98,3.493995
20.985,3.493998
20.99,3.494034
20.995,3.494127
21,3.49425
21.005,3.49437
21.01,3.494462
21.015,3.494517
21.02,3.494539
21.025,3.494538
21.03,3.494526
21.035,3.494512
21.04,3.494501
21.045,3.494495
21.05,3.494493
21.055,3.494494
21.06,3.494496
21.065,3.494498
21.07,3.4945
21.075,3.494522
21.08,3.494599
21.085,3.494717
21.09,3.49484
21.095,3.494941
21.1,3.495006
21.105,3.495036
21.11,3.49504
21.115,3.49503
21.12,3.495016
21.125,3.495003
21.13,3.494996
21.135,3.494993
21.14,3.494993
21.145,3.494995
21.15,3.494998
21.155,3.495
21.16,3.49501
21.165,3.495072
21.17,3.495182
21.175,3.495307
21.18,3.495416
21.185,3.495491
21.19,3.49553
21.195,3.495541
21.2,3.495534
21.205,3.49552
21.21,3.495506
21.215,3.495497
21.22,3.495493
21.225,3.495502
21.23,3.495564
21.235,3.495675
21.24,3.495803
21.245,3.495914
21.25,3.495991
21.255,3.496031
21.26,3.496042
21.265,3.496034
21.27,3.49602
21.275,3.496007
21.28,3.495997
21.285,3.495993
21.29,3.495993
21.295,3.495995
21.3,3.495997
21.305,3.496006
21.31,3.496061
21.315,3.496167
21.32,3.496293
21.325,3.496405
21.33,3.496484
21.335,3.496527
21.34,3.496541
21.345,3.496535
21.35,3.496521
21.355,3.496508
21.36,3.496498
21.365,3.496493
21.37,3.496493
21.375,3.496494
21.38,3.496497
21.385,3.496499
21.39,3.4965
21.395,3.496503
21.4,3.496542
21.405,3.496636
21.41,3.49676
21.415,3.496878
21.42,3.496967
21.425,3.497019
21.43,3.497039
21.435,3.497038
21.44,3.497025
21.445,3.497011
21.45,3.497
21.455,3.496994
21.46,3.496993
21.465,3.496994
21.47,3.496996
21.475,3.496999
21.48,3.497
21.485,3.497001
21.49,3.497005
21.495,3.49705
21.5,3.49715
21.505,3.497274
21.51,3.49739
21.515,3.497475
21.52,3.497523
21.525,3.49754
21.53,3.497536
21.535,3.497524
21.54,3.49751
21.545,3.497499
21.55,3.497494
21.555,3.497493
21.56,3.497494
21.565,3.497496
21.57,3.497499
21.575,3.497501
21.58,3.497535
21.585,3.497625
21.59,3.497747
21.595,3.497867
21.6,3.49796
21.605,3.498016
21.61,3.498038
21.615,3.498038
21.62,3.498027
21.625,3.498012
21.63,3.498001
21.635,3.497995
21.64,3.497993
21.645,3.497994
21.65,3.497996
21.655,3.498
21.66,3.498039
21.665,3.498134
21.67,3.498258
21.675,3.498376
21.68,3.498466
21.685,3.498519
21.69,3.498539
21.695,3.498538
21.7,3.498525
21.705,3.498511
21.71,3.4985
21.715,3.498494
21.72,3.498493
21.725,3.498494
21.73,3.498496
21.735,3.498499
21.74,3.4985
21.745,3.498525
21.75,3.498605
21.755,3.498724
21.76,3.498847
21.765,3.498946
21.77,3.499008
21.775,3.499036
21.78,3.49904
21.785,3.499029
21.79,3.499015
21.795,3.499003
21.8,3.498995
21.805,3.499009
21.81,3.499081
21.815,3.499199
21.82,3.499326
21.825,3.499432
21.83,3.499502
21.835,3.499535
21.84,3.499541
21.845,3.499532
21.85,3.499518
21.855,3.499505
21.86,3.499496
21.865,3.499493
21.87,3.499493
21.875,3.499495
21.88,3.499507
21.885,3.49957
21.89,3.499682
21.895,3.499808
21.9,3.499917
21.905,3.499992
21.91,3.500031
21.915,3.500041
21.92,3.500034
21.925,3.50002
21.93,3.500006
21.935,3.499997
21.94,3.499993
21.945,3.499993
21.95,3.499995
21.955,3.500012
21.96,3.500083
21.965,3.500199
21.97,3.500324
21.975,3.50043
21.98,3.5005
21.985,3.500534
21.99,3.500541
21.995,3.500532
22,3.500518
22.005,3.500505
22.01,3.50051
22.015,3.500575
22.02,3.500689
22.025,3.500816
22.03,3.500924
22.035,3.500997
22.04,3.501034
22.045,3.501042
22.05,3.501033
22.055,3.501019
22.06,3.501005
22.065,3.501009
22.07,3.501071
22.075,3.501184
22.08,3.501311
22.085,3.50142
22.09,3.501495
22.095,3.501533
22.1,3.501542
22.105,3.501534
22.11,3.501519
22.115,3.501506
22.12,3.501497
22.125,3.501493
22.13,3.501493
22.135,3.501499
22.14,3.501551
22.145,3.501656
22.15,3.501782
22.155,3.501897
22.16,3.50198
22.165,3.502026
22.17,3.502041
22.175,3.502036
22.18,3.502023
22.185,3.502009
22.19,3.501999
22.195,3.501994
22.2,3.501993
22.205,3.501994
22.21,3.501997
22.215,3.501999
22.22,3.502
22.225,3.502001
22.23,3.502001
22.235,3.502001
22.24,3.502
22.245,3.502
22.25,3.502
22.255,3.502
22.26,3.502
22.265,3.502
22.27,3.502
22.275,3.502
22.28,3.502
22.285,3.502
22.29,3.502005
22.295,3.502057
22.3,3.502161
22.305,3.502287
22.31,3.5024
22.315,3.502482
22.32,3.502526
22.325,3.502541
22.33,3.502536
22.335,3.502522
22.34,3.502508
22.345,3.502499
22.35,3.502494
22.355,3.502493
22.36,3.502494
22.365,3.502497
22.37,3.502499
22.375,3.5025
22.38,3.502501
22.385,3.502501
22.39,3.502501
22.395,3.5025
22.4,3.5025
22.405,3.5025
22.41,3.5025
22.415,3.502507
22.42,3.502564
22.425,3.502671
22.43,3.502797
22.435,3.502908
22.44,3.502987
22.445,3.503028
22.45,3.503041
22.455,3.503035
22.46,3.503021
22.465,3.503007
22.47,3.502998
22.475,3.502993
22.48,3.502993
22.485,3.502994
22.49,3.502997
22.495,3.502999
22.5,3.503025
22.505,3.503107
22.51,3.503227
22.515,3.50335
22.52,3.503448
22.525,3.503509
22.53,3.503537
22.535,3.503539
22.54,3.503529
22.545,3.503515
22.55,3.503503
22.555,3.503495
22.56,3.503493
22.565,3.503493
22.57,3.503496
22.575,3.503499
22.58,3.503535
22.585,3.503627
22.59,3.50375
22.595,3.50387
22.6,3.503962
22.605,3.504017
22.61,3.504039
22.615,3.504038
22.62,3.504026
22.625,3.504012
22.63,3.504001
22.635,3.503995
22.64,3.503993
22.645,3.503994
22.65,3.503996
22.655,3.503998
22.66,3.504008
22.665,3.504066
22.67,3.504175
22.675,3.5043
22.68,3.504411
22.685,3.504488
22.69,3.504529
22.695,3.504541
22.7,3.504534
22.705,3.504521
22.71,3.504507
22.715,3.504498
22.72,3.504493
22.725,3.504493
22.73,3.504495
22.735,3.504497
22.74,3.504499
22.745,3.504521
22.75,3.504599
22.755,3.504717
22.76,3.50484
22.765,3.504941
22.77,3.505006
22.775,3.505036
22.78,3.50504
22.785,3.50503
22.79,3.505016
22.795,3.505003
22.8,3.504996
22.805,3.504993
22.81,3.505013
22.815,3.505091
22.82,3.505211
22.825,3.505337
22.83,3.50544
22.835,3.505506
22.84,3.505536
22.845,3.505541
22.85,3.505531
22.855,3.505516
22.86,3.505504
22.865,3.505496
22.87,3.505493
22.875,3.505493
22.88,3.505495
22.885,3.5055
22.89,3.505542
22.895,3.505638
22.9,3.505763
22.905,3.505881
22.91,3.505969
22.915,3.50602
22.92,3.50604
22.925,3.506037
22.93,3.506025
22.935,3.506011
22.94,3.506
22.945,3.505994
22.95,3.505993
22.955,3.505994
22.96,3.506023
22.965,3.506109
22.97,3.506231
22.975,3.506354
22.98,3.506452
22.985,3.506512
22.99,3.506538
22.995,3.50654
23,3.506528
23.005,3.506514
23.01,3.506502
23.015,3.506495
23.02,3.506493
23.025,3.506493
23.03,3.506497
23.035,3.506536
23.04,3.50663
23.045,3.506755
23.05,3.506874
23.055,3.506965
23.06,3.507019
23.065,3.507039
23.07,3.507038
23.075,3.507026
23.08,3.507012
23.085,3.507
23.09,3.506994
23.095,3.506993
23.1,3.506998
23.105,3.50705
23.11,3.507155
23.115,3.507282
23.12,3.507397
23.125,3.50748
23.13,3.507526
23.135,3.507541
23.14,3.507536
23.145,3.507523
23.15,3.507509
23.155,3.507499
23.16,3.507494
23.165,3.507493
23.17,3.507494
23.175,3.507497
23.18,3.507501
23.185,3.507542
23.19,3.507639
23.195,3.507763
23.2,3.507881
23.205,3.507969
23.21,3.50802
23.215,3.50804
23.22,3.508037
23.225,3.508025
23.23,3.508011
23.235,3.508
23.24,3.507994
23.245,3.507993
23.25,3.507994
23.255,3.507996
23.26,3.507999
23.265,3.508
23.27,3.508001
23.275,3.508003
23.28,3.508041
23.285,3.508136
23.29,3.508259
23.295,3.508377
23.3,3.508467
23.305,3.508519
23.31,3.508539
23.315,3.508538
23.32,3.508525
23.325,3.508511
23.33,3.5085
23.335,3.508494
23.34,3.508493
23.345,3.508494
23.35,3.508496
23.355,3.508499
23.36,3.5085
23.365,3.508501
23.37,3.508501
23.375,3.508502
23.38,3.508533
23.385,3.508622
23.39,3.508744
23.395,3.508864
23.4,3.508958
23.405,3.509015
23.41,3.509038
23.415,3.509039
23.42,3.509027
23.425,3.509013
23.43,3.509001
23.435,3.508995
23.44,3.508993
23.445,3.508994
23.45,3.508996
23.455,3.508998
23.46,3.509
23.465,3.509001
23.47,3.509001
23.475,3.509001
23.48,3.509001
23.485,3.509
23.49,3.509012
23.495,3.509078
23.5,3.509191
23.505,3.509316
23.51,3.509423
23.515,3.509496
23.52,3.509532
23.525,3.509541
23.53,3.509533
23.535,3.509519
23.54,3.509506
23.545,3.509497
23.55,3.509493
23.555,3.509493
23.56,3.509495
23.565,3.509497
23.57,3.509499
23.575,3.509501
23.58,3.509501
23.585,3.509501
23.59,3.509501
23.595,3.5095
23.6,3.5095
23.605,3.5095
23.61,3.5095
23.615,3.5095
23.62,3.5095
23.625,3.5095
23.63,3.509515
23.635,3.509584
23.64,3.509698
23.645,3.509823
23.65,3.509928
23.655,3.509999
23.66,3.510033
23.665,3.510041
23.67,3.510032
23.675,3.510018
23.68,3.510005
23.685,3.509997
23.69,3.509993
23.695,3.509993
23.7,3.509995
23.705,3.509997
23.71,3.509999
23.715,3.510001
23.72,3.510001
23.725,3.510003
23.73,3.510043
23.735,3.510138
23.74,3.510262
23.745,3.51038
23.75,3.510468
23.755,3.51052
23.76,3.51054
23.765,3.510537
23.77,3.510525
23.775,3.510511
23.78,3.5105
23.785,3.510494
23.79,3.510493
23.795,3.510494
23.8,3.510497
23.805,3.510528
23.81,3.510615
23.815,3.510737
23.82,3.510859
23.825,3.510954
23.83,3.511013
23.835,3.511038
23.84,3.511039
23.845,3.511028
23.85,3.511013
23.855,3.511002
23.86,3.510995
23.865,3.510993
23.87,3.510993
23.875,3.510996
23.88,3.511016
23.885,3.511092
23.89,3.511209
23.895,3.511334
23.9,3.511436
23.905,3.511503
23.91,3.511535
23.915,3.51154
23.92,3.511531
23.925,3.511516
23.93,3.511504
23.935,3.511496
23.94,3.511493
23.945,3.511493
23.95,3.511504
23.955,3.511567
23.96,3.511678
23.965,3.511805
23.97,3.511915
23.975,3.511991
23.98,3.512031
23.985,3.512041
23.99,3.512034
23.995,3.51202
24,3.512007
24.005,3.511997
24.01,3.511993
24.015,3.511993
24.02,3.511995
24.025,3.511997
24.03,3.512008
24.035,3.512068
24.04,3.512177
24.045,3.512303
24.05,3.512413
24.055,3.512489
24.06,3.512529
24.065,3.512541
24.07,3.512534
24.075,3.51252
24.08,3.512507
24.085,3.512498
24.09,3.512493
24.095,3.512493
24.1,3.512495
24.105,3.512497
24.11,3.512499
24.115,3.512501
24.12,3.512501
24.125,3.512501
24.13,3.512501
24.135,3.5125
24.14,3.5125
24.145,3.5125
24.15,3.5125
24.155,3.5125
24.16,3.5125
24.165,3.5125
24.17,3.5125
24.175,3.5125
24.18,3.5125
24.185,3.5125
24.19,3.5125
24.195,3.5125
24.2,3.5125
24.205,3.5125
24.21,3.5125
24.215,3.5125
24.22,3.5125
24.225,3.5125
24.23,3.5125
24.235,3.5125
24.24,3.5125
24.245,3.5125
24.25,3.5125
24.255,3.5125
24.26,3.5125
24.265,3.5125
24.27,3.5125
24.275,3.5125
24.28,3.5125
24.285,3.5125
24.29,3.5125
24.295,3.5125
24.3,3.5125
24.305,3.5125
24.31,3.5125
24.315,3.5125
24.32,3.5125
24.325,3.5125
24.33,3.5125
24.335,3.5125
24.34,3.5125
24.345,3.5125
24.35,3.5125
24.355,3.5125
24.36,3.5125
24.365,3.512493
24.37,3.512438
24.375,3.512332
24.38,3.512206
24.385,3.512094
24.39,3.512015
24.395,3.511972
24.4,3.511959
24.405,3.511965
24.41,3.511979
24.415,3.511992
24.42,3.512002
24.425,3.512007
24.43,3.512007
24.435,3.512006
24.44,3.512003
24.445,3.512001
24.45,3.512
24.455,3.511999
24.46,3.511999
24.465,3.511999
24.47,3.512
24.475,3.512
24.48,3.512
24.485,3.512
24.49,3.512
24.495,3.512
24.5,3.512
24.505,3.512
24.51,3.512
24.515,3.512
24.52,3.512
24.525,3.512
24.53,3.512
24.535,3.512
24.54,3.512
24.545,3.512
24.55,3.512
24.555,3.512
24.56,3.512
24.565,3.512
24.57,3.512
24.575,3.512
24.58,3.512
24.585,3.512
24.59,3.512
24.595,3.512
24.6,3.512
24.605,3.512
24.61,3.512
24.615,3.512001
24.62,3.51203
24.625,3.512117
24.63,3.512239
24.635,3.51236
24.64,3.512455
24.645,3.512513
24.65,3.512538
24.655,3.512539
24.66,3.512528
24.665,3.512513
24.67,3.512502
24.675,3.512495
24.68,3.512493
24.685,3.512494
24.69,3.512496
24.695,3.512498
24.7,3.5125
24.705,3.512501
24.71,3.512501
24.715,3.512501
24.72,3.512501
24.725,3.5125
24.73,3.5125
24.735,3.512503
24.74,3.512549
24.745,3.512649
24.75,3.512774
24.755,3.512894
24.76,3.513024
24.765,3.513189
24.77,3.513402
24.775,3.513655
24.78,3.513933
24.785,3.514192
24.79,3.514423
24.795,3.514635
24.8,3.514822
24.805,3.51501
24.81,3.515193
24.815,3.515348
24.82,3.515469
24.825,3.515593
24.83,3.515726
24.835,3.51585
24.84,3.515951
24.845,3.516067
24.85,3.516201
24.855,3.51633
24.86,3.516433
24.865,3.516516
24.87,3.51662
24.875,3.516742
24.88,3.516859
24.885,3.516953
24.89,3.517058
24.895,3.517185
24.9,3.517313
24.905,3.517419
24.91,3.51749
24.915,3.517527
24.92,3.517536
24.925,3.51753
24.93,3.517517
24.935,3.517505
24.94,3.517497
24.945,3.517494
24.95,3.517493
24.955,3.517495
24.96,3.517497
24.965,3.517499
24.97,3.517501
24.975,3.517501
24.98,3.517501
24.985,3.517501
24.99,3.5175
24.995,3.5175
25,3.5175
25.005,3.5175
25.01,3.517477
25.015,3.517398
25.02,3.517279
25.025,3.517156
25.03,3.517056
25.035,3.516993
25.04,3.516964
25.045,3.516959
25.05,3.516938
25.055,3.516863
25.06,3.516734
25.065,3.516546
25.07,3.516338
25.075,3.516157
25.08,3.516029
25.085,3.515946
25.09,3.515856
25.095,3.51575
25.1,3.515646
25.105,3.515561
25.11,3.515505
25.115,3.515477
25.12,3.515471
25.125,3.515477
25.13,3.515487
25.135,3.515495
25.14,3.515467
25.145,3.515379
25.15,3.515256
25.155,3.515131
25.16,3.51499
25.165,3.514832
25.17,3.514684
25.175,3.514569
25.18,3.514485
25.185,3.514387
25.19,3.51427
25.195,3.514155
25.2,3.514063
25.205,3.514002
25.21,3.513941
25.215,3.513846
25.22,3.51373
25.225,3.513621
25.23,3.513538
25.235,3.513488
25.24,3.513468
25.245,3.513467
25.25,3.513477
25.255,3.513489
25.26,3.513499
25.265,3.513505
25.27,3.513506
25.275,3.513506
25.28,3.513504
25.285,3.513501
25.29,3.5135
25.295,3.513499
25.3,3.513499
25.305,3.513499
25.31,3.5135
25.315,3.5135
25.32,3.5135
25.325,3.5135
25.33,3.5135
25.335,3.5135
25.34,3.5135
25.345,3.5135
25.35,3.5135
25.355,3.5135
25.36,3.5135
25.365,3.5135
25.37,3.5135
25.375,3.513505
25.38,3.513554
25.385,3.513656
25.39,3.513782
25.395,3.51392
25.4,3.514101
25.405,3.514341
25.41,3.514598
25.415,3.514859
25.42,3.515109
25.425,3.515335
25.43,3.515553
25.435,3.515777
25.44,3.51602
25.445,3.516294
25.45,3.516585
25.455,3.516905
25.46,3.517253
25.465,3.517604
25.47,3.517949
25.475,3.518289
25.48,3.5186
25.485,3.518884
25.49,3.519136
25.495,3.519337
25.5,3.519511
25.505,3.519677
25.51,3.519822
25.515,3.519932
25.52,3.519999
25.525,3.520034
25.53,3.520085
25.535,3.520176
25.54,3.520288
25.545,3.520392
25.55,3.520471
25.555,3.520516
25.56,3.520534
25.565,3.520532
25.57,3.520522
25.575,3.520509
25.58,3.5205
25.585,3.520495
25.59,3.520494
25.595,3.520495
25.6,3.520497
25.605,3.520499
25.61,3.5205
25.615,3.520501
25.62,3.520501
25.625,3.520501
25.63,3.520495
25.635,3.520441
25.64,3.520336
25.645,3.520211
25.65,3.520081
25.655,3.519929
25.66,3.51977
25.665,3.519631
25.67,3.519524
25.675,3.519408
25.68,3.519259
25.685,3.519059
25.69,3.518845
25.695,3.51866
25.7,3.518531
25.705,3.518461
25.71,3.518438
25.715,3.518446
25.72,3.518464
25.725,3.518442
25.73,3.518358
25.735,3.518239
25.74,3.518085
25.745,3.517901
25.75,3.517723
25.755,3.517556
25.76,3.517374
25.765,3.517152
25.77,3.516897
25.775,3.516614
25.78,3.516346
25.785,3.516133
25.79,3.515955
25.795,3.515791
25.8,3.515611
25.805,3.515413
25.81,3.515228
25.815,3.515085
25.82,3.514996
25.825,3.514954
25.83,3.51492
25.835,3.514847
25.84,3.514744
25.845,3.514639
25.85,3.514553
25.855,3.514497
25.86,3.514471
25.865,3.514467
25.87,3.514475
25.875,3.514487
25.88,3.514497
25.885,3.514503
25.89,3.514506
25.895,3.514506
25.9,3.514504
25.905,3.514502
25.91,3.5145
25.915,3.514524
25.92,3.514605
25.925,3.514725
25.93,3.514848
25.935,3.514947
25.94,3.515012
25.945,3.515085
25.95,3.515187
25.955,3.515311
25.96,3.51548
25.965,3.515718
25.97,3.515996
25.975,3.516297
25.98,3.516587
25.985,3.516852
25.99,3.517123
25.995,3.517428
26,3.517779
26.005,3.518168
26.01,3.518574
26.015,3.518971
26.02,3.519349
26.025,3.519691
26.03,3.520004
26.035,3.520303
26.04,3.520582
26.045,3.52084
26.05,3.521083
26.055,3.521315
26.06,3.521549
26.065,3.521799
26.07,3.522053
26.075,3.522278
26.08,3.522485
26.085,3.522678
26.09,3.522838
26.095,3.522952
26.1,3.523016
26.105,3.523041
26.11,3.52304
26.115,3.523043
26.12,3.523101
26.125,3.523205
26.13,3.523323
26.135,3.523425
26.14,3.523495
26.145,3.52353
26.15,3.523539
26.155,3.523531
26.16,3.523518
26.165,3.523506
26.17,3.523497
26.175,3.523493
26.18,3.523493
26.185,3.523495
26.19,3.523497
26.195,3.523499
26.2,3.523501
26.205,3.523501
26.21,3.523501
26.215,3.523501
26.22,3.5235
26.225,3.523497
26.23,3.523454
26.235,3.523355
26.24,3.523231
26.245,3.523096
26.25,3.522935
26.255,3.522743
26.26,3.522517
26.265,3.522296
26.27,3.522119
26.275,3.521979
26.28,3.521841
26.285,3.521709
26.29,3.5216
26.295,3.521525
26.3,3.521479
26.305,3.521415
26.31,3.521316
26.315,3.521201
26.32,3.521096
26.325,3.520987
26.33,3.520828
26.335,3.520608
26.34,3.520342
26.345,3.520052
26.35,3.519758
26.355,3.519448
26.36,3.519126
26.365,3.518837
26.37,3.518594
26.375,3.518377
26.38,3.518169
26.385,3.517954
26.39,3.517757
26.395,3.517603
26.4,3.517504
26.405,3.517458
26.41,3.517429
26.415,3.517364
26.42,3.517265
26.425,3.517158
26.43,3.517067
26.435,3.517005
26.44,3.516974
26.445,3.516966
26.45,3.516973
26.455,3.516984
26.46,3.516995
26.465,3.517003
26.47,3.517006
26.475,3.517006
26.48,3.517004
26.485,3.517002
26.49,3.517001
26.495,3.516999
26.5,3.516999
26.505,3.516999
26.51,3.517
26.515,3.517027
26.52,3.517111
26.525,3.517231
26.53,3.517372
26.535,3.517544
26.54,3.517729
26.545,3.517938
26.55,3.518187
26.555,3.518462
26.56,3.51873
26.565,3.518995
26.57,3.519276
26.575,3.519613
26.58,3.52001
26.585,3.520437
26.59,3.520882
26.595,3.521313
26.6,3.521702
26.605,3.522038
26.61,3.522313
26.615,3.522556
26.62,3.522803
26.625,3.523053
26.63,3.523299
26.635,3.523544
26.64,3.523766
26.645,3.52398
26.65,3.52419
26.655,3.524416
26.66,3.524665
26.665,3.524935
26.67,3.525189
26.675,3.525424
26.68,3.525643
26.685,3.525824
26.69,3.52595
26.695,3.526024
26.7,3.526092
26.705,3.526187
26.71,3.526296
26.715,3.526395
26.72,3.52647
26.725,3.526536
26.73,3.526632
26.735,3.52675
26.74,3.526864
26.745,3.526953
26.75,3.527008
26.755,3.527032
26.76,3.527034
26.765,3.527025
26.77,3.527012
26.775,3.527
26.78,3.526958
26.785,3.526863
26.79,3.52674
26.795,3.526623
26.8,3.526534
26.805,3.52648
26.81,3.526418
26.815,3.526323
26.82,3.52619
26.825,3.526009
26.83,3.52581
26.835,3.525594
26.84,3.525375
26.845,3.525186
26.85,3.525051
26.855,3.524954
26.86,3.524848
26.865,3.524733
26.87,3.524627
26.875,3.524531
26.88,3.524411
26.885,3.524248
26.89,3.524036
26.895,3.523787
26.9,3.523512
26.905,3.523216
26.91,3.522914
26.915,3.522609
26.92,3.522329
26.925,3.522066
26.93,3.521804
26.935,3.521536
26.94,3.521288
26.945,3.521051
26.95,3.520798
26.955,3.520529
26.96,3.520283
26.965,3.520062
26.97,3.519857
26.975,3.51968
26.98,3.519507
26.985,3.519332
26.99,3.519162
26.995,3.518976
27,3.518791
27.005,3.518636
27.01,3.518529
27.015,3.518471
27.02,3.518452
27.025,3.518458
27.03,3.518474
27.035,3.518491
27.04,3.518502
27.045,3.518508
27.05,3.518509
27.055,3.518507
27.06,3.518504
27.065,3.518501
27.07,3.518499
27.075,3.518499
27.08,3.518499
27.085,3.518511
27.09,3.518576
27.095,3.518688
27.1,3.518814
27.105,3.518938
27.11,3.519083
27.115,3.51925
27.12,3.519453
27.125,3.519695
27.13,3.519962
27.135,3.520229
27.14,3.520512
27.145,3.520825
27.15,3.521174
27.155,3.521568
27.16,3.522002
27.165,3.522435
27.17,3.522855
27.175,3.523259
27.18,3.523622
27.185,3.523948
27.19,3.524247
27.195,3.524531
27.2,3.524816
27.205,3.525087
27.21,3.525327
27.215,3.525553
27.22,3.525754
27.225,3.525947
27.23,3.526149
27.235,3.526379
27.24,3.526618
27.245,3.526864
27.25,3.527106
27.255,3.527329
27.26,3.527547
27.265,3.527745
27.27,3.527931
27.275,3.528119
27.28,3.528288
27.285,3.528418
27.29,3.528501
27.295,3.528575
27.3,3.528674
27.305,3.528787
27.31,3.52889
27.315,3.528967
27.32,3.529019
27.325,3.529089
27.33,3.529194
27.335,3.52931
27.34,3.529411
27.345,3.529483
27.35,3.529522
27.355,3.529535
27.36,3.52953
27.365,3.529519
27.37,3.529507
27.375,3.529499
27.38,3.529487
27.385,3.52943
27.39,3.529324
27.395,3.529201
27.4,3.529091
27.405,3.529014
27.41,3.528951
27.415,3.52886
27.42,3.528747
27.425,3.528606
27.43,3.528423
27.435,3.528187
27.44,3.527932
27.445,3.527709
27.45,3.52754
27.455,3.52739
27.46,3.527249
27.465,3.527129
27.47,3.527043
27.475,3.526984
27.48,3.526903
27.485,3.526785
27.49,3.526611
27.495,3.526376
27.5,3.526096
27.505,3.525817
27.51,3.525538
27.515,3.525243
27.52,3.524954
27.525,3.524704
27.53,3.524475
27.535,3.524231
27.54,3.523977
27.545,3.523744
27.55,3.523523
27.555,3.523308
27.56,3.523078
27.565,3.522853
27.57,3.522664
27.575,3.522497
27.58,3.522333
27.585,3.522186
27.59,3.522074
27.595,3.522004
27.6,3.52197
27.605,3.521937
27.61,3.521861
27.615,3.521754
27.62,3.521644
27.625,3.521554
27.63,3.521496
27.635,3.521469
27.64,3.521464
27.645,3.521441
27.65,3.521365
27.655,3.521253
27.66,3.521139
27.665,3.521065
27.67,3.521081
27.675,3.521171
27.68,3.521294
27.685,3.521407
27.69,3.521488
27.695,3.521532
27.7,3.521545
27.705,3.521538
27.71,3.521523
27.715,3.521508
27.72,3.521508
27.725,3.521566
27.73,3.521676
27.735,3.52183
27.74,3.522025
27.745,3.522233
27.75,3.522471
27.755,3.522758
27.76,3.523051
27.765,3.523328
27.77,3.523608
27.775,3.523921
27.78,3.524307
27.785,3.524755
27.79,3.525227
27.795,3.525687
27.8,3.526096
27.805,3.526453
27.81,3.526775
27.815,3.527064
27.82,3.527314
27.825,3.527546
27.83,3.527749
27.835,3.527941
27.84,3.528132
27.845,3.528312
27.85,3.528503
27.855,3.528698
27.86,3.528908
27.865,3.529128
27.87,3.529363
27.875,3.5296
27.88,3.529829
27.885,3.530058
27.89,3.53026
27.895,3.530412
27.9,3.530505
27.905,3.530547
27.91,3.530552
27.915,3.530538
27.92,3.530526
27.925,3.530565
27.93,3.530661
27.935,3.530784
27.94,3.530897
27.945,3.530979
27.95,3.531025
27.955,3.531041
27.96,3.531036
27.965,3.531023
27.97,3.531009
27.975,3.530999
27.98,3.530994
27.985,3.530993
27.99,3.530994
27.995,3.530997
28,3.530999
28.005,3.531
28.01,3.530998
28.015,3.530953
28.02,3.530854
28.025,3.530729
28.03,3.530596
28.035,3.530438
28.04,3.530261
28.045,3.530052
28.05,3.529827
28.055,3.529582
28.06,3.529345
28.065,3.529152
28.07,3.529023
28.075,3.528956
28.08,3.528916
28.085,3.528848
28.09,3.528751
28.095,3.528643
28.1,3.528504
28.105,3.528338
28.11,3.528138
28.115,3.527886
28.12,3.527583
28.125,3.527244
28.13,3.526917
28.135,3.526612
28.14,3.526315
28.145,3.526024
28.15,3.525772
28.155,3.525556
28.16,3.525358
28.165,3.525183
28.17,3.525005
28.175,3.524825
28.18,3.524656
28.185,3.524476
28.19,3.524297
28.195,3.524144
28.2,3.524037
28.205,3.523977
28.21,3.523956
28.215,3.523959
28.22,3.523958
28.225,3.523904
28.23,3.523801
28.235,3.523682
28.24,3.523578
28.245,3.523507
28.25,3.52347
28.255,3.523461
28.26,3.523468
28.265,3.523481
28.27,3.523494
28.275,3.523503
28.28,3.523507
28.285,3.523507
28.29,3.523505
28.295,3.523503
28.3,3.523501
28.305,3.52351
28.31,3.523572
28.315,3.523682
28.32,3.523811
28.325,3.523963
28.33,3.524137
28.335,3.524322
28.34,3.524536
28.345,3.524794
28.35,3.525071
28.355,3.52536
28.36,3.525649
28.365,3.525965
28.37,3.52633
28.375,3.526732
28.38,3.527151
28.385,3.52758
28.39,3.52798
28.395,3.528338
28.4,3.528657
28.405,3.528952
28.41,3.529231
28.415,3.529502
28.42,3.529746
28.425,3.529981
28.43,3.530195
28.435,3.530386
28.44,3.530577
28.445,3.530754
28.45,3.530929
28.455,3.531117
28.46,3.531335
28.465,3.531576
28.47,3.531841
28.475,3.532103
28.48,3.532348
28.485,3.532582
28.49,3.532781
28.495,3.532926
28.5,3.533012
28.505,3.533061
28.51,3.53313
28.515,3.533228
28.52,3.533334
28.525,3.533426
28.53,3.533489
28.535,3.533522
28.54,3.533532
28.545,3.533527
28.55,3.533516
28.555,3.533506
28.56,3.533498
28.565,3.533495
28.57,3.533494
28.575,3.533496
28.58,3.533498
28.585,3.533499
28.59,3.5335
28.595,3.533501
28.6,3.533501
28.605,3.533487
28.61,3.533418
28.615,3.53329
28.62,3.533095
28.625,3.532875
28.63,3.532667
28.635,3.532451
28.64,3.532196
28.645,3.531933
28.65,3.531707
28.655,3.531547
28.66,3.531459
28.665,3.53143
28.67,3.531428
28.675,3.531393
28.68,3.5313
28.685,3.531132
28.69,3.530907
28.695,3.53062
28.7,3.530278
28.705,3.5299
28.71,3.529532
28.715,3.529202
28.72,3.528891
28.725,3.528587
28.73,3.528319
28.735,3.528095
28.74,3.527888
28.745,3.52767
28.75,3.527441
28.755,3.527233
28.76,3.527035
28.765,3.526843
28.77,3.526678
28.775,3.526553
28.78,3.526431
28.785,3.526298
28.79,3.526171
28.795,3.526071
28.8,3.526005
28.805,3.525962
28.81,3.525892
28.815,3.525787
28.82,3.525674
28.825,3.525577
28.83,3.52551
28.835,3.525475
28.84,3.525465
28.845,3.525471
28.85,3.525483
28.855,3.525494
28.86,3.525502
28.865,3.525506
28.87,3.525506
28.875,3.525505
28.88,3.525503
28.885,3.525501
28.89,3.525499
28.895,3.525499
28.9,3.525499
28.905,3.525512
28.91,3.52558
28.915,3.525693
28.92,3.525825
28.925,3.525985
28.93,3.526166
28.935,3.526378
28.94,3.526646
28.945,3.526945
28.95,3.527225
28.955,3.527489
28.96,3.527764
28.965,3.528104
28.97,3.528522
28.975,3.528992
28.98,3.529481
28.985,3.529931
28.99,3.530311
28.995,3.530624
29,3.530898
29.005,3.531142
29.01,3.531379
29.015,3.531609
29.02,3.531825
29.025,3.532044
29.03,3.532245
29.035,3.532443
29.04,3.532645
29.045,3.532866
29.05,3.533095
29.055,3.533302
29.06,3.533502
29.065,3.533692
29.07,3.533873
29.075,3.534063
29.08,3.534246
29.085,3.534436
29.09,3.534631
29.095,3.534805
29.1,3.534934
29.105,3.535012
29.11,3.535045
29.115,3.535047
29.12,3.535036
29.125,3.535065
29.13,3.535151
29.135,3.535267
29.14,3.535381
29.145,3.535467
29.15,3.535518
29.155,3.535538
29.16,3.535537
29.165,3.535525
29.17,3.535511
29.175,3.535501
29.18,3.535495
29.185,3.535493
29.19,3.535494
29.195,3.535496
29.2,3.535488
29.205,3.535428
29.21,3.535318
29.215,3.535183
29.22,3.535013
29.225,3.534827
29.23,3.534655
29.235,3.534468
29.24,3.534229
29.245,3.533968
29.25,3.533734
29.255,3.533564
29.26,3.533465
29.265,3.533401
29.27,3.53332
29.275,3.533222
29.28,3.533123
29.285,3.533002
29.29,3.532855
29.295,3.532681
29.3,3.532446
29.305,3.532152
29.31,3.531819
29.315,3.531483
29.32,3.531155
29.325,3.530835
29.33,3.530527
29.335,3.530258
29.34,3.530013
29.345,3.529785
29.35,3.529552
29.355,3.529331
29.36,3.529128
29.365,3.528926
29.37,3.528743
29.375,3.528599
29.38,3.528471
29.385,3.528334
29.39,3.5282
29.395,3.528091
29.4,3.52801
29.405,3.527917
29.41,3.5278
29.415,3.527679
29.42,3.527578
29.425,3.52751
29.43,3.527464
29.435,3.527391
29.44,3.527286
29.445,3.527179
29.45,3.527094
29.455,3.52704
29.46,3.527056
29.465,3.527145
29.47,3.527269
29.475,3.527388
29.48,3.527476
29.485,3.527526
29.49,3.527544
29.495,3.527539
29.5,3.527526
29.505,3.527511
29.51,3.52753
29.515,3.527611
29.52,3.527755
29.525,3.527958
29.53,3.528197
29.535,3.528467
29.54,3.528764
29.545,3.529058
29.55,3.529339
29.555,3.529646
29.56,3.53001
29.565,3.530443
29.57,3.530924
29.575,3.531396
29.58,3.531832
29.585,3.532227
29.59,3.532569
29.595,3.532869
29.6,3.53313
29.605,3.533342
29.61,3.533537
29.615,3.533717
29.62,3.533885
29.625,3.534064
29.63,3.53424
29.635,3.534417
29.64,3.534604
29.645,3.534791
29.65,3.534992
29.655,3.535198
29.66,3.535423
29.665,3.535657
29.67,3.535909
29.675,3.536152
29.68,3.536385
29.685,3.536609
29.69,3.536799
29.695,3.536936
29.7,3.537016
29.705,3.537059
29.71,3.537123
29.715,3.537219
29.72,3.537326
29.725,3.537419
29.73,3.537485
29.735,3.537521
29.74,3.537532
29.745,3.537528
29.75,3.537517
29.755,3.537506
29.76,3.537499
29.765,3.537495
29.77,3.537494
29.775,3.537495
29.78,3.537497
29.785,3.537499
29.79,3.5375
29.795,3.537501
29.8,3.537501
29.805,3.537501
29.81,3.537497
29.815,3.537452
29.82,3.537338
29.825,3.537142
29.83,3.536911
29.835,3.536685
29.84,3.53646
29.845,3.536224
29.85,3.535978
29.855,3.535756
29.86,3.53559
29.865,3.535488
29.87,3.535439
29.875,3.535383
29.88,3.535281
29.885,3.535109
29.89,3.534878
29.895,3.534574
29.9,3.534221
29.905,3.53386
29.91,3.5335
29.915,3.533146
29.92,3.532802
29.925,3.532481
29.93,3.532182
29.935,3.53191
29.94,3.531686
29.945,3.531483
29.95,3.531263
29.955,3.53102
29.96,3.530789
29.965,3.530574
29.97,3.530368
29.975,3.530192
29.98,3.530046
29.985,3.529896
29.99,3.529749
29.995,3.529615
30,3.529466
30.005,3.529307
30.01,3.529163
30.015,3.529046
30.02,3.52892
30.025,3.528783
30.03,3.528656
30.035,3.528558
30.04,3.528497
30.045,3.528469
30.05,3.528465
30.055,3.528474
30.06,3.528492
30.065,3.528553
30.07,3.528663
30.075,3.528791
30.08,3.528904
30.085,3.528984
30.09,3.529028
30.095,3.529041
30.1,3.529065
30.105,3.529143
30.11,3.529299
30.115,3.529529
30.12,3.529817
30.125,3.530118
30.13,3.530421
30.135,3.53073
30.14,3.531071
30.145,3.531498
30.15,3.532
30.155,3.532531
30.16,3.533052
30.165,3.533512
30.17,3.533903
30.175,3.534223
30.18,3.534502
30.185,3.534772
30.19,3.535036
30.195,3.535295
30.2,3.535548
30.205,3.535786
30.21,3.536021
30.215,3.536235
30.22,3.536444
30.225,3.536656
30.23,3.536889
30.235,3.537124
30.24,3.537352
30.245,3.537578
30.25,3.537788
30.255,3.538001
30.26,3.538206
30.265,3.538419
30.27,3.538633
30.275,3.538844
30.28,3.53906
30.285,3.539256
30.29,3.539407
30.295,3.539501
30.3,3.539544
30.305,3.539567
30.31,3.539624
30.315,3.539721
30.32,3.539829
30.325,3.539924
30.33,3.53999
30.335,3.540025
30.34,3.540046
30.345,3.540101
30.35,3.540198
30.355,3.540312
30.36,3.540413
30.365,3.540484
30.37,3.540523
30.375,3.540536
30.38,3.540531
30.385,3.540519
30.39,3.54048
30.395,3.540388
30.4,3.540263
30.405,3.54014
30.41,3.540018
30.415,3.539866
30.42,3.53966
30.425,3.539425
30.43,3.539178
30.435,3.53893
30.44,3.538716
30.445,3.53854
30.45,3.538372
30.455,3.53822
30.46,3.538093
30.465,3.537959
30.47,3.537801
30.475,3.537592
30.48,3.537312
30.485,3.536957
30.49,3.536564
30.495,3.536151
30.5,3.535737
30.505,3.535346
30.51,3.534988
30.515,3.534658
30.52,3.53437
30.525,3.534119
30.53,3.533892
30.535,3.533673
30.54,3.533451
30.545,3.533227
30.55,3.532993
30.555,3.532776
30.56,3.532573
30.565,3.532374
30.57,3.5322
30.575,3.532036
30.58,3.531866
30.585,3.531708
30.59,3.531585
30.595,3.531499
30.6,3.531405
30.605,3.531291
30.61,3.531174
30.615,3.531075
30.62,3.530974
30.625,3.530848
30.63,3.530716
30.635,3.530601
30.64,3.530521
30.645,3.530478
30.65,3.530463
30.655,3.530468
30.66,3.53048
30.665,3.530497
30.67,3.530557
30.675,3.530665
30.68,3.530791
30.685,3.530904
30.69,3.530983
30.695,3.531027
30.7,3.531042
30.705,3.531073
30.71,3.531157
30.715,3.531319
30.72,3.531549
30.725,3.531832
30.73,3.53212
30.735,3.532401
30.74,3.532683
30.745,3.532988
30.75,3.53336
30.755,3.533812
30.76,3.534311
30.765,3.534836
30.77,3.535337
30.775,3.535795
30.78,3.536215
30.785,3.536579
30.79,3.536898
30.795,3.537167
30.8,3.537396
30.805,3.537608
30.81,3.537797
30.815,3.53799
30.82,3.538181
30.825,3.538374
30.83,3.538578
30.835,3.538781
30.84,3.538997
30.845,3.539236
30.85,3.539492
30.855,3.539749
30.86,3.540006
30.865,3.540242
30.87,3.540472
30.875,3.540685
30.88,3.540889
30.885,3.541095
30.89,3.541278
30.895,3.541417
30.9,3.541503
30.905,3.541542
30.91,3.541558
30.915,3.541609
30.92,3.541703
30.925,3.541814
30.93,3.541913
30.935,3.541984
30.94,3.542023
30.945,3.542035
30.95,3.542031
30.955,3.542019
30.96,3.542007
30.965,3.541999
30.97,3.541994
30.975,3.541994
30.98,3.541995
30.985,3.541997
30.99,3.541999
30.995,3.542
31,3.542
31.005,3.54197
31.01,3.541881
31.015,3.541731
31.02,3.541522
31.025,3.54126
31.03,3.540969
31.035,3.540659
31.04,3.540371
31.045,3.540146
31.05,3.540003
31.055,3.539931
31.06,3.539868
31.065,3.539782
31.07,3.539678
31.075,3.539529
31.08,3.539305
31.085,3.539008
31.09,3.538669
31.095,3.538329
31.1,3.537987
31.105,3.537645
31.11,3.537313
31.115,3.536975
31.12,3.536636
31.125,3.536328
31.13,3.536048
31.135,3.535786
31.14,3.535528
31.145,3.535295
31.15,3.535086
31.155,3.534884
31.16,3.534708
31.165,3.534566
31.17,3.534423
31.175,3.534276
31.18,3.534145
31.185,3.534038
31.19,3.533918
31.195,3.533783
31.2,3.533656
31.205,3.533558
31.21,3.53349
31.215,3.53341
31.22,3.533301
31.225,3.533184
31.23,3.533084
31.235,3.533015
31.24,3.532977
31.245,3.532966
31.25,3.532971
31.255,3.532982
31.26,3.532994
31.265,3.533002
31.27,3.533006
31.275,3.533038
31.28,3.533124
31.285,3.533244
31.29,3.533363
31.295,3.533456
31.3,3.533513
31.305,3.533537
31.31,3.533549
31.315,3.533601
31.32,3.533715
31.325,3.533901
31.33,3.534149
31.335,3.534442
31.34,3.534765
31.345,3.535076
31.35,3.535358
31.355,3.535654
31.36,3.536003
31.365,3.536419
31.37,3.536893
31.375,3.537364
31.38,3.537798
31.385,3.538186
31.39,3.538525
31.395,3.53881
31.4,3.539063
31.405,3.539279
31.41,3.539488
31.415,3.539685
31.42,3.539873
31.425,3.540067
31.43,3.540265
31.435,3.54048
31.44,3.540704
31.445,3.540945
31.45,3.541176
31.455,3.541383
31.46,3.541585
31.465,3.541766
31.47,3.54193
31.475,3.5421
31.48,3.542265
31.485,3.542444
31.49,3.542633
31.495,3.542804
31.5,3.542933
31.505,3.543011
31.51,3.543044
31.515,3.543056
31.52,3.543104
31.525,3.543197
31.53,3.543308
31.535,3.543409
31.54,3.543482
31.545,3.543522
31.55,3.543535
31.555,3.543531
31.56,3.54352
31.565,3.543508
31.57,3.543499
31.575,3.543494
31.58,3.543494
31.585,3.543495
31.59,3.543497
31.595,3.543499
31.6,3.543487
31.605,3.543421
31.61,3.543308
31.615,3.543172
31.62,3.543003
31.625,3.54282
31.63,3.54264
31.635,3.542415
31.64,3.542141
31.645,3.541869
31.65,3.541649
31.655,3.541506
31.66,3.541419
31.665,3.541332
31.67,3.541233
31.675,3.541134
31.68,3.541016
31.685,3.540852
31.69,3.540621
31.695,3.54032
31.7,3.539987
31.705,3.539631
31.71,3.539258
31.715,3.538908
31.72,3.538586
31.725,3.538291
31.73,3.538012
31.735,3.53777
31.74,3.537554
31.745,3.537331
31.75,3.537084
31.755,3.536841
31.76,3.536605
31.765,3.536379
31.77,3.536188
31.775,3.536027
31.78,3.535867
31.785,3.535718
31.79,3.535598
31.795,3.535505
31.8,3.535396
31.805,3.53527
31.81,3.535151
31.815,3.535042
31.82,3.534914
31.825,3.534772
31.83,3.534643
31.835,3.534546
31.84,3.534488
31.845,3.534464
31.85,3.534463
31.855,3.534474
31.86,3.534488
31.865,3.5345
31.87,3.534541
31.875,3.534633
31.88,3.534755
31.885,3.534873
31.89,3.534963
31.895,3.535016
31.9,3.535038
31.905,3.535062
31.91,3.535132
31.915,3.535258
31.92,3.535446
31.925,3.535674
31.93,3.535942
31.935,3.536249
31.94,3.536556
31.945,3.536851
31.95,3.537161
31.955,3.537515
31.96,3.537932
31.965,3.538396
31.97,3.53886
31.975,3.539291
31.98,3.539656
31.985,3.539966
31.99,3.540251
31.995,3.540523
32,3.540771
32.005,3.541013
32.01,3.541229
32.015,3.541428
32.02,3.541623
32.025,3.541799
32.03,3.541978
32.035,3.542161
32.04,3.542357
32.045,3.54257
32.05,3.542803
32.055,3.543047
32.06,3.543271
32.065,3.543485
32.07,3.543686
32.075,3.543866
32.08,3.544049
32.085,3.544226
32.09,3.544372
32.095,3.544472
32.1,3.544526
32.105,3.544543
32.11,3.544545
32.115,3.544586
32.12,3.544677
32.125,3.544792
32.13,3.544898
32.135,3.544977
32.14,3.545021
32.145,3.545037
32.15,3.545034
32.155,3.545022
32.16,3.545009
32.165,3.544999
32.17,3.544994
32.175,3.544993
32.18,3.544995
32.185,3.544997
32.19,3.544999
32.195,3.545
32.2,3.545001
32.205,3.545001
32.21,3.544998
32.215,3.544954
32.22,3.544849
32.225,3.544669
32.23,3.544445
32.235,3.544218
32.24,3.543966
32.245,3.543678
32.25,3.543396
32.255,3.543168
32.26,3.543016
32.265,3.542941
32.27,3.542918
32.275,3.542885
32.28,3.542809
32.285,3.54267
32.29,3.542477
32.295,3.542261
32.3,3.542016
32.305,3.54173
32.31,3.541396
32.315,3.541054
32.32,3.540741
32.325,3.540439
32.33,3.540132
32.335,3.539851
32.34,3.539595
32.345,3.539357
32.35,3.539115
32.355,3.53888
32.36,3.538684
32.365,3.538533
32.37,3.538388
32.375,3.538248
32.38,3.538128
32.385,3.538041
32.39,3.53799
32.395,3.537969
32.4,3.537952
32.405,3.537889
32.41,3.537785
32.415,3.53767
32.42,3.537571
32.425,3.537505
32.43,3.537471
32.435,3.537459
32.44,3.537419
32.445,3.537331
32.45,3.537218
32.455,3.537111
32.46,3.53703
32.465,3.536985
32.47,3.537006
32.475,3.537104
32.48,3.537239
32.485,3.53737
32.49,3.537468
32.495,3.537525
32.5,3.537546
32.505,3.537543
32.51,3.537528
32.515,3.537512
32.52,3.537504
32.525,3.537544
32.53,3.537643
32.535,3.537787
32.54,3.53799
32.545,3.538259
32.55,3.538546
32.555,3.538824
32.56,3.539084
32.565,3.539305
32.57,3.539518
32.575,3.539787
32.58,3.540138
32.585,3.540556
32.59,3.541008
32.595,3.541434
32.6,3.5418
32.605,3.542111
32.61,3.54239
32.615,3.542637
32.62,3.54286
32.625,3.543076
32.63,3.543266
32.635,3.543439
32.64,3.543616
32.645,3.543779
32.65,3.543935
32.655,3.544103
32.66,3.544283
32.665,3.544489
32.67,3.5447
32.675,3.544923
32.68,3.545144
32.685,3.54533
32.69,3.545459
32.695,3.545531
32.7,3.545555
32.705,3.54555
32.71,3.545542
32.715,3.545586
32.72,3.545684
32.725,3.545802
32.73,3.545909
32.735,3.545985
32.74,3.546026
32.745,3.546039
32.75,3.546034
32.755,3.546021
32.76,3.546008
32.765,3.545998
32.77,3.545994
32.775,3.545993
32.78,3.545995
32.785,3.545997
32.79,3.545999
32.795,3.546
32.8,3.546001
32.805,3.546001
32.81,3.546001
32.815,3.546
32.82,3.546
32.825,3.545998
32.83,3.545957
32.835,3.54586
32.84,3.545733
32.845,3.545573
32.85,3.545385
32.855,3.545165
32.86,3.54493
32.865,3.544712
32.87,3.5445
32.875,3.544302
32.88,3.544141
32.885,3.544031
32.89,3.543972
32.895,3.543953
32.9,3.543931
32.905,3.543862
32.91,3.543757
32.915,3.543636
32.92,3.543481
32.925,3.54328
32.93,3.543021
32.935,3.542712
32.94,3.542409
32.945,3.542138
32.95,3.541879
32.955,3.54161
32.96,3.541355
32.965,3.541116
32.97,3.54089
32.975,3.540689
32.98,3.540493
32.985,3.540305
32.99,3.540148
32.995,3.540038
33,3.539978
33.005,3.539956
33.01,3.539956
33.015,3.539925
33.02,3.539841
33.025,3.539727
33.03,3.539617
33.035,3.539534
33.04,3.539484
33.045,3.539464
33.05,3.539465
33.055,3.539476
33.06,3.539489
33.065,3.539499
33.07,3.539505
33.075,3.539507
33.08,3.539506
33.085,3.539504
33.09,3.539501
33.095,3.5395
33.1,3.539499
33.105,3.539499
33.11,3.539499
33.115,3.539499
33.12,3.539502
33.125,3.539541
33.13,3.539635
33.135,3.539761
33.14,3.539914
33.145,3.540111
33.15,3.540359
33.155,3.54063
33.16,3.540916
33.165,3.54118
33.17,3.541422
33.175,3.541683
33.18,3.541994
33.185,3.542354
33.19,3.542754
33.195,3.543175
33.2,3.543557
33.205,3.543881
33.21,3.54416
33.215,3.544422
33.22,3.544665
33.225,3.544904
33.23,3.545133
33.235,3.545335
33.24,3.545533
33.245,3.545719
33.25,3.5459
33.255,3.54609
33.26,3.546293
33.265,3.546517
33.27,3.54674
33.275,3.546971
33.28,3.547189
33.285,3.547364
33.29,3.54748
33.295,3.54754
33.3,3.547557
33.305,3.547582
33.31,3.547655
33.315,3.547759
33.32,3.547866
33.325,3.547952
33.33,3.548007
33.335,3.548031
33.34,3.548034
33.345,3.548025
33.35,3.548013
33.355,3.548002
33.36,3.547996
33.365,3.547994
33.37,3.547994
33.375,3.547996
33.38,3.547998
33.385,3.548
33.39,3.548001
33.395,3.548001
33.4,3.548001
33.405,3.548001
33.41,3.548
33.415,3.548
33.42,3.547978
33.425,3.5479
33.43,3.54778
33.435,3.547617
33.44,3.547419
33.445,3.547185
33.45,3.546936
33.455,3.54668
33.46,3.546428
33.465,3.546213
33.47,3.54606
33.475,3.545973
33.48,3.545939
33.485,3.545904
33.49,3.54583
33.495,3.545716
33.5,3.545545
33.505,3.545312
33.51,3.545039
33.515,3.54475
33.52,3.54443
33.525,3.544097
33.53,3.543782
33.535,3.543486
33.54,3.543196
33.545,3.542922
33.55,3.542696
33.555,3.542503
33.56,3.542319
33.565,3.542114
33.57,3.541897
33.575,3.541702
33.58,3.54152
33.585,3.54134
33.59,3.541182
33.595,3.541065
33.6,3.540994
33.605,3.540954
33.61,3.540893
33.615,3.540795
33.62,3.540684
33.625,3.540587
33.63,3.540517
33.635,3.540479
33.64,3.540463
33.645,3.540423
33.65,3.540335
33.655,3.540221
33.66,3.540113
33.665,3.540032
33.67,3.539987
33.675,3.540012
33.68,3.540113
33.685,3.540249
33.69,3.540378
33.695,3.540473
33.7,3.540528
33.705,3.540547
33.71,3.540542
33.715,3.540527
33.72,3.540511
33.725,3.540523
33.73,3.540597
33.735,3.540719
33.74,3.540889
33.745,3.541094
33.75,3.54133
33.755,3.541609
33.76,3.541914
33.765,3.542198
33.77,3.542469
33.775,3.542762
33.78,3.543104
33.785,3.543504
33.79,3.543942
33.795,3.544383
33.8,3.544802
33.805,3.545167
33.81,3.545484
33.815,3.545766
33.82,3.546029
33.825,3.54627
33.83,3.546507
33.835,3.546724
33.84,3.546934
33.845,3.547141
33.85,3.547345
33.855,3.547558
33.86,3.547757
33.865,3.547954
33.87,3.548151
33.875,3.548333
33.88,3.548523
33.885,3.548709
33.89,3.548863
33.895,3.548969
33.9,3.549027
33.905,3.549046
33.91,3.549041
33.915,3.549025
33.92,3.549011
33.925,3.549038
33.93,3.549127
33.935,3.54925
33.94,3.549371
33.945,3.549463
33.95,3.549518
33.955,3.54954
33.96,3.549539
33.965,3.549527
33.97,3.549512
33.975,3.549501
33.98,3.549494
33.985,3.549492
33.99,3.549494
33.995,3.549496
34,3.549498
34.005,3.5495
34.01,3.549501
34.015,3.549485
34.02,3.549413
34.025,3.549297
34.03,3.549172
34.035,3.549066
34.04,3.548957
34.045,3.548812
34.05,3.54861
34.055,3.548386
34.06,3.548181
34.065,3.547986
34.07,3.547802
34.075,3.547649
34.08,3.547541
34.085,3.547471
34.09,3.547386
34.095,3.547278
34.1,3.547166
34.105,3.547072
34.11,3.546991
34.115,3.546878
34.12,3.546697
34.125,3.546455
34.13,3.546165
34.135,3.545858
34.14,3.545536
34.145,3.545201
34.15,3.544892
34.155,3.54465
34.16,3.544452
34.165,3.544268
34.17,3.544066
34.175,3.543858
34.18,3.543677
34.185,3.543548
34.19,3.543475
34.195,3.543448
34.2,3.543439
34.205,3.543391
34.21,3.543298
34.215,3.543187
34.22,3.543087
34.225,3.543016
34.23,3.542977
34.235,3.542953
34.24,3.542894
34.245,3.542795
34.25,3.542681
34.255,3.542582
34.26,3.542512
34.265,3.542475
34.27,3.542469
34.275,3.542522
34.28,3.542636
34.285,3.542773
34.29,3.542896
34.295,3.542984
34.3,3.543031
34.305,3.543045
34.31,3.543039
34.315,3.543024
34.32,3.543009
34.325,3.542998
34.33,3.542995
34.335,3.543037
34.34,3.543136
34.345,3.543281
34.35,3.543477
34.355,3.543725
34.36,3.544005
34.365,3.544307
34.37,3.544596
34.375,3.544859
34.38,3.545106
34.385,3.545362
34.39,3.545653
34.395,3.545996
34.4,3.54636
34.405,3.546707
34.41,3.547029
34.415,3.547336
34.42,3.547614
34.425,3.547843
34.43,3.548051
34.435,3.548235
34.44,3.548385
34.445,3.548534
34.45,3.548689
34.455,3.548832
34.46,3.548982
34.465,3.549146
34.47,3.549303
34.475,3.549469
34.48,3.549646
34.485,3.549823
34.49,3.550018
34.495,3.550209
34.5,3.550368
34.505,3.550476
34.51,3.550533
34.515,3.55055
34.52,3.550543
34.525,3.550526
34.53,3.550509
34.535,3.550497
34.54,3.550501
34.545,3.550561
34.55,3.550674
34.555,3.550803
34.56,3.550915
34.565,3.550992
34.57,3.551032
34.575,3.551042
34.58,3.551032
34.585,3.550981
34.59,3.550877
34.595,3.550746
34.6,3.550623
34.605,3.550532
34.61,3.550479
34.615,3.550459
34.62,3.550462
34.625,3.550475
34.63,3.550489
34.635,3.550497
34.64,3.550461
34.645,3.550364
34.65,3.550199
34.655,3.549985
34.66,3.549767
34.665,3.549549
34.67,3.549338
34.675,3.549163
34.68,3.549041
34.685,3.548951
34.69,3.548848
34.695,3.548733
34.7,3.548627
34.705,3.548545
34.71,3.548471
34.715,3.548367
34.72,3.548212
34.725,3.548008
34.73,3.547778
34.735,3.547513
34.74,3.547207
34.745,3.546889
34.75,3.546572
34.755,3.546293
34.76,3.546045
34.765,3.545822
34.77,3.545606
34.775,3.545391
34.78,3.545204
34.785,3.545041
34.79,3.544876
34.795,3.544722
34.8,3.544598
34.805,3.544516
34.81,3.544474
34.815,3.544462
34.82,3.544457
34.825,3.544407
34.83,3.544309
34.835,3.544192
34.84,3.544088
34.845,3.544014
34.85,3.543974
34.855,3.543962
34.86,3.543967
34.865,3.54398
34.87,3.543993
34.875,3.544002
34.88,3.544006
34.885,3.544007
34.89,3.544005
34.895,3.544004
34.9,3.544034
34.905,3.544121
34.91,3.544243
34.915,3.544363
34.92,3.544457
34.925,3.544516
34.93,3.544575
34.935,3.54467
34.94,3.544825
34.945,3.545034
34.95,3.545292
34.955,3.545563
34.96,3.54583
34.965,3.546088
34.97,3.546347
34.975,3.546622
34.98,3.546918
34.985,3.547233
34.99,3.547561
34.995,3.547892
35,3.548193
35.005,3.548471
35.01,3.548725
35.015,3.548972
35.02,3.549202
35.025,3.54943
35.03,3.549648
35.035,3.549833
35.04,3.550004
35.045,3.550174
35.05,3.550323
35.055,3.55046
35.06,3.55061
35.065,3.550765
35.07,3.550939
35.075,3.551129
35.08,3.551325
35.085,3.551535
35.09,3.551733
35.095,3.55189
35.1,3.551992
35.105,3.552042
35.11,3.552053
35.115,3.552044
35.12,3.552069
35.125,3.55215
35.13,3.552264
35.135,3.552376
35.14,3.552463
35.145,3.552515
35.15,3.552537
35.155,3.552536
35.16,3.552525
35.165,3.552512
35.17,3.552501
35.175,3.552495
35.18,3.552493
35.185,3.552494
35.19,3.552496
35.195,3.552498
35.2,3.5525
35.205,3.552501
35.21,3.552501
35.215,3.552501
35.22,3.552482
35.225,3.552406
35.23,3.552289
35.235,3.552165
35.24,3.55206
35.245,3.551951
35.25,3.551796
35.255,3.551583
35.26,3.551354
35.265,3.55115
35.27,3.550955
35.275,3.550775
35.28,3.550629
35.285,3.550529
35.29,3.550467
35.295,3.550389
35.3,3.550285
35.305,3.550174
35.31,3.550074
35.315,3.549958
35.32,3.549775
35.325,3.549527
35.33,3.549225
35.335,3.548924
35.34,3.54865
35.345,3.548396
35.35,3.548141
35.355,3.547895
35.36,3.547686
35.365,3.547495
35.37,3.547306
35.375,3.547093
35.38,3.546874
35.385,3.546684
35.39,3.546549
35.395,3.546472
35.4,3.546444
35.405,3.546441
35.41,3.546406
35.415,3.54632
35.42,3.54621
35.425,3.546105
35.43,3.546027
35.435,3.545981
35.44,3.545965
35.445,3.545967
35.45,3.545978
35.455,3.54599
35.46,3.546
35.465,3.546005
35.47,3.546007
35.475,3.546005
35.48,3.546003
35.485,3.546001
35.49,3.546
35.495,3.545999
35.5,3.545999
35.505,3.545999
35.51,3.546
35.515,3.546
35.52,3.546
35.525,3.546
35.53,3.546005
35.535,3.546054
35.54,3.546157
35.545,3.546303
35.55,3.546501
35.555,3.546751
35.56,3.547029
35.565,3.547323
35.57,3.547602
35.575,3.547831
35.58,3.548028
35.585,3.548213
35.59,3.548422
35.595,3.548691
35.6,3.549
35.605,3.549334
35.61,3.549683
35.615,3.550016
35.62,3.550289
35.625,3.550516
35.63,3.550726
35.635,3.550949
35.64,3.551168
35.645,3.551386
35.65,3.551604
35.655,3.551795
35.66,3.551965
35.665,3.552136
35.67,3.5523
35.675,3.55248
35.68,3.552667
35.685,3.55286
35.69,3.553066
35.695,3.553257
35.7,3.553406
35.705,3.5535
35.71,3.553544
35.715,3.553551
35.72,3.553539
35.725,3.55352
35.73,3.553515
35.735,3.553568
35.74,3.553676
35.745,3.553802
35.75,3.553913
35.755,3.55399
35.76,3.554031
35.765,3.554042
35.77,3.554035
35.775,3.554021
35.78,3.554007
35.785,3.553998
35.79,3.553993
35.795,3.553992
35.8,3.55397
35.805,3.553891
35.81,3.553773
35.815,3.553652
35.82,3.553554
35.825,3.553492
35.83,3.553464
35.835,3.553459
35.84,3.553431
35.845,3.553342
35.85,3.553171
35.855,3.552951
35.86,3.552736
35.865,3.552528
35.87,3.552329
35.875,3.552163
35.88,3.552046
35.885,3.551966
35.89,3.551873
35.895,3.551762
35.9,3.551651
35.905,3.551562
35.91,3.551481
35.915,3.551358
35.92,3.551164
35.925,3.550912
35.93,3.550621
35.935,3.55032
35.94,3.550014
35.945,3.549699
35.95,3.549405
35.955,3.549166
35.96,3.54896
35.965,3.548774
35.97,3.548581
35.975,3.548381
35.98,3.548203
35.985,3.548054
35.99,3.547903
35.995,3.547753
36,3.547626
36.005,3.547536
36.01,3.547484
36.015,3.547465
36.02,3.547466
36.025,3.547455
36.03,3.547389
36.035,3.54728
36.04,3.547162
36.045,3.547063
36.05,3.546998
36.055,3.546967
36.06,3.546961
36.065,3.54697
36.07,3.546984
36.075,3.546996
36.08,3.547005
36.085,3.547042
36.09,3.547133
36.095,3.547254
36.1,3.547371
36.105,3.547461
36.11,3.547516
36.115,3.547538
36.12,3.547537
36.125,3.547543
36.13,3.547602
36.135,3.547726
36.14,3.547919
36.145,3.548162
36.15,3.548437
36.155,3.548714
36.16,3.548989
36.165,3.549238
36.17,3.549474
36.175,3.549693
36.18,3.549913
36.185,3.550174
36.19,3.550467
36.195,3.550782
36.2,3.551102
36.205,3.551418
36.21,3.551696
36.215,3.551945
36.22,3.552171
36.225,3.552399
36.23,3.552622
36.235,3.55283
36.24,3.553039
36.245,3.553232
36.25,3.553391
36.255,3.553546
36.26,3.553702
36.265,3.553863
36.27,3.554045
36.275,3.554229
36.28,3.554414
36.285,3.554608
36.29,3.554785
36.295,3.55492
36.3,3.555004
36.305,3.555042
36.31,3.555047
36.315,3.555046
36.32,3.555092
36.325,3.555189
36.33,3.555305
36.335,3.55541
36.34,3.555485
36.345,3.555526
36.35,3.555538
36.355,3.555533
36.36,3.55552
36.365,3.555508
36.37,3.555498
36.375,3.555494
36.38,3.555493
36.385,3.555495
36.39,3.555497
36.395,3.555499
36.4,3.5555
36.405,3.555501
36.41,3.555501
36.415,3.555501
36.42,3.555486
36.425,3.555416
36.43,3.555302
36.435,3.555177
36.44,3.55507
36.445,3.554963
36.45,3.554814
36.455,3.554605
36.46,3.554376
36.465,3.554169
36.47,3.553971
36.475,3.553787
36.48,3.553636
36.485,3.553533
36.49,3.553477
36.495,3.553435
36.5,3.55336
36.505,3.553255
36.51,3.553145
36.515,3.553018
36.52,3.552832
36.525,3.552586
36.53,3.552292
36.535,3.551987
36.54,3.551695
36.545,3.551401
36.55,3.551099
36.555,3.550827
36.56,3.550593
36.565,3.55038
36.57,3.55017
36.575,3.549951
36.58,3.549751
36.585,3.549597
36.59,3.5495
36.595,3.549447
36.6,3.54938
36.605,3.549284
36.61,3.549178
36.615,3.549084
36.62,3.549017
36.625,3.548981
36.63,3.548964
36.635,3.548917
36.64,3.548824
36.645,3.548709
36.65,3.548603
36.655,3.548525
36.66,3.54848
36.665,3.548464
36.67,3.548491
36.675,3.548583
36.68,3.548715
36.685,3.548847
36.69,3.548951
36.695,3.549015
36.7,3.549042
36.705,3.549043
36.71,3.54903
36.715,3.549015
36.72,3.549002
36.725,3.549019
36.73,3.549099
36.735,3.549248
36.74,3.549459
36.745,3.549689
36.75,3.549937
36.755,3.550219
36.76,3.550509
36.765,3.55076
36.77,3.550947
36.775,3.551108
36.78,3.551253
36.785,3.551398
36.79,3.551593
36.795,3.551847
36.8,3.552136
36.805,3.552453
36.81,3.552789
36.815,3.553102
36.82,3.553369
36.825,3.553608
36.83,3.553843
36.835,3.554077
36.84,3.554289
36.845,3.554498
36.85,3.554695
36.855,3.554862
36.86,3.555024
36.865,3.555188
36.87,3.55536
36.875,3.555552
36.88,3.555739
36.885,3.55592
36.89,3.556108
36.895,3.55628
36.9,3.556413
36.905,3.556497
36.91,3.556537
36.915,3.556545
36.92,3.556534
36.925,3.556532
36.93,3.556586
36.935,3.556691
36.94,3.556812
36.945,3.556919
36.95,3.556992
36.955,3.55703
36.96,3.55704
36.965,3.557033
36.97,3.557019
36.975,3.557006
36.98,3.556997
36.985,3.556993
36.99,3.556993
36.995,3.556995
37,3.556997
37.005,3.556999
37.01,3.557001
37.015,3.557001
37.02,3.556994
37.025,3.556937
37.03,3.556829
37.035,3.556703
37.04,3.556592
37.045,3.556492
37.05,3.556354
37.055,3.556151
37.06,3.555917
37.065,3.555705
37.07,3.555512
37.075,3.555329
37.08,3.555173
37.085,3.55506
37.09,3.554992
37.095,3.554939
37.1,3.554855
37.105,3.554747
37.11,3.554639
37.115,3.554538
37.12,3.554396
37.125,3.554181
37.13,3.553911
37.135,3.553607
37.14,3.553307
37.145,3.553009
37.15,3.552701
37.155,3.552411
37.16,3.552166
37.165,3.551945
37.17,3.551734
37.175,3.551512
37.18,3.551301
37.185,3.551131
37.19,3.551018
37.195,3.55096
37.2,3.55091
37.205,3.550829
37.21,3.550725
37.215,3.550623
37.22,3.550543
37.225,3.550493
37.23,3.550463
37.235,3.550404
37.24,3.550304
37.245,3.55019
37.25,3.550088
37.255,3.550016
37.26,3.549977
37.265,3.549965
37.27,3.550002
37.275,3.550102
37.28,3.550237
37.285,3.550366
37.29,3.550464
37.295,3.550521
37.3,3.550543
37.305,3.550541
37.31,3.550528
37.315,3.550512
37.32,3.550502
37.325,3.550536
37.33,3.550634
37.335,3.550807
37.34,3.551029
37.345,3.551262
37.35,3.551512
37.355,3.551793
37.36,3.552072
37.365,3.552305
37.37,3.552473
37.375,3.552618
37.38,3.552754
37.385,3.552905
37.39,3.553117
37.395,3.553384
37.4,3.553679
37.405,3.553995
37.41,3.554323
37.415,3.554626
37.42,3.554898
37.425,3.555146
37.43,3.555392
37.435,3.555628
37.44,3.555836
37.445,3.556039
37.45,3.556227
37.455,3.556386
37.46,3.556546
37.465,3.556719
37.47,3.556925
37.475,3.557141
37.48,3.557361
37.485,3.557584
37.49,3.557781
37.495,3.557926
37.5,3.558013
37.505,3.558054
37.51,3.558103
37.515,3.558188
37.52,3.558294
37.525,3.558393
37.53,3.558469
37.535,3.558513
37.54,3.558531
37.545,3.558531
37.55,3.558521
37.555,3.558509
37.56,3.558501
37.565,3.558495
37.57,3.558494
37.575,3.558495
37.58,3.558497
37.585,3.558499
37.59,3.5585
37.595,3.558501
37.6,3.558501
37.605,3.558501
37.61,3.5585
37.615,3.5585
37.62,3.558472
37.625,3.558381
37.63,3.558207
37.635,3.557981
37.64,3.557755
37.645,3.557529
37.65,3.557269
37.655,3.556994
37.66,3.55675
37.665,3.556572
37.67,3.556469
37.675,3.55643
37.68,3.556431
37.685,3.556424
37.69,3.556352
37.695,3.556187
37.7,3.555939
37.705,3.555629
37.71,3.555266
37.715,3.554865
37.72,3.554466
37.725,3.55409
37.73,3.553746
37.735,3.553439
37.74,3.553176
37.745,3.552938
37.75,3.552724
37.755,3.552512
37.76,3.55231
37.765,3.552143
37.77,3.551991
37.775,3.551836
37.78,3.551692
37.785,3.55158
37.79,3.551507
37.795,3.551471
37.8,3.55146
37.805,3.551423
37.81,3.551337
37.815,3.551224
37.82,3.551116
37.825,3.551033
37.83,3.550984
37.835,3.550965
37.84,3.550966
37.845,3.550977
37.85,3.550989
37.855,3.550999
37.86,3.551005
37.865,3.551007
37.87,3.551006
37.875,3.551004
37.88,3.551001
37.885,3.551
37.89,3.550999
37.895,3.550999
37.9,3.550999
37.905,3.551
37.91,3.551
37.915,3.551003
37.92,3.551048
37.925,3.55115
37.93,3.551317
37.935,3.551551
37.94,3.551838
37.945,3.55213
37.95,3.552415
37.955,3.55267
37.96,3.552874
37.965,3.553058
37.97,3.553235
37.975,3.553436
37.98,3.553693
37.985,3.554015
37.99,3.554382
37.995,3.554774
38,3.555175
38.005,3.55555
38.01,3.555893
38.015,3.556189
38.02,3.556457
38.025,3.556732
38.03,3.557008
38.035,3.557272
38.04,3.557528
38.045,3.557758
38.05,3.557978
38.055,3.55819
38.06,3.55841
38.065,3.55863
38.07,3.558841
38.075,3.559056
38.08,3.559255
38.085,3.559453
38.09,3.559649
38.095,3.559819
38.1,3.559942
38.105,3.560015
38.11,3.560064
38.115,3.56014
38.12,3.560244
38.125,3.560351
38.13,3.560439
38.135,3.560498
38.14,3.560526
38.145,3.560532
38.15,3.560526
38.155,3.560514
38.16,3.560504
38.165,3.560497
38.17,3.560494
38.175,3.560494
38.18,3.560496
38.185,3.560498
38.19,3.5605
38.195,3.560501
38.2,3.560501
38.205,3.560501
38.21,3.560489
38.215,3.560424
38.22,3.560294
38.225,3.560093
38.23,3.559831
38.235,3.55954
38.24,3.559276
38.245,3.559053
38.25,3.558854
38.255,3.558688
38.26,3.558568
38.265,3.558488
38.27,3.558398
38.275,3.558283
38.28,3.55812
38.285,3.557873
38.29,3.557534
38.295,3.557148
38.3,3.556739
38.305,3.55632
38.31,3.555917
38.315,3.555545
38.32,3.555203
38.325,3.554899
38.33,3.55462
38.335,3.554364
38.34,3.554114
38.345,3.553876
38.35,3.553677
38.355,3.553498
38.36,3.553326
38.365,3.553175
38.37,3.553044
38.375,3.5529
38.38,3.552753
38.385,3.552625
38.39,3.552532
38.395,3.552442
38.4,3.552328
38.405,3.552206
38.41,3.5521
38.415,3.552024
38.42,3.551981
38.425,3.551966
38.43,3.551937
38.435,3.551859
38.44,3.551748
38.445,3.551636
38.45,3.551547
38.455,3.551493
38.46,3.551503
38.465,3.551593
38.47,3.551725
38.475,3.551858
38.48,3.55196
38.485,3.552022
38.49,3.552046
38.495,3.552044
38.5,3.552031
38.505,3.552047
38.51,3.552123
38.515,3.552263
38.52,3.552488
38.525,3.552784
38.53,3.553112
38.535,3.553443
38.54,3.553726
38.545,3.553952
38.55,3.554147
38.555,3.554314
38.56,3.554505
38.565,3.554764
38.57,3.555092
38.575,3.555477
38.58,3.555889
38.585,3.556302
38.59,3.556704
38.595,3.557092
38.6,3.557455
38.605,3.557791
38.61,3.55809
38.615,3.558338
38.62,3.55856
38.625,3.558752
38.63,3.558922
38.635,3.559097
38.64,3.559269
38.645,3.559458
38.65,3.559665
38.655,3.559901
38.66,3.560139
38.665,3.560375
38.67,3.560605
38.675,3.560814
38.68,3.561021
38.685,3.561214
38.69,3.561371
38.695,3.561476
38.7,3.561531
38.705,3.56157
38.71,3.561642
38.715,3.561745
38.72,3.561852
38.725,3.561941
38.73,3.561999
38.735,3.562027
38.74,3.562033
38.745,3.562026
38.75,3.562014
38.755,3.562004
38.76,3.561997
38.765,3.561994
38.77,3.561994
38.775,3.561996
38.78,3.561998
38.785,3.562
38.79,3.562001
38.795,3.562001
38.8,3.562001
38.805,3.562001
38.81,3.562
38.815,3.561977
38.82,3.561897
38.825,3.561751
38.83,3.56154
38.835,3.561276
38.84,3.560992
38.845,3.560742
38.85,3.560538
38.855,3.560354
38.86,3.560197
38.865,3.56008
38.87,3.559989
38.875,3.559881
38.88,3.559725
38.885,3.559504
38.89,3.559208
38.895,3.558848
38.9,3.558469
38.905,3.558084
38.91,3.557701
38.915,3.557324
38.92,3.556973
38.925,3.55665
38.93,3.556355
38.935,3.556075
38.94,3.555819
38.945,3.555573
38.95,3.555346
38.955,3.555155
38.96,3.554977
38.965,3.554805
38.97,3.554658
38.975,3.554521
38.98,3.554372
38.985,3.554219
38.99,3.554047
38.995,3.55386
39,3.553691
39.005,3.553563
39.01,3.553459
39.015,3.553342
39.02,3.553219
39.025,3.553111
39.03,3.553032
39.035,3.552987
39.04,3.552969
39.045,3.55297
39.05,3.55298
39.055,3.552991
39.06,3.553
39.065,3.553006
39.07,3.553041
39.075,3.553131
39.08,3.553252
39.085,3.55337
39.09,3.553461
39.095,3.553516
39.1,3.553545
39.105,3.5536
39.11,3.553714
39.115,3.553917
39.12,3.554204
39.125,3.554525
39.13,3.554852
39.135,3.555146
39.14,3.555376
39.145,3.555569
39.15,3.555741
39.155,3.555929
39.16,3.556185
39.165,3.556529
39.17,3.556936
39.175,3.557388
39.18,3.557835
39.185,3.558243
39.19,3.558604
39.195,3.558929
39.2,3.559207
39.205,3.559461
39.21,3.559685
39.215,3.55989
39.22,3.560092
39.225,3.560282
39.23,3.560483
39.235,3.560693
39.24,3.560925
39.245,3.561154
39.25,3.561374
39.255,3.561591
39.26,3.561784
39.265,3.561969
39.27,3.562152
39.275,3.562319
39.28,3.562488
39.285,3.562664
39.29,3.562821
39.295,3.562938
39.3,3.563009
39.305,3.56304
39.31,3.563043
39.315,3.56306
39.32,3.563131
39.325,3.56324
39.33,3.563354
39.335,3.563447
39.34,3.563506
39.345,3.563533
39.35,3.563537
39.355,3.563528
39.36,3.563514
39.365,3.563503
39.37,3.563496
39.375,3.563493
39.38,3.563494
39.385,3.563496
39.39,3.563498
39.395,3.5635
39.4,3.563501
39.405,3.563501
39.41,3.563501
39.415,3.563491
39.42,3.563429
39.425,3.563305
39.43,3.563112
39.435,3.562883
39.44,3.562631
39.445,3.562346
39.45,3.562047
39.455,3.561781
39.46,3.561586
39.465,3.561472
39.47,3.561423
39.475,3.561382
39.48,3.561308
39.485,3.561188
39.49,3.561003
39.495,3.560738
39.5,3.5604
39.505,3.560031
39.51,3.559642
39.515,3.559244
39.52,3.558862
39.525,3.558511
39.53,3.558185
39.535,3.557893
39.54,3.557623
39.545,3.557369
39.55,3.557114
39.555,3.556871
39.56,3.556664
39.565,3.556472
39.57,3.556293
39.575,3.556136
39.58,3.555975
39.585,3.555809
39.59,3.555661
39.595,3.555526
39.6,3.555378
39.605,3.55523
39.61,3.555102
39.615,3.554967
39.62,3.554818
39.625,3.554678
39.63,3.554568
39.635,3.554499
39.64,3.554467
39.645,3.554462
39.65,3.554471
39.655,3.554485
39.66,3.554497
39.665,3.554504
39.67,3.554507
39.675,3.554507
39.68,3.554505
39.685,3.554502
39.69,3.554504
39.695,3.554548
39.7,3.554648
39.705,3.554773
39.71,3.554891
39.715,3.555014
39.72,3.555177
39.725,3.555395
39.73,3.555646
39.735,3.555921
39.74,3.556182
39.745,3.556432
39.75,3.556662
39.755,3.556848
39.76,3.557015
39.765,3.557218
39.77,3.55748
39.775,3.557818
39.78,3.558216
39.785,3.558644
39.79,3.559067
39.795,3.559458
39.8,3.559808
39.805,3.560126
39.81,3.560427
39.815,3.560692
39.82,3.560937
39.825,3.56116
39.83,3.561354
39.835,3.561547
39.84,3.561731
39.845,3.561921
39.85,3.562119
39.855,3.562316
39.86,3.562525
39.865,3.562727
39.87,3.56293
39.875,3.563133
39.88,3.563319
39.885,3.563507
39.89,3.563692
39.895,3.563848
39.9,3.563959
39.905,3.564021
39.91,3.564044
39.915,3.564041
39.92,3.564027
39.925,3.564011
39.93,3.563999
39.935,3.564002
39.94,3.56406
39.945,3.564171
39.95,3.5643
39.955,3.564412
39.96,3.56449
39.965,3.564531
39.97,3.564542
39.975,3.564535
39.98,3.564521
39.985,3.564507
39.99,3.564492
39.995,3.564434
40,3.564329
40.005,3.564205
40.01,3.564095
40.015,3.564016
40.02,3.563974
40.025,3.563935
40.03,3.563857
40.035,3.56375
40.04,3.563615
40.045,3.56341
40.05,3.563142
40.055,3.56287
40.06,3.562648
40.065,3.56249
40.07,3.562352
40.075,3.562225
40.08,3.562118
40.085,3.56204
40.09,3.561991
40.095,3.561928
40.1,3.561814
40.105,3.561615
40.11,3.561324
40.115,3.560984
40.12,3.560624
40.125,3.560264
40.13,3.559917
40.135,3.559587
40.14,3.559298
40.145,3.559037
40.15,3.558795
40.155,3.558551
40.16,3.558324
40.165,3.558118
40.17,3.557916
40.175,3.557735
40.18,3.557591
40.185,3.557457
40.19,3.557315
40.195,3.557181
40.2,3.557062
40.205,3.556926
40.21,3.556779
40.215,3.556646
40.22,3.556547
40.225,3.556488
40.23,3.556464
40.235,3.556463
40.24,3.556474
40.245,3.556488
40.25,3.556499
40.255,3.556505
40.26,3.556507
40.265,3.556506
40.27,3.556504
40.275,3.556502
40.28,3.5565
40.285,3.556499
40.29,3.556524
40.295,3.556605
40.3,3.556726
40.305,3.55685
40.31,3.556985
40.315,3.557144
40.32,3.557342
40.325,3.557567
40.33,3.557813
40.335,3.558074
40.34,3.558353
40.345,3.55862
40.35,3.558835
40.355,3.558994
40.36,3.55914
40.365,3.559313
40.37,3.55956
40.375,3.559874
40.38,3.560241
40.385,3.560642
40.39,3.561021
40.395,3.561359
40.4,3.56165
40.405,3.561915
40.41,3.562153
40.415,3.562364
40.42,3.56257
40.425,3.562757
40.43,3.562942
40.435,3.563131
40.44,3.563302
40.445,3.563471
40.45,3.563645
40.455,3.563807
40.46,3.563968
40.465,3.564142
40.47,3.564342
40.475,3.564565
40.48,3.564815
40.485,3.565069
40.49,3.565289
40.495,3.565445
40.5,3.565538
40.505,3.565619
40.51,3.565717
40.515,3.565821
40.52,3.565912
40.525,3.565977
40.53,3.566014
40.535,3.566028
40.54,3.566026
40.545,3.566017
40.55,3.566007
40.555,3.565999
40.56,3.565996
40.565,3.565995
40.57,3.565996
40.575,3.565997
40.58,3.565999
40.585,3.566
40.59,3.566001
40.595,3.566001
40.6,3.566001
40.605,3.566
40.61,3.566
40.615,3.565977
40.62,3.565898
40.625,3.565759
40.63,3.565554
40.635,3.565284
40.64,3.564992
40.645,3.564734
40.65,3.564514
40.655,3.564319
40.66,3.564161
40.665,3.564049
40.67,3.56395
40.675,3.563822
40.68,3.563636
40.685,3.563391
40.69,3.563069
40.695,3.562698
40.7,3.562309
40.705,3.561923
40.71,3.561557
40.715,3.561213
40.72,3.560904
40.725,3.560621
40.73,3.560367
40.735,3.560135
40.74,3.559912
40.745,3.559686
40.75,3.559453
40.755,3.559239
40.76,3.55903
40.765,3.55883
40.77,3.558662
40.775,3.55852
40.78,3.558372
40.785,3.558228
40.79,3.558108
40.795,3.558021
40.8,3.557929
40.805,3.557813
40.81,3.557692
40.815,3.557588
40.82,3.557509
40.825,3.557416
40.83,3.557297
40.835,3.557176
40.84,3.557076
40.845,3.557008
40.85,3.556974
40.855,3.556965
40.86,3.556971
40.865,3.556984
40.87,3.557001
40.875,3.557063
40.88,3.557172
40.885,3.557298
40.89,3.557409
40.895,3.557487
40.9,3.557528
40.905,3.557549
40.91,3.557604
40.915,3.55774
40.92,3.557952
40.925,3.558222
40.93,3.558511
40.935,3.558787
40.94,3.559048
40.945,3.559268
40.95,3.559434
40.955,3.559587
40.96,3.559776
40.965,3.560032
40.97,3.560384
40.975,3.560812
40.98,3.56127
40.985,3.561717
40.99,3.562107
40.995,3.562436
41,3.562725
41.005,3.562994
41.01,3.563236
41.015,3.563471
41.02,3.563688
41.025,3.563889
41.03,3.56409
41.035,3.564275
41.04,3.564462
41.045,3.564666
41.05,3.564903
41.055,3.565147
41.06,3.565399
41.065,3.565639
41.07,3.565844
41.075,3.566036
41.08,3.566215
41.085,3.566382
41.09,3.566561
41.095,3.566736
41.1,3.566879
41.105,3.566977
41.11,3.567029
41.115,3.567045
41.12,3.567039
41.125,3.567051
41.13,3.567121
41.135,3.567231
41.14,3.567348
41.145,3.567444
41.15,3.567505
41.155,3.567534
41.16,3.567538
41.165,3.567529
41.17,3.567515
41.175,3.567503
41.18,3.567496
41.185,3.567493
41.19,3.56748
41.195,3.567415
41.2,3.567305
41.205,3.567181
41.21,3.567071
41.215,3.566946
41.22,3.56676
41.225,3.566524
41.23,3.566282
41.235,3.566036
41.24,3.565808
41.245,3.565629
41.25,3.565486
41.255,3.565345
41.26,3.565211
41.265,3.565099
41.27,3.564983
41.275,3.56482
41.28,3.564594
41.285,3.564303
41.29,3.563943
41.295,3.563526
41.3,3.563109
41.305,3.562721
41.31,3.56235
41.315,3.562009
41.32,3.561724
41.325,3.561475
41.33,3.561247
41.335,3.561016
41.34,3.560797
41.345,3.560578
41.35,3.560364
41.355,3.560178
41.36,3.560001
41.365,3.559827
41.37,3.559673
41.375,3.559537
41.38,3.559388
41.385,3.559239
41.39,3.559113
41.395,3.558995
41.4,3.558859
41.405,3.558721
41.41,3.558604
41.415,3.558522
41.42,3.558477
41.425,3.558429
41.43,3.558344
41.435,3.558233
41.44,3.558126
41.445,3.558042
41.45,3.55799
41.455,3.557968
41.46,3.557967
41.465,3.557976
41.47,3.557988
41.475,3.557998
41.48,3.558004
41.485,3.558031
41.49,3.558112
41.495,3.55823
41.5,3.55835
41.505,3.558447
41.51,3.558508
41.515,3.558541
41.52,3.558596
41.525,3.55871
41.53,3.558901
41.535,3.559157
41.54,3.559447
41.545,3.559737
41.55,3.560017
41.555,3.560254
41.56,3.560439
41.565,3.560612
41.57,3.560823
41.575,3.561116
41.58,3.561499
41.585,3.561932
41.59,3.562399
41.595,3.562851
41.6,3.56326
41.605,3.563614
41.61,3.563931
41.615,3.564225
41.62,3.564505
41.625,3.564771
41.63,3.565028
41.635,3.565258
41.64,3.565479
41.645,3.565687
41.65,3.565895
41.655,3.566113
41.66,3.566354
41.665,3.566598
41.67,3.566833
41.675,3.567063
41.68,3.567271
41.685,3.567475
41.69,3.567671
41.695,3.567836
41.7,3.567954
41.705,3.56802
41.71,3.568045
41.715,3.568043
41.72,3.568028
41.725,3.568012
41.73,3.567999
41.735,3.568007
41.74,3.568075
41.745,3.568191
41.75,3.568319
41.755,3.568427
41.76,3.568499
41.765,3.568535
41.77,3.568542
41.775,3.568533
41.78,3.568518
41.785,3.568505
41.79,3.568496
41.795,3.568493
41.8,3.568493
41.805,3.568495
41.81,3.568497
41.815,3.568499
41.82,3.568469
41.825,3.568382
41.83,3.56826
41.835,3.568138
41.84,3.568017
41.845,3.567875
41.85,3.567728
41.855,3.567562
41.86,3.567335
41.865,3.567065
41.87,3.566807
41.875,3.566607
41.88,3.566456
41.885,3.566317
41.89,3.56619
41.895,3.566089
41.9,3.566016
41.905,3.565928
41.91,3.565785
41.915,3.565551
41.92,3.565241
41.925,3.564887
41.93,3.564499
41.935,3.564103
41.94,3.563717
41.945,3.563359
41.95,3.563033
41.955,3.562735
41.96,3.562461
41.965,3.562213
41.97,3.561975
41.975,3.561764
41.98,3.561591
41.985,3.561424
41.99,3.561264
41.995,3.56113
42,3.561035
42.005,3.560946
42.01,3.560835
42.015,3.560714
42.02,3.560607
42.025,3.560528
42.03,3.560484
42.035,3.560467
42.04,3.560448
42.045,3.560382
42.05,3.560276
42.055,3.560171
42.06,3.560137
42.065,3.560184
42.07,3.560278
42.075,3.560381
42.08,3.560463
42.085,3.560515
42.09,3.560536
42.095,3.560537
42.1,3.560526
42.105,3.560531
42.11,3.560596
42.115,3.560722
42.12,3.560927
42.125,3.561212
42.13,3.561521
42.135,3.561827
42.14,3.562107
42.145,3.562328
42.15,3.562483
42.155,3.562621
42.16,3.562802
42.165,3.563055
42.17,3.563401
42.175,3.563827
42.18,3.564279
42.185,3.564719
42.19,3.565126
42.195,3.565488
42.2,3.565785
42.205,3.566041
42.21,3.566251
42.215,3.56642
42.22,3.566584
42.225,3.566742
42.23,3.566885
42.235,3.567042
42.24,3.567206
42.245,3.56736
42.25,3.567528
42.255,3.567705
42.26,3.567905
42.265,3.568116
42.27,3.568328
42.275,3.568547
42.28,3.56875
42.285,3.568945
42.29,3.569139
42.295,3.569309
42.3,3.569434
42.305,3.56951
42.31,3.569542
42.315,3.569544
42.32,3.569556
42.325,3.569621
42.33,3.569727
42.335,3.569842
42.34,3.569938
42.345,3.570001
42.35,3.570032
42.355,3.570038
42.36,3.570029
42.365,3.570016
42.37,3.570004
42.375,3.569997
42.38,3.569993
42.385,3.569994
42.39,3.569995
42.395,3.569998
42.4,3.57
42.405,3.570001
42.41,3.570001
42.415,3.570001
42.42,3.569985
42.425,3.569912
42.43,3.569756
42.435,3.569534
42.44,3.569292
42.445,3.569018
42.45,3.568709
42.455,3.56841
42.46,3.568169
42.465,3.568012
42.47,3.567935
42.475,3.567903
42.48,3.567851
42.485,3.567762
42.49,3.567616
42.495,3.567395
42.5,3.567081
42.505,3.566708
42.51,3.566312
42.515,3.565914
42.52,3.56554
42.525,3.565196
42.53,3.564888
42.535,3.564601
42.54,3.564347
42.545,3.564121
42.55,3.563901
42.555,3.563663
42.56,3.56342
42.565,3.563194
42.57,3.562972
42.575,3.562771
42.58,3.562612
42.585,3.562471
42.59,3.562325
42.595,3.562189
42.6,3.562081
42.605,3.562003
42.61,3.561912
42.615,3.561797
42.62,3.561678
42.625,3.561578
42.63,3.56151
42.635,3.561475
42.64,3.561466
42.645,3.561472
42.65,3.561483
42.655,3.561495
42.66,3.561502
42.665,3.561506
42.67,3.561506
42.675,3.561506
42.68,3.561542
42.685,3.561633
42.69,3.561756
42.695,3.561874
42.7,3.561965
42.705,3.562018
42.71,3.562061
42.715,3.56214
42.72,3.562289
42.725,3.562496
42.73,3.562734
42.735,3.562991
42.74,3.563226
42.745,3.563421
42.75,3.563603
42.755,3.563766
42.76,3.56392
42.765,3.564118
42.77,3.564406
42.775,3.564777
42.78,3.565203
42.785,3.565648
42.79,3.566065
42.795,3.566437
42.8,3.566765
42.805,3.567055
42.81,3.567288
42.815,3.567484
42.82,3.567664
42.825,3.56782
42.83,3.567972
42.835,3.568136
42.84,3.568293
42.845,3.568453
42.85,3.568627
42.855,3.568805
42.86,3.569002
42.865,3.569203
42.87,3.569413
42.875,3.569626
42.88,3.569825
42.885,3.570028
42.89,3.570219
42.895,3.570374
42.9,3.570478
42.905,3.570532
42.91,3.570548
42.915,3.57054
42.92,3.570548
42.925,3.570614
42.93,3.570723
42.935,3.57084
42.94,3.570938
42.945,3.571003
42.95,3.571033
42.955,3.571039
42.96,3.57103
42.965,3.571016
42.97,3.571004
42.975,3.570996
42.98,3.570993
42.985,3.570993
42.99,3.570995
42.995,3.570998
43,3.570992
43.005,3.570937
43.01,3.57083
43.015,3.570704
43.02,3.570562
43.025,3.570397
43.03,3.570219
43.035,3.570006
43.04,3.56974
43.045,3.569459
43.05,3.569216
43.055,3.569046
43.06,3.568936
43.065,3.568832
43.07,3.568725
43.075,3.568624
43.08,3.568505
43.085,3.568335
43.09,3.568087
43.095,3.56777
43.1,3.567423
43.105,3.56705
43.11,3.56667
43.115,3.566315
43.12,3.565988
43.125,3.565679
43.13,3.565399
43.135,3.565168
43.14,3.564959
43.145,3.564756
43.15,3.564535
43.155,3.564316
43.16,3.564094
43.165,3.563875
43.17,3.563686
43.175,3.563517
43.18,3.563349
43.185,3.563197
43.19,3.56308
43.195,3.562992
43.2,3.562889
43.205,3.562769
43.21,3.562652
43.215,3.562559
43.22,3.5625
43.225,3.562454
43.23,3.562375
43.235,3.562266
43.24,3.562154
43.245,3.562061
43.25,3.562001
43.255,3.561971
43.26,3.561972
43.265,3.562025
43.27,3.562136
43.275,3.56227
43.28,3.562392
43.285,3.562479
43.29,3.562528
43.295,3.562543
43.3,3.562538
43.305,3.562527
43.31,3.562554
43.315,3.562659
43.32,3.562852
43.325,3.563111
43.33,3.563408
43.335,3.563689
43.34,3.563947
43.345,3.564177
43.35,3.564358
43.355,3.564518
43.36,3.564713
43.365,3.564971
43.37,3.565316
43.375,3.565741
43.38,3.566201
43.385,3.566653
43.39,3.567058
43.395,3.567413
43.4,3.567721
43.405,3.568
43.41,3.568238
43.415,3.568452
43.42,3.568653
43.425,3.568833
43.43,3.569019
43.435,3.569201
43.44,3.569379
43.445,3.569567
43.45,3.569752
43.455,3.569946
43.46,3.570149
43.465,3.570369
43.47,3.570597
43.475,3.570823
43.48,3.571052
43.485,3.571257
43.49,3.571411
43.495,3.571506
43.5,3.571548
43.505,3.571553
43.51,3.571539
43.515,3.571519
43.52,3.571503
43.525,3.571514
43.53,3.571587
43.535,3.571706
43.54,3.571833
43.545,3.571938
43.55,3.572005
43.555,3.572037
43.56,3.572042
43.565,3.572032
43.57,3.572017
43.575,3.572004
43.58,3.571996
43.585,3.571993
43.59,3.571993
43.595,3.571995
43.6,3.571998
43.605,3.571998
43.61,3.571962
43.615,3.571868
43.62,3.571745
43.625,3.571613
43.63,3.571457
43.635,3.57129
43.64,3.571118
43.645,3.570905
43.65,3.570642
43.655,3.570377
43.66,3.570159
43.665,3.570003
43.67,3.569867
43.675,3.569738
43.68,3.569628
43.685,3.56954
43.69,3.569438
43.695,3.569291
43.7,3.56907
43.705,3.568774
43.71,3.568432
43.715,3.568053
43.72,3.567666
43.725,3.567296
43.73,3.566958
43.735,3.566644
43.74,3.566367
43.745,3.566132
43.75,3.565915
43.755,3.565692
43.76,3.565459
43.765,3.565246
43.77,3.565047
43.775,3.564854
43.78,3.564687
43.785,3.564564
43.79,3.564491
43.795,3.564455
43.8,3.564402
43.805,3.564311
43.81,3.564202
43.815,3.564101
43.82,3.564026
43.825,3.563983
43.83,3.563967
43.835,3.563953
43.84,3.563892
43.845,3.563788
43.85,3.563672
43.855,3.563573
43.86,3.563505
43.865,3.563471
43.87,3.563486
43.875,3.563574
43.88,3.563706
43.885,3.563841
43.89,3.563948
43.895,3.564015
43.9,3.564043
43.905,3.564044
43.91,3.564032
43.915,3.564029
43.92,3.564084
43.925,3.564201
43.93,3.564387
43.935,3.56461
43.94,3.564858
43.945,3.565116
43.95,3.565386
43.955,3.565641
43.96,3.565846
43.965,3.565989
43.97,3.566117
43.975,3.566282
43.98,3.56653
43.985,3.566849
43.99,3.567222
43.995,3.567628
44,3.56801
44.005,3.568333
44.01,3.56861
44.015,3.568871
44.02,3.569115
44.025,3.569347
44.03,3.569575
44.035,3.569776
44.04,3.569966
44.045,3.570152
44.05,3.570317
44.055,3.570479
44.06,3.570651
44.065,3.570841
44.07,3.571051
44.075,3.571252
44.08,3.571449
44.085,3.571645
44.09,3.571814
44.095,3.571939
44.1,3.572013
44.105,3.572043
44.11,3.572044
44.115,3.572031
44.12,3.572014
44.125,3.572001
44.13,3.571993
44.135,3.571992
44.14,3.572024
44.145,3.572114
44.15,3.572239
44.155,3.572362
44.16,3.572458
44.165,3.572516
44.17,3.572539
44.175,3.572539
44.18,3.572528
44.185,3.572513
44.19,3.57249
44.195,3.572425
44.2,3.572316
44.205,3.572193
44.21,3.572085
44.215,3.572011
44.22,3.571972
44.225,3.571961
44.23,3.571967
44.235,3.571981
44.24,3.57199
44.245,3.571955
44.25,3.571844
44.255,3.571649
44.26,3.571416
44.265,3.571179
44.27,3.570942
44.275,3.570733
44.28,3.57058
44.285,3.570485
44.29,3.570407
44.295,3.570308
44.3,3.5702
44.305,3.570102
44.31,3.57003
44.315,3.569984
44.32,3.569918
44.325,3.569787
44.33,3.569581
44.335,3.569316
44.34,3.569023
44.345,3.568724
44.35,3.56842
44.355,3.568111
44.36,3.567833
44.365,3.567612
44.37,3.567419
44.375,3.567239
44.38,3.567042
44.385,3.566841
44.39,3.566669
44.395,3.566545
44.4,3.566475
44.405,3.56645
44.41,3.566444
44.415,3.5664
44.42,3.566309
44.425,3.566197
44.43,3.566094
44.435,3.56602
44.44,3.565978
44.445,3.565964
44.45,3.565968
44.455,3.565979
44.46,3.565992
44.465,3.566001
44.47,3.566006
44.475,3.566007
44.48,3.566005
44.485,3.566003
44.49,3.566001
44.495,3.566
44.5,3.565999
44.505,3.565999
44.51,3.565999
44.515,3.566
44.52,3.566
44.525,3.566024
44.53,3.566104
44.535,3.566224
44.54,3.566355
44.545,3.566514
44.55,3.566728
44.555,3.56698
44.56,3.567233
44.565,3.567485
44.57,3.567712
44.575,3.567887
44.58,3.567998
44.585,3.568089
44.59,3.568193
44.595,3.568318
44.6,3.568515
44.605,3.56879
44.61,3.569121
44.615,3.569473
44.62,3.569826
44.625,3.57014
44.63,3.570406
44.635,3.570641
44.64,3.57087
44.645,3.571095
44.65,3.571293
44.655,3.571478
44.66,3.57166
44.665,3.571819
44.67,3.571963
44.675,3.572118
44.68,3.572271
44.685,3.572434
44.69,3.572614
44.695,3.572784
44.7,3.572916
44.705,3.573
44.71,3.57304
44.715,3.573046
44.72,3.573035
44.725,3.573019
44.73,3.573004
44.735,3.572998
44.74,3.573039
44.745,3.573139
44.75,3.573266
44.755,3.573385
44.76,3.573473
44.765,3.573524
44.77,3.573542
44.775,3.573538
44.78,3.573525
44.785,3.573498
44.79,3.573421
44.795,3.573303
44.8,3.573176
44.805,3.573071
44.81,3.573001
44.815,3.572967
44.82,3.57296
44.825,3.572968
44.83,3.572983
44.835,3.572995
44.84,3.572986
44.845,3.572904
44.85,3.572724
44.855,3.572487
44.86,3.572247
44.865,3.572011
44.87,3.571795
44.875,3.571626
44.88,3.571506
44.885,3.571392
44.89,3.571269
44.895,3.571153
44.9,3.571062
44.905,3.571003
44.91,3.570947
44.915,3.570849
44.92,3.570677
44.925,3.570451
44.93,3.570184
44.935,3.569907
44.94,3.569628
44.945,3.569346
44.95,3.569061
44.955,3.568805
44.96,3.568594
44.965,3.568401
44.97,3.568225
44.975,3.568039
44.98,3.567847
44.985,3.567679
44.99,3.567556
44.995,3.567483
45,3.567454
45.005,3.567454
45.01,3.567469
45.015,3.567486
45.02,3.5675
45.025,3.567507
45.03,3.567508
45.035,3.56747
45.04,3.567374
45.045,3.567248
45.05,3.567127
45.055,3.567035
45.06,3.566981
45.065,3.56696
45.07,3.566961
45.075,3.566974
45.08,3.566988
45.085,3.567
45.09,3.567006
45.095,3.567008
45.1,3.567006
45.105,3.567004
45.11,3.567016
45.115,3.567084
45.12,3.567197
45.125,3.567322
45.13,3.567428
45.135,3.567498
45.14,3.567536
45.145,3.567585
45.15,3.567674
45.155,3.567807
45.16,3.567991
45.165,3.568189
45.17,3.568367
45.175,3.568542
45.18,3.568713
45.185,3.568857
45.19,3.568969
45.195,3.569089
45.2,3.56922
45.205,3.569345
45.21,3.569478
45.215,3.569646
45.22,3.569869
45.225,3.570142
45.23,3.570441
45.235,3.570732
45.24,3.57101
45.245,3.571258
45.25,3.571495
45.255,3.571709
45.26,3.571911
45.265,3.572111
45.27,3.572288
45.275,3.572422
45.28,3.572527
45.285,3.572645
45.29,3.572781
45.295,3.572958
45.3,3.573153
45.305,3.573327
45.31,3.573454
45.315,3.573526
45.32,3.573553
45.325,3.57355
45.33,3.573533
45.335,3.573514
45.34,3.573499
45.345,3.573492
45.35,3.57349
45.355,3.573492
45.36,3.573495
45.365,3.573498
45.37,3.5735
45.375,3.573501
45.38,3.573502
45.385,3.573501
45.39,3.573501
45.395,3.5735
45.4,3.5735
45.405,3.5735
45.41,3.5735
45.415,3.5735
45.42,3.5735
45.425,3.5735
45.43,3.5735
45.435,3.5735
45.44,3.5735
45.445,3.573495
45.45,3.573444
45.455,3.573315
45.46,3.573107
45.465,3.572873
45.47,3.572647
45.475,3.572426
45.48,3.572225
45.485,3.572026
45.49,3.571832
45.495,3.571667
45.5,3.571549
45.505,3.571481
45.51,3.571455
45.515,3.571457
45.52,3.571471
45.525,3.571459
45.53,3.571386
45.535,3.57127
45.54,3.571117
45.545,3.57092
45.55,3.570675
45.555,3.570413
45.56,3.570148
45.565,3.569893
45.57,3.569648
45.575,3.569412
45.58,3.56921
45.585,3.569055
45.59,3.568909
45.595,3.568765
45.6,3.56864
45.605,3.568548
45.61,3.568493
45.615,3.568469
45.62,3.568468
45.625,3.568477
45.63,3.568489
45.635,3.568499
45.64,3.568505
45.645,3.568507
45.65,3.568506
45.655,3.568504
45.66,3.568502
45.665,3.5685
45.67,3.568499
45.675,3.568499
45.68,3.568499
45.685,3.5685
45.69,3.5685
45.695,3.5685
45.7,3.5685
45.705,3.5685
45.71,3.5685
45.715,3.5685
45.72,3.5685
45.725,3.5685
45.73,3.5685
45.735,3.5685
45.74,3.5685
45.745,3.5685
45.75,3.5685
45.755,3.5685
45.76,3.568506
45.765,3.56856
45.77,3.568667
45.775,3.568827
45.78,3.56903
45.785,3.569241
45.79,3.569462
45.795,3.569675
45.8,3.569851
45.805,3.56999
45.81,3.57013
45.815,3.570267
45.82,3.570384
45.825,3.570472
45.83,3.570572
45.835,3.570719
45.84,3.570926
45.845,3.571167
45.85,3.571443
45.855,3.571754
45.86,3.572059
45.865,3.572328
45.87,3.572573
45.875,3.572818
45.88,3.573062
45.885,3.573274
45.89,3.573428
45.895,3.573542
45.9,3.573659
45.905,3.573779
45.91,3.573885
45.915,3.573963
45.92,3.574009
45.925,3.574028
45.93,3.574028
45.935,3.57402
45.94,3.574009
45.945,3.574
45.95,3.573996
45.955,3.573994
45.96,3.573995
45.965,3.573997
45.97,3.573999
45.975,3.574
45.98,3.574001
45.985,3.574001
45.99,3.574001
45.995,3.574
46,3.574
46.005,3.574
46.01,3.574
46.015,3.574
46.02,3.574
46.025,3.574
46.03,3.574
46.035,3.574
46.04,3.574
46.045,3.574
46.05,3.574
46.055,3.574
46.06,3.573998
46.065,3.573959
46.07,3.573865
46.075,3.573741
46.08,3.57361
46.085,3.57344
46.09,3.573204
46.095,3.572944
46.1,3.572714
46.105,3.572549
46.11,3.57243
46.115,3.572315
46.12,3.572201
46.125,3.572104
46.13,3.572033
46.135,3.571991
46.14,3.571975
46.145,3.57197
46.15,3.571929
46.155,3.571836
46.16,3.571718
46.165,3.571593
46.17,3.571424
46.175,3.57119
46.18,3.570909
46.185,3.570601
46.19,3.570319
46.195,3.570107
46.2,3.56997
46.205,3.569857
46.21,3.569745
46.215,3.569643
46.22,3.569562
46.225,3.569508
46.23,3.569482
46.235,3.569475
46.24,3.569479
46.245,3.569488
46.25,3.569497
46.255,3.569502
46.26,3.569505
46.265,3.569505
46.27,3.569503
46.275,3.569502
46.28,3.5695
46.285,3.5695
46.29,3.569499
46.295,3.569499
46.3,3.5695
46.305,3.5695
46.31,3.5695
46.315,3.5695
46.32,3.5695
46.325,3.5695
46.33,3.569515
46.335,3.569584
46.34,3.569698
46.345,3.569823
46.35,3.569931
46.355,3.570043
46.36,3.570175
46.365,3.570315
46.37,3.570481
46.375,3.570662
46.38,3.570826
46.385,3.570971
46.39,3.571124
46.395,3.571273
46.4,3.571395
46.405,3.571488
46.41,3.571594
46.415,3.571718
46.42,3.571863
46.425,3.572042
46.43,3.572268
46.435,3.572538
46.44,3.572843
46.445,3.573136
46.45,3.573409
46.455,3.573672
46.46,3.573938
46.465,3.574182
46.47,3.574403
46.475,3.574613
46.48,3.574814
46.485,3.575024
46.49,3.575222
46.495,3.575381
46.5,3.575485
46.505,3.575538
46.51,3.575551
46.515,3.575542
46.52,3.575524
46.525,3.575507
46.53,3.575501
46.535,3.575549
46.54,3.575654
46.545,3.575782
46.55,3.575899
46.555,3.575982
46.56,3.576028
46.565,3.576042
46.57,3.576037
46.575,3.576023
46.58,3.576009
46.585,3.575998
46.59,3.575993
46.595,3.575992
46.6,3.575994
46.605,3.575997
46.61,3.575983
46.615,3.575913
46.62,3.575798
46.625,3.575673
46.63,3.575569
46.635,3.5755
46.64,3.575465
46.645,3.575428
46.65,3.575349
46.655,3.575241
46.66,3.575116
46.665,3.574945
46.67,3.574709
46.675,3.574448
46.68,3.574216
46.685,3.57405
46.69,3.573957
46.695,3.573907
46.7,3.57384
46.705,3.573748
46.71,3.57365
46.715,3.573567
46.72,3.573509
46.725,3.573474
46.73,3.573414
46.735,3.573314
46.74,3.573191
46.745,3.57303
46.75,3.572833
46.755,3.572598
46.76,3.572336
46.765,3.572058
46.77,3.571803
46.775,3.571601
46.78,3.571423
46.785,3.571254
46.79,3.571067
46.795,3.570869
46.8,3.570692
46.805,3.570561
46.81,3.570483
46.815,3.570451
46.82,3.570451
46.825,3.570466
46.83,3.570485
46.835,3.57048
46.84,3.570412
46.845,3.570296
46.85,3.570171
46.855,3.570066
46.86,3.569997
46.865,3.569964
46.87,3.569959
46.875,3.569968
46.88,3.569989
46.885,3.570054
46.89,3.570168
46.895,3.570296
46.9,3.570409
46.905,3.570488
46.91,3.570529
46.915,3.570541
46.92,3.570535
46.925,3.570521
46.93,3.57053
46.935,3.5706
46.94,3.570718
46.945,3.570888
46.95,3.57109
46.955,3.571285
46.96,3.571477
46.965,3.571666
46.97,3.571829
46.975,3.571955
46.98,3.572081
46.985,3.572216
46.99,3.572341
46.995,3.572439
47,3.572527
47.005,3.572646
47.01,3.572825
47.015,3.573055
47.02,3.573336
47.025,3.573669
47.03,3.574018
47.035,3.574362
47.04,3.574675
47.045,3.574961
47.05,3.575206
47.055,3.575388
47.06,3.575528
47.065,3.575664
47.07,3.575794
47.075,3.575926
47.08,3.576083
47.085,3.576244
47.09,3.576381
47.095,3.576476
47.1,3.576527
47.105,3.576544
47.11,3.576554
47.115,3.576609
47.12,3.576709
47.125,3.576823
47.13,3.576923
47.135,3.576992
47.14,3.577027
47.145,3.577037
47.15,3.577031
47.155,3.577018
47.16,3.577006
47.165,3.576998
47.17,3.576994
47.175,3.576994
47.18,3.576995
47.185,3.576997
47.19,3.576999
47.195,3.577001
47.2,3.577001
47.205,3.577001
47.21,3.577001
47.215,3.577
47.22,3.577
47.225,3.577
47.23,3.577
47.235,3.577
47.24,3.577
47.245,3.577
47.25,3.576982
47.255,3.576908
47.26,3.576775
47.265,3.57658
47.27,3.576361
47.275,3.576163
47.28,3.575968
47.285,3.575737
47.29,3.575485
47.295,3.575255
47.3,3.575082
47.305,3.574979
47.31,3.574936
47.315,3.574935
47.32,3.574943
47.325,3.574903
47.33,3.57481
47.335,3.574694
47.34,3.574551
47.345,3.574381
47.35,3.574191
47.355,3.573944
47.36,3.57364
47.365,3.573294
47.37,3.572958
47.375,3.572662
47.38,3.572401
47.385,3.57216
47.39,3.571928
47.395,3.571727
47.4,3.57158
47.405,3.571491
47.41,3.571453
47.415,3.57145
47.42,3.571464
47.425,3.571483
47.43,3.571498
47.435,3.571478
47.44,3.571395
47.445,3.571273
47.45,3.571148
47.455,3.571049
47.46,3.570987
47.465,3.570961
47.47,3.570959
47.475,3.570971
47.48,3.571012
47.485,3.571108
47.49,3.571236
47.495,3.571361
47.5,3.571457
47.505,3.571515
47.51,3.571539
47.515,3.571539
47.52,3.571528
47.525,3.571527
47.53,3.571583
47.535,3.57169
47.54,3.571826
47.545,3.571998
47.55,3.572203
47.555,3.572441
47.56,3.572675
47.565,3.572867
47.57,3.573036
47.575,3.573197
47.58,3.573337
47.585,3.57344
47.59,3.573508
47.595,3.573588
47.6,3.573717
47.605,3.573913
47.61,3.57417
47.615,3.574497
47.62,3.574856
47.625,3.575208
47.63,3.575531
47.635,3.575813
47.64,3.576065
47.645,3.576274
47.65,3.576429
47.655,3.576571
47.66,3.576713
47.665,3.576843
47.67,3.576984
47.675,3.577144
47.68,3.5773
47.685,3.577465
47.69,3.577642
47.695,3.577804
47.7,3.577928
47.705,3.578005
47.71,3.57804
47.715,3.578044
47.72,3.578033
47.725,3.578016
47.73,3.578003
47.735,3.577998
47.74,3.578041
47.745,3.578141
47.75,3.578269
47.755,3.578388
47.76,3.578475
47.765,3.578524
47.77,3.578542
47.775,3.578538
47.78,3.578524
47.785,3.578507
47.79,3.57846
47.795,3.578364
47.8,3.578241
47.805,3.578124
47.81,3.578036
47.815,3.577983
47.82,3.577962
47.825,3.577963
47.83,3.577975
47.835,3.577989
47.84,3.577998
47.845,3.57797
47.85,3.577875
47.855,3.577697
47.86,3.577469
47.865,3.577243
47.87,3.577021
47.875,3.576812
47.88,3.576644
47.885,3.57653
47.89,3.576452
47.895,3.576361
47.9,3.576251
47.905,3.576144
47.91,3.576057
47.915,3.57597
47.92,3.575836
47.925,3.575631
47.93,3.575365
47.935,3.575066
47.94,3.574757
47.945,3.574442
47.95,3.574123
47.955,3.573836
47.96,3.573587
47.965,3.573362
47.97,3.573137
47.975,3.572912
47.98,3.572715
47.985,3.572571
47.99,3.572485
47.995,3.57245
48,3.572448
48.005,3.57245
48.01,3.572402
48.015,3.572303
48.02,3.572187
48.025,3.572084
48.03,3.572011
48.035,3.571973
48.04,3.571962
48.045,3.571968
48.05,3.571981
48.055,3.571993
48.06,3.572002
48.065,3.572006
48.07,3.572007
48.075,3.572005
48.08,3.572003
48.085,3.572001
48.09,3.571999
48.095,3.571999
48.1,3.571999
48.105,3.571999
48.11,3.572
48.115,3.572
48.12,3.57202
48.125,3.572096
48.13,3.572214
48.135,3.572359
48.14,3.572539
48.145,3.572724
48.15,3.572914
48.155,3.573112
48.16,3.573329
48.165,3.573558
48.17,3.573765
48.175,3.573921
48.18,3.57402
48.185,3.574113
48.19,3.574264
48.195,3.574517
48.2,3.574849
48.205,3.57523
48.21,3.57563
48.215,3.576002
48.22,3.576306
48.225,3.576561
48.23,3.576803
48.235,3.577043
48.24,3.577258
48.245,3.577459
48.25,3.577653
48.255,3.57782
48.26,3.577965
48.265,3.578118
48.27,3.578272
48.275,3.578446
48.28,3.578635
48.285,3.578815
48.29,3.579003
48.295,3.579189
48.3,3.579348
48.305,3.57946
48.31,3.579523
48.315,3.579545
48.32,3.579542
48.325,3.579527
48.33,3.579511
48.335,3.579499
48.34,3.579515
48.345,3.579593
48.35,3.579714
48.355,3.57984
48.36,3.579942
48.365,3.580008
48.37,3.580038
48.375,3.580034
48.38,3.579974
48.385,3.579858
48.39,3.579722
48.395,3.579601
48.4,3.579515
48.405,3.579469
48.41,3.579456
48.415,3.579462
48.42,3.579477
48.425,3.579484
48.43,3.579437
48.435,3.579334
48.44,3.579192
48.445,3.578992
48.45,3.578728
48.455,3.578446
48.46,3.578196
48.465,3.577969
48.47,3.57777
48.475,3.577617
48.48,3.577518
48.485,3.577469
48.49,3.577445
48.495,3.577391
48.5,3.577287
48.505,3.577106
48.51,3.576839
48.515,3.576513
48.52,3.576157
48.525,3.575787
48.53,3.575408
48.535,3.575046
48.54,3.57474
48.545,3.574476
48.55,3.574244
48.555,3.574016
48.56,3.573805
48.565,3.573611
48.57,3.573416
48.575,3.573238
48.58,3.573096
48.585,3.572965
48.59,3.572825
48.595,3.572691
48.6,3.572583
48.605,3.572511
48.61,3.572474
48.615,3.572465
48.62,3.572471
48.625,3.572462
48.63,3.572395
48.635,3.572284
48.64,3.572164
48.645,3.572064
48.65,3.571998
48.655,3.571966
48.66,3.571961
48.665,3.57197
48.67,3.571983
48.675,3.571996
48.68,3.572005
48.685,3.572043
48.69,3.572135
48.695,3.572256
48.7,3.572373
48.705,3.572463
48.71,3.572521
48.715,3.57259
48.72,3.572691
48.725,3.572815
48.73,3.572978
48.735,3.573163
48.74,3.573365
48.745,3.573579
48.75,3.573774
48.755,3.573928
48.76,3.574073
48.765,3.574219
48.77,3.574375
48.775,3.574582
48.78,3.574876
48.785,3.575239
48.79,3.575641
48.795,3.576064
48.8,3.576461
48.805,3.5768
48.81,3.577091
48.815,3.577358
48.82,3.577604
48.825,3.57783
48.83,3.578052
48.835,3.578251
48.84,3.57843
48.845,3.57861
48.85,3.578775
48.855,3.578931
48.86,3.579099
48.865,3.57929
48.87,3.57951
48.875,3.579728
48.88,3.579951
48.885,3.580166
48.89,3.580343
48.895,3.580465
48.9,3.580531
48.905,3.580553
48.91,3.580547
48.915,3.580529
48.92,3.58051
48.925,3.580497
48.93,3.580514
48.935,3.580594
48.94,3.580716
48.945,3.580842
48.95,3.580944
48.955,3.581009
48.96,3.581038
48.965,3.581041
48.97,3.58103
48.975,3.581016
48.98,3.581003
48.985,3.580995
48.99,3.580992
48.995,3.580993
49,3.580995
49.005,3.580998
49.01,3.580989
49.015,3.580926
49.02,3.580815
49.025,3.58069
49.03,3.580572
49.035,3.580436
49.04,3.580287
49.045,3.580116
49.05,3.579914
49.055,3.579669
49.06,3.579414
49.065,3.579196
49.07,3.579042
49.075,3.578934
49.08,3.578824
49.085,3.578712
49.09,3.578613
49.095,3.578524
49.1,3.57841
49.105,3.578273
49.11,3.578099
49.115,3.577854
49.12,3.577536
49.125,3.577179
49.13,3.576824
49.135,3.576477
49.14,3.576137
49.145,3.575827
49.15,3.575542
49.155,3.575276
49.16,3.575016
49.165,3.574785
49.17,3.574605
49.175,3.574443
49.18,3.574287
49.185,3.574153
49.19,3.574054
49.195,3.573992
49.2,3.573923
49.205,3.573822
49.21,3.573707
49.215,3.573603
49.22,3.573526
49.225,3.57348
49.23,3.573424
49.235,3.573329
49.24,3.573216
49.245,3.57311
49.25,3.573031
49.255,3.572984
49.26,3.572967
49.265,3.572968
49.27,3.572978
49.275,3.57299
49.28,3.573
49.285,3.573005
49.29,3.573013
49.295,3.573066
49.3,3.573169
49.305,3.573293
49.31,3.573404
49.315,3.573483
49.32,3.573541
49.325,3.573624
49.33,3.573733
49.335,3.573856
49.34,3.574013
49.345,3.574198
49.35,3.574419
49.355,3.574645
49.36,3.574852
49.365,3.575055
49.37,3.575241
49.375,3.57539
49.38,3.575526
49.385,3.575691
49.39,3.575936
49.395,3.576259
49.4,3.576637
49.405,3.577048
49.41,3.577442
49.415,3.577794
49.42,3.578101
49.425,3.578382
49.43,3.578634
49.435,3.578849
49.44,3.579053
49.445,3.579238
49.45,3.579402
49.455,3.579572
49.46,3.579738
49.465,3.579897
49.47,3.58007
49.475,3.580256
49.48,3.580468
49.485,3.580683
49.49,3.580903
49.495,3.581121
49.5,3.581308
49.505,3.581443
49.51,3.581521
49.515,3.581551
49.52,3.58155
49.525,3.581533
49.53,3.581514
49.535,3.581507
49.54,3.581555
49.545,3.581661
49.55,3.581788
49.555,3.581903
49.56,3.581985
49.565,3.582029
49.57,3.582041
49.575,3.582004
49.58,3.581901
49.585,3.581764
49.59,3.581634
49.595,3.581535
49.6,3.581478
49.605,3.581456
49.61,3.581458
49.615,3.581472
49.62,3.581488
49.625,3.581485
49.63,3.581423
49.635,3.581306
49.64,3.581131
49.645,3.580904
49.65,3.580632
49.655,3.580362
49.66,3.580107
49.665,3.579872
49.67,3.579679
49.675,3.579546
49.68,3.579473
49.685,3.579437
49.69,3.579378
49.695,3.579283
49.7,3.579145
49.705,3.57896
49.71,3.578732
49.715,3.578476
49.72,3.578195
49.725,3.577871
49.73,3.577517
49.735,3.577155
49.74,3.576807
49.745,3.576483
49.75,3.576176
49.755,3.575898
49.76,3.575654
49.765,3.575427
49.77,3.575232
49.775,3.575084
49.78,3.574954
49.785,3.574817
49.79,3.574687
49.795,3.574574
49.8,3.574446
49.805,3.574303
49.81,3.574168
49.815,3.574062
49.82,3.573996
49.825,3.573947
49.83,3.573868
49.835,3.573761
49.84,3.57365
49.845,3.57356
49.85,3.573501
49.855,3.573476
49.86,3.573503
49.865,3.573592
49.87,3.573719
49.875,3.573848
49.88,3.57395
49.885,3.574013
49.89,3.57404
49.895,3.574042
49.9,3.57403
49.905,3.574033
49.91,3.574097
49.915,3.574237
49.92,3.574458
49.925,3.574748
49.93,3.57505
49.935,3.575328
49.94,3.575582
49.945,3.57579
49.95,3.575942
49.955,3.576078
49.96,3.57625
49.965,3.576492
49.97,3.576831
49.975,3.577253
49.98,3.577707
49.985,3.578136
49.99,3.578513
49.995,3.578822
50,3.579083
50.005,3.579313
50.01,3.579537
50.015,3.579744
50.02,3.579951
50.025,3.580155
50.03,3.580336
50.035,3.580515
50.04,3.580693
50.045,3.580869
50.05,3.58106
50.055,3.581252
50.06,3.58146
50.065,3.581668
50.07,3.581845
50.075,3.582009
50.08,3.582173
50.085,3.582337
50.09,3.582523
50.095,3.582709
50.1,3.582865
50.105,3.582973
50.11,3.583031
50.115,3.583051
50.12,3.583082
50.125,3.583159
50.13,3.583266
50.135,3.583373
50.14,3.583457
50.145,3.583509
50.15,3.583532
50.155,3.583534
50.16,3.583524
50.165,3.583512
50.17,3.583502
50.175,3.583496
50.18,3.583494
50.185,3.583494
50.19,3.583496
50.195,3.583498
50.2,3.5835
50.205,3.583501
50.21,3.583501
50.215,3.583501
50.22,3.583484
50.225,3.583412
50.23,3.583284
50.235,3.583089
50.24,3.582828
50.245,3.582535
50.25,3.582233
50.255,3.581944
50.26,3.581707
50.265,3.581544
50.27,3.581427
50.275,3.581313
50.28,3.581198
50.285,3.58106
50.29,3.580857
50.295,3.580589
50.3,3.580258
50.305,3.579872
50.31,3.579456
50.315,3.579045
50.32,3.578655
50.325,3.578286
50.33,3.577947
50.335,3.57763
50.34,3.577325
50.345,3.577027
50.35,3.576743
50.355,3.576472
50.36,3.576238
50.365,3.576025
50.37,3.575828
50.375,3.575661
50.38,3.575499
50.385,3.575332
50.39,3.575167
50.395,3.574982
50.4,3.574796
50.405,3.574639
50.41,3.574525
50.415,3.574416
50.42,3.574293
50.425,3.574173
50.43,3.574075
50.435,3.57401
50.44,3.573977
50.445,3.573968
50.45,3.573973
50.455,3.573985
50.46,3.573996
50.465,3.574032
50.47,3.574121
50.475,3.574242
50.48,3.574362
50.485,3.574456
50.49,3.574513
50.495,3.574553
50.5,3.574626
50.505,3.574746
50.51,3.574929
50.515,3.575175
50.52,3.575456
50.525,3.575722
50.53,3.57597
50.535,3.576192
50.54,3.576394
50.545,3.576611
50.55,3.576903
50.555,3.577294
50.56,3.577749
50.565,3.578243
50.57,3.57873
50.575,3.579162
50.58,3.579537
50.585,3.579873
50.59,3.580163
50.595,3.580428
50.6,3.580664
50.605,3.580876
50.61,3.581083
50.615,3.581271
50.62,3.581457
50.625,3.581646
50.63,3.581823
50.635,3.58201
50.64,3.582212
50.645,3.582441
50.65,3.582669
50.655,3.582894
50.66,3.583115
50.665,3.583309
50.67,3.583493
50.675,3.583673
50.68,3.583835
50.685,3.584002
50.69,3.584174
50.695,3.584328
50.7,3.584442
50.705,3.584511
50.71,3.58454
50.715,3.584541
50.72,3.584529
50.725,3.584514
50.73,3.584531
50.735,3.584611
50.74,3.584731
50.745,3.584853
50.75,3.58495
50.755,3.585011
50.76,3.585038
50.765,3.58504
50.77,3.585029
50.775,3.585014
50.78,3.584996
50.785,3.584936
50.79,3.584829
50.795,3.584704
50.8,3.584593
50.805,3.584515
50.81,3.584473
50.815,3.584458
50.82,3.584425
50.825,3.584322
50.83,3.584133
50.835,3.583879
50.84,3.583587
50.845,3.583314
50.85,3.583085
50.855,3.582881
50.86,3.582709
50.865,3.582578
50.87,3.582455
50.875,3.582319
50.88,3.582152
50.885,3.581914
50.89,3.581587
50.895,3.581199
50.9,3.58077
50.905,3.580325
50.91,3.579893
50.915,3.579485
50.92,3.579108
50.925,3.578788
50.93,3.578511
50.935,3.578249
50.94,3.577991
50.945,3.577756
50.95,3.57753
50.955,3.577319
50.96,3.577129
50.965,3.576938
50.97,3.576758
50.975,3.576579
50.98,3.576391
50.985,3.576218
50.99,3.576072
50.995,3.57592
51,3.575768
51.005,3.575636
51.01,3.575527
51.015,3.575403
51.02,3.575268
51.025,3.575144
51.03,3.57505
51.035,3.574992
51.04,3.574967
51.045,3.574965
51.05,3.574975
51.055,3.574988
51.06,3.574999
51.065,3.57502
51.07,3.575093
51.075,3.575207
51.08,3.57533
51.085,3.575432
51.09,3.5755
51.095,3.57554
51.1,3.575603
51.105,3.575707
51.11,3.575871
51.115,3.57608
51.12,3.57633
51.125,3.576588
51.13,3.576835
51.135,3.577073
51.14,3.577306
51.145,3.57755
51.15,3.577852
51.155,3.578244
51.16,3.578693
51.165,3.579175
51.17,3.57966
51.175,3.58011
51.18,3.580525
51.185,3.580902
51.19,3.581219
51.195,3.581492
51.2,3.581719
51.205,3.581903
51.21,3.58208
51.215,3.582251
51.22,3.582439
51.225,3.582638
51.23,3.582844
51.235,3.583061
51.24,3.583264
51.245,3.583466
51.25,3.583664
51.255,3.583842
51.26,3.584026
51.265,3.584205
51.27,3.584363
51.275,3.584522
51.28,3.584686
51.285,3.584837
51.29,3.584996
51.295,3.585165
51.3,3.585319
51.305,3.585435
51.31,3.585507
51.315,3.585538
51.32,3.585542
51.325,3.58553
51.33,3.585515
51.335,3.585502
51.34,3.585494
51.345,3.585492
51.35,3.585493
51.355,3.585495
51.36,3.585498
51.365,3.5855
51.37,3.585501
51.375,3.585501
51.38,3.585501
51.385,3.585501
51.39,3.5855
51.395,3.5855
51.4,3.5855
51.405,3.5855
51.41,3.5855
51.415,3.585498
51.42,3.585462
51.425,3.585369
51.43,3.585217
51.435,3.584984
51.44,3.584685
51.445,3.584384
51.45,3.584098
51.455,3.583844
51.46,3.583646
51.465,3.583519
51.47,3.583431
51.475,3.583334
51.48,3.583205
51.485,3.583012
51.49,3.582745
51.495,3.582419
51.5,3.582029
51.505,3.58159
51.51,3.581142
51.515,3.580703
51.52,3.580279
51.525,3.579902
51.53,3.579567
51.535,3.579249
51.54,3.578955
51.545,3.578692
51.55,3.578448
51.555,3.578239
51.56,3.578054
51.565,3.577873
51.57,3.577709
51.575,3.577549
51.58,3.577377
51.585,3.5772
51.59,3.577001
51.595,3.576803
51.6,3.576634
51.605,3.576475
51.61,3.576314
51.615,3.576171
51.62,3.576063
51.625,3.575996
51.63,3.575967
51.635,3.575963
51.64,3.575973
51.645,3.575986
51.65,3.575998
51.655,3.576005
51.66,3.576007
51.665,3.576007
51.67,3.576004
51.675,3.576007
51.68,3.576057
51.685,3.57616
51.69,3.576286
51.695,3.576401
51.7,3.576522
51.705,3.576663
51.71,3.57684
51.715,3.577065
51.72,3.577338
51.725,3.57762
51.73,3.577904
51.735,3.578163
51.74,3.578395
51.745,3.578625
51.75,3.578896
51.755,3.579254
51.76,3.57969
51.765,3.580174
51.77,3.580664
51.775,3.581129
51.78,3.581537
51.785,3.581891
51.79,3.582181
51.795,3.582421
51.8,3.582633
51.805,3.582815
51.81,3.582995
51.815,3.583176
51.82,3.583364
51.825,3.583567
51.83,3.583767
51.835,3.583978
51.84,3.584183
51.845,3.584359
51.85,3.584531
51.855,3.5847
51.86,3.584852
51.865,3.585012
51.87,3.585179
51.875,3.585332
51.88,3.585488
51.885,3.585654
51.89,3.58582
51.895,3.586003
51.9,3.58619
51.905,3.586349
51.91,3.586463
51.915,3.586526
51.92,3.586548
51.925,3.586544
51.93,3.586528
51.935,3.586511
51.94,3.586498
51.945,3.586492
51.95,3.586491
51.955,3.586493
51.96,3.586496
51.965,3.586499
51.97,3.5865
51.975,3.586501
51.98,3.586501
51.985,3.586501
51.99,3.586501
51.995,3.5865
52,3.5865
52.005,3.5865
52.01,3.5865
52.015,3.586481
52.02,3.586406
52.025,3.586284
52.03,3.586102
52.035,3.58584
52.04,3.585541
52.045,3.585249
52.05,3.584971
52.055,3.584739
52.06,3.584573
52.065,3.584465
52.07,3.584362
52.075,3.58425
52.08,3.584109
52.085,3.583914
52.09,3.583652
52.095,3.58332
52.1,3.582921
52.105,3.582488
52.11,3.582049
52.115,3.581616
52.12,3.581203
52.125,3.580829
52.13,3.580487
52.135,3.58016
52.14,3.579861
52.145,3.579578
52.15,3.579327
52.155,3.579121
52.16,3.578929
52.165,3.578755
52.17,3.578605
52.175,3.578446
52.18,3.578285
52.185,3.578121
52.19,3.577939
52.195,3.577761
52.2,3.577613
52.205,3.57748
52.21,3.577338
52.215,3.577201
52.22,3.577089
52.225,3.577014
52.23,3.576976
52.235,3.576965
52.24,3.57697
52.245,3.576983
52.25,3.576994
52.255,3.577003
52.26,3.577006
52.265,3.577007
52.27,3.577005
52.275,3.577004
52.28,3.577035
52.285,3.577123
52.29,3.577245
52.295,3.577366
52.3,3.577482
52.305,3.577617
52.31,3.577779
52.315,3.577983
52.32,3.578238
52.325,3.578521
52.33,3.57882
52.335,3.579104
52.34,3.579347
52.345,3.579574
52.35,3.579825
52.355,3.580147
52.36,3.580565
52.365,3.581045
52.37,3.581541
52.375,3.582018
52.38,3.582445
52.385,3.582811
52.39,3.583115
52.395,3.583355
52.4,3.583565
52.405,3.583747
52.41,3.583909
52.415,3.584078
52.42,3.584248
52.425,3.584431
52.43,3.584626
52.435,3.584808
52.44,3.584991
52.445,3.585174
52.45,3.585337
52.455,3.585501
52.46,3.58567
52.465,3.585834
52.47,3.586014
52.475,3.586197
52.48,3.58636
52.485,3.586526
52.49,3.586693
52.495,3.586841
52.5,3.586949
52.505,3.587013
52.51,3.587039
52.515,3.587039
52.52,3.587027
52.525,3.587012
52.53,3.587001
52.535,3.586994
52.54,3.586992
52.545,3.586993
52.55,3.587001
52.555,3.587055
52.56,3.587161
52.565,3.587288
52.57,3.587401
52.575,3.587483
52.58,3.587512
52.585,3.587455
52.59,3.587335
52.595,3.587196
52.6,3.587078
52.605,3.586999
52.61,3.58696
52.615,3.586952
52.62,3.586963
52.625,3.586979
52.63,3.586985
52.635,3.586935
52.64,3.586809
52.645,3.586606
52.65,3.586355
52.655,3.586075
52.66,3.585798
52.665,3.585525
52.67,3.585285
52.675,3.585105
52.68,3.584995
52.685,3.584945
52.69,3.584926
52.695,3.584875
52.7,3.584765
52.705,3.584582
52.71,3.584333
52.715,3.58401
52.72,3.583633
52.725,3.583233
52.73,3.582834
52.735,3.582455
52.74,3.582101
52.745,3.581782
52.75,3.581481
52.755,3.581178
52.76,3.580894
52.765,3.580627
52.77,3.58038
52.775,3.580157
52.78,3.57994
52.785,3.579739
52.79,3.579535
52.795,3.579334
52.8,3.579164
52.805,3.579044
52.81,3.578977
52.815,3.578938
52.82,3.578871
52.825,3.578773
52.83,3.578665
52.835,3.578573
52.84,3.578509
52.845,3.578476
52.85,3.578467
52.855,3.578473
52.86,3.578504
52.865,3.578593
52.87,3.578718
52.875,3.578845
52.88,3.578946
52.885,3.57901
52.89,3.57904
52.895,3.57908
52.9,3.579163
52.905,3.579299
52.91,3.579504
52.915,3.579778
52.92,3.5801
52.925,3.580436
52.93,3.580726
52.935,3.580948
52.94,3.581144
52.945,3.581365
52.95,3.581646
52.955,3.581999
52.96,3.58242
52.965,3.582851
52.97,3.583254
52.975,3.583613
52.98,3.583936
52.985,3.584204
52.99,3.584412
52.995,3.584595
53,3.584757
53.005,3.584888
53.01,3.585016
53.015,3.585159
53.02,3.585298
53.025,3.585424
53.03,3.585565
53.035,3.585716
53.04,3.585852
53.045,3.585984
53.05,3.586132
53.055,3.586279
53.06,3.586427
53.065,3.586593
53.07,3.586758
53.075,3.586914
53.08,3.587084
53.085,3.587249
53.09,3.587401
53.095,3.587565
53.1,3.587729
53.105,3.587869
53.11,3.587967
53.115,3.588022
53.12,3.588041
53.125,3.588038
53.13,3.588024
53.135,3.588013
53.14,3.588048
53.145,3.588142
53.15,3.588266
53.155,3.588384
53.16,3.588471
53.165,3.588522
53.17,3.588541
53.175,3.588538
53.18,3.588522
53.185,3.588463
53.19,3.588353
53.195,3.588222
53.2,3.588105
53.205,3.58802
53.21,3.587974
53.215,3.587959
53.22,3.587952
53.225,3.58789
53.23,3.587729
53.235,3.587498
53.24,3.587223
53.245,3.586942
53.25,3.586694
53.255,3.586469
53.26,3.58627
53.265,3.586117
53.27,3.586018
53.275,3.585959
53.28,3.585886
53.285,3.58577
53.29,3.585591
53.295,3.585354
53.3,3.585046
53.305,3.58469
53.31,3.584311
53.315,3.583926
53.32,3.583549
53.325,3.583186
53.33,3.582856
53.335,3.582553
53.34,3.58228
53.345,3.58202
53.35,3.581771
53.355,3.581519
53.36,3.581291
53.365,3.581092
53.37,3.5809
53.375,3.580721
53.38,3.580531
53.385,3.580338
53.39,3.580144
53.395,3.579938
53.4,3.579747
53.405,3.579598
53.41,3.579503
53.415,3.579458
53.42,3.579449
53.425,3.579461
53.43,3.579479
53.435,3.579495
53.44,3.579506
53.445,3.57951
53.45,3.579509
53.455,3.579506
53.46,3.579503
53.465,3.5795
53.47,3.579499
53.475,3.579498
53.48,3.579499
53.485,3.579505
53.49,3.579557
53.495,3.579661
53.5,3.579787
53.505,3.579922
53.51,3.580082
53.515,3.58027
53.52,3.580491
53.525,3.580749
53.53,3.58102
53.535,3.581259
53.54,3.581463
53.545,3.581651
53.55,3.58183
53.555,3.58204
53.56,3.582322
53.565,3.582678
53.57,3.583087
53.575,3.583525
53.58,3.583942
53.585,3.584315
53.59,3.58463
53.595,3.584901
53.6,3.585137
53.605,3.585334
53.61,3.585521
53.615,3.585701
53.62,3.585865
53.625,3.586039
53.63,3.586213
53.635,3.586365
53.64,3.586516
53.645,3.586674
53.65,3.586824
53.655,3.586981
53.66,3.587151
53.665,3.587311
53.67,3.587475
53.675,3.587649
53.68,3.587833
53.685,3.588037
53.69,3.588233
53.695,3.588389
53.7,3.588492
53.705,3.588542
53.71,3.588553
53.715,3.588542
53.72,3.588523
53.725,3.588514
53.73,3.58856
53.735,3.588664
53.74,3.588789
53.745,3.588903
53.75,3.588984
53.755,3.589028
53.76,3.589042
53.765,3.589036
53.77,3.589022
53.775,3.589008
53.78,3.588998
53.785,3.588993
53.79,3.588993
53.795,3.588994
53.8,3.588997
53.805,3.588999
53.81,3.588983
53.815,3.588911
53.82,3.588795
53.825,3.588665
53.83,3.588511
53.835,3.588335
53.84,3.588125
53.845,3.58786
53.85,3.587564
53.855,3.587294
53.86,3.587092
53.865,3.586972
53.87,3.5869
53.875,3.58682
53.88,3.586725
53.885,3.586625
53.89,3.586489
53.895,3.586281
53.9,3.586007
53.905,3.585682
53.91,3.585327
53.915,3.584949
53.92,3.584578
53.925,3.584243
53.93,3.583918
53.935,3.583598
53.94,3.583299
53.945,3.583014
53.95,3.58273
53.955,3.582455
53.96,3.582213
53.965,3.581985
53.97,3.581781
53.975,3.581617
53.98,3.581463
53.985,3.581308
53.99,3.581145
53.995,3.580959
54,3.580774
54.005,3.58061
54.01,3.580442
54.015,3.580277
54.02,3.580136
54.025,3.580037
54.03,3.579981
54.035,3.57996
54.04,3.579963
54.045,3.579976
54.05,3.57999
54.055,3.580001
54.06,3.580007
54.065,3.580008
54.07,3.580006
54.075,3.580005
54.08,3.58004
54.085,3.580133
54.09,3.580255
54.095,3.580375
54.1,3.580498
54.105,3.580643
54.11,3.580823
54.115,3.581053
54.12,3.581331
54.125,3.581617
54.13,3.581903
54.135,3.582162
54.14,3.582366
54.145,3.582543
54.15,3.58275
54.155,3.583021
54.16,3.583368
54.165,3.583782
54.17,3.58422
54.175,3.584634
54.18,3.585001
54.185,3.585312
54.19,3.585581
54.195,3.585822
54.2,3.586052
54.205,3.586254
54.21,3.586424
54.215,3.586592
54.22,3.586751
54.225,3.586909
54.23,3.587083
54.235,3.587253
54.24,3.587413
54.245,3.587584
54.25,3.587751
54.255,3.587909
54.26,3.58808
54.265,3.588254
54.27,3.588449
54.275,3.588654
54.28,3.588876
54.285,3.589103
54.29,3.5893
54.295,3.589443
54.3,3.589525
54.305,3.589556
54.31,3.589562
54.315,3.589601
54.32,3.589689
54.325,3.589798
54.33,3.589901
54.335,3.589977
54.34,3.59002
54.345,3.590035
54.35,3.590032
54.355,3.590021
54.36,3.590009
54.365,3.59
54.37,3.589995
54.375,3.589994
54.38,3.589995
54.385,3.589997
54.39,3.589999
54.395,3.59
54.4,3.590001
54.405,3.590001
54.41,3.590001
54.415,3.589984
54.42,3.589912
54.425,3.589775
54.43,3.589566
54.435,3.589291
54.44,3.58898
54.445,3.588654
54.45,3.588358
54.455,3.588131
54.46,3.58799
54.465,3.587893
54.47,3.587794
54.475,3.587691
54.48,3.587566
54.485,3.587381
54.49,3.587133
54.495,3.586832
54.5,3.586469
54.505,3.586063
54.51,3.58564
54.515,3.585223
54.52,3.584834
54.525,3.584482
54.53,3.584159
54.535,3.583866
54.54,3.583589
54.545,3.583312
54.55,3.583033
54.555,3.582781
54.56,3.582548
54.565,3.582334
54.57,3.582155
54.575,3.581982
54.58,3.581812
54.585,3.581656
54.59,3.58149
54.595,3.581317
54.6,3.581156
54.605,3.580984
54.61,3.58081
54.615,3.580657
54.62,3.580547
54.625,3.580483
54.63,3.580458
54.635,3.580459
54.64,3.580472
54.645,3.580488
54.65,3.5805
54.655,3.580507
54.66,3.580508
54.665,3.580507
54.67,3.580504
54.675,3.580503
54.68,3.580534
54.685,3.580623
54.69,3.580745
54.695,3.580867
54.7,3.580994
54.705,3.581142
54.71,3.581311
54.715,3.581529
54.72,3.581801
54.725,3.582085
54.73,3.582367
54.735,3.582627
54.74,3.582864
54.745,3.583098
54.75,3.583359
54.755,3.58369
54.76,3.584095
54.765,3.584544
54.77,3.585003
54.775,3.585427
54.78,3.585793
54.785,3.586099
54.79,3.58636
54.795,3.586596
54.8,3.586816
54.805,3.587038
54.81,3.587245
54.815,3.587454
54.82,3.587658
54.825,3.587849
54.83,3.588045
54.835,3.588232
54.84,3.588413
54.845,3.588606
54.85,3.588824
54.855,3.589058
54.86,3.589291
54.865,3.589526
54.87,3.589739
54.875,3.589934
54.88,3.590125
54.885,3.590294
54.89,3.590422
54.895,3.590501
54.9,3.590537
54.905,3.590542
54.91,3.590532
54.915,3.590539
54.92,3.590605
54.925,3.590716
54.93,3.590836
54.935,3.590936
54.94,3.591002
54.945,3.591034
54.95,3.59104
54.955,3.591031
54.96,3.591017
54.965,3.591004
54.97,3.590996
54.975,3.590993
54.98,3.590993
54.985,3.590995
54.99,3.590998
54.995,3.591
55,3.591001
55.005,3.591001
55.01,3.590995
55.015,3.59094
55.02,3.590832
55.025,3.590662
55.03,3.590413
55.035,3.590114
55.04,3.589812
55.045,3.589521
55.05,3.589271
55.055,3.589089
55.06,3.588961
55.065,3.58884
55.07,3.58872
55.075,3.588598
55.08,3.588443
55.085,3.588229
55.09,3.587953
55.095,3.587608
55.1,3.587224
55.105,3.586831
55.11,3.586427
55.115,3.586035
55.12,3.58566
55.125,3.585294
55.13,3.584959
55.135,3.58466
55.14,3.584386
55.145,3.584116
55.15,3.583863
55.155,3.58362
55.16,3.583388
55.165,3.583184
55.17,3.582985
55.175,3.582797
55.18,3.582622
55.185,3.582439
55.19,3.582263
55.195,3.582112
55.2,3.581959
55.205,3.581802
55.21,3.581661
55.215,3.581556
55.22,3.581492
55.225,3.581465
55.23,3.581462
55.235,3.581473
55.24,3.581487
55.245,3.581499
55.25,3.581505
55.255,3.581507
55.26,3.581507
55.265,3.581504
55.27,3.581502
55.275,3.5815
55.28,3.581504
55.285,3.581556
55.29,3.58166
55.295,3.581786
55.3,3.581902
55.305,3.582024
55.31,3.582165
55.315,3.582338
55.32,3.582551
55.325,3.58281
55.33,3.583089
55.335,3.58338
55.34,3.583651
55.345,3.583903
55.35,3.584166
55.355,3.58446
55.36,3.584819
55.365,3.585238
55.37,3.585683
55.375,3.586119
55.38,3.586507
55.385,3.586827
55.39,3.587098
55.395,3.58735
55.4,3.587593
55.405,3.58784
55.41,3.588084
55.415,3.588308
55.42,3.588527
55.425,3.588732
55.43,3.58894
55.435,3.58915
55.44,3.589373
55.445,3.5896
55.45,3.589803
55.455,3.589998
55.46,3.590184
55.465,3.590355
55.47,3.590533
55.475,3.590711
55.48,3.590884
55.485,3.591069
55.49,3.591247
55.495,3.59139
55.5,3.591485
55.505,3.591534
55.51,3.591546
55.515,3.591538
55.52,3.591522
55.525,3.591508
55.53,3.591537
55.535,3.591627
55.54,3.591751
55.545,3.591871
55.55,3.591964
55.555,3.592019
55.56,3.59204
55.565,3.592039
55.57,3.592027
55.575,3.592012
55.58,3.592001
55.585,3.591994
55.59,3.591992
55.595,3.591983
55.6,3.591922
55.605,3.591813
55.61,3.591689
55.615,3.591582
55.62,3.59149
55.625,3.59136
55.63,3.59116
55.635,3.590918
55.64,3.590647
55.645,3.590382
55.65,3.590162
55.655,3.589968
55.66,3.589792
55.665,3.589647
55.67,3.58953
55.675,3.589401
55.68,3.589253
55.685,3.589051
55.69,3.588765
55.695,3.588402
55.7,3.588001
55.705,3.58757
55.71,3.587146
55.715,3.586751
55.72,3.586371
55.725,3.586021
55.73,3.585709
55.735,3.585408
55.74,3.585107
55.745,3.584834
55.75,3.584588
55.755,3.584364
55.76,3.584177
55.765,3.584002
55.77,3.583829
55.775,3.583672
55.78,3.583506
55.785,3.583332
55.79,3.58314
55.795,3.58293
55.8,3.582736
55.805,3.582562
55.81,3.582387
55.815,3.582226
55.82,3.582098
55.825,3.582013
55.83,3.581971
55.835,3.58196
55.84,3.581967
55.845,3.581981
55.85,3.581995
55.855,3.582004
55.86,3.582007
55.865,3.582008
55.87,3.582005
55.875,3.582023
55.88,3.582096
55.885,3.582213
55.89,3.582336
55.895,3.582444
55.9,3.582564
55.905,3.582706
55.91,3.582886
55.915,3.5831
55.92,3.583349
55.925,3.583621
55.93,3.583909
55.935,3.584186
55.94,3.58446
55.945,3.584756
55.95,3.585111
55.955,3.585528
55.96,3.585964
55.965,3.586402
55.97,3.58682
55.975,3.587184
55.98,3.587505
55.985,3.587806
55.99,3.588087
55.995,3.588358
56,3.588611
56.005,3.588838
56.01,3.589057
56.015,3.589261
56.02,3.589471
56.025,3.589675
56.03,3.589872
56.035,3.590074
56.04,3.59026
56.045,3.59044
56.05,3.590623
56.055,3.590798
56.06,3.590984
56.065,3.591173
56.07,3.591342
56.075,3.591511
56.08,3.591682
56.085,3.591841
56.09,3.592011
56.095,3.592187
56.1,3.59234
56.105,3.592452
56.11,3.592517
56.115,3.592542
56.12,3.592542
56.125,3.592528
56.13,3.592512
56.135,3.592504
56.14,3.592542
56.145,3.592641
56.15,3.592767
56.155,3.592886
56.16,3.592973
56.165,3.593023
56.17,3.593022
56.175,3.592965
56.18,3.592857
56.185,3.592727
56.19,3.592608
56.195,3.592523
56.2,3.592475
56.205,3.592459
56.21,3.592463
56.215,3.592468
56.22,3.592422
56.225,3.592298
56.23,3.592092
56.235,3.591815
56.24,3.591513
56.245,3.59124
56.25,3.590993
56.255,3.59078
56.26,3.590618
56.265,3.590512
56.27,3.590421
56.275,3.590312
56.28,3.590164
56.285,3.589946
56.29,3.589653
56.295,3.589294
56.3,3.588878
56.305,3.588432
56.31,3.587996
56.315,3.587583
56.32,3.587196
56.325,3.586854
56.33,3.586547
56.335,3.58626
56.34,3.585985
56.345,3.585721
56.35,3.585464
56.355,3.585235
56.36,3.585017
56.365,3.584814
56.37,3.584642
56.375,3.584475
56.38,3.584308
56.385,3.584144
56.39,3.583963
56.395,3.583782
56.4,3.583613
56.405,3.583435
56.41,3.583262
56.415,3.58312
56.42,3.583023
56.425,3.582972
56.43,3.582956
56.435,3.582962
56.44,3.582977
56.445,3.582992
56.45,3.583003
56.455,3.583008
56.46,3.583008
56.465,3.583006
56.47,3.583003
56.475,3.583002
56.48,3.583031
56.485,3.583118
56.49,3.58324
56.495,3.583361
56.5,3.583466
56.505,3.583585
56.51,3.583727
56.515,3.583911
56.52,3.584127
56.525,3.584376
56.53,3.584653
56.535,3.584945
56.54,3.585237
56.545,3.585536
56.55,3.585855
56.555,3.586208
56.56,3.586603
56.565,3.587015
56.57,3.587445
56.575,3.587861
56.58,3.588244
56.585,3.588608
56.59,3.588949
56.595,3.589245
56.6,3.589509
56.605,3.589733
56.61,3.589926
56.615,3.590112
56.62,3.590284
56.625,3.590462
56.63,3.590648
56.635,3.590839
56.64,3.591045
56.645,3.59124
56.65,3.591418
56.655,3.5916
56.66,3.591768
56.665,3.591932
56.67,3.592107
56.675,3.592276
56.68,3.592451
56.685,3.592635
56.69,3.592803
56.695,3.59293
56.7,3.593007
56.705,3.593042
56.71,3.593045
56.715,3.593033
56.72,3.593016
56.725,3.593003
56.73,3.593029
56.735,3.593117
56.74,3.593241
56.745,3.593364
56.75,3.593459
56.755,3.593516
56.76,3.59354
56.765,3.59354
56.77,3.593528
56.775,3.593513
56.78,3.593501
56.785,3.593495
56.79,3.593492
56.795,3.593493
56.8,3.593477
56.805,3.593404
56.81,3.593289
56.815,3.593166
56.82,3.593064
56.825,3.592968
56.83,3.592825
56.835,3.592615
56.84,3.592375
56.845,3.592113
56.85,3.591861
56.855,3.591657
56.86,3.591515
56.865,3.591391
56.87,3.591267
56.875,3.591154
56.88,3.591045
56.885,3.59091
56.89,3.590737
56.895,3.590516
56.9,3.59024
56.905,3.589898
56.91,3.589512
56.915,3.58911
56.92,3.58871
56.925,3.588321
56.93,3.587966
56.935,3.587645
56.94,3.587353
56.945,3.587072
56.95,3.586816
56.955,3.58657
56.96,3.586343
56.965,3.586153
56.97,3.585975
56.975,3.585802
56.98,3.585627
56.985,3.585435
56.99,3.585247
56.995,3.585053
57,3.584855
57.005,3.584683
57.01,3.584557
57.015,3.584483
57.02,3.584454
57.025,3.584454
57.03,3.584468
57.035,3.584486
57.04,3.5845
57.045,3.584507
57.05,3.584509
57.055,3.584508
57.06,3.584505
57.065,3.584502
57.07,3.5845
57.075,3.584499
57.08,3.584499
57.085,3.584501
57.09,3.584544
57.095,3.584642
57.1,3.584767
57.105,3.584888
57.11,3.585021
57.115,3.585172
57.12,3.585353
57.125,3.585588
57.13,3.585871
57.135,3.586156
57.14,3.586437
57.145,3.586687
57.15,3.586885
57.155,3.587076
57.16,3.587322
57.165,3.58764
57.17,3.588018
57.175,3.588454
57.18,3.588898
57.185,3.58932
57.19,3.589704
57.195,3.590039
57.2,3.590304
57.205,3.590525
57.21,3.590715
57.215,3.590867
57.22,3.591011
57.225,3.591165
57.23,3.591309
57.235,3.591454
57.24,3.591616
57.245,3.591775
57.25,3.591938
57.255,3.592114
57.26,3.592284
57.265,3.592464
57.27,3.59265
57.275,3.592825
57.28,3.593008
57.285,3.593191
57.29,3.593347
57.295,3.593459
57.3,3.593521
57.305,3.593545
57.31,3.593542
57.315,3.593527
57.32,3.593511
57.325,3.593499
57.33,3.593504
57.335,3.593566
57.34,3.593679
57.345,3.593807
57.35,3.593918
57.355,3.593994
57.36,3.594033
57.365,3.594042
57.37,3.594034
57.375,3.59402
57.38,3.594006
57.385,3.593997
57.39,3.593993
57.395,3.593993
57.4,3.593995
57.405,3.593986
57.41,3.593923
57.415,3.593812
57.42,3.593688
57.425,3.593571
57.43,3.593439
57.435,3.593291
57.44,3.593116
57.445,3.592896
57.45,3.59263
57.455,3.592366
57.46,3.592152
57.465,3.591987
57.47,3.591836
57.475,3.591701
57.48,3.591594
57.485,3.591521
57.49,3.591456
57.495,3.591351
57.5,3.591174
57.505,3.590935
57.51,3.590632
57.515,3.590274
57.52,3.589888
57.525,3.589506
57.53,3.589138
57.535,3.588782
57.54,3.588454
57.545,3.588151
57.55,3.587849
57.555,3.587548
57.56,3.587275
57.565,3.587019
57.57,3.586794
57.575,3.586618
57.58,3.586461
57.585,3.586307
57.59,3.58616
57.595,3.585993
57.6,3.585818
57.605,3.585662
57.61,3.585525
57.615,3.58538
57.62,3.585235
57.625,3.585113
57.63,3.585027
57.635,3.58498
57.64,3.584964
57.645,3.584967
57.65,3.584979
57.655,3.584992
57.66,3.585001
57.665,3.585006
57.67,3.585007
57.675,3.585012
57.68,3.585065
57.685,3.58517
57.69,3.585294
57.695,3.585405
57.7,3.5855
57.705,3.585613
57.71,3.585749
57.715,3.585926
57.72,3.586154
57.725,3.586435
57.73,3.586758
57.735,3.587073
57.74,3.587329
57.745,3.587539
57.75,3.58775
57.755,3.588003
57.76,3.58834
57.765,3.588767
57.77,3.589227
57.775,3.589668
57.78,3.590073
57.785,3.590438
57.79,3.590737
57.795,3.590991
57.8,3.591206
57.805,3.591374
57.81,3.59153
57.815,3.591687
57.82,3.591829
57.825,3.591969
57.83,3.592125
57.835,3.592278
57.84,3.592429
57.845,3.592595
57.85,3.592758
57.855,3.592919
57.86,3.593093
57.865,3.593263
57.87,3.593438
57.875,3.593624
57.88,3.593802
57.885,3.593991
57.89,3.59418
57.895,3.594342
57.9,3.594458
57.905,3.594523
57.91,3.594546
57.915,3.594544
57.92,3.594528
57.925,3.594512
57.93,3.594499
57.935,3.594517
57.94,3.594597
57.945,3.594719
57.95,3.594844
57.955,3.594946
57.96,3.59501
57.965,3.595038
57.97,3.595041
57.975,3.59503
57.98,3.595015
57.985,3.595003
57.99,3.594972
57.995,3.594888
58,3.59477
58.005,3.594649
58.01,3.594552
58.015,3.594491
58.02,3.594464
58.025,3.594456
58.03,3.594414
58.035,3.594294
58.04,3.594093
58.045,3.593835
58.05,3.593548
58.055,3.593276
58.06,3.593018
58.065,3.59279
58.07,3.592617
58.075,3.592508
58.08,3.592456
58.085,3.592423
58.09,3.592354
58.095,3.59222
58.1,3.592019
58.105,3.591755
58.11,3.591426
58.115,3.591064
58.12,3.590688
58.125,3.590305
58.13,3.589936
58.135,3.589587
58.14,3.589262
58.145,3.588964
58.15,3.588695
58.155,3.588441
58.16,3.588185
58.165,3.587932
58.17,3.587712
58.175,3.587509
58.18,3.587318
58.185,3.58715
58.19,3.586978
58.195,3.586805
58.2,3.586655
58.205,3.586519
58.21,3.586371
58.215,3.586226
58.22,3.586104
58.225,3.586021
58.23,3.585977
58.235,3.585963
58.24,3.585967
58.245,3.58598
58.25,3.585993
58.255,3.586002
58.26,3.586007
58.265,3.586007
58.27,3.586005
58.275,3.586003
58.28,3.586006
58.285,3.586055
58.29,3.586158
58.295,3.586283
58.3,3.586397
58.305,3.586501
58.31,3.586624
58.315,3.586774
58.32,3.586973
58.325,3.587235
58.33,3.587525
58.335,3.587831
58.34,3.588116
58.345,3.588343
58.35,3.588528
58.355,3.588738
58.36,3.589013
58.365,3.589362
58.37,3.589783
58.375,3.590228
58.38,3.590639
58.385,3.591
58.39,3.59132
58.395,3.591599
58.4,3.591829
58.405,3.592037
58.41,3.592225
58.415,3.592387
58.42,3.592554
58.425,3.592721
58.43,3.59288
58.435,3.593054
58.44,3.593228
58.445,3.593387
58.45,3.593557
58.455,3.593726
58.46,3.59389
58.465,3.594068
58.47,3.594246
58.475,3.594439
58.48,3.594639
58.485,3.594821
58.49,3.595004
58.495,3.595185
58.5,3.59534
58.505,3.595452
58.51,3.595517
58.515,3.595542
58.52,3.595541
58.525,3.595527
58.53,3.595519
58.535,3.595562
58.54,3.595662
58.545,3.595786
58.55,3.595899
58.555,3.595981
58.56,3.596026
58.565,3.596041
58.57,3.596036
58.575,3.596023
58.58,3.595986
58.585,3.595897
58.59,3.595773
58.595,3.595648
58.6,3.59555
58.605,3.595489
58.61,3.595463
58.615,3.595448
58.62,3.595392
58.625,3.595256
58.63,3.595045
58.635,3.594776
58.64,3.594487
58.645,3.594231
58.65,3.594003
58.655,3.593801
58.66,3.593641
58.665,3.593531
58.67,3.59343
58.675,3.593313
58.68,3.593171
58.685,3.592983
58.69,3.592735
58.695,3.59243
58.7,3.592096
58.705,3.59175
58.71,3.591385
58.715,3.591028
58.72,3.590688
58.725,3.590348
58.73,3.590023
58.735,3.589732
58.74,3.589459
58.745,3.589183
58.75,3.588918
58.755,3.588691
58.76,3.588483
58.765,3.588293
58.77,3.588135
58.775,3.587979
58.78,3.587819
58.785,3.587665
58.79,3.587495
58.795,3.587318
58.8,3.587161
58.805,3.587014
58.81,3.586858
58.815,3.58671
58.82,3.58659
58.825,3.586511
58.83,3.586472
58.835,3.586461
58.84,3.586468
58.845,3.586482
58.85,3.586495
58.855,3.586503
58.86,3.586507
58.865,3.586507
58.87,3.586505
58.875,3.586503
58.88,3.586507
58.885,3.586561
58.89,3.586667
58.895,3.586793
58.9,3.586905
58.905,3.587009
58.91,3.587132
58.915,3.587279
58.92,3.58748
58.925,3.587749
58.93,3.588046
58.935,3.588352
58.94,3.588634
58.945,3.588854
58.95,3.589031
58.955,3.589222
58.96,3.589472
58.965,3.589798
58.97,3.590202
58.975,3.590646
58.98,3.591064
58.985,3.591434
58.99,3.59175
58.995,3.592026
59,3.59226
59.005,3.592478
59.01,3.59268
59.015,3.592865
59.02,3.593055
59.025,3.593236
59.03,3.593398
59.035,3.593568
59.04,3.593734
59.045,3.593881
59.05,3.594036
59.055,3.594197
59.06,3.594344
59.065,3.594498
59.07,3.594665
59.075,3.594859
59.08,3.595073
59.085,3.595278
59.09,3.595486
59.095,3.595686
59.1,3.595851
59.105,3.595965
59.11,3.596028
59.115,3.596048
59.12,3.596043
59.125,3.596027
59.13,3.596015
59.135,3.596055
59.14,3.596153
59.145,3.596277
59.15,3.596393
59.155,3.596477
59.16,3.596525
59.165,3.596541
59.17,3.596537
59.175,3.596524
59.18,3.596509
59.185,3.596499
59.19,3.596494
59.195,3.596493
59.2,3.596494
59.205,3.596487
59.21,3.596428
59.215,3.59632
59.22,3.596195
59.225,3.596085
59.23,3.59599
59.235,3.595874
59.24,3.595716
59.245,3.595511
59.25,3.59527
59.255,3.595007
59.26,3.594768
59.265,3.594581
59.27,3.594415
59.275,3.594262
59.28,3.594134
59.285,3.594043
59.29,3.593963
59.295,3.593848
59.3,3.593663
59.305,3.593416
59.31,3.593107
59.315,3.592753
59.32,3.592382
59.325,3.592017
59.33,3.591665
59.335,3.591324
59.34,3.591003
59.345,3.590703
59.35,3.590423
59.355,3.590151
59.36,3.589892
59.365,3.589637
59.37,3.589394
59.375,3.589187
59.38,3.588996
59.385,3.588815
59.39,3.588662
59.395,3.588533
59.4,3.588394
59.405,3.588251
59.41,3.588125
59.415,3.588001
59.42,3.587859
59.425,3.587716
59.43,3.587597
59.435,3.587516
59.44,3.587474
59.445,3.587461
59.45,3.587467
59.455,3.58748
59.46,3.587494
59.465,3.587503
59.47,3.587507
59.475,3.587507
59.48,3.587509
59.485,3.587554
59.49,3.587652
59.495,3.587776
59.5,3.587891
59.505,3.587982
59.51,3.588084
59.515,3.588223
59.52,3.588423
59.525,3.588689
59.53,3.588983
59.535,3.589254
59.54,3.589504
59.545,3.589721
59.55,3.589889
59.555,3.590044
59.56,3.590254
59.565,3.590545
59.57,3.590899
59.575,3.591292
59.58,3.591701
59.585,3.592076
59.59,3.59241
59.595,3.592706
59.6,3.592981
59.605,3.593231
59.61,3.593475
59.615,3.593696
59.62,3.593886
59.625,3.594071
59.63,3.594243
59.635,3.59439
59.64,3.594543
59.645,3.594701
59.65,3.59485
59.655,3.595013
59.66,3.595184
59.665,3.595364
59.67,3.595561
59.675,3.595755
59.68,3.595957
59.685,3.59616
59.69,3.596332
59.695,3.596455
59.7,3.596524
59.705,3.596549
59.71,3.596546
59.715,3.59653
59.72,3.596512
59.725,3.596512
59.73,3.596572
59.735,3.596684
59.74,3.596811
59.745,3.59692
59.75,3.596995
59.755,3.597033
59.76,3.597042
59.765,3.597034
59.77,3.59702
59.775,3.597006
59.78,3.596997
59.785,3.596993
59.79,3.596993
59.795,3.596995
59.8,3.596997
59.805,3.59698
59.81,3.596905
59.815,3.596788
59.82,3.596664
59.825,3.59656
59.83,3.596455
59.835,3.596324
59.84,3.596144
59.845,3.595925
59.85,3.595673
59.855,3.595415
59.86,3.595196
59.865,3.59504
59.87,3.594913
59.875,3.594787
59.88,3.59467
59.885,3.59457
59.89,3.594453
59.895,3.59429
59.9,3.594072
59.905,3.593799
59.91,3.59346
59.915,3.593074
59.92,3.592676
59.925,3.592292
59.93,3.591934
59.935,3.591597
59.94,3.591295
59.945,3.591012
59.95,3.590734
59.955,3.590463
59.96,3.590213
59.965,3.589973
59.97,3.589761
59.975,3.589584
59.98,3.589412
59.985,3.58925
59.99,3.589113
59.995,3.588975
60,3.588824
60.005,3.588683
60.01,3.588572
60.015,3.588481
60.02,3.58837
60.025,3.588246
60.03,3.588131
60.035,3.588044
60.04,3.587991
60.045,3.587969
60.05,3.587967
60.055,3.587977
60.06,3.587989
60.065,3.587999
60.07,3.588005
60.075,3.588006
60.08,3.588007
60.085,3.588039
60.09,3.588128
60.095,3.588249
60.1,3.588368
60.105,3.588462
60.11,3.588558
60.115,3.588683
60.12,3.588863
60.125,3.589109
60.13,3.589399
60.135,3.589685
60.14,3.589963
60.145,3.590206
60.15,3.590396
60.155,3.59057
60.16,3.590783
60.165,3.59106
60.17,3.591416
60.175,3.591824
60.18,3.59225
60.185,3.59267
60.19,3.593048
60.195,3.593379
60.2,3.593669
60.205,3.593939
60.21,3.594179
60.215,3.594398
60.22,3.594608
60.225,3.5948
60.23,3.594995
60.235,3.595187
60.24,3.595364
60.245,3.595549
60.25,3.595728
60.255,3.595903
60.26,3.596089
60.265,3.596282
60.27,3.596494
60.275,3.596712
60.28,3.596945
60.285,3.59717
60.29,3.597353
60.295,3.597476
60.3,3.59754
60.305,3.597558
60.31,3.597549
60.315,3.597529
60.32,3.597509
60.325,3.597508
60.33,3.597568
60.335,3.59768
60.34,3.597808
60.345,3.597919
60.35,3.597994
60.355,3.598033
60.36,3.598042
60.365,3.598034
60.37,3.59802
60.375,3.598006
60.38,3.597997
60.385,3.597993
60.39,3.597993
60.395,3.597994
60.4,3.597969
60.405,3.597887
60.41,3.597767
60.415,3.597646
60.42,3.597549
60.425,3.597474
60.43,3.597358
60.435,3.597165
60.44,3.59693
60.445,3.596676
60.45,3.596421
60.455,3.596204
60.46,3.596034
60.465,3.595876
60.47,3.59573
60.475,3.59561
60.48,3.595494
60.485,3.595355
60.49,3.595173
60.495,3.594948
60.5,3.594676
60.505,3.594351
60.51,3.593997
60.515,3.593618
60.52,3.593227
60.525,3.592841
60.53,3.592483
60.535,3.592154
60.54,3.591865
60.545,3.591607
60.55,3.591363
60.555,3.591113
60.56,3.590872
60.565,3.590661
60.57,3.590459
60.575,3.590273
60.58,3.590124
60.585,3.589993
60.59,3.589853
60.595,3.589715
60.6,3.5896
60.605,3.5895
60.61,3.589379
60.615,3.589246
60.62,3.589127
60.625,3.589039
60.63,3.588987
60.635,3.588966
60.64,3.588966
60.645,3.588977
60.65,3.58899
60.655,3.589
60.66,3.589005
60.665,3.589007
60.67,3.589006
60.675,3.589004
60.68,3.589001
60.685,3.589
60.69,3.588999
60.695,3.588999
60.7,3.588999
60.705,3.589
60.71,3.589
60.715,3.589
60.72,3.589
60.725,3.589
60.73,3.589
60.735,3.589
60.74,3.589
60.745,3.589
60.75,3.589
60.755,3.589
60.76,3.589
60.765,3.589
60.77,3.589
60.775,3.589
60.78,3.589
60.785,3.589
60.79,3.589
60.795,3.589
60.8,3.589
60.805,3.589
60.81,3.589
60.815,3.589
60.82,3.589
60.825,3.589
60.83,3.589
60.835,3.589
60.84,3.589
60.845,3.589
60.85,3.589
60.855,3.589
60.86,3.589
60.865,3.589
60.87,3.589
60.875,3.589
60.88,3.589
60.885,3.589
60.89,3.589
60.895,3.589
60.9,3.589
60.905,3.589
60.91,3.589
60.915,3.589
60.92,3.589
60.925,3.589
60.93,3.589
60.935,3.589
60.94,3.589
60.945,3.589
60.95,3.589
60.955,3.589
60.96,3.589
60.965,3.589
60.97,3.589
60.975,3.589
60.98,3.589
60.985,3.589
60.99,3.589
60.995,3.589
61,3.589
61.005,3.589
61.01,3.589
61.015,3.589
61.02,3.589
61.025,3.589
61.03,3.589
61.035,3.589001
61.04,3.589035
61.045,3.589126
61.05,3.589249
61.055,3.589369
61.06,3.589461
61.065,3.589517
61.07,3.589539
61.075,3.589538
61.08,3.589526
61.085,3.589512
61.09,3.589501
61.095,3.589495
61.1,3.589493
61.105,3.589494
61.11,3.589496
61.115,3.589498
61.12,3.5895
61.125,3.589501
61.13,3.589501
61.135,3.589501
61.14,3.589501
61.145,3.5895
61.15,3.5895
61.155,3.5895
61.16,3.5895
61.165,3.5895
61.17,3.5895
61.175,3.5895
61.18,3.5895
61.185,3.5895
61.19,3.5895
61.195,3.5895