Time (s),Position (mm)
0,1.71E-11
0.005,1.71E-11
0.01,1.71E-11
0.015,1.71E-11
0.02,1.71E-11
0.025,1.71E-11
0.03,1.71E-11
0.035,1.71E-11
0.04,1.71E-11
0.045,1.71E-11
0.05,1.71E-11
0.055,1.71E-11
0.06,1.71E-11
0.065,1.71E-11
0.07,1.71E-11
0.075,1.71E-11
0.08,1.71E-11
0.085,1.71E-11
0.09,1.71E-11
0.095,1.71E-11
0.1,1.71E-11
0.105,1.71E-11
0.11,1.71E-11
0.115,1.71E-11
0.12,1.71E-11
0.125,1.71E-11
0.13,1.71E-11
0.135,1.71E-11
0.14,1.71E-11
0.145,1.71E-11
0.15,1.71E-11
0.155,1.71E-11
0.16,1.71E-11
0.165,1.71E-11
0.17,1.71E-11
0.175,1.71E-11
0.18,1.71E-11
0.185,1.71E-11
0.19,1.71E-11
0.195,1.71E-11
0.2,1.71E-11
0.205,1.71E-11
0.21,1.71E-11
0.215,1.71E-11
0.22,1.71E-11
0.225,1.71E-11
0.23,1.71E-11
0.235,1.71E-11
0.24,1.71E-11
0.245,1.71E-11
0.25,1.71E-11
0.255,1.71E-11
0.26,1.71E-11
0.265,1.71E-11
0.27,6.68E-06
0.275,0.000161
0.28,0.001178
0.285,0.004338
0.29,0.01086
0.295,0.021559
0.3,0.036713
0.305,0.055968
0.31,0.078488
0.315,0.103229
0.32,0.12912
0.325,0.155314
0.33,0.181305
0.335,0.206932
0.34,0.232223
0.345,0.257273
0.35,0.282215
0.355,0.307122
0.36,0.332084
0.365,0.357158
0.37,0.382286
0.375,0.407454
0.38,0.432633
0.385,0.457783
0.39,0.482841
0.395,0.507797
0.4,0.53269
0.405,0.557584
0.41,0.582616
0.415,0.607858
0.42,0.633169
0.425,0.658371
0.43,0.683388
0.435,0.708237
0.44,0.733109
0.445,0.758124
0.45,0.783177
0.455,0.808189
0.46,0.833149
0.465,0.85808
0.47,0.883037
0.475,0.908063
0.48,0.933108
0.485,0.958118
0.49,0.983099
0.495,1.008155
0.5,1.033353
0.505,1.058557
0.51,1.083618
0.515,1.108556
0.52,1.133442
0.525,1.158293
0.53,1.18314
0.535,1.208014
0.54,1.23293
0.545,1.257922
0.55,1.283036
0.555,1.308259
0.56,1.333519
0.565,1.358712
0.57,1.383705
0.575,1.408575
0.58,1.433493
0.585,1.458475
0.59,1.483475
0.595,1.508435
0.6,1.533294
0.605,1.558182
0.61,1.583253
0.615,1.608409
0.62,1.633449
0.625,1.658355
0.63,1.68319
0.635,1.707886
0.64,1.732049
0.645,1.755046
0.65,1.776231
0.655,1.795003
0.66,1.811035
0.665,1.824355
0.67,1.835334
0.675,1.844696
0.68,1.853254
0.685,1.86159
0.69,1.870014
0.695,1.878694
0.7,1.887708
0.705,1.89699
0.71,1.906386
0.715,1.915773
0.72,1.925067
0.725,1.934188
0.73,1.943143
0.735,1.952054
0.74,1.961086
0.745,1.970306
0.75,1.979598
0.755,1.988625
0.76,1.996878
0.765,2.004091
0.77,2.010346
0.775,2.015895
0.78,2.02103
0.785,2.025977
0.79,2.030893
0.795,2.035908
0.8,2.04108
0.805,2.046381
0.81,2.051762
0.815,2.057163
0.82,2.062541
0.825,2.067907
0.83,2.073269
0.835,2.0786
0.84,2.083883
0.845,2.089095
0.85,2.094256
0.855,2.099418
0.86,2.104656
0.865,2.110036
0.87,2.115533
0.875,2.121036
0.88,2.126487
0.885,2.131881
0.89,2.137251
0.895,2.14261
0.9,2.147978
0.905,2.153386
0.91,2.158864
0.915,2.164384
0.92,2.169848
0.925,2.175213
0.93,2.18056
0.935,2.185975
0.94,2.191399
0.945,2.196726
0.95,2.201896
0.955,2.206921
0.96,2.211856
0.965,2.216775
0.97,2.221737
0.975,2.2268
0.98,2.232015
0.985,2.237324
0.99,2.24261
0.995,2.247777
1,2.252795
1.005,2.257763
1.01,2.262816
1.015,2.267952
1.02,2.273109
1.025,2.278254
1.03,2.283348
1.035,2.288345
1.04,2.293334
1.045,2.298404
1.05,2.303513
1.055,2.308573
1.06,2.313607
1.065,2.318644
1.07,2.323649
1.075,2.328627
1.08,2.333639
1.085,2.338702
1.09,2.343825
1.095,2.349012
1.1,2.354194
1.105,2.359201
1.11,2.363926
1.115,2.368373
1.12,2.372613
1.125,2.376758
1.13,2.380872
1.135,2.384988
1.14,2.389124
1.145,2.393165
1.15,2.39694
1.155,2.400349
1.16,2.403456
1.165,2.406435
1.17,2.409432
1.175,2.41248
1.18,2.415515
1.185,2.418507
1.19,2.421513
1.195,2.424623
1.2,2.427855
1.205,2.431144
1.21,2.434396
1.215,2.437571
1.22,2.440702
1.225,2.443819
1.23,2.446901
1.235,2.449937
1.24,2.452937
1.245,2.455879
1.25,2.458737
1.255,2.461515
1.26,2.464257
1.265,2.467007
1.27,2.469809
1.275,2.472697
1.28,2.475658
1.285,2.47867
1.29,2.481757
1.295,2.484888
1.3,2.487964
1.305,2.490891
1.31,2.493679
1.315,2.496418
1.32,2.499185
1.325,2.502009
1.33,2.504871
1.335,2.507732
1.34,2.510585
1.345,2.513469
1.35,2.51641
1.355,2.51939
1.36,2.52237
1.365,2.525342
1.37,2.528311
1.375,2.531292
1.38,2.5343
1.385,2.537306
1.39,2.540268
1.395,2.543194
1.4,2.54609
1.405,2.548899
1.41,2.551626
1.415,2.554339
1.42,2.557108
1.425,2.559928
1.43,2.562715
1.435,2.56539
1.44,2.567934
1.445,2.570389
1.45,2.572816
1.455,2.57524
1.46,2.577647
1.465,2.579985
1.47,2.582162
1.475,2.58418
1.48,2.586169
1.485,2.588234
1.49,2.590419
1.495,2.592726
1.5,2.595113
1.505,2.597506
1.51,2.599863
1.515,2.602178
1.52,2.604442
1.525,2.606649
1.53,2.60882
1.535,2.610981
1.54,2.613135
1.545,2.615267
1.55,2.617362
1.555,2.619428
1.56,2.621472
1.565,2.623497
1.57,2.625513
1.575,2.62753
1.58,2.629555
1.585,2.631585
1.59,2.633613
1.595,2.63564
1.6,2.637654
1.605,2.639645
1.61,2.641584
1.615,2.643422
1.62,2.645187
1.625,2.646954
1.63,2.648801
1.635,2.650756
1.64,2.652813
1.645,2.654929
1.65,2.657056
1.655,2.659172
1.66,2.661271
1.665,2.663368
1.67,2.665456
1.675,2.667505
1.68,2.669513
1.685,2.671502
1.69,2.673495
1.695,2.675494
1.7,2.677484
1.705,2.67946
1.71,2.681443
1.715,2.683454
1.72,2.68548
1.725,2.687474
1.73,2.689394
1.735,2.691227
1.74,2.692972
1.745,2.694625
1.75,2.696201
1.755,2.697707
1.76,2.699173
1.765,2.700644
1.77,2.702148
1.775,2.703692
1.78,2.705286
1.785,2.706923
1.79,2.708572
1.795,2.710196
1.8,2.71178
1.805,2.71332
1.81,2.714832
1.815,2.716343
1.82,2.717879
1.825,2.719454
1.83,2.72105
1.835,2.722632
1.84,2.724183
1.845,2.72571
1.85,2.727227
1.855,2.728735
1.86,2.730225
1.865,2.731695
1.87,2.73315
1.875,2.734598
1.88,2.736061
1.885,2.737569
1.89,2.739114
1.895,2.740656
1.9,2.742178
1.905,2.743685
1.91,2.745192
1.915,2.74671
1.92,2.748212
1.925,2.749687
1.93,2.751163
1.935,2.752658
1.94,2.754146
1.945,2.75561
1.95,2.757064
1.955,2.758533
1.96,2.760049
1.965,2.761646
1.97,2.76334
1.975,2.765078
1.98,2.76678
1.985,2.768387
1.99,2.769894
1.995,2.771327
2,2.772715
2.005,2.774068
2.01,2.775402
2.015,2.776735
2.02,2.778072
2.025,2.779418
2.03,2.780783
2.035,2.782173
2.04,2.783581
2.045,2.78497
2.05,2.786296
2.055,2.787529
2.06,2.788648
2.065,2.789655
2.07,2.79061
2.075,2.791586
2.08,2.792617
2.085,2.793699
2.09,2.794824
2.095,2.795984
2.1,2.797157
2.105,2.79833
2.11,2.7995
2.115,2.80066
2.12,2.801811
2.125,2.802961
2.13,2.80412
2.135,2.805295
2.14,2.806491
2.145,2.807709
2.15,2.808951
2.155,2.810224
2.16,2.811525
2.165,2.812829
2.17,2.814104
2.175,2.815337
2.18,2.816517
2.185,2.817634
2.19,2.818688
2.195,2.819701
2.2,2.82071
2.205,2.821743
2.21,2.822816
2.215,2.823926
2.22,2.825075
2.225,2.826268
2.23,2.827479
2.235,2.82869
2.24,2.829894
2.245,2.83108
2.25,2.832253
2.255,2.833425
2.26,2.834607
2.265,2.835792
2.27,2.836962
2.275,2.838128
2.28,2.83929
2.285,2.840453
2.29,2.841619
2.295,2.842785
2.3,2.843944
2.305,2.845083
2.31,2.846198
2.315,2.847288
2.32,2.848366
2.325,2.849444
2.33,2.850533
2.335,2.851671
2.34,2.85289
2.345,2.854151
2.35,2.855382
2.355,2.856532
2.36,2.857579
2.365,2.858536
2.37,2.859432
2.375,2.860309
2.38,2.861197
2.385,2.862093
2.39,2.862991
2.395,2.863877
2.4,2.86474
2.405,2.865576
2.41,2.866392
2.415,2.867204
2.42,2.868039
2.425,2.86893
2.43,2.869884
2.435,2.870871
2.44,2.871851
2.445,2.872784
2.45,2.873645
2.455,2.874444
2.46,2.87522
2.465,2.876012
2.47,2.87685
2.475,2.877736
2.48,2.878665
2.485,2.879633
2.49,2.880623
2.495,2.881617
2.5,2.882616
2.505,2.883616
2.51,2.884596
2.515,2.885533
2.52,2.886424
2.525,2.887284
2.53,2.888126
2.535,2.888952
2.54,2.889749
2.545,2.890498
2.55,2.891213
2.555,2.891927
2.56,2.892671
2.565,2.893462
2.57,2.894298
2.575,2.89517
2.58,2.896075
2.585,2.89699
2.59,2.897899
2.595,2.898806
2.6,2.899714
2.605,2.900623
2.61,2.90152
2.615,2.90239
2.62,2.903234
2.625,2.904066
2.63,2.90491
2.635,2.905786
2.64,2.906704
2.645,2.907656
2.65,2.908621
2.655,2.90957
2.66,2.910479
2.665,2.911335
2.67,2.912128
2.675,2.912863
2.68,2.913558
2.685,2.914236
2.69,2.91492
2.695,2.915621
2.7,2.91636
2.705,2.917138
2.71,2.917949
2.715,2.918781
2.72,2.919607
2.725,2.920415
2.73,2.921211
2.735,2.922003
2.74,2.922791
2.745,2.923575
2.75,2.924353
2.755,2.92513
2.76,2.925918
2.765,2.926743
2.77,2.92762
2.775,2.928543
2.78,2.929475
2.785,2.930372
2.79,2.931212
2.795,2.931997
2.8,2.932743
2.805,2.933476
2.81,2.934212
2.815,2.934958
2.82,2.935711
2.825,2.936458
2.83,2.937192
2.835,2.937904
2.84,2.938602
2.845,2.939298
2.85,2.939983
2.855,2.940636
2.86,2.941265
2.865,2.941898
2.87,2.94256
2.875,2.943259
2.88,2.943986
2.885,2.944733
2.89,2.945486
2.895,2.946235
2.9,2.946968
2.905,2.947673
2.91,2.948352
2.915,2.949015
2.92,2.94967
2.925,2.950325
2.93,2.950985
2.935,2.951654
2.94,2.952334
2.945,2.953014
2.95,2.953687
2.955,2.95434
2.96,2.954979
2.965,2.955619
2.97,2.956262
2.975,2.956912
2.98,2.957566
2.985,2.958219
2.99,2.958877
2.995,2.959562
3,2.960305
3.005,2.961104
3.01,2.961919
3.015,2.962702
3.02,2.963423
3.025,2.964073
3.03,2.964667
3.035,2.96522
3.04,2.965736
3.045,2.966215
3.05,2.966665
3.055,2.96711
3.06,2.967577
3.065,2.968087
3.07,2.968643
3.075,2.969238
3.08,2.969865
3.085,2.970519
3.09,2.971189
3.095,2.971861
3.1,2.972525
3.105,2.973178
3.11,2.973819
3.115,2.974451
3.12,2.975075
3.125,2.975692
3.13,2.976301
3.135,2.976917
3.14,2.977565
3.145,2.978255
3.15,2.978993
3.155,2.979784
3.16,2.980605
3.165,2.981419
3.17,2.982196
3.175,2.982917
3.18,2.983579
3.185,2.984194
3.19,2.984786
3.195,2.985372
3.2,2.985958
3.205,2.986543
3.21,2.987122
3.215,2.987694
3.22,2.988264
3.225,2.988835
3.23,2.989412
3.235,2.989997
3.24,2.990581
3.245,2.991159
3.25,2.991729
3.255,2.992292
3.26,2.992852
3.265,2.993405
3.27,2.993945
3.275,2.994468
3.28,2.994978
3.285,2.995483
3.29,2.995986
3.295,2.99649
3.3,2.997
3.305,2.997519
3.31,2.998042
3.315,2.998564
3.32,2.999086
3.325,2.999614
3.33,3.000147
3.335,3.000684
3.34,3.001219
3.345,3.001747
3.35,3.002267
3.355,3.002775
3.36,3.003275
3.365,3.003771
3.37,3.004268
3.375,3.004768
3.38,3.005267
3.385,3.005761
3.39,3.006244
3.395,3.006711
3.4,3.007162
3.405,3.007605
3.41,3.008055
3.415,3.008525
3.42,3.009022
3.425,3.00954
3.43,3.010061
3.435,3.010581
3.44,3.011104
3.445,3.011635
3.45,3.012177
3.455,3.012726
3.46,3.013281
3.465,3.013827
3.47,3.014362
3.475,3.014883
3.48,3.0154
3.485,3.015919
3.49,3.016447
3.495,3.016988
3.5,3.017534
3.505,3.018072
3.51,3.018595
3.515,3.019105
3.52,3.019608
3.525,3.020112
3.53,3.020622
3.535,3.021142
3.54,3.02167
3.545,3.022197
3.55,3.022712
3.555,3.023216
3.56,3.023717
3.565,3.024226
3.57,3.024739
3.575,3.025249
3.58,3.025751
3.585,3.026251
3.59,3.026749
3.595,3.027246
3.6,3.027736
3.605,3.028218
3.61,3.028706
3.615,3.029217
3.62,3.029756
3.625,3.030323
3.63,3.030914
3.635,3.031521
3.64,3.032124
3.645,3.032703
3.65,3.033253
3.655,3.033774
3.66,3.034264
3.665,3.034731
3.67,3.03518
3.675,3.035619
3.68,3.036047
3.685,3.036463
3.69,3.03687
3.695,3.037276
3.7,3.037691
3.705,3.038116
3.71,3.038551
3.715,3.038994
3.72,3.039442
3.725,3.039892
3.73,3.040345
3.735,3.040796
3.74,3.041249
3.745,3.041702
3.75,3.042151
3.755,3.042597
3.76,3.043033
3.765,3.043468
3.77,3.043891
3.775,3.044297
3.78,3.044685
3.785,3.045044
3.79,3.045377
3.795,3.045684
3.8,3.045985
3.805,3.046307
3.81,3.046665
3.815,3.047069
3.82,3.047516
3.825,3.047988
3.83,3.048464
3.835,3.048933
3.84,3.049394
3.845,3.04984
3.85,3.050268
3.855,3.050684
3.86,3.051095
3.865,3.051509
3.87,3.051931
3.875,3.052362
3.88,3.052802
3.885,3.053254
3.89,3.053716
3.895,3.054187
3.9,3.054662
3.905,3.055134
3.91,3.055599
3.915,3.056057
3.92,3.056507
3.925,3.056949
3.93,3.057384
3.935,3.057814
3.94,3.058245
3.945,3.058677
3.95,3.059106
3.955,3.059529
3.96,3.059939
3.965,3.060334
3.97,3.060717
3.975,3.061103
3.98,3.061497
3.985,3.061896
3.99,3.062297
3.995,3.062698
4,3.063103
4.005,3.063514
4.01,3.063933
4.015,3.06435
4.02,3.064757
4.025,3.065147
4.03,3.06553
4.035,3.065909
4.04,3.066291
4.045,3.066679
4.05,3.067065
4.055,3.067453
4.06,3.067849
4.065,3.068251
4.07,3.068654
4.075,3.069062
4.08,3.069472
4.085,3.069879
4.09,3.070283
4.095,3.070685
4.1,3.071084
4.105,3.071476
4.11,3.071859
4.115,3.072236
4.12,3.072614
4.125,3.072986
4.13,3.073355
4.135,3.073728
4.14,3.074108
4.145,3.074484
4.15,3.074867
4.155,3.075261
4.16,3.075662
4.165,3.076065
4.17,3.076466
4.175,3.076869
4.18,3.077281
4.185,3.077705
4.19,3.078142
4.195,3.078594
4.2,3.079059
4.205,3.079525
4.21,3.079973
4.215,3.080392
4.22,3.080781
4.225,3.081144
4.23,3.081486
4.235,3.081819
4.24,3.082138
4.245,3.082446
4.25,3.082739
4.255,3.083017
4.26,3.083274
4.265,3.083522
4.27,3.083744
4.275,3.083958
4.28,3.084172
4.285,3.084405
4.29,3.084667
4.295,3.08496
4.3,3.085282
4.305,3.085622
4.31,3.085967
4.315,3.086314
4.32,3.086658
4.325,3.086997
4.33,3.087337
4.335,3.087683
4.34,3.088021
4.345,3.088349
4.35,3.08867
4.355,3.088988
4.36,3.08931
4.365,3.089637
4.37,3.089969
4.375,3.090306
4.38,3.090644
4.385,3.090983
4.39,3.091323
4.395,3.091659
4.4,3.091995
4.405,3.092341
4.41,3.092702
4.415,3.093071
4.42,3.09345
4.425,3.093836
4.43,3.094226
4.435,3.094615
4.44,3.095004
4.445,3.095384
4.45,3.095751
4.455,3.096108
4.46,3.096454
4.465,3.096794
4.47,3.097129
4.475,3.097464
4.48,3.097803
4.485,3.098148
4.49,3.098496
4.495,3.098846
4.5,3.099198
4.505,3.099557
4.51,3.099915
4.515,3.100266
4.52,3.10061
4.525,3.100948
4.53,3.101284
4.535,3.101618
4.54,3.101948
4.545,3.102276
4.55,3.102604
4.555,3.102928
4.56,3.103247
4.565,3.103579
4.57,3.103915
4.575,3.104248
4.58,3.104563
4.585,3.104861
4.59,3.105148
4.595,3.105435
4.6,3.105731
4.605,3.106045
4.61,3.106373
4.615,3.106706
4.62,3.10703
4.625,3.107347
4.63,3.107662
4.635,3.107974
4.64,3.108287
4.645,3.108591
4.65,3.10889
4.655,3.10919
4.66,3.109501
4.665,3.109825
4.67,3.110147
4.675,3.110465
4.68,3.110783
4.685,3.111094
4.69,3.111403
4.695,3.111722
4.7,3.112037
4.705,3.112348
4.71,3.112642
4.715,3.112929
4.72,3.113226
4.725,3.113534
4.73,3.113855
4.735,3.114184
4.74,3.114517
4.745,3.114852
4.75,3.11519
4.755,3.115527
4.76,3.115866
4.765,3.116209
4.77,3.116553
4.775,3.116897
4.78,3.117238
4.785,3.117573
4.79,3.117899
4.795,3.118199
4.8,3.11848
4.805,3.118736
4.81,3.118984
4.815,3.119217
4.82,3.119453
4.825,3.119675
4.83,3.119884
4.835,3.120091
4.84,3.120279
4.845,3.120464
4.85,3.120651
4.855,3.120837
4.86,3.121037
4.865,3.121251
4.87,3.121486
4.875,3.121738
4.88,3.122003
4.885,3.122276
4.89,3.122556
4.895,3.122848
4.9,3.123133
4.905,3.123416
4.91,3.123686
4.915,3.123954
4.92,3.12421
4.925,3.124463
4.93,3.124716
4.935,3.124973
4.94,3.125224
4.945,3.125476
4.95,3.125742
4.955,3.126013
4.96,3.126277
4.965,3.12654
4.97,3.126814
4.975,3.127088
4.98,3.127368
4.985,3.127633
4.99,3.127888
4.995,3.128131
5,3.128374
5.005,3.128621
5.01,3.128884
5.015,3.129157
5.02,3.129441
5.025,3.129735
5.03,3.130029
5.035,3.130325
5.04,3.130621
5.045,3.130919
5.05,3.13122
5.055,3.13152
5.06,3.131823
5.065,3.132126
5.07,3.132431
5.075,3.132743
5.08,3.133049
5.085,3.133353
5.09,3.133665
5.095,3.133977
5.1,3.134283
5.105,3.134575
5.11,3.13486
5.115,3.135148
5.12,3.135443
5.125,3.13575
5.13,3.136062
5.135,3.136379
5.14,3.136699
5.145,3.137018
5.15,3.137339
5.155,3.137649
5.16,3.13795
5.165,3.138225
5.17,3.138485
5.175,3.138715
5.18,3.13893
5.185,3.139136
5.19,3.139326
5.195,3.139521
5.2,3.139712
5.205,3.139912
5.21,3.140118
5.215,3.140322
5.22,3.140538
5.225,3.140775
5.23,3.141026
5.235,3.141283
5.24,3.141541
5.245,3.141794
5.25,3.142044
5.255,3.142288
5.26,3.142532
5.265,3.142773
5.27,3.143018
5.275,3.143247
5.28,3.143477
5.285,3.143714
5.29,3.143966
5.295,3.144211
5.3,3.144456
5.305,3.144699
5.31,3.14495
5.315,3.145215
5.32,3.145495
5.325,3.145793
5.33,3.146102
5.335,3.146416
5.34,3.146733
5.345,3.147045
5.35,3.147356
5.355,3.147659
5.36,3.147954
5.365,3.148233
5.37,3.148502
5.375,3.148764
5.38,3.149026
5.385,3.149294
5.39,3.149565
5.395,3.149843
5.4,3.150111
5.405,3.150374
5.41,3.150622
5.415,3.150855
5.42,3.151085
5.425,3.151326
5.43,3.151583
5.435,3.151863
5.44,3.152153
5.445,3.152448
5.45,3.152745
5.455,3.153032
5.46,3.1533
5.465,3.153553
5.47,3.153778
5.475,3.153997
5.48,3.154201
5.485,3.154392
5.49,3.154588
5.495,3.154771
5.5,3.15496
5.505,3.155151
5.51,3.155334
5.515,3.155526
5.52,3.155716
5.525,3.155912
5.53,3.156115
5.535,3.156309
5.54,3.156509
5.545,3.156705
5.55,3.156906
5.555,3.157111
5.56,3.157299
5.565,3.157485
5.57,3.157671
5.575,3.157832
5.58,3.157981
5.585,3.158139
5.59,3.158288
5.595,3.158418
5.6,3.158557
5.605,3.158709
5.61,3.158883
5.615,3.159081
5.62,3.159278
5.625,3.159485
5.63,3.159693
5.635,3.15991
5.64,3.160133
5.645,3.160368
5.65,3.160613
5.655,3.160875
5.66,3.161145
5.665,3.161424
5.67,3.161708
5.675,3.161992
5.68,3.162273
5.685,3.162548
5.69,3.16282
5.695,3.16309
5.7,3.163366
5.705,3.163641
5.71,3.163919
5.715,3.164189
5.72,3.164457
5.725,3.16471
5.73,3.164962
5.735,3.165218
5.74,3.165482
5.745,3.165745
5.75,3.166007
5.755,3.166257
5.76,3.166504
5.765,3.166732
5.77,3.166955
5.775,3.167167
5.78,3.167361
5.785,3.167558
5.79,3.167742
5.795,3.167919
5.8,3.168103
5.805,3.168275
5.81,3.168445
5.815,3.168623
5.82,3.168803
5.825,3.169002
5.83,3.169202
5.835,3.169412
5.84,3.169626
5.845,3.169837
5.85,3.170054
5.855,3.170262
5.86,3.170477
5.865,3.170685
5.87,3.170896
5.875,3.171109
5.88,3.171316
5.885,3.171531
5.89,3.171738
5.895,3.171953
5.9,3.172165
5.905,3.172378
5.91,3.172595
5.915,3.172811
5.92,3.173035
5.925,3.173245
5.93,3.173453
5.935,3.173656
5.94,3.173859
5.945,3.174069
5.95,3.174282
5.955,3.174507
5.96,3.174719
5.965,3.174924
5.97,3.175126
5.975,3.175322
5.98,3.175527
5.985,3.17573
5.99,3.175946
5.995,3.176161
6,3.176382
6.005,3.176604
6.01,3.176815
6.015,3.177029
6.02,3.177238
6.025,3.177459
6.03,3.177675
6.035,3.177894
6.04,3.178112
6.045,3.178311
6.05,3.178512
6.055,3.178704
6.06,3.178878
6.065,3.179059
6.07,3.179236
6.075,3.179421
6.08,3.179617
6.085,3.179804
6.09,3.18
6.095,3.180193
6.1,3.180381
6.105,3.180578
6.11,3.180765
6.115,3.180957
6.12,3.181151
6.125,3.181337
6.13,3.181532
6.135,3.181722
6.14,3.181915
6.145,3.182115
6.15,3.182325
6.155,3.182547
6.16,3.182777
6.165,3.183017
6.17,3.183246
6.175,3.183476
6.18,3.183691
6.185,3.183893
6.19,3.184095
6.195,3.184275
6.2,3.184439
6.205,3.184608
6.21,3.184768
6.215,3.184912
6.22,3.185069
6.225,3.18523
6.23,3.1854
6.235,3.185588
6.24,3.185768
6.245,3.185948
6.25,3.186134
6.255,3.186304
6.26,3.18647
6.265,3.186643
6.27,3.186809
6.275,3.186986
6.28,3.187169
6.285,3.187343
6.29,3.187528
6.295,3.18771
6.3,3.187887
6.305,3.188075
6.31,3.188254
6.315,3.18843
6.32,3.188614
6.325,3.188786
6.33,3.18896
6.335,3.189141
6.34,3.189315
6.345,3.189503
6.35,3.189692
6.355,3.189882
6.36,3.190082
6.365,3.190276
6.37,3.19048
6.375,3.190684
6.38,3.190899
6.385,3.191116
6.39,3.191315
6.395,3.191514
6.4,3.191705
6.405,3.191883
6.41,3.19207
6.415,3.192249
6.42,3.19243
6.425,3.19262
6.43,3.192821
6.435,3.193038
6.44,3.193246
6.445,3.193454
6.45,3.193658
6.455,3.193847
6.46,3.194041
6.465,3.194226
6.47,3.194397
6.475,3.194577
6.48,3.194754
6.485,3.194943
6.49,3.19514
6.495,3.195327
6.5,3.195522
6.505,3.195723
6.51,3.195946
6.515,3.196167
6.52,3.196385
6.525,3.196603
6.53,3.1968
6.535,3.196998
6.54,3.197189
6.545,3.197374
6.55,3.197567
6.555,3.197757
6.56,3.19796
6.565,3.198163
6.57,3.198363
6.575,3.19857
6.58,3.198764
6.585,3.198961
6.59,3.199157
6.595,3.199332
6.6,3.199508
6.605,3.199684
6.61,3.199837
6.615,3.19996
6.62,3.200088
6.625,3.200226
6.63,3.200352
6.635,3.20046
6.64,3.200586
6.645,3.200725
6.65,3.200853
6.655,3.200954
6.66,3.20106
6.665,3.201186
6.67,3.201313
6.675,3.201419
6.68,3.201522
6.685,3.201647
6.69,3.201779
6.695,3.201896
6.7,3.202019
6.705,3.20216
6.71,3.2023
6.715,3.202422
6.72,3.202556
6.725,3.202702
6.73,3.202838
6.735,3.202946
6.74,3.203061
6.745,3.203193
6.75,3.203322
6.755,3.203431
6.76,3.203551
6.765,3.203689
6.77,3.203823
6.775,3.203958
6.78,3.204112
6.785,3.204267
6.79,3.204398
6.795,3.204526
6.8,3.204668
6.805,3.20481
6.81,3.204969
6.815,3.205145
6.82,3.205329
6.825,3.205531
6.83,3.205733
6.835,3.205946
6.84,3.206157
6.845,3.206365
6.85,3.206578
6.855,3.206786
6.86,3.207004
6.865,3.207228
6.87,3.207467
6.875,3.207713
6.88,3.207969
6.885,3.208221
6.89,3.208476
6.895,3.208714
6.9,3.208951
6.905,3.209174
6.91,3.209392
6.915,3.209608
6.92,3.209802
6.925,3.209995
6.93,3.210183
6.935,3.210345
6.94,3.210502
6.945,3.210666
6.95,3.210815
6.955,3.210933
6.96,3.211052
6.965,3.211186
6.97,3.211316
6.975,3.211423
6.98,3.211531
6.985,3.21166
6.99,3.211792
6.995,3.211921
7,3.212072
7.005,3.212229
7.01,3.212368
7.015,3.212502
7.02,3.212649
7.025,3.212793
7.03,3.21292
7.035,3.21306
7.04,3.213211
7.045,3.213348
7.05,3.213481
7.055,3.21363
7.06,3.213778
7.065,3.213915
7.07,3.214067
7.075,3.214225
7.08,3.214363
7.085,3.214491
7.09,3.214634
7.095,3.214776
7.1,3.214908
7.105,3.215057
7.11,3.215214
7.115,3.21536
7.12,3.215518
7.125,3.215684
7.13,3.215837
7.135,3.215996
7.14,3.216163
7.145,3.216317
7.15,3.216462
7.155,3.21662
7.16,3.216774
7.165,3.216926
7.17,3.217094
7.175,3.217259
7.18,3.217416
7.185,3.217586
7.19,3.217752
7.195,3.217907
7.2,3.218074
7.205,3.21824
7.21,3.218395
7.215,3.218564
7.22,3.218731
7.225,3.218894
7.23,3.219071
7.235,3.219243
7.24,3.219388
7.245,3.21953
7.25,3.21968
7.255,3.219826
7.26,3.21999
7.265,3.220166
7.27,3.220325
7.275,3.220468
7.28,3.22062
7.285,3.220769
7.29,3.220897
7.295,3.221029
7.3,3.221175
7.305,3.221315
7.31,3.221427
7.315,3.221535
7.32,3.221662
7.325,3.221805
7.33,3.221983
7.335,3.222173
7.34,3.222347
7.345,3.222522
7.35,3.222696
7.355,3.222846
7.36,3.222974
7.365,3.223114
7.37,3.223261
7.375,3.223431
7.38,3.223623
7.385,3.22384
7.39,3.224072
7.395,3.224319
7.4,3.224568
7.405,3.224784
7.41,3.224971
7.415,3.225148
7.42,3.225304
7.425,3.225423
7.43,3.225527
7.435,3.225648
7.44,3.225777
7.445,3.225889
7.45,3.225991
7.455,3.226114
7.46,3.226249
7.465,3.226371
7.47,3.226461
7.475,3.226514
7.48,3.22656
7.485,3.226641
7.49,3.22675
7.495,3.226859
7.5,3.226947
7.505,3.227004
7.51,3.227059
7.515,3.227149
7.52,3.227262
7.525,3.227371
7.53,3.227456
7.535,3.227509
7.54,3.227532
7.545,3.227544
7.55,3.227598
7.555,3.227698
7.56,3.227813
7.565,3.227915
7.57,3.228002
7.575,3.228109
7.58,3.228235
7.585,3.228355
7.59,3.228466
7.595,3.228599
7.6,3.228742
7.605,3.228875
7.61,3.229021
7.615,3.22918
7.62,3.229331
7.625,3.22949
7.63,3.229661
7.635,3.22982
7.64,3.229984
7.645,3.230156
7.65,3.230316
7.655,3.230476
7.66,3.230646
7.665,3.230819
7.67,3.231012
7.675,3.231204
7.68,3.231379
7.685,3.23156
7.69,3.231733
7.695,3.2319
7.7,3.232078
7.705,3.23225
7.71,3.232411
7.715,3.232583
7.72,3.23275
7.725,3.232918
7.73,3.233099
7.735,3.23327
7.74,3.233415
7.745,3.233564
7.75,3.233717
7.755,3.233855
7.76,3.234001
7.765,3.23416
7.77,3.23431
7.775,3.234427
7.78,3.234536
7.785,3.234661
7.79,3.23479
7.795,3.2349
7.8,3.234986
7.805,3.235087
7.81,3.23521
7.815,3.235332
7.82,3.235438
7.825,3.235558
7.83,3.235697
7.835,3.235829
7.84,3.235942
7.845,3.236066
7.85,3.236205
7.855,3.236336
7.86,3.236451
7.865,3.236581
7.87,3.236723
7.875,3.236853
7.88,3.236972
7.885,3.23711
7.89,3.237253
7.895,3.237378
7.9,3.237474
7.905,3.237579
7.91,3.237703
7.915,3.237826
7.92,3.237935
7.925,3.238061
7.93,3.238202
7.935,3.238336
7.94,3.238465
7.945,3.238613
7.95,3.238763
7.955,3.238892
7.96,3.239023
7.965,3.239169
7.97,3.239309
7.975,3.239432
7.98,3.239568
7.985,3.239716
7.99,3.239851
7.995,3.239987
8,3.240141
8.005,3.24029
8.01,3.240435
8.015,3.240597
8.02,3.240756
8.025,3.240895
8.03,3.241039
8.035,3.241191
8.04,3.241331
8.045,3.24144
8.05,3.241544
8.055,3.241667
8.06,3.241795
8.065,3.241903
8.07,3.241996
8.075,3.242111
8.08,3.24224
8.085,3.242361
8.09,3.242467
8.095,3.242593
8.1,3.242731
8.105,3.242858
8.11,3.242966
8.115,3.243091
8.12,3.243228
8.125,3.243354
8.13,3.243451
8.135,3.24354
8.14,3.243653
8.145,3.243777
8.15,3.243888
8.155,3.243984
8.16,3.244101
8.165,3.244234
8.17,3.244358
8.175,3.244471
8.18,3.244605
8.185,3.244747
8.19,3.244886
8.195,3.245044
8.2,3.24521
8.205,3.245356
8.21,3.245492
8.215,3.245639
8.22,3.245784
8.225,3.245925
8.23,3.246085
8.235,3.246246
8.24,3.246388
8.245,3.246536
8.25,3.246693
8.255,3.246834
8.26,3.246946
8.265,3.247059
8.27,3.24719
8.275,3.247318
8.28,3.247423
8.285,3.247523
8.29,3.247646
8.295,3.247776
8.3,3.247891
8.305,3.247987
8.31,3.248103
8.315,3.248234
8.32,3.248356
8.325,3.248463
8.33,3.248589
8.335,3.248728
8.34,3.248856
8.345,3.248981
8.35,3.249125
8.355,3.249271
8.36,3.249406
8.365,3.249555
8.37,3.249713
8.375,3.249873
8.38,3.250053
8.385,3.250231
8.39,3.250379
8.395,3.250479
8.4,3.25054
8.405,3.250615
8.41,3.250716
8.415,3.250825
8.42,3.25092
8.425,3.250986
8.43,3.251046
8.435,3.251138
8.44,3.251254
8.445,3.251366
8.45,3.251453
8.455,3.251514
8.46,3.251592
8.465,3.2517
8.47,3.251816
8.475,3.251916
8.48,3.251986
8.485,3.252024
8.49,3.252071
8.495,3.252158
8.5,3.252269
8.505,3.252377
8.51,3.252461
8.515,3.252512
8.52,3.252534
8.525,3.25257
8.53,3.252652
8.535,3.252763
8.54,3.252872
8.545,3.252958
8.55,3.253011
8.555,3.253033
8.56,3.253035
8.565,3.253025
8.57,3.253029
8.575,3.253091
8.58,3.253201
8.585,3.253324
8.59,3.253428
8.595,3.253498
8.6,3.253535
8.605,3.253584
8.61,3.253672
8.615,3.253782
8.62,3.253887
8.625,3.25399
8.63,3.254118
8.635,3.254256
8.64,3.25438
8.645,3.254504
8.65,3.254647
8.655,3.25479
8.66,3.254941
8.665,3.255112
8.67,3.255283
8.675,3.255469
8.68,3.255662
8.685,3.255843
8.69,3.256031
8.695,3.256224
8.7,3.256437
8.705,3.256658
8.71,3.256894
8.715,3.257128
8.72,3.257356
8.725,3.257581
8.73,3.257795
8.735,3.258013
8.74,3.258218
8.745,3.258419
8.75,3.25862
8.755,3.258797
8.76,3.258929
8.765,3.259011
8.77,3.259088
8.775,3.259188
8.78,3.2593
8.785,3.2594
8.79,3.259473
8.795,3.259515
8.8,3.259533
8.805,3.259574
8.81,3.259661
8.815,3.259775
8.82,3.259884
8.825,3.259966
8.83,3.260016
8.835,3.260049
8.84,3.260116
8.845,3.260219
8.85,3.260331
8.855,3.260427
8.86,3.260493
8.865,3.260526
8.87,3.260536
8.875,3.260565
8.88,3.260645
8.885,3.260757
8.89,3.260869
8.895,3.260959
8.9,3.261054
8.905,3.261174
8.91,3.2613
8.915,3.261407
8.92,3.261482
8.925,3.261526
8.93,3.261586
8.935,3.261682
8.94,3.261796
8.945,3.261899
8.95,3.261977
8.955,3.262063
8.96,3.262176
8.965,3.262298
8.97,3.262404
8.975,3.262496
8.98,3.262609
8.985,3.262738
8.99,3.262859
8.995,3.262959
9,3.263074
9.005,3.263206
9.01,3.263334
9.015,3.263438
9.02,3.263549
9.025,3.26368
9.03,3.26381
9.035,3.263939
9.04,3.26409
9.045,3.264245
9.05,3.264387
9.055,3.264541
9.06,3.264702
9.065,3.264853
9.07,3.265015
9.075,3.265184
9.08,3.265358
9.085,3.265549
9.09,3.265735
9.095,3.265889
9.1,3.266037
9.105,3.26619
9.11,3.266329
9.115,3.266435
9.12,3.266531
9.125,3.266649
9.13,3.266775
9.135,3.266887
9.14,3.266969
9.145,3.267016
9.15,3.267053
9.155,3.267128
9.16,3.267235
9.165,3.267346
9.17,3.267439
9.175,3.267499
9.18,3.267529
9.185,3.267564
9.19,3.267642
9.195,3.267751
9.2,3.267862
9.205,3.26795
9.21,3.268006
9.215,3.268041
9.22,3.268106
9.225,3.268207
9.23,3.26832
9.235,3.268418
9.24,3.268487
9.245,3.268524
9.25,3.268535
9.255,3.26853
9.26,3.268518
9.265,3.268506
9.27,3.268498
9.275,3.268494
9.28,3.268507
9.285,3.268575
9.29,3.268691
9.295,3.268818
9.3,3.268925
9.305,3.268998
9.31,3.269033
9.315,3.269041
9.32,3.269033
9.325,3.269041
9.33,3.269107
9.335,3.269218
9.34,3.269337
9.345,3.269437
9.35,3.269514
9.355,3.26961
9.36,3.269728
9.365,3.269844
9.37,3.26996
9.375,3.270101
9.38,3.270249
9.385,3.270382
9.39,3.270519
9.395,3.270671
9.4,3.270815
9.405,3.270958
9.41,3.271118
9.415,3.271274
9.42,3.271403
9.425,3.271526
9.43,3.271663
9.435,3.271798
9.44,3.271917
9.445,3.272048
9.45,3.272193
9.455,3.27233
9.46,3.272447
9.465,3.272578
9.47,3.272719
9.475,3.272851
9.48,3.27299
9.485,3.273145
9.49,3.273296
9.495,3.273427
9.5,3.273569
9.505,3.273718
9.51,3.273865
9.515,3.27403
9.52,3.274202
9.525,3.274361
9.53,3.274529
9.535,3.2747
9.54,3.274851
9.545,3.275001
9.55,3.275162
9.555,3.27531
9.56,3.275426
9.565,3.27551
9.57,3.275608
9.575,3.275726
9.58,3.275842
9.585,3.275935
9.59,3.275997
9.595,3.276027
9.6,3.276033
9.605,3.276032
9.61,3.276073
9.615,3.276167
9.62,3.276286
9.625,3.276396
9.63,3.276477
9.635,3.276523
9.64,3.276539
9.645,3.276535
9.65,3.276522
9.655,3.276509
9.66,3.276499
9.665,3.276501
9.67,3.276557
9.675,3.276665
9.68,3.276793
9.685,3.276907
9.69,3.276987
9.695,3.277029
9.7,3.277042
9.705,3.277035
9.71,3.277021
9.715,3.277008
9.72,3.276998
9.725,3.276993
9.73,3.276993
9.735,3.276994
9.74,3.276997
9.745,3.276999
9.75,3.277001
9.755,3.277001
9.76,3.277001
9.765,3.277001
9.77,3.277
9.775,3.277
9.78,3.277
9.785,3.277
9.79,3.277
9.795,3.277
9.8,3.277
9.805,3.277005
9.81,3.277054
9.815,3.277156
9.82,3.277282
9.825,3.277396
9.83,3.277479
9.835,3.277525
9.84,3.27754
9.845,3.277537
9.85,3.277554
9.855,3.277628
9.86,3.27774
9.865,3.277875
9.87,3.278043
9.875,3.27822
9.88,3.278399
9.885,3.278591
9.89,3.2788
9.895,3.279029
9.9,3.279251
9.905,3.279478
9.91,3.279691
9.915,3.27989
9.92,3.280088
9.925,3.280269
9.93,3.280441
9.935,3.280619
9.94,3.280783
9.945,3.280915
9.95,3.28104
9.955,3.281177
9.96,3.28131
9.965,3.28144
9.97,3.281591
9.975,3.281747
9.98,3.28188
9.985,3.281987
9.99,3.282106
9.995,3.282237
10,3.282358
10.005,3.28245
10.01,3.282532
10.015,3.28264
10.02,3.282762
10.025,3.282876
10.03,3.282961
10.035,3.283033
10.04,3.283133
10.045,3.283251
10.05,3.283365
10.055,3.283455
10.06,3.283552
10.065,3.283673
10.07,3.2838
10.075,3.283931
10.08,3.284085
10.085,3.284244
10.09,3.284381
10.095,3.284507
10.1,3.284648
10.105,3.284787
10.11,3.284903
10.115,3.285014
10.12,3.285145
10.125,3.28528
10.13,3.285404
10.135,3.285543
10.14,3.285695
10.145,3.285835
10.15,3.285942
10.155,3.286008
10.16,3.286037
10.165,3.286039
10.17,3.286028
10.175,3.286014
10.18,3.28603
10.185,3.286107
10.19,3.286226
10.195,3.286349
10.2,3.286447
10.205,3.28651
10.21,3.286538
10.215,3.28654
10.22,3.286529
10.225,3.286515
10.23,3.286503
10.235,3.286495
10.24,3.286493
10.245,3.286493
10.25,3.286495
10.255,3.286498
10.26,3.2865
10.265,3.286501
10.27,3.286501
10.275,3.286501
10.28,3.286501
10.285,3.2865
10.29,3.2865
10.295,3.2865
10.3,3.286501
10.305,3.286536
10.31,3.286628
10.315,3.286751
10.32,3.286871
10.325,3.286963
10.33,3.287017
10.335,3.287039
10.34,3.287038
10.345,3.287026
10.35,3.287012
10.355,3.287029
10.36,3.287107
10.365,3.287226
10.37,3.287349
10.375,3.287448
10.38,3.287511
10.385,3.287566
10.39,3.287653
10.395,3.287763
10.4,3.28787
10.405,3.287966
10.41,3.288081
10.415,3.288216
10.42,3.288347
10.425,3.288491
10.43,3.288652
10.435,3.288806
10.44,3.28896
10.445,3.289127
10.45,3.289285
10.455,3.28942
10.46,3.289561
10.465,3.289709
10.47,3.289846
10.475,3.289987
10.48,3.290145
10.485,3.290296
10.49,3.29042
10.495,3.290544
10.5,3.290682
10.505,3.290815
10.51,3.290927
10.515,3.291047
10.52,3.291184
10.525,3.291318
10.53,3.291431
10.535,3.291554
10.54,3.291693
10.545,3.291826
10.55,3.291932
10.555,3.292009
10.56,3.292102
10.565,3.292218
10.57,3.292335
10.575,3.292431
10.58,3.292495
10.585,3.29255
10.59,3.292638
10.595,3.292751
10.6,3.292862
10.605,3.29295
10.61,3.293005
10.615,3.293031
10.62,3.293034
10.625,3.293025
10.63,3.293013
10.635,3.293002
10.64,3.292996
10.645,3.292994
10.65,3.292994
10.655,3.292997
10.66,3.293032
10.665,3.293124
10.67,3.293247
10.675,3.293368
10.68,3.29346
10.685,3.293516
10.69,3.293539
10.695,3.293539
10.7,3.293527
10.705,3.293512
10.71,3.293501
10.715,3.293495
10.72,3.293493
10.725,3.293494
10.73,3.293496
10.735,3.293498
10.74,3.2935
10.745,3.293501
10.75,3.293501
10.755,3.293501
10.76,3.293501
10.765,3.2935
10.77,3.2935
10.775,3.293503
10.78,3.293547
10.785,3.293647
10.79,3.293772
10.795,3.293888
10.8,3.293979
10.805,3.294078
10.81,3.294199
10.815,3.294321
10.82,3.294428
10.825,3.294547
10.83,3.294686
10.835,3.294822
10.84,3.294958
10.845,3.295113
10.85,3.295269
10.855,3.295434
10.86,3.295614
10.865,3.295785
10.87,3.295961
10.875,3.296144
10.88,3.296319
10.885,3.296506
10.89,3.296706
10.895,3.296931
10.9,3.297184
10.905,3.297477
10.91,3.297802
10.915,3.298109
10.92,3.298357
10.925,3.298566
10.93,3.298744
10.935,3.298881
10.94,3.298974
10.945,3.299062
10.95,3.299173
10.955,3.299293
10.96,3.299398
10.965,3.299474
10.97,3.299517
10.975,3.299533
10.98,3.29953
10.985,3.29952
10.99,3.299508
10.995,3.299499
11,3.299515
11.005,3.299592
11.01,3.299711
11.015,3.299837
11.02,3.29994
11.025,3.300006
11.03,3.300037
11.035,3.300041
11.04,3.300031
11.045,3.300016
11.05,3.300004
11.055,3.299996
11.06,3.299993
11.065,3.299993
11.07,3.299995
11.075,3.299998
11.08,3.3
11.085,3.300001
11.09,3.300001
11.095,3.300001
11.1,3.300001
11.105,3.3
11.11,3.3
11.115,3.3
11.12,3.3
11.125,3.3
11.13,3.3
11.135,3.3
11.14,3.3
11.145,3.3
11.15,3.3
11.155,3.3
11.16,3.3
11.165,3.3
11.17,3.300028
11.175,3.300113
11.18,3.300234
11.185,3.300356
11.19,3.300452
11.195,3.300512
11.2,3.300538
11.205,3.30054
11.21,3.300561
11.215,3.300635
11.22,3.300746
11.225,3.30086
11.23,3.300981
11.235,3.301126
11.24,3.301273
11.245,3.3014
11.25,3.301528
11.255,3.301672
11.26,3.30181
11.265,3.301921
11.27,3.302021
11.275,3.302142
11.28,3.302271
11.285,3.302386
11.29,3.302472
11.295,3.302562
11.3,3.302679
11.305,3.302802
11.31,3.30291
11.315,3.303025
11.32,3.303162
11.325,3.303299
11.33,3.303421
11.335,3.303556
11.34,3.303704
11.345,3.303872
11.35,3.304065
11.355,3.304251
11.36,3.304422
11.365,3.304598
11.37,3.304763
11.375,3.304904
11.38,3.30505
11.385,3.305203
11.39,3.305341
11.395,3.305445
11.4,3.305508
11.405,3.305535
11.41,3.30555
11.415,3.305607
11.42,3.305706
11.425,3.30582
11.43,3.30592
11.435,3.305989
11.44,3.306026
11.445,3.306036
11.45,3.306031
11.455,3.306018
11.46,3.306022
11.465,3.306086
11.47,3.306197
11.475,3.306322
11.48,3.306427
11.485,3.306498
11.49,3.306533
11.495,3.306541
11.5,3.306532
11.505,3.306518
11.51,3.306505
11.515,3.306497
11.52,3.306493
11.525,3.306493
11.53,3.306495
11.535,3.306497
11.54,3.306499
11.545,3.306501
11.55,3.306501
11.555,3.306501
11.56,3.306501
11.565,3.3065
11.57,3.3065
11.575,3.3065
11.58,3.3065
11.585,3.3065
11.59,3.3065
11.595,3.3065
11.6,3.3065
11.605,3.3065
11.61,3.3065
11.615,3.3065
11.62,3.3065
11.625,3.3065
11.63,3.306501
11.635,3.306535
11.64,3.306626
11.645,3.306749
11.65,3.306869
11.655,3.306961
11.66,3.307017
11.665,3.307039
11.67,3.307049
11.675,3.307099
11.68,3.307196
11.685,3.30731
11.69,3.307429
11.695,3.307575
11.7,3.30773
11.705,3.307891
11.71,3.30807
11.715,3.308245
11.72,3.308388
11.725,3.308505
11.73,3.308632
11.735,3.308763
11.74,3.308879
11.745,3.308973
11.75,3.309083
11.755,3.309213
11.76,3.309338
11.765,3.309437
11.77,3.309519
11.775,3.309622
11.78,3.309744
11.785,3.30986
11.79,3.30995
11.795,3.310016
11.8,3.310103
11.805,3.310217
11.81,3.310333
11.815,3.31043
11.82,3.310495
11.825,3.310553
11.83,3.310645
11.835,3.310759
11.84,3.310869
11.845,3.310955
11.85,3.311022
11.855,3.311113
11.86,3.311229
11.865,3.311345
11.87,3.311439
11.875,3.3115
11.88,3.311559
11.885,3.311651
11.89,3.311765
11.895,3.311874
11.9,3.31196
11.905,3.312051
11.91,3.312167
11.915,3.312292
11.92,3.312401
11.925,3.312478
11.93,3.312536
11.935,3.312621
11.94,3.312732
11.945,3.312845
11.95,3.312938
11.955,3.312999
11.96,3.313059
11.965,3.313153
11.97,3.313268
11.975,3.313377
11.98,3.31346
11.985,3.313511
11.99,3.313532
11.995,3.313533
12,3.313523
12.005,3.313511
12.01,3.313501
12.015,3.313495
12.02,3.313494
12.025,3.313494
12.03,3.313496
12.035,3.313498
12.04,3.3135
12.045,3.313501
12.05,3.313501
12.055,3.313501
12.06,3.3135
12.065,3.3135
12.07,3.3135
12.075,3.3135
12.08,3.3135
12.085,3.3135
12.09,3.3135
12.095,3.3135
12.1,3.3135
12.105,3.3135
12.11,3.3135
12.115,3.3135
12.12,3.3135
12.125,3.3135
12.13,3.3135
12.135,3.3135
12.14,3.3135
12.145,3.3135
12.15,3.3135
12.155,3.31352
12.16,3.313596
12.165,3.313713
12.17,3.313837
12.175,3.313939
12.18,3.314005
12.185,3.314035
12.19,3.31404
12.195,3.31403
12.2,3.314016
12.205,3.314004
12.21,3.313996
12.215,3.313993
12.22,3.313998
12.225,3.314051
12.23,3.314157
12.235,3.314284
12.24,3.314399
12.245,3.314482
12.25,3.314551
12.255,3.314647
12.26,3.314762
12.265,3.314897
12.27,3.315064
12.275,3.315236
12.28,3.315388
12.285,3.315543
12.29,3.315702
12.295,3.315845
12.3,3.315991
12.305,3.31615
12.31,3.3163
12.315,3.316424
12.32,3.31655
12.325,3.31669
12.33,3.316822
12.335,3.316928
12.34,3.316996
12.345,3.31705
12.35,3.317134
12.355,3.317244
12.36,3.317355
12.365,3.317444
12.37,3.317517
12.375,3.317615
12.38,3.317734
12.385,3.317851
12.39,3.317944
12.395,3.318025
12.4,3.318132
12.405,3.318255
12.41,3.31837
12.415,3.318457
12.42,3.31851
12.425,3.318532
12.43,3.318533
12.435,3.318524
12.44,3.318511
12.445,3.318501
12.45,3.318495
12.455,3.318493
12.46,3.318494
12.465,3.318498
12.47,3.318535
12.475,3.318628
12.48,3.318752
12.485,3.318872
12.49,3.318963
12.495,3.319018
12.5,3.319039
12.505,3.319038
12.51,3.319026
12.515,3.319012
12.52,3.319001
12.525,3.318994
12.53,3.318993
12.535,3.318994
12.54,3.318996
12.545,3.318998
12.55,3.319
12.555,3.319001
12.56,3.319001
12.565,3.319001
12.57,3.319001
12.575,3.319
12.58,3.319
12.585,3.319
12.59,3.319
12.595,3.319
12.6,3.31903
12.605,3.319117
12.61,3.319239
12.615,3.31936
12.62,3.319455
12.625,3.319513
12.63,3.319538
12.635,3.319551
12.64,3.319604
12.645,3.319702
12.65,3.319815
12.655,3.319932
12.66,3.320073
12.665,3.320226
12.67,3.320362
12.675,3.320484
12.68,3.320621
12.685,3.320761
12.69,3.320885
12.695,3.32101
12.7,3.321154
12.705,3.321295
12.71,3.321411
12.715,3.321498
12.72,3.321599
12.725,3.321719
12.73,3.321838
12.735,3.321947
12.74,3.322077
12.745,3.322221
12.75,3.322352
12.755,3.322452
12.76,3.322524
12.765,3.322616
12.77,3.322731
12.775,3.322845
12.78,3.322938
12.785,3.323026
12.79,3.32314
12.795,3.323267
12.8,3.323382
12.805,3.323475
12.81,3.323583
12.815,3.32371
12.82,3.323835
12.825,3.323934
12.83,3.323999
12.835,3.324029
12.84,3.324035
12.845,3.324027
12.85,3.324015
12.855,3.324004
12.86,3.323996
12.865,3.323993
12.87,3.323994
12.875,3.323996
12.88,3.323998
12.885,3.324
12.89,3.324007
12.895,3.324061
12.9,3.324167
12.905,3.324292
12.91,3.324404
12.915,3.324484
12.92,3.324527
12.925,3.32454
12.93,3.324535
12.935,3.324521
12.94,3.324508
12.945,3.324498
12.95,3.324494
12.955,3.324493
12.96,3.324494
12.965,3.324497
12.97,3.324499
12.975,3.3245
12.98,3.324501
12.985,3.324501
12.99,3.324501
12.995,3.3245
13,3.3245
13.005,3.3245
13.01,3.3245
13.015,3.3245
13.02,3.3245
13.025,3.3245
13.03,3.3245
13.035,3.3245
13.04,3.3245
13.045,3.3245
13.05,3.3245
13.055,3.3245
13.06,3.3245
13.065,3.3245
13.07,3.3245
13.075,3.3245
13.08,3.3245
13.085,3.324505
13.09,3.324554
13.095,3.324656
13.1,3.324782
13.105,3.324896
13.11,3.324979
13.115,3.325025
13.12,3.32504
13.125,3.325036
13.13,3.325023
13.135,3.325009
13.14,3.325008
13.145,3.325064
13.15,3.325173
13.155,3.325301
13.16,3.325419
13.165,3.325552
13.17,3.325699
13.175,3.32586
13.18,3.326045
13.185,3.32623
13.19,3.326386
13.195,3.326539
13.2,3.326695
13.205,3.326835
13.21,3.326947
13.215,3.327067
13.22,3.327202
13.225,3.327331
13.23,3.327433
13.235,3.327513
13.24,3.327614
13.245,3.327734
13.25,3.327851
13.255,3.327965
13.26,3.328102
13.265,3.328248
13.27,3.328376
13.275,3.32849
13.28,3.328622
13.285,3.32876
13.29,3.32888
13.295,3.328967
13.3,3.329017
13.305,3.329036
13.31,3.329034
13.315,3.329022
13.32,3.329009
13.325,3.328999
13.33,3.328994
13.335,3.328993
13.34,3.328994
13.345,3.328997
13.35,3.329
13.355,3.329039
13.36,3.329134
13.365,3.329258
13.37,3.329376
13.375,3.329466
13.38,3.329519
13.385,3.329539
13.39,3.329538
13.395,3.329525
13.4,3.329511
13.405,3.3295
13.41,3.329494
13.415,3.329493
13.42,3.329494
13.425,3.329496
13.43,3.329499
13.435,3.3295
13.44,3.329501
13.445,3.329501
13.45,3.329501
13.455,3.329501
13.46,3.3295
13.465,3.3295
13.47,3.3295
13.475,3.3295
13.48,3.3295
13.485,3.3295
13.49,3.329504
13.495,3.329552
13.5,3.329654
13.505,3.329779
13.51,3.329894
13.515,3.329978
13.52,3.330025
13.525,3.33004
13.53,3.330046
13.535,3.330094
13.54,3.33019
13.545,3.330305
13.55,3.33041
13.555,3.33051
13.56,3.330633
13.565,3.330766
13.57,3.330884
13.575,3.33098
13.58,3.331092
13.585,3.331221
13.59,3.331345
13.595,3.331442
13.6,3.331525
13.605,3.331633
13.61,3.331756
13.615,3.331871
13.62,3.331958
13.625,3.332025
13.63,3.332118
13.635,3.332234
13.64,3.332349
13.645,3.332441
13.65,3.332501
13.655,3.332537
13.66,3.332599
13.665,3.332699
13.67,3.332813
13.675,3.332913
13.68,3.332984
13.685,3.333023
13.69,3.333043
13.695,3.333098
13.7,3.333195
13.705,3.333308
13.71,3.33341
13.715,3.333483
13.72,3.333523
13.725,3.333536
13.73,3.333531
13.735,3.333541
13.74,3.333607
13.745,3.333717
13.75,3.333836
13.755,3.333936
13.76,3.334001
13.765,3.334033
13.77,3.334059
13.775,3.334126
13.78,3.33423
13.785,3.334342
13.79,3.334435
13.795,3.334498
13.8,3.334529
13.805,3.334535
13.81,3.334528
13.815,3.334516
13.82,3.334504
13.825,3.334497
13.83,3.334494
13.835,3.334494
13.84,3.334496
13.845,3.334498
13.85,3.3345
13.855,3.334501
13.86,3.334501
13.865,3.334501
13.87,3.334501
13.875,3.3345
13.88,3.3345
13.885,3.3345
13.89,3.3345
13.895,3.3345
13.9,3.3345
13.905,3.3345
13.91,3.3345
13.915,3.3345
13.92,3.3345
13.925,3.3345
13.93,3.3345
13.935,3.3345
13.94,3.3345
13.945,3.3345
13.95,3.3345
13.955,3.334526
13.96,3.334608
13.965,3.334729
13.97,3.334851
13.975,3.334949
13.98,3.33501
13.985,3.335037
13.99,3.335039
13.995,3.335029
14,3.335014
14.005,3.335002
14.01,3.334995
14.015,3.334993
14.02,3.334993
14.025,3.334996
14.03,3.335002
14.035,3.335049
14.04,3.33515
14.045,3.335275
14.05,3.335391
14.055,3.335476
14.06,3.33555
14.065,3.335651
14.07,3.335768
14.075,3.335877
14.08,3.335985
14.085,3.336116
14.09,3.336257
14.095,3.336381
14.1,3.336474
14.105,3.336571
14.11,3.336689
14.115,3.336812
14.12,3.336915
14.125,3.336991
14.13,3.33708
14.135,3.337195
14.14,3.337316
14.145,3.337418
14.15,3.337493
14.155,3.33758
14.16,3.337693
14.165,3.337813
14.17,3.337916
14.175,3.338
14.18,3.338105
14.185,3.33823
14.19,3.33835
14.195,3.338444
14.2,3.338504
14.205,3.338531
14.21,3.338535
14.215,3.338528
14.22,3.338557
14.225,3.338642
14.23,3.33876
14.235,3.338875
14.24,3.338964
14.245,3.339017
14.25,3.339038
14.255,3.339037
14.26,3.339026
14.265,3.339012
14.27,3.339001
14.275,3.338995
14.28,3.338993
14.285,3.338994
14.29,3.338996
14.295,3.338998
14.3,3.339
14.305,3.339001
14.31,3.339001
14.315,3.339001
14.32,3.339001
14.325,3.339
14.33,3.339
14.335,3.339
14.34,3.339
14.345,3.339
14.35,3.339
14.355,3.339
14.36,3.339
14.365,3.339
14.37,3.339
14.375,3.339
14.38,3.339
14.385,3.339
14.39,3.33901
14.395,3.339071
14.4,3.339181
14.405,3.339306
14.41,3.339416
14.415,3.339491
14.42,3.33953
14.425,3.339541
14.43,3.339534
14.435,3.33952
14.44,3.339507
14.445,3.339497
14.45,3.339493
14.455,3.339493
14.46,3.339495
14.465,3.339497
14.47,3.339523
14.475,3.339605
14.48,3.339725
14.485,3.339848
14.49,3.339947
14.495,3.340044
14.5,3.340163
14.505,3.340289
14.51,3.340398
14.515,3.340479
14.52,3.340568
14.525,3.340683
14.53,3.340805
14.535,3.34091
14.54,3.340997
14.545,3.341106
14.55,3.341233
14.555,3.341353
14.56,3.341447
14.565,3.341515
14.57,3.341602
14.575,3.341716
14.58,3.341832
14.585,3.341929
14.59,3.341993
14.595,3.342039
14.6,3.342114
14.605,3.342221
14.61,3.342334
14.615,3.34243
14.62,3.342499
14.625,3.342582
14.63,3.342693
14.635,3.342812
14.64,3.342914
14.645,3.342985
14.65,3.34304
14.655,3.343124
14.66,3.343235
14.665,3.343348
14.67,3.34344
14.675,3.343504
14.68,3.343579
14.685,3.343686
14.69,3.343803
14.695,3.343906
14.7,3.34398
14.705,3.344021
14.71,3.344034
14.715,3.34403
14.72,3.344019
14.725,3.344007
14.73,3.343999
14.735,3.343994
14.74,3.344002
14.745,3.34406
14.75,3.344171
14.755,3.344298
14.76,3.34441
14.765,3.344489
14.77,3.34453
14.775,3.344541
14.78,3.344535
14.785,3.344521
14.79,3.344507
14.795,3.344498
14.8,3.344493
14.805,3.344493
14.81,3.344494
14.815,3.344497
14.82,3.344499
14.825,3.344501
14.83,3.344501
14.835,3.344501
14.84,3.344501
14.845,3.3445
14.85,3.3445
14.855,3.3445
14.86,3.3445
14.865,3.3445
14.87,3.3445
14.875,3.3445
14.88,3.3445
14.885,3.3445
14.89,3.3445
14.895,3.3445
14.9,3.3445
14.905,3.3445
14.91,3.3445
14.915,3.3445
14.92,3.3445
14.925,3.344522
14.93,3.3446
14.935,3.344718
14.94,3.344842
14.945,3.344942
14.95,3.345007
14.955,3.345036
14.96,3.34504
14.965,3.34503
14.97,3.345016
14.975,3.345003
14.98,3.345004
14.985,3.34506
14.99,3.345169
14.995,3.345297
15,3.34541
15.005,3.345489
15.01,3.345553
15.015,3.345644
15.02,3.345756
15.025,3.345865
15.03,3.345952
15.035,3.346033
15.04,3.346142
15.045,3.346266
15.05,3.34638
15.055,3.346464
15.06,3.346514
15.065,3.346534
15.07,3.346534
15.075,3.346551
15.08,3.346623
15.085,3.346734
15.09,3.346851
15.095,3.346945
15.1,3.347006
15.105,3.347034
15.11,3.347038
15.115,3.347037
15.12,3.347084
15.125,3.347181
15.13,3.3473
15.135,3.347407
15.14,3.347484
15.145,3.347526
15.15,3.347539
15.155,3.347534
15.16,3.347529
15.165,3.347575
15.17,3.347674
15.175,3.347795
15.18,3.347905
15.185,3.347983
15.19,3.348026
15.195,3.34804
15.2,3.348035
15.205,3.348021
15.21,3.348008
15.215,3.348004
15.22,3.348052
15.225,3.348157
15.23,3.348284
15.235,3.348399
15.24,3.348482
15.245,3.348527
15.25,3.348542
15.255,3.348536
15.26,3.348523
15.265,3.348509
15.27,3.348498
15.275,3.348493
15.28,3.348493
15.285,3.348494
15.29,3.348497
15.295,3.348499
15.3,3.3485
15.305,3.348501
15.31,3.348501
15.315,3.348501
15.32,3.3485
15.325,3.3485
15.33,3.3485
15.335,3.3485
15.34,3.3485
15.345,3.3485
15.35,3.3485
15.355,3.348504
15.36,3.348551
15.365,3.348652
15.37,3.348777
15.375,3.348892
15.38,3.348976
15.385,3.349024
15.39,3.34904
15.395,3.349036
15.4,3.349023
15.405,3.349009
15.41,3.348999
15.415,3.348994
15.42,3.348993
15.425,3.348994
15.43,3.348997
15.435,3.348999
15.44,3.349
15.445,3.349001
15.45,3.349001
15.455,3.349001
15.46,3.349
15.465,3.349
15.47,3.349
15.475,3.349029
15.48,3.349115
15.485,3.349236
15.49,3.349358
15.495,3.349453
15.5,3.349513
15.505,3.349538
15.51,3.349539
15.515,3.349528
15.52,3.349514
15.525,3.349503
15.53,3.349531
15.535,3.349621
15.54,3.349745
15.545,3.349867
15.55,3.349961
15.555,3.350019
15.56,3.350078
15.565,3.35017
15.57,3.350281
15.575,3.350386
15.58,3.350465
15.585,3.350513
15.59,3.350566
15.595,3.350655
15.6,3.350768
15.605,3.350877
15.61,3.35096
15.615,3.351025
15.62,3.351114
15.625,3.351229
15.63,3.351344
15.635,3.351438
15.64,3.351499
15.645,3.351559
15.65,3.351651
15.655,3.351765
15.66,3.351875
15.665,3.351963
15.67,3.352062
15.675,3.352186
15.68,3.352312
15.685,3.352429
15.69,3.352565
15.695,3.352714
15.7,3.35285
15.705,3.352951
15.71,3.353012
15.715,3.353037
15.72,3.353038
15.725,3.353027
15.73,3.353012
15.735,3.353001
15.74,3.352994
15.745,3.352992
15.75,3.352993
15.755,3.352996
15.76,3.352998
15.765,3.353
15.77,3.353001
15.775,3.353001
15.78,3.353001
15.785,3.353001
15.79,3.353001
15.795,3.353029
15.8,3.353115
15.805,3.353236
15.81,3.353358
15.815,3.353453
15.82,3.353513
15.825,3.353538
15.83,3.353539
15.835,3.353528
15.84,3.353514
15.845,3.353502
15.85,3.353495
15.855,3.353493
15.86,3.353493
15.865,3.353496
15.87,3.353498
15.875,3.3535
15.88,3.353501
15.885,3.353501
15.89,3.353501
15.895,3.353501
15.9,3.3535
15.905,3.3535
15.91,3.3535
15.915,3.3535
15.92,3.3535
15.925,3.3535
15.93,3.3535
15.935,3.3535
15.94,3.3535
15.945,3.3535
15.95,3.3535
15.955,3.3535
15.96,3.3535
15.965,3.3535
15.97,3.3535
15.975,3.3535
15.98,3.3535
15.985,3.3535
15.99,3.3535
15.995,3.3535
16,3.3535
16.005,3.353508
16.01,3.353565
16.015,3.353673
16.02,3.353799
16.025,3.35391
16.03,3.353988
16.035,3.354039
16.04,3.354113
16.045,3.354218
16.05,3.35433
16.055,3.354425
16.06,3.354515
16.065,3.35463
16.07,3.35476
16.075,3.35488
16.08,3.355011
16.085,3.355161
16.09,3.355306
16.095,3.355422
16.1,3.355499
16.105,3.355573
16.11,3.355675
16.115,3.355791
16.12,3.355895
16.125,3.355972
16.13,3.356044
16.135,3.356147
16.14,3.356267
16.145,3.356378
16.15,3.356462
16.155,3.356512
16.16,3.356533
16.165,3.356546
16.17,3.356603
16.175,3.356704
16.18,3.356819
16.185,3.35692
16.19,3.35699
16.195,3.357027
16.2,3.357053
16.205,3.357119
16.21,3.357222
16.215,3.357334
16.22,3.35743
16.225,3.357495
16.23,3.357532
16.235,3.357589
16.24,3.357685
16.245,3.357798
16.25,3.357901
16.255,3.357976
16.26,3.358019
16.265,3.358034
16.27,3.358031
16.275,3.35802
16.28,3.358008
16.285,3.357999
16.29,3.357995
16.295,3.357994
16.3,3.357995
16.305,3.358024
16.31,3.358109
16.315,3.358231
16.32,3.358354
16.325,3.358451
16.33,3.358512
16.335,3.358538
16.34,3.358539
16.345,3.358528
16.35,3.358514
16.355,3.358502
16.36,3.358495
16.365,3.358493
16.37,3.358493
16.375,3.358496
16.38,3.358498
16.385,3.3585
16.39,3.358501
16.395,3.358501
16.4,3.358501
16.405,3.358501
16.41,3.3585
16.415,3.3585
16.42,3.3585
16.425,3.3585
16.43,3.3585
16.435,3.3585
16.44,3.3585
16.445,3.3585
16.45,3.3585
16.455,3.3585
16.46,3.3585
16.465,3.3585
16.47,3.3585
16.475,3.358501
16.48,3.358535
16.485,3.358626
16.49,3.358749
16.495,3.358869
16.5,3.358961
16.505,3.359017
16.51,3.359039
16.515,3.359038
16.52,3.359026
16.525,3.359012
16.53,3.359001
16.535,3.358995
16.54,3.358993
16.545,3.358994
16.55,3.358996
16.555,3.358998
16.56,3.359
16.565,3.359001
16.57,3.359002
16.575,3.359035
16.58,3.359124
16.585,3.359247
16.59,3.359367
16.595,3.359459
16.6,3.359516
16.605,3.359539
16.61,3.359538
16.615,3.359527
16.62,3.359513
16.625,3.359501
16.63,3.359495
16.635,3.359502
16.64,3.359563
16.645,3.359674
16.65,3.359802
16.655,3.359914
16.66,3.359991
16.665,3.360031
16.67,3.360042
16.675,3.360034
16.68,3.36002
16.685,3.360007
16.69,3.359997
16.695,3.359993
16.7,3.360001
16.705,3.360062
16.71,3.360173
16.715,3.360301
16.72,3.360412
16.725,3.36049
16.73,3.360531
16.735,3.360542
16.74,3.360535
16.745,3.36052
16.75,3.360507
16.755,3.360497
16.76,3.360493
16.765,3.360493
16.77,3.360495
16.775,3.36051
16.78,3.360579
16.785,3.360694
16.79,3.36082
16.795,3.360926
16.8,3.360997
16.805,3.361033
16.81,3.361041
16.815,3.361032
16.82,3.361018
16.825,3.361005
16.83,3.360997
16.835,3.360993
16.84,3.360993
16.845,3.360995
16.85,3.361025
16.855,3.361112
16.86,3.361234
16.865,3.361357
16.87,3.361453
16.875,3.361512
16.88,3.361538
16.885,3.361539
16.89,3.361528
16.895,3.361514
16.9,3.361502
16.905,3.361495
16.91,3.361493
16.915,3.361494
16.92,3.36153
16.925,3.361622
16.93,3.361746
16.935,3.361868
16.94,3.361961
16.945,3.362017
16.95,3.362039
16.955,3.362039
16.96,3.362027
16.965,3.362012
16.97,3.362001
16.975,3.361995
16.98,3.361993
16.985,3.362024
16.99,3.362113
16.995,3.362237
17,3.36236
17.005,3.362456
17.01,3.362515
17.015,3.362539
17.02,3.36254
17.025,3.362528
17.03,3.362513
17.035,3.362502
17.04,3.362495
17.045,3.362493
17.05,3.362493
17.055,3.362503
17.06,3.36256
17.065,3.362668
17.07,3.362795
17.075,3.362907
17.08,3.362986
17.085,3.363028
17.09,3.363041
17.095,3.363035
17.1,3.363021
17.105,3.363008
17.11,3.362998
17.115,3.362993
17.12,3.362993
17.125,3.362994
17.13,3.362998
17.135,3.363031
17.14,3.36312
17.145,3.363242
17.15,3.363363
17.155,3.363457
17.16,3.363515
17.165,3.363538
17.17,3.363539
17.175,3.363527
17.18,3.363513
17.185,3.363501
17.19,3.363495
17.195,3.363493
17.2,3.363494
17.205,3.363496
17.21,3.363502
17.215,3.363549
17.22,3.36365
17.225,3.363775
17.23,3.363891
17.235,3.363976
17.24,3.364024
17.245,3.36404
17.25,3.364036
17.255,3.364023
17.26,3.36401
17.265,3.363999
17.27,3.363995
17.275,3.364032
17.28,3.364127
17.285,3.364253
17.29,3.364374
17.295,3.364466
17.3,3.36452
17.305,3.36454
17.31,3.364539
17.315,3.364526
17.32,3.364512
17.325,3.3645
17.33,3.364494
17.335,3.364503
17.34,3.364568
17.345,3.364682
17.35,3.36481
17.355,3.36492
17.36,3.364994
17.365,3.365032
17.37,3.365042
17.375,3.365034
17.38,3.365019
17.385,3.365006
17.39,3.364997
17.395,3.364993
17.4,3.365019
17.405,3.365103
17.41,3.365226
17.415,3.36535
17.42,3.365449
17.425,3.365511
17.43,3.365538
17.435,3.36554
17.44,3.365529
17.445,3.365514
17.45,3.365502
17.455,3.365495
17.46,3.365493
17.465,3.365493
17.47,3.365497
17.475,3.365537
17.48,3.365633
17.485,3.365757
17.49,3.365877
17.495,3.365966
17.5,3.366019
17.505,3.36604
17.51,3.366038
17.515,3.366025
17.52,3.366011
17.525,3.366
17.53,3.365994
17.535,3.365993
17.54,3.365994
17.545,3.365996
17.55,3.365999
17.555,3.366004
17.56,3.366052
17.565,3.366153
17.57,3.366278
17.575,3.366393
17.58,3.366477
17.585,3.366524
17.59,3.36654
17.595,3.366536
17.6,3.366523
17.605,3.366509
17.61,3.366499
17.615,3.366494
17.62,3.366493
17.625,3.366494
17.63,3.366497
17.635,3.366499
17.64,3.3665
17.645,3.366516
17.65,3.366585
17.655,3.366699
17.66,3.366824
17.665,3.366929
17.67,3.366999
17.675,3.367033
17.68,3.36704
17.685,3.367032
17.69,3.367018
17.695,3.367005
17.7,3.366997
17.705,3.366993
17.71,3.366993
17.715,3.366995
17.72,3.367017
17.725,3.367095
17.73,3.367214
17.735,3.367339
17.74,3.36744
17.745,3.367505
17.75,3.367536
17.755,3.36754
17.76,3.36753
17.765,3.367516
17.77,3.367504
17.775,3.367496
17.78,3.367493
17.785,3.367493
17.79,3.367495
17.795,3.367498
17.8,3.367513
17.805,3.367583
17.81,3.367697
17.815,3.367822
17.82,3.367927
17.825,3.367998
17.83,3.368033
17.835,3.36804
17.84,3.368032
17.845,3.368018
17.85,3.368005
17.855,3.367997
17.86,3.367993
17.865,3.367993
17.87,3.367995
17.875,3.368025
17.88,3.368112
17.885,3.368234
17.89,3.368357
17.895,3.368453
17.9,3.368512
17.905,3.368538
17.91,3.368539
17.915,3.368528
17.92,3.368514
17.925,3.368502
17.93,3.368495
17.935,3.368493
17.94,3.368494
17.945,3.36852
17.95,3.368604
17.955,3.368726
17.96,3.36885
17.965,3.368948
17.97,3.36901
17.975,3.369037
17.98,3.36904
17.985,3.369029
17.99,3.369015
17.995,3.369002
18,3.368995
18.005,3.368993
18.01,3.368993
18.015,3.368996
18.02,3.369006
18.025,3.369065
18.03,3.369174
18.035,3.3693
18.04,3.369411
18.045,3.369488
18.05,3.369529
18.055,3.369541
18.06,3.369534
18.065,3.369521
18.07,3.369507
18.075,3.369498
18.08,3.369498
18.085,3.369545
18.09,3.369649
18.095,3.369776
18.1,3.369893
18.105,3.369978
18.11,3.370026
18.115,3.370041
18.12,3.370037
18.125,3.370036
18.13,3.370087
18.135,3.37019
18.14,3.37031
18.145,3.370416
18.15,3.37049
18.155,3.370529
18.16,3.37054
18.165,3.370555
18.17,3.37062
18.175,3.370725
18.18,3.37084
18.185,3.370936
18.19,3.371
18.195,3.371063
18.2,3.371159
18.205,3.371273
18.21,3.371381
18.215,3.371462
18.22,3.371512
18.225,3.371532
18.23,3.371532
18.235,3.371523
18.24,3.371511
18.245,3.371501
18.25,3.371495
18.255,3.371494
18.26,3.371495
18.265,3.371497
18.27,3.371499
18.275,3.3715
18.28,3.371501
18.285,3.371501
18.29,3.371501
18.295,3.3715
18.3,3.3715
18.305,3.371501
18.31,3.371533
18.315,3.371621
18.32,3.371744
18.325,3.371864
18.33,3.371958
18.335,3.372015
18.34,3.372038
18.345,3.372039
18.35,3.372027
18.355,3.372013
18.36,3.372001
18.365,3.371995
18.37,3.371993
18.375,3.371994
18.38,3.371996
18.385,3.371998
18.39,3.372
18.395,3.372001
18.4,3.372001
18.405,3.372001
18.41,3.372001
18.415,3.372
18.42,3.372
18.425,3.372002
18.43,3.37204
18.435,3.372135
18.44,3.372259
18.445,3.372378
18.45,3.372467
18.455,3.372519
18.46,3.37254
18.465,3.372538
18.47,3.372525
18.475,3.372511
18.48,3.3725
18.485,3.372494
18.49,3.372493
18.495,3.372494
18.5,3.372496
18.505,3.372499
18.51,3.3725
18.515,3.372501
18.52,3.372501
18.525,3.372501
18.53,3.372501
18.535,3.3725
18.54,3.372527
18.545,3.37261
18.55,3.372731
18.555,3.372853
18.56,3.37295
18.565,3.373011
18.57,3.373037
18.575,3.373039
18.58,3.373029
18.585,3.373014
18.59,3.373002
18.595,3.372995
18.6,3.372993
18.605,3.372993
18.61,3.372996
18.615,3.373016
18.62,3.373092
18.625,3.373209
18.63,3.373334
18.635,3.373436
18.64,3.373503
18.645,3.373535
18.65,3.37354
18.655,3.373531
18.66,3.373516
18.665,3.373504
18.67,3.373496
18.675,3.373493
18.68,3.373493
18.685,3.37351
18.69,3.373582
18.695,3.373698
18.7,3.373824
18.705,3.37393
18.71,3.374
18.715,3.374034
18.72,3.374041
18.725,3.374032
18.73,3.374018
18.735,3.374005
18.74,3.373996
18.745,3.373993
18.75,3.373993
18.755,3.374
18.76,3.374053
18.765,3.374158
18.77,3.374285
18.775,3.374399
18.78,3.374481
18.785,3.374526
18.79,3.374541
18.795,3.374536
18.8,3.374522
18.805,3.374508
18.81,3.374499
18.815,3.374494
18.82,3.374493
18.825,3.374494
18.83,3.374511
18.835,3.374581
18.84,3.374696
18.845,3.374822
18.85,3.374928
18.855,3.374999
18.86,3.375033
18.865,3.375041
18.87,3.375032
18.875,3.375018
18.88,3.375005
18.885,3.374997
18.89,3.374993
18.895,3.374993
18.9,3.374996
18.905,3.375028
18.91,3.375117
18.915,3.37524
18.92,3.375361
18.925,3.375456
18.93,3.375514
18.935,3.375538
18.94,3.375539
18.945,3.375527
18.95,3.375513
18.955,3.375502
18.96,3.375495
18.965,3.375493
18.97,3.375495
18.975,3.375535
18.98,3.375631
18.985,3.375757
18.99,3.375876
18.995,3.375967
19,3.37602
19.005,3.37604
19.01,3.376038
19.015,3.376026
19.02,3.376011
19.025,3.376
19.03,3.375994
19.035,3.375993
19.04,3.376
19.045,3.376057
19.05,3.376165
19.055,3.376292
19.06,3.376405
19.065,3.376485
19.07,3.376528
19.075,3.376541
19.08,3.376535
19.085,3.376522
19.09,3.376508
19.095,3.376498
19.1,3.376493
19.105,3.376493
19.11,3.376494
19.115,3.376508
19.12,3.376575
19.125,3.376689
19.13,3.376815
19.135,3.376922
19.14,3.376995
19.145,3.377032
19.15,3.377041
19.155,3.377033
19.16,3.377019
19.165,3.377006
19.17,3.376997
19.175,3.376993
19.18,3.376993
19.185,3.376995
19.19,3.376997
19.195,3.377003
19.2,3.37705
19.205,3.37715
19.21,3.377275
19.215,3.377391
19.22,3.377475
19.225,3.377523
19.23,3.37754
19.235,3.377536
19.24,3.377523
19.245,3.37751
19.25,3.377499
19.255,3.377494
19.26,3.377493
19.265,3.377524
19.27,3.377614
19.275,3.377738
19.28,3.37786
19.285,3.377956
19.29,3.378015
19.295,3.378039
19.3,3.378039
19.305,3.378028
19.31,3.378013
19.315,3.378002
19.32,3.377995
19.325,3.377993
19.33,3.377993
19.335,3.377996
19.34,3.377998
19.345,3.378023
19.35,3.378103
19.355,3.378222
19.36,3.378345
19.365,3.378444
19.37,3.378508
19.375,3.378536
19.38,3.37854
19.385,3.378529
19.39,3.378515
19.395,3.378503
19.4,3.378496
19.405,3.378493
19.41,3.378493
19.415,3.378505
19.42,3.378569
19.425,3.378681
19.43,3.378807
19.435,3.378917
19.44,3.378992
19.445,3.379031
19.45,3.379041
19.455,3.379034
19.46,3.37902
19.465,3.379006
19.47,3.378997
19.475,3.378993
19.48,3.378993
19.485,3.378995
19.49,3.378999
19.495,3.379041
19.5,3.379138
19.505,3.379263
19.51,3.379381
19.515,3.379469
19.52,3.37952
19.525,3.37954
19.53,3.379537
19.535,3.379525
19.54,3.379511
19.545,3.3795
19.55,3.379494
19.555,3.379493
19.56,3.379494
19.565,3.379508
19.57,3.379575
19.575,3.379688
19.58,3.379815
19.585,3.379922
19.59,3.379995
19.595,3.380032
19.6,3.380041
19.605,3.380033
19.61,3.380019
19.615,3.380006
19.62,3.379997
19.625,3.379993
19.63,3.379993
19.635,3.379995
19.64,3.380023
19.645,3.380108
19.65,3.380229
19.655,3.380352
19.66,3.38045
19.665,3.380511
19.67,3.380537
19.675,3.38054
19.68,3.380529
19.685,3.380514
19.69,3.380502
19.695,3.380495
19.7,3.380493
19.705,3.380493
19.71,3.380498
19.715,3.380541
19.72,3.38064
19.725,3.380765
19.73,3.380883
19.735,3.380971
19.74,3.381021
19.745,3.38104
19.75,3.381037
19.755,3.381025
19.76,3.38101
19.765,3.381
19.77,3.380994
19.775,3.380993
19.78,3.381004
19.785,3.381067
19.79,3.381179
19.795,3.381307
19.8,3.381417
19.805,3.381492
19.81,3.381531
19.815,3.381541
19.82,3.381534
19.825,3.38152
19.83,3.381506
19.835,3.381497
19.84,3.381508
19.845,3.381577
19.85,3.381693
19.855,3.38182
19.86,3.381928
19.865,3.381999
19.87,3.382034
19.875,3.382042
19.88,3.382033
19.885,3.382018
19.89,3.382006
19.895,3.382032
19.9,3.382119
19.905,3.382242
19.91,3.382364
19.915,3.382459
19.92,3.382516
19.925,3.38254
19.93,3.38254
19.935,3.382528
19.94,3.382513
19.945,3.382504
19.95,3.382538
19.955,3.382632
19.96,3.382758
19.965,3.382878
19.97,3.382968
19.975,3.383021
19.98,3.383041
19.985,3.383039
19.99,3.383026
19.995,3.383011
20,3.383
20.005,3.383003
20.01,3.383061
20.015,3.383172
20.02,3.3833
20.025,3.383412
20.03,3.38349
20.035,3.383531
20.04,3.383542
20.045,3.383535
20.05,3.383521
20.055,3.383507
20.06,3.383497
20.065,3.383493
20.07,3.383493
20.075,3.383509
20.08,3.383581
20.085,3.383697
20.09,3.383824
20.095,3.38393
20.1,3.384
20.105,3.384034
20.11,3.384041
20.115,3.384032
20.12,3.384018
20.125,3.384005
20.13,3.383996
20.135,3.383994
20.14,3.384029
20.145,3.384123
20.15,3.384249
20.155,3.384371
20.16,3.384463
20.165,3.384518
20.17,3.38454
20.175,3.384539
20.18,3.384527
20.185,3.384512
20.19,3.384501
20.195,3.384494
20.2,3.384492
20.205,3.384494
20.21,3.384496
20.215,3.384498
20.22,3.3845
20.225,3.384501
20.23,3.384501
20.235,3.384507
20.24,3.384559
20.245,3.384664
20.25,3.384789
20.255,3.384902
20.26,3.384983
20.265,3.385027
20.27,3.385041
20.275,3.385035
20.28,3.385022
20.285,3.385008
20.29,3.384998
20.295,3.384994
20.3,3.384993
20.305,3.384994
20.31,3.384997
20.315,3.384999
20.32,3.385
20.325,3.385001
20.33,3.385001
20.335,3.385001
20.34,3.385
20.345,3.385
20.35,3.385
20.355,3.385014
20.36,3.385082
20.365,3.385196
20.37,3.385321
20.375,3.385427
20.38,3.385498
20.385,3.385533
20.39,3.385541
20.395,3.385532
20.4,3.385518
20.405,3.385505
20.41,3.385497
20.415,3.385493
20.42,3.385493
20.425,3.385495
20.43,3.385497
20.435,3.385499
20.44,3.385501
20.445,3.385501
20.45,3.385501
20.455,3.385526
20.46,3.385609
20.465,3.385729
20.47,3.385851
20.475,3.385949
20.48,3.38601
20.485,3.386037
20.49,3.386039
20.495,3.386029
20.5,3.386014
20.505,3.386003
20.51,3.385995
20.515,3.385993
20.52,3.385993
20.525,3.38601
20.53,3.386082
20.535,3.386198
20.54,3.386324
20.545,3.38643
20.55,3.3865
20.555,3.386534
20.56,3.386541
20.565,3.386532
20.57,3.386518
20.575,3.386505
20.58,3.386496
20.585,3.386493
20.59,3.386493
20.595,3.386509
20.6,3.386579
20.605,3.386695
20.61,3.386822
20.615,3.386928
20.62,3.386999
20.625,3.387034
20.63,3.387041
20.635,3.387032
20.64,3.387018
20.645,3.387005
20.65,3.386996
20.655,3.386993
20.66,3.386993
20.665,3.386996
20.67,3.38703
20.675,3.387121
20.68,3.387245
20.685,3.387366
20.69,3.387459
20.695,3.387516
20.7,3.387539
20.705,3.387539
20.71,3.387527
20.715,3.387513
20.72,3.387501
20.725,3.387495
20.73,3.387493
20.735,3.387494
20.74,3.387501
20.745,3.387555
20.75,3.387661
20.755,3.387788
20.76,3.387901
20.765,3.387983
20.77,3.388027
20.775,3.388041
20.78,3.388035
20.785,3.388022
20.79,3.388008
20.795,3.387998
20.8,3.387994
20.805,3.388025
20.81,3.388116
20.815,3.388241
20.82,3.388364
20.825,3.388459
20.83,3.388516
20.835,3.38854
20.84,3.38854
20.845,3.388528
20.85,3.388513
20.855,3.388501
20.86,3.388495
20.865,3.388492
20.87,3.388493
20.875,3.388496
20.88,3.388517
20.885,3.388594
20.89,3.388712
20.895,3.388836
20.9,3.388938
20.905,3.389004
20.91,3.389035
20.915,3.38904
20.92,3.38903
20.925,3.389016
20.93,3.389004
20.935,3.388996
20.94,3.388993
20.945,3.388993
20.95,3.388995
20.955,3.388998
20.96,3.389012
20.965,3.389079
20.97,3.389192
20.975,3.389317
20.98,3.389424
20.985,3.389496
20.99,3.389532
20.995,3.389541
21,3.389533
21.005,3.389519
21.01,3.389506
21.015,3.389497
21.02,3.389493
21.025,3.389493
21.03,3.389495
21.035,3.389507
21.04,3.38957
21.045,3.389681
21.05,3.389808
21.055,3.389917
21.06,3.389992
21.065,3.390031
21.07,3.390041
21.075,3.390034
21.08,3.39002
21.085,3.390006
21.09,3.389997
21.095,3.389993
21.1,3.389994
21.105,3.390027
21.11,3.390119
21.115,3.390243
21.12,3.390365
21.125,3.390459
21.13,3.390516
21.135,3.390539
21.14,3.390539
21.145,3.390527
21.15,3.390513
21.155,3.390501
21.16,3.390495
21.165,3.390493
21.17,3.390494
21.175,3.390496
21.18,3.3905
21.185,3.390541
21.19,3.390636
21.195,3.39076
21.2,3.390878
21.205,3.390967
21.21,3.39102
21.215,3.391039
21.22,3.391038
21.225,3.391025
21.23,3.391011
21.235,3.391
21.24,3.390994
21.245,3.390993
21.25,3.390994
21.255,3.390996
21.26,3.390999
21.265,3.391
21.27,3.391001
21.275,3.391001
21.28,3.391002
21.285,3.391033
21.29,3.391122
21.295,3.391244
21.3,3.391364
21.305,3.391458
21.31,3.391515
21.315,3.391538
21.32,3.391539
21.325,3.391527
21.33,3.391513
21.335,3.391501
21.34,3.391495
21.345,3.391493
21.35,3.391494
21.355,3.391496
21.36,3.391498
21.365,3.3915
21.37,3.391501
21.375,3.391501
21.38,3.391501
21.385,3.391501
21.39,3.3915
21.395,3.3915
21.4,3.3915
21.405,3.3915
21.41,3.3915
21.415,3.3915
21.42,3.3915
21.425,3.3915
21.43,3.3915
21.435,3.3915
21.44,3.3915
21.445,3.3915
21.45,3.3915
21.455,3.3915
21.46,3.3915
21.465,3.3915
21.47,3.3915
21.475,3.3915
21.48,3.3915
21.485,3.3915
21.49,3.3915
21.495,3.3915
21.5,3.3915
21.505,3.3915
21.51,3.3915
21.515,3.3915
21.52,3.3915
21.525,3.3915
21.53,3.3915
21.535,3.391505
21.54,3.391557
21.545,3.391661
21.55,3.391787
21.555,3.3919
21.56,3.391982
21.565,3.392026
21.57,3.392041
21.575,3.392036
21.58,3.392022
21.585,3.392008
21.59,3.391999
21.595,3.392019
21.6,3.392101
21.605,3.392223
21.61,3.392348
21.615,3.392448
21.62,3.392511
21.625,3.392538
21.63,3.392541
21.635,3.39253
21.64,3.392515
21.645,3.392503
21.65,3.392502
21.655,3.392555
21.66,3.392662
21.665,3.39279
21.67,3.392904
21.675,3.392985
21.68,3.393029
21.685,3.393042
21.69,3.393036
21.695,3.393022
21.7,3.393008
21.705,3.392998
21.71,3.392993
21.715,3.392993
21.72,3.393011
21.725,3.393087
21.73,3.393205
21.735,3.393331
21.74,3.393435
21.745,3.393503
21.75,3.393535
21.755,3.393541
21.76,3.393531
21.765,3.393517
21.77,3.393504
21.775,3.393496
21.78,3.393493
21.785,3.393493
21.79,3.393496
21.795,3.39353
21.8,3.393621
21.805,3.393745
21.81,3.393866
21.815,3.393959
21.82,3.394016
21.825,3.394039
21.83,3.394039
21.835,3.394027
21.84,3.394013
21.845,3.394001
21.85,3.393995
21.855,3.393993
21.86,3.393994
21.865,3.394
21.87,3.394049
21.875,3.394152
21.88,3.394278
21.885,3.394393
21.89,3.394477
21.895,3.394525
21.9,3.39454
21.905,3.394536
21.91,3.394523
21.915,3.394509
21.92,3.394499
21.925,3.394494
21.93,3.394493
21.935,3.394494
21.94,3.394497
21.945,3.394499
21.95,3.3945
21.955,3.394501
21.96,3.394503
21.965,3.394541
21.97,3.394636
21.975,3.394759
21.98,3.394877
21.985,3.394967
21.99,3.395019
21.995,3.395039
22,3.395038
22.005,3.395025
22.01,3.395011
22.015,3.395
22.02,3.394994
22.025,3.394993
22.03,3.394994
22.035,3.394996
22.04,3.394999
22.045,3.395
22.05,3.395001
22.055,3.395001
22.06,3.395001
22.065,3.395001
22.07,3.395
22.075,3.395
22.08,3.395
22.085,3.395004
22.09,3.395052
22.095,3.395154
22.1,3.395279
22.105,3.395394
22.11,3.395478
22.115,3.395525
22.12,3.39554
22.125,3.395536
22.13,3.395523
22.135,3.395509
22.14,3.395499
22.145,3.395494
22.15,3.395493
22.155,3.395494
22.16,3.395497
22.165,3.395499
22.17,3.3955
22.175,3.395501
22.18,3.395501
22.185,3.395501
22.19,3.3955
22.195,3.3955
22.2,3.3955
22.205,3.3955
22.21,3.3955
22.215,3.3955
22.22,3.3955
22.225,3.3955
22.23,3.3955
22.235,3.3955
22.24,3.3955
22.245,3.3955
22.25,3.3955
22.255,3.3955
22.26,3.3955
22.265,3.3955
22.27,3.3955
22.275,3.3955
22.28,3.3955
22.285,3.3955
22.29,3.3955
22.295,3.3955
22.3,3.3955
22.305,3.395504
22.31,3.395549
22.315,3.395649
22.32,3.395774
22.325,3.39589
22.33,3.395975
22.335,3.396023
22.34,3.39604
22.345,3.396037
22.35,3.396024
22.355,3.39601
22.36,3.395999
22.365,3.395994
22.37,3.396013
22.375,3.396092
22.38,3.396212
22.385,3.396338
22.39,3.396441
22.395,3.396507
22.4,3.396537
22.405,3.396541
22.41,3.396531
22.415,3.396516
22.42,3.396503
22.425,3.396496
22.43,3.396519
22.435,3.396604
22.44,3.396726
22.445,3.396851
22.45,3.39695
22.455,3.397012
22.46,3.397039
22.465,3.39704
22.47,3.397029
22.475,3.397014
22.48,3.397002
22.485,3.396995
22.49,3.396992
22.495,3.396996
22.5,3.397043
22.505,3.397145
22.51,3.397272
22.515,3.397389
22.52,3.397475
22.525,3.397524
22.53,3.397541
22.535,3.397537
22.54,3.397524
22.545,3.39751
22.55,3.397499
22.555,3.397494
22.56,3.3975
22.565,3.397559
22.57,3.39767
22.575,3.397798
22.58,3.39791
22.585,3.397989
22.59,3.39803
22.595,3.398042
22.6,3.398035
22.605,3.398021
22.61,3.398007
22.615,3.397998
22.62,3.397993
22.625,3.397993
22.63,3.397994
22.635,3.398004
22.64,3.398061
22.645,3.398169
22.65,3.398295
22.655,3.398407
22.66,3.398486
22.665,3.398528
22.67,3.398541
22.675,3.398535
22.68,3.398521
22.685,3.398508
22.69,3.398498
22.695,3.398493
22.7,3.398493
22.705,3.398494
22.71,3.398497
22.715,3.398499
22.72,3.398501
22.725,3.398517
22.73,3.398589
22.735,3.398704
22.74,3.398828
22.745,3.398932
22.75,3.399001
22.755,3.399034
22.76,3.39904
22.765,3.399031
22.77,3.399017
22.775,3.399005
22.78,3.398996
22.785,3.398993
22.79,3.398993
22.795,3.398995
22.8,3.398998
22.805,3.399
22.81,3.399001
22.815,3.399001
22.82,3.399001
22.825,3.399012
22.83,3.399077
22.835,3.399188
22.84,3.399313
22.845,3.399421
22.85,3.399494
22.855,3.399532
22.86,3.399541
22.865,3.399533
22.87,3.399519
22.875,3.399506
22.88,3.399497
22.885,3.399493
22.89,3.399493
22.895,3.399495
22.9,3.399497
22.905,3.399499
22.91,3.399501
22.915,3.399501
22.92,3.399501
22.925,3.399501
22.93,3.3995
22.935,3.3995
22.94,3.3995
22.945,3.3995
22.95,3.3995
22.955,3.3995
22.96,3.3995
22.965,3.3995
22.97,3.3995
22.975,3.3995
22.98,3.3995
22.985,3.3995
22.99,3.3995
22.995,3.3995
23,3.3995
23.005,3.3995
23.01,3.3995
23.015,3.3995
23.02,3.399485
23.025,3.399416
23.03,3.399302
23.035,3.399177
23.04,3.399072
23.045,3.399001
23.05,3.398967
23.055,3.398959
23.06,3.398968
23.065,3.398982
23.07,3.398995
23.075,3.399003
23.08,3.399007
23.085,3.399007
23.09,3.399005
23.095,3.399003
23.1,3.399001
23.105,3.398999
23.11,3.398999
23.115,3.398999
23.12,3.398999
23.125,3.399
23.13,3.399
23.135,3.399
23.14,3.399
23.145,3.399
23.15,3.399
23.155,3.399
23.16,3.399
23.165,3.399
23.17,3.399
23.175,3.399
23.18,3.399
23.185,3.399
23.19,3.399
23.195,3.399
23.2,3.399
23.205,3.399
23.21,3.399
23.215,3.399
23.22,3.399
23.225,3.399
23.23,3.399
23.235,3.399
23.24,3.399
23.245,3.399
23.25,3.399
23.255,3.399
23.26,3.399
23.265,3.399
23.27,3.399
23.275,3.399
23.28,3.399
23.285,3.399
23.29,3.399
23.295,3.399
23.3,3.399
23.305,3.399021
23.31,3.399098
23.315,3.399216
23.32,3.39934
23.325,3.399441
23.33,3.399506
23.335,3.399536
23.34,3.39954
23.345,3.39953
23.35,3.399516
23.355,3.399503
23.36,3.399496
23.365,3.399493
23.37,3.399493
23.375,3.399495
23.38,3.399498
23.385,3.3995
23.39,3.399501
23.395,3.399501
23.4,3.399501
23.405,3.399501
23.41,3.3995
23.415,3.399501
23.42,3.399535
23.425,3.399626
23.43,3.399755
23.435,3.399929
23.44,3.400127
23.445,3.40031
23.45,3.400484
23.455,3.400665
23.46,3.400877
23.465,3.401101
23.47,3.401322
23.475,3.401546
23.48,3.401748
23.485,3.401911
23.49,3.402068
23.495,3.402223
23.5,3.402363
23.505,3.402515
23.51,3.402679
23.515,3.402831
23.52,3.40299
23.525,3.403158
23.53,3.403314
23.535,3.403466
23.54,3.403631
23.545,3.403787
23.55,3.403911
23.555,3.403992
23.56,3.404032
23.565,3.404044
23.57,3.404079
23.575,3.404163
23.58,3.404274
23.585,3.404382
23.59,3.404465
23.595,3.404515
23.6,3.404535
23.605,3.404534
23.61,3.404524
23.615,3.404511
23.62,3.404501
23.625,3.404496
23.63,3.404527
23.635,3.404618
23.64,3.404743
23.645,3.404865
23.65,3.40496
23.655,3.405017
23.66,3.40504
23.665,3.405039
23.67,3.405027
23.675,3.405013
23.68,3.405001
23.685,3.404994
23.69,3.404992
23.695,3.404993
23.7,3.404996
23.705,3.404998
23.71,3.405
23.715,3.405001
23.72,3.404995
23.725,3.404942
23.73,3.404837
23.735,3.404711
23.74,3.404598
23.745,3.404517
23.75,3.404473
23.755,3.404459
23.76,3.404465
23.765,3.404478
23.77,3.404492
23.775,3.404502
23.78,3.4045
23.785,3.404447
23.79,3.40434
23.795,3.404212
23.8,3.404097
23.805,3.404013
23.81,3.40393
23.815,3.403821
23.82,3.403702
23.825,3.403595
23.83,3.403474
23.835,3.403333
23.84,3.403193
23.845,3.40308
23.85,3.403006
23.855,3.402969
23.86,3.402961
23.865,3.402969
23.87,3.402983
23.875,3.402986
23.88,3.402933
23.885,3.402826
23.89,3.402701
23.895,3.402589
23.9,3.402511
23.905,3.40247
23.91,3.402458
23.915,3.402444
23.92,3.402379
23.925,3.402274
23.93,3.40216
23.935,3.402065
23.94,3.402001
23.945,3.40197
23.95,3.401963
23.955,3.40197
23.96,3.401947
23.965,3.401867
23.97,3.401752
23.975,3.401635
23.98,3.401544
23.985,3.401487
23.99,3.401463
23.995,3.401462
24,3.401473
24.005,3.401487
24.01,3.401498
24.015,3.401505
24.02,3.401507
24.025,3.401506
24.03,3.401504
24.035,3.401502
24.04,3.4015
24.045,3.401499
24.05,3.401499
24.055,3.401499
24.06,3.401499
24.065,3.4015
24.07,3.4015
24.075,3.4015
24.08,3.4015
24.085,3.4015
24.09,3.4015
24.095,3.401501
24.1,3.401536
24.105,3.401628
24.11,3.401751
24.115,3.401871
24.12,3.401968
24.125,3.402074
24.13,3.4022
24.135,3.402327
24.14,3.402466
24.145,3.402626
24.15,3.40279
24.155,3.402969
24.16,3.403157
24.165,3.403324
24.17,3.403446
24.175,3.40352
24.18,3.403591
24.185,3.403688
24.19,3.403798
24.195,3.403899
24.2,3.404009
24.205,3.404145
24.21,3.404285
24.215,3.404425
24.22,3.404587
24.225,3.404787
24.23,3.405016
24.235,3.405251
24.24,3.405493
24.245,3.405714
24.25,3.405887
24.255,3.406025
24.26,3.406163
24.265,3.406299
24.27,3.406459
24.275,3.406638
24.28,3.406804
24.285,3.406932
24.29,3.40701
24.295,3.407044
24.3,3.407051
24.305,3.407086
24.31,3.407171
24.315,3.407282
24.32,3.407388
24.325,3.407469
24.33,3.407516
24.335,3.407535
24.34,3.407556
24.345,3.407625
24.35,3.407731
24.355,3.407845
24.36,3.407939
24.365,3.408001
24.37,3.408031
24.375,3.408036
24.38,3.408028
24.385,3.408015
24.39,3.408004
24.395,3.407997
24.4,3.407994
24.405,3.407994
24.41,3.407996
24.415,3.407998
24.42,3.408
24.425,3.408001
24.43,3.408001
24.435,3.408001
24.44,3.408
24.445,3.407971
24.45,3.407885
24.455,3.407764
24.46,3.407642
24.465,3.407546
24.47,3.407479
24.475,3.407395
24.48,3.407285
24.485,3.407171
24.49,3.407056
24.495,3.406915
24.5,3.406749
24.505,3.406544
24.51,3.406332
24.515,3.406152
24.52,3.406028
24.525,3.405961
24.53,3.405941
24.535,3.405932
24.54,3.405879
24.545,3.405783
24.55,3.405673
24.555,3.405576
24.56,3.405509
24.565,3.405474
24.57,3.405464
24.575,3.40547
24.58,3.405454
24.585,3.405381
24.59,3.405268
24.595,3.40515
24.6,3.405054
24.605,3.404993
24.61,3.404965
24.615,3.404961
24.62,3.404971
24.625,3.404985
24.63,3.404997
24.635,3.405004
24.64,3.405007
24.645,3.405007
24.65,3.405004
24.655,3.405002
24.66,3.405
24.665,3.404999
24.67,3.404999
24.675,3.404999
24.68,3.404999
24.685,3.405
24.69,3.405
24.695,3.405
24.7,3.405
24.705,3.405
24.71,3.405
24.715,3.405
24.72,3.405
24.725,3.405
24.73,3.405
24.735,3.405
24.74,3.405
24.745,3.405
24.75,3.405
24.755,3.405
24.76,3.405
24.765,3.405
24.77,3.405
24.775,3.405
24.78,3.405
24.785,3.405
24.79,3.405021
24.795,3.405098
24.8,3.405216
24.805,3.40534
24.81,3.405444
24.815,3.405553
24.82,3.405683
24.825,3.405813
24.83,3.405953
24.835,3.406116
24.84,3.406283
24.845,3.406469
24.85,3.406662
24.855,3.40683
24.86,3.406952
24.865,3.407022
24.87,3.407049
24.875,3.407079
24.88,3.407152
24.885,3.407257
24.89,3.407364
24.895,3.407465
24.9,3.407589
24.905,3.407735
24.91,3.407916
24.915,3.408117
24.92,3.40831
24.925,3.408507
24.93,3.408698
24.935,3.408866
24.94,3.409037
24.945,3.409207
24.95,3.409353
24.955,3.409457
24.96,3.409517
24.965,3.40954
24.97,3.409552
24.975,3.409606
24.98,3.409704
24.985,3.409818
24.99,3.409918
24.995,3.409989
25,3.410026
25.005,3.410037
25.01,3.410031
25.015,3.410031
25.02,3.410085
25.025,3.410189
25.03,3.41031
25.035,3.410417
25.04,3.410491
25.045,3.410529
25.05,3.41054
25.055,3.410533
25.06,3.41052
25.065,3.410507
25.07,3.410498
25.075,3.410493
25.08,3.410493
25.085,3.410495
25.09,3.410497
25.095,3.410499
25.1,3.410501
25.105,3.410501
25.11,3.410501
25.115,3.410501
25.12,3.4105
25.125,3.4105
25.13,3.4105
25.135,3.4105
25.14,3.4105
25.145,3.4105
25.15,3.4105
25.155,3.4105
25.16,3.4105
25.165,3.4105
25.17,3.4105
25.175,3.4105
25.18,3.410495
25.185,3.410443
25.19,3.410339
25.195,3.410213
25.2,3.4101
25.205,3.410018
25.21,3.409974
25.215,3.409959
25.22,3.409964
25.225,3.409978
25.23,3.409991
25.235,3.409975
25.24,3.409896
25.245,3.409776
25.25,3.409652
25.255,3.409533
25.26,3.409394
25.265,3.409249
25.27,3.409122
25.275,3.409032
25.28,3.40898
25.285,3.408962
25.29,3.408946
25.295,3.408883
25.3,3.40878
25.305,3.408666
25.31,3.408569
25.315,3.408504
25.32,3.408471
25.325,3.408463
25.33,3.408471
25.335,3.408483
25.34,3.408495
25.345,3.408503
25.35,3.408506
25.355,3.408506
25.36,3.408505
25.365,3.408502
25.37,3.408501
25.375,3.408499
25.38,3.408499
25.385,3.408499
25.39,3.408499
25.395,3.408487
25.4,3.408422
25.405,3.408309
25.41,3.408184
25.415,3.408077
25.42,3.408005
25.425,3.407968
25.43,3.407959
25.435,3.407967
25.44,3.407981
25.445,3.407994
25.45,3.408003
25.455,3.408007
25.46,3.408007
25.465,3.408005
25.47,3.408003
25.475,3.408001
25.48,3.407999
25.485,3.407999
25.49,3.407999
25.495,3.407999
25.5,3.408
25.505,3.408
25.51,3.408
25.515,3.408
25.52,3.408
25.525,3.408
25.53,3.408
25.535,3.408
25.54,3.408
25.545,3.408
25.55,3.408
25.555,3.408
25.56,3.408
25.565,3.408
25.57,3.408
25.575,3.408003
25.58,3.408048
25.585,3.408147
25.59,3.408272
25.595,3.408388
25.6,3.408474
25.605,3.408523
25.61,3.40854
25.615,3.408537
25.62,3.408524
25.625,3.40851
25.63,3.408504
25.635,3.408548
25.64,3.408649
25.645,3.408776
25.65,3.408921
25.655,3.409091
25.66,3.409259
25.665,3.409417
25.67,3.409585
25.675,3.409749
25.68,3.409884
25.685,3.409983
25.69,3.410085
25.695,3.410205
25.7,3.410325
25.705,3.410424
25.71,3.410495
25.715,3.410578
25.72,3.410722
25.725,3.410933
25.73,3.411174
25.735,3.411437
25.74,3.411684
25.745,3.411877
25.75,3.412009
25.755,3.412128
25.76,3.412248
25.765,3.412358
25.77,3.412461
25.775,3.412589
25.78,3.412731
25.785,3.412861
25.79,3.412957
25.795,3.413014
25.8,3.413037
25.805,3.413037
25.81,3.413031
25.815,3.413069
25.82,3.413162
25.825,3.413281
25.83,3.413393
25.835,3.413475
25.84,3.413522
25.845,3.413539
25.85,3.413536
25.855,3.413523
25.86,3.413533
25.865,3.413604
25.87,3.413718
25.875,3.413839
25.88,3.41394
25.885,3.414005
25.89,3.414035
25.895,3.41404
25.9,3.41403
25.905,3.414016
25.91,3.414004
25.915,3.413996
25.92,3.413993
25.925,3.413993
25.93,3.413995
25.935,3.413998
25.94,3.414
25.945,3.413998
25.95,3.413958
25.955,3.413861
25.96,3.413737
25.965,3.413619
25.97,3.41353
25.975,3.413479
25.98,3.41346
25.985,3.413463
25.99,3.413475
25.995,3.413489
26,3.413483
26.005,3.413416
26.01,3.413292
26.015,3.413105
26.02,3.412889
26.025,3.412693
26.03,3.41255
26.035,3.412467
26.04,3.412434
26.045,3.412394
26.05,3.412315
26.055,3.412212
26.06,3.412113
26.065,3.412036
26.07,3.411989
26.075,3.41197
26.08,3.411969
26.085,3.411965
26.09,3.41191
26.095,3.411806
26.1,3.411686
26.105,3.411581
26.11,3.411509
26.115,3.411471
26.12,3.411461
26.125,3.411467
26.13,3.411455
26.135,3.411385
26.14,3.411274
26.145,3.411155
26.15,3.411058
26.155,3.410995
26.16,3.410966
26.165,3.410961
26.17,3.410971
26.175,3.410984
26.18,3.410996
26.185,3.411004
26.19,3.411007
26.195,3.411007
26.2,3.411005
26.205,3.411002
26.21,3.411
26.215,3.410999
26.22,3.410999
26.225,3.410999
26.23,3.410999
26.235,3.411
26.24,3.411
26.245,3.411
26.25,3.411
26.255,3.411
26.26,3.411
26.265,3.411
26.27,3.411
26.275,3.411
26.28,3.411
26.285,3.411
26.29,3.411
26.295,3.411
26.3,3.411
26.305,3.411
26.31,3.411
26.315,3.411
26.32,3.411
26.325,3.411
26.33,3.41101
26.335,3.411071
26.34,3.411181
26.345,3.411306
26.35,3.411416
26.355,3.411491
26.36,3.41153
26.365,3.411553
26.37,3.411612
26.375,3.411711
26.38,3.411829
26.385,3.411981
26.39,3.412155
26.395,3.412319
26.4,3.412481
26.405,3.412651
26.41,3.412807
26.415,3.412927
26.42,3.413001
26.425,3.413043
26.43,3.413105
26.435,3.413202
26.44,3.413313
26.445,3.413411
26.45,3.413484
26.455,3.413565
26.46,3.413675
26.465,3.413796
26.47,3.413903
26.475,3.413978
26.48,3.414029
26.485,3.414104
26.49,3.414228
26.495,3.414417
26.5,3.414632
26.505,3.414836
26.51,3.415038
26.515,3.415226
26.52,3.415378
26.525,3.415479
26.53,3.415531
26.535,3.415546
26.54,3.415561
26.545,3.415625
26.55,3.415728
26.555,3.415841
26.56,3.415935
26.565,3.415999
26.57,3.41603
26.575,3.416068
26.58,3.416148
26.585,3.416257
26.59,3.416367
26.595,3.416453
26.6,3.416508
26.605,3.416532
26.61,3.416547
26.615,3.416603
26.62,3.416703
26.625,3.416818
26.63,3.416919
26.635,3.416989
26.64,3.417026
26.645,3.417037
26.65,3.417031
26.655,3.417019
26.66,3.417006
26.665,3.416998
26.67,3.416994
26.675,3.416993
26.68,3.416995
26.685,3.416997
26.69,3.416999
26.695,3.417
26.7,3.417001
26.705,3.417001
26.71,3.417001
26.715,3.417
26.72,3.417
26.725,3.417
26.73,3.417
26.735,3.417
26.74,3.417
26.745,3.417
26.75,3.417
26.755,3.416998
26.76,3.416957
26.765,3.41686
26.77,3.416736
26.775,3.416618
26.78,3.41653
26.785,3.416479
26.79,3.416459
26.795,3.416429
26.8,3.416351
26.805,3.416243
26.81,3.416133
26.815,3.416046
26.82,3.415969
26.825,3.415865
26.83,3.415744
26.835,3.41563
26.84,3.415538
26.845,3.415435
26.85,3.415309
26.855,3.415182
26.86,3.415078
26.865,3.415008
26.87,3.414973
26.875,3.414964
26.88,3.414971
26.885,3.414983
26.89,3.414967
26.895,3.41489
26.9,3.414773
26.905,3.414651
26.91,3.414553
26.915,3.414491
26.92,3.414463
26.925,3.41446
26.93,3.414455
26.935,3.414399
26.94,3.414296
26.945,3.414179
26.95,3.414077
26.955,3.414007
26.96,3.413971
26.965,3.413962
26.97,3.413968
26.975,3.413982
26.98,3.413994
26.985,3.414003
26.99,3.414006
26.995,3.414007
27,3.414005
27.005,3.414003
27.01,3.414001
27.015,3.413999
27.02,3.413999
27.025,3.413999
27.03,3.413999
27.035,3.414
27.04,3.414
27.045,3.414
27.05,3.414
27.055,3.414
27.06,3.414
27.065,3.414
27.07,3.414
27.075,3.414
27.08,3.414
27.085,3.414
27.09,3.414
27.095,3.414
27.1,3.414
27.105,3.414
27.11,3.414
27.115,3.414
27.12,3.414
27.125,3.414
27.13,3.414
27.135,3.414
27.14,3.414026
27.145,3.414108
27.15,3.414229
27.155,3.414351
27.16,3.414449
27.165,3.414519
27.17,3.414606
27.175,3.414718
27.18,3.414833
27.185,3.41493
27.19,3.41503
27.195,3.415156
27.2,3.415293
27.205,3.415458
27.21,3.415641
27.215,3.415809
27.22,3.415938
27.225,3.416048
27.23,3.41617
27.235,3.416294
27.24,3.416401
27.245,3.416498
27.25,3.416619
27.255,3.416753
27.26,3.416873
27.265,3.416962
27.27,3.417032
27.275,3.417131
27.28,3.417299
27.285,3.417517
27.29,3.417733
27.295,3.417907
27.3,3.418055
27.305,3.4182
27.31,3.41833
27.315,3.41843
27.32,3.418494
27.325,3.418525
27.33,3.418532
27.335,3.418525
27.34,3.418514
27.345,3.418503
27.35,3.418514
27.355,3.418584
27.36,3.4187
27.365,3.418826
27.37,3.418932
27.375,3.419001
27.38,3.419035
27.385,3.419041
27.39,3.419032
27.395,3.419018
27.4,3.419005
27.405,3.418996
27.41,3.418993
27.415,3.418993
27.42,3.418995
27.425,3.418998
27.43,3.419
27.435,3.419001
27.44,3.419001
27.445,3.419001
27.45,3.419001
27.455,3.419
27.46,3.419
27.465,3.419
27.47,3.419
27.475,3.419
27.48,3.419
27.485,3.419
27.49,3.419
27.495,3.419
27.5,3.419
27.505,3.419
27.51,3.419
27.515,3.419
27.52,3.419
27.525,3.419
27.53,3.418987
27.535,3.41892
27.54,3.418807
27.545,3.418682
27.55,3.418575
27.555,3.418503
27.56,3.418467
27.565,3.418441
27.57,3.418374
27.575,3.418271
27.58,3.418156
27.585,3.418015
27.59,3.417852
27.595,3.417695
27.6,3.417573
27.605,3.417496
27.61,3.41746
27.615,3.417455
27.62,3.417466
27.625,3.417462
27.63,3.417399
27.635,3.417289
27.64,3.417169
27.645,3.417067
27.65,3.417
27.655,3.416967
27.66,3.41696
27.665,3.416969
27.67,3.416983
27.675,3.416995
27.68,3.417003
27.685,3.417007
27.69,3.417007
27.695,3.417005
27.7,3.417002
27.705,3.417
27.71,3.416999
27.715,3.416999
27.72,3.416999
27.725,3.416999
27.73,3.417
27.735,3.417
27.74,3.417
27.745,3.417
27.75,3.417
27.755,3.417
27.76,3.417
27.765,3.417
27.77,3.417
27.775,3.417
27.78,3.417
27.785,3.417
27.79,3.417
27.795,3.417
27.8,3.417
27.805,3.417
27.81,3.417
27.815,3.417
27.82,3.417
27.825,3.417
27.83,3.417
27.835,3.417
27.84,3.417
27.845,3.417
27.85,3.417
27.855,3.417
27.86,3.417
27.865,3.417
27.87,3.417
27.875,3.417
27.88,3.417
27.885,3.417
27.89,3.417
27.895,3.417
27.9,3.417
27.905,3.417
27.91,3.417
27.915,3.417
27.92,3.417
27.925,3.417
27.93,3.417
27.935,3.417023
27.94,3.417102
27.945,3.417221
27.95,3.417344
27.955,3.417444
27.96,3.417508
27.965,3.417568
27.97,3.417659
27.975,3.417771
27.98,3.417878
27.985,3.417974
27.99,3.418094
27.995,3.418229
28,3.418355
28.005,3.418451
28.01,3.418519
28.015,3.418604
28.02,3.418715
28.025,3.41883
28.03,3.418926
28.035,3.418993
28.04,3.419061
28.045,3.419162
28.05,3.41928
28.055,3.419422
28.06,3.419594
28.065,3.419772
28.07,3.419969
28.075,3.420169
28.08,3.42034
28.085,3.420491
28.09,3.420649
28.095,3.420842
28.1,3.421061
28.105,3.421264
28.11,3.421419
28.115,3.421527
28.12,3.421635
28.125,3.421751
28.13,3.42186
28.135,3.421945
28.14,3.421999
28.145,3.42205
28.15,3.422138
28.155,3.422251
28.16,3.422363
28.165,3.422451
28.17,3.422507
28.175,3.422532
28.18,3.422534
28.185,3.422525
28.19,3.422513
28.195,3.422502
28.2,3.422496
28.205,3.422494
28.21,3.422494
28.215,3.422496
28.22,3.422498
28.225,3.4225
28.23,3.422501
28.235,3.422501
28.24,3.422501
28.245,3.422501
28.25,3.4225
28.255,3.422499
28.26,3.422462
28.265,3.422369
28.27,3.422246
28.275,3.422127
28.28,3.422036
28.285,3.421982
28.29,3.421961
28.295,3.421941
28.3,3.421876
28.305,3.421772
28.31,3.421634
28.315,3.421457
28.32,3.421273
28.325,3.421119
28.33,3.421015
28.335,3.420961
28.34,3.420926
28.345,3.420858
28.35,3.420758
28.355,3.420652
28.36,3.420563
28.365,3.420504
28.37,3.420469
28.375,3.420413
28.38,3.420317
28.385,3.420203
28.39,3.420092
28.395,3.41996
28.4,3.41981
28.405,3.419669
28.41,3.41956
28.415,3.419493
28.42,3.419447
28.425,3.419372
28.43,3.419267
28.435,3.419157
28.44,3.419066
28.445,3.419004
28.45,3.418973
28.455,3.418933
28.46,3.418849
28.465,3.418738
28.47,3.418629
28.475,3.418543
28.48,3.41849
28.485,3.418467
28.49,3.418466
28.495,3.418475
28.5,3.418488
28.505,3.418498
28.51,3.418504
28.515,3.418506
28.52,3.418506
28.525,3.418504
28.53,3.418502
28.535,3.4185
28.54,3.418499
28.545,3.418499
28.55,3.418499
28.555,3.418499
28.56,3.4185
28.565,3.4185
28.57,3.4185
28.575,3.4185
28.58,3.4185
28.585,3.4185
28.59,3.4185
28.595,3.418517
28.6,3.41859
28.605,3.418706
28.61,3.41883
28.615,3.418934
28.62,3.419002
28.625,3.41906
28.63,3.419149
28.635,3.41926
28.64,3.419381
28.645,3.419533
28.65,3.419717
28.655,3.419938
28.66,3.420163
28.665,3.420353
28.67,3.420523
28.675,3.420687
28.68,3.420846
28.685,3.421027
28.69,3.421253
28.695,3.421507
28.7,3.421773
28.705,3.422041
28.71,3.422312
28.715,3.422577
28.72,3.422842
28.725,3.423097
28.73,3.423341
28.735,3.423579
28.74,3.423814
28.745,3.42405
28.75,3.424259
28.755,3.424415
28.76,3.42451
28.765,3.424551
28.77,3.424565
28.775,3.424612
28.78,3.424702
28.785,3.424811
28.79,3.42491
28.795,3.424981
28.8,3.425021
28.805,3.425034
28.81,3.425031
28.815,3.42502
28.82,3.425008
28.825,3.424999
28.83,3.424995
28.835,3.424994
28.84,3.424995
28.845,3.424997
28.85,3.424999
28.855,3.425
28.86,3.425001
28.865,3.425001
28.87,3.425001
28.875,3.425
28.88,3.425
28.885,3.425
28.89,3.425
28.895,3.424999
28.9,3.424968
28.905,3.424881
28.91,3.424759
28.915,3.424638
28.92,3.424543
28.925,3.424468
28.93,3.42437
28.935,3.424253
28.94,3.42414
28.945,3.424041
28.95,3.423921
28.955,3.423763
28.96,3.423556
28.965,3.423338
28.97,3.423152
28.975,3.423024
28.98,3.422957
28.985,3.422929
28.99,3.422881
28.995,3.422795
29,3.42269
29.005,3.422589
29.01,3.422469
29.015,3.422326
29.02,3.422174
29.025,3.421996
29.03,3.421811
29.035,3.421651
29.04,3.421522
29.045,3.421388
29.05,3.42125
29.055,3.42113
29.06,3.421041
29.065,3.420989
29.07,3.420956
29.075,3.420891
29.08,3.420789
29.085,3.420676
29.09,3.420578
29.095,3.420511
29.1,3.420475
29.105,3.420465
29.11,3.420471
29.115,3.420482
29.12,3.420494
29.125,3.420502
29.13,3.420506
29.135,3.420506
29.14,3.420505
29.145,3.420503
29.15,3.420501
29.155,3.4205
29.16,3.420499
29.165,3.420499
29.17,3.420499
29.175,3.4205
29.18,3.4205
29.185,3.4205
29.19,3.4205
29.195,3.4205
29.2,3.4205
29.205,3.4205
29.21,3.4205
29.215,3.4205
29.22,3.4205
29.225,3.420529
29.23,3.420615
29.235,3.420736
29.24,3.420858
29.245,3.420966
29.25,3.421091
29.255,3.421229
29.26,3.421375
29.265,3.421547
29.27,3.421725
29.275,3.421913
29.28,3.422112
29.285,3.422293
29.29,3.422462
29.295,3.42265
29.3,3.422877
29.305,3.42314
29.31,3.42343
29.315,3.423733
29.32,3.424049
29.325,3.424372
29.33,3.424667
29.335,3.424937
29.34,3.425207
29.345,3.425481
29.35,3.425728
29.355,3.425959
29.36,3.426172
29.365,3.426344
29.37,3.426462
29.375,3.426526
29.38,3.426547
29.385,3.426543
29.39,3.426527
29.395,3.426515
29.4,3.426553
29.405,3.42665
29.41,3.426775
29.415,3.426891
29.42,3.426976
29.425,3.427024
29.43,3.427041
29.435,3.427037
29.44,3.427024
29.445,3.42701
29.45,3.426999
29.455,3.426994
29.46,3.426993
29.465,3.426994
29.47,3.426996
29.475,3.426999
29.48,3.427
29.485,3.427001
29.49,3.427001
29.495,3.427001
29.5,3.427
29.505,3.427
29.51,3.426994
29.515,3.426941
29.52,3.426836
29.525,3.426711
29.53,3.426598
29.535,3.426511
29.54,3.426414
29.545,3.426296
29.55,3.426176
29.555,3.426067
29.56,3.42594
29.565,3.425796
29.57,3.425644
29.575,3.425466
29.58,3.425285
29.585,3.425132
29.59,3.425026
29.595,3.424968
29.6,3.424915
29.605,3.424829
29.61,3.424691
29.615,3.4245
29.62,3.424299
29.625,3.424129
29.63,3.423997
29.635,3.423865
29.64,3.423734
29.645,3.42362
29.65,3.423537
29.655,3.423461
29.66,3.423357
29.665,3.423236
29.67,3.423124
29.675,3.423039
29.68,3.422988
29.685,3.422959
29.69,3.4229
29.695,3.422801
29.7,3.422688
29.705,3.422587
29.71,3.422516
29.715,3.422477
29.72,3.422465
29.725,3.422469
29.73,3.422481
29.735,3.422493
29.74,3.422501
29.745,3.422506
29.75,3.422506
29.755,3.422505
29.76,3.422503
29.765,3.422501
29.77,3.4225
29.775,3.422499
29.78,3.422499
29.785,3.422499
29.79,3.4225
29.795,3.4225
29.8,3.4225
29.805,3.4225
29.81,3.4225
29.815,3.4225
29.82,3.4225
29.825,3.4225
29.83,3.4225
29.835,3.4225
29.84,3.422519
29.845,3.422594
29.85,3.422711
29.855,3.422835
29.86,3.42294
29.865,3.423051
29.87,3.423182
29.875,3.423326
29.88,3.423503
29.885,3.423697
29.89,3.423917
29.895,3.42414
29.9,3.42433
29.905,3.424465
29.91,3.424581
29.915,3.424703
29.92,3.424842
29.925,3.425024
29.93,3.425264
29.935,3.425536
29.94,3.425828
29.945,3.426106
29.95,3.42633
29.955,3.426513
29.96,3.426679
29.965,3.426821
29.97,3.426928
29.975,3.426995
29.98,3.427039
29.985,3.427111
29.99,3.427216
29.995,3.427339
30,3.427498
30.005,3.427675
30.01,3.427834
30.015,3.427952
30.02,3.428021
30.025,3.428048
30.03,3.428046
30.035,3.428031
30.04,3.428015
30.045,3.428038
30.05,3.428123
30.055,3.428245
30.06,3.428365
30.065,3.428459
30.07,3.428516
30.075,3.428539
30.08,3.428539
30.085,3.428527
30.09,3.428513
30.095,3.428501
30.1,3.428495
30.105,3.428493
30.11,3.428494
30.115,3.428496
30.12,3.428498
30.125,3.4285
30.13,3.428501
30.135,3.428501
30.14,3.428501
30.145,3.428501
30.15,3.4285
30.155,3.4285
30.16,3.4285
30.165,3.4285
30.17,3.4285
30.175,3.4285
30.18,3.4285
30.185,3.428495
30.19,3.428445
30.195,3.428341
30.2,3.428216
30.205,3.428098
30.21,3.42797
30.215,3.427825
30.22,3.427685
30.225,3.427574
30.23,3.427497
30.235,3.427409
30.24,3.427298
30.245,3.42717
30.25,3.427009
30.255,3.42683
30.26,3.426668
30.265,3.426549
30.27,3.426479
30.275,3.426452
30.28,3.426453
30.285,3.426469
30.29,3.426486
30.295,3.4265
30.3,3.426507
30.305,3.426509
30.31,3.426508
30.315,3.426481
30.32,3.426398
30.325,3.426276
30.33,3.426152
30.335,3.426053
30.34,3.425985
30.345,3.425907
30.35,3.425801
30.355,3.425687
30.36,3.425587
30.365,3.425517
30.37,3.425479
30.375,3.425467
30.38,3.425471
30.385,3.425482
30.39,3.425493
30.395,3.425501
30.4,3.425505
30.405,3.425506
30.41,3.425505
30.415,3.425503
30.42,3.425501
30.425,3.4255
30.43,3.425499
30.435,3.425499
30.44,3.425499
30.445,3.4255
30.45,3.4255
30.455,3.4255
30.46,3.4255
30.465,3.4255
30.47,3.4255
30.475,3.4255
30.48,3.4255
30.485,3.4255
30.49,3.4255
30.495,3.4255
30.5,3.4255
30.505,3.4255
30.51,3.4255
30.515,3.4255
30.52,3.4255
30.525,3.4255
30.53,3.4255
30.535,3.4255
30.54,3.4255
30.545,3.4255
30.55,3.4255
30.555,3.4255
30.56,3.4255
30.565,3.4255
30.57,3.4255
30.575,3.4255
30.58,3.4255
30.585,3.4255
30.59,3.4255
30.595,3.4255
30.6,3.4255
30.605,3.4255
30.61,3.4255
30.615,3.425515
30.62,3.425584
30.625,3.425698
30.63,3.425823
30.635,3.425928
30.64,3.426013
30.645,3.426115
30.65,3.426236
30.655,3.426353
30.66,3.426445
30.665,3.426526
30.67,3.426634
30.675,3.426772
30.68,3.426956
30.685,3.427157
30.69,3.427334
30.695,3.427461
30.7,3.427557
30.705,3.427663
30.71,3.427779
30.715,3.427922
30.72,3.428097
30.725,3.428307
30.73,3.42854
30.735,3.428769
30.74,3.429001
30.745,3.429216
30.75,3.429418
30.755,3.429617
30.76,3.42981
30.765,3.430015
30.77,3.430211
30.775,3.430378
30.78,3.430542
30.785,3.430705
30.79,3.430847
30.795,3.43095
30.8,3.431016
30.805,3.431089
30.81,3.431191
30.815,3.431305
30.82,3.431406
30.825,3.431478
30.83,3.43153
30.835,3.431607
30.84,3.431715
30.845,3.43183
30.85,3.431927
30.855,3.431993
30.86,3.432026
30.865,3.432035
30.87,3.432028
30.875,3.432016
30.88,3.432005
30.885,3.431997
30.89,3.431994
30.895,3.431994
30.9,3.431995
30.905,3.431998
30.91,3.431999
30.915,3.432001
30.92,3.432001
30.925,3.431978
30.93,3.431899
30.935,3.431779
30.94,3.431656
30.945,3.431556
30.95,3.431492
30.955,3.431464
30.96,3.431449
30.965,3.431396
30.97,3.431298
30.975,3.431155
30.98,3.430968
30.985,3.430775
30.99,3.430605
30.995,3.430436
31,3.430272
31.005,3.430134
31.01,3.430036
31.015,3.429951
31.02,3.429845
31.025,3.42972
31.03,3.429561
31.035,3.429377
31.04,3.429203
31.045,3.429066
31.05,3.428938
31.055,3.428794
31.06,3.428609
31.065,3.428401
31.07,3.428202
31.075,3.428002
31.08,3.427789
31.085,3.427552
31.09,3.427323
31.095,3.427135
31.1,3.426967
31.105,3.426807
31.11,3.426666
31.115,3.426537
31.12,3.426391
31.125,3.426243
31.13,3.426116
31.135,3.426027
31.14,3.425978
31.145,3.425961
31.15,3.425965
31.155,3.425978
31.16,3.425992
31.165,3.426001
31.17,3.426006
31.175,3.426007
31.18,3.426006
31.185,3.426003
31.19,3.426001
31.195,3.426
31.2,3.425999
31.205,3.425999
31.21,3.425999
31.215,3.426
31.22,3.426
31.225,3.426
31.23,3.426
31.235,3.426
31.24,3.426
31.245,3.426
31.25,3.426
31.255,3.426
31.26,3.426002
31.265,3.426039
31.27,3.426133
31.275,3.426257
31.28,3.426405
31.285,3.426581
31.29,3.426779
31.295,3.427001
31.3,3.427219
31.305,3.427436
31.31,3.427646
31.315,3.427828
31.32,3.428001
31.325,3.428202
31.33,3.428443
31.335,3.428724
31.34,3.429056
31.345,3.429408
31.35,3.429759
31.355,3.430107
31.36,3.430442
31.365,3.430751
31.37,3.431044
31.375,3.431334
31.38,3.431614
31.385,3.431891
31.39,3.432146
31.395,3.432359
31.4,3.432554
31.405,3.432748
31.41,3.432962
31.415,3.433174
31.42,3.43335
31.425,3.433471
31.43,3.433545
31.435,3.433624
31.44,3.433726
31.445,3.433833
31.45,3.433924
31.455,3.433987
31.46,3.43402
31.465,3.43403
31.47,3.434026
31.475,3.434016
31.48,3.434006
31.485,3.433998
31.49,3.433995
31.495,3.433994
31.5,3.433996
31.505,3.433998
31.51,3.433999
31.515,3.434
31.52,3.434001
31.525,3.434001
31.53,3.434001
31.535,3.434
31.54,3.434
31.545,3.434
31.55,3.433986
31.555,3.433918
31.56,3.433804
31.565,3.433651
31.57,3.433461
31.575,3.433263
31.58,3.433053
31.585,3.432844
31.59,3.432667
31.595,3.432531
31.6,3.432398
31.605,3.432231
31.61,3.432022
31.615,3.431809
31.62,3.431606
31.625,3.431389
31.63,3.431139
31.635,3.430872
31.64,3.430585
31.645,3.43027
31.65,3.429961
31.655,3.429694
31.66,3.429452
31.665,3.429204
31.67,3.428954
31.675,3.428724
31.68,3.4285
31.685,3.428295
31.69,3.428113
31.695,3.427931
31.7,3.427756
31.705,3.427578
31.71,3.427388
31.715,3.427214
31.72,3.42708
31.725,3.426997
31.73,3.426959
31.735,3.426953
31.74,3.426965
31.745,3.426982
31.75,3.426997
31.755,3.427006
31.76,3.426994
31.765,3.426924
31.77,3.426807
31.775,3.426685
31.78,3.426613
31.785,3.426625
31.79,3.426706
31.795,3.426816
31.8,3.426918
31.805,3.426991
31.81,3.42703
31.815,3.427041
31.82,3.427034
31.825,3.427021
31.83,3.427007
31.835,3.427007
31.84,3.427063
31.845,3.427171
31.85,3.427316
31.855,3.427507
31.86,3.42775
31.865,3.428018
31.87,3.428286
31.875,3.428547
31.88,3.428785
31.885,3.429016
31.89,3.429255
31.895,3.429531
31.9,3.429856
31.905,3.43022
31.91,3.43061
31.915,3.431015
31.92,3.431411
31.925,3.431785
31.93,3.432111
31.935,3.432383
31.94,3.432622
31.945,3.432854
31.95,3.433085
31.955,3.433322
31.96,3.433562
31.965,3.433799
31.97,3.434039
31.975,3.434256
31.98,3.434467
31.985,3.43467
31.99,3.434871
31.995,3.435084
32,3.435324
32.005,3.435571
32.01,3.435787
32.015,3.435947
32.02,3.436087
32.025,3.436224
32.03,3.436346
32.035,3.436439
32.04,3.436499
32.045,3.436558
32.05,3.436652
32.055,3.436767
32.06,3.436877
32.065,3.436961
32.07,3.437011
32.075,3.437033
32.08,3.437033
32.085,3.437023
32.09,3.437011
32.095,3.437001
32.1,3.436995
32.105,3.436994
32.11,3.436994
32.115,3.436996
32.12,3.436998
32.125,3.436966
32.13,3.436877
32.135,3.436755
32.14,3.436634
32.145,3.436526
32.15,3.436399
32.155,3.436243
32.16,3.436044
32.165,3.435834
32.17,3.43563
32.175,3.435423
32.18,3.435236
32.185,3.435086
32.19,3.434943
32.195,3.434794
32.2,3.434626
32.205,3.434421
32.21,3.43417
32.215,3.433893
32.22,3.433589
32.225,3.433256
32.23,3.432907
32.235,3.432556
32.24,3.432207
32.245,3.431852
32.25,3.431511
32.255,3.431189
32.26,3.430878
32.265,3.430573
32.27,3.430297
32.275,3.430039
32.28,3.42981
32.285,3.429632
32.29,3.429488
32.295,3.429344
32.3,3.429208
32.305,3.429097
32.31,3.429021
32.315,3.42898
32.32,3.428967
32.325,3.428971
32.33,3.428967
32.335,3.428908
32.34,3.428801
32.345,3.42868
32.35,3.428576
32.355,3.428505
32.36,3.428469
32.365,3.42846
32.37,3.428468
32.375,3.428482
32.38,3.428494
32.385,3.428503
32.39,3.428507
32.395,3.428507
32.4,3.428505
32.405,3.428503
32.41,3.428502
32.415,3.428536
32.42,3.428627
32.425,3.42875
32.43,3.42887
32.435,3.428975
32.44,3.429097
32.445,3.429235
32.45,3.429404
32.455,3.429628
32.46,3.429899
32.465,3.430171
32.47,3.430438
32.475,3.430683
32.48,3.430922
32.485,3.43119
32.49,3.431493
32.495,3.431845
32.5,3.432233
32.505,3.432633
32.51,3.433033
32.515,3.433413
32.52,3.433749
32.525,3.434049
32.53,3.434331
32.535,3.434595
32.54,3.434849
32.545,3.435091
32.55,3.435313
32.555,3.43553
32.56,3.435732
32.565,3.435935
32.57,3.436137
32.575,3.436327
32.58,3.436523
32.585,3.436712
32.59,3.436894
32.595,3.437086
32.6,3.437307
32.605,3.437545
32.61,3.43776
32.615,3.437922
32.62,3.438018
32.625,3.438068
32.63,3.438131
32.635,3.438223
32.64,3.438326
32.645,3.438417
32.65,3.438482
32.655,3.438518
32.66,3.43853
32.665,3.438527
32.67,3.438517
32.675,3.438507
32.68,3.438499
32.685,3.438495
32.69,3.438494
32.695,3.438496
32.7,3.438497
32.705,3.438499
32.71,3.4385
32.715,3.438501
32.72,3.438501
32.725,3.438501
32.73,3.4385
32.735,3.4385
32.74,3.438497
32.745,3.438452
32.75,3.438327
32.755,3.43812
32.76,3.437869
32.765,3.437591
32.77,3.43733
32.775,3.437117
32.78,3.436927
32.785,3.436757
32.79,3.436605
32.795,3.436433
32.8,3.436213
32.805,3.435965
32.81,3.435712
32.815,3.43545
32.82,3.435169
32.825,3.434886
32.83,3.434595
32.835,3.434284
32.84,3.433973
32.845,3.433667
32.85,3.43336
32.855,3.433056
32.86,3.43277
32.865,3.432496
32.87,3.432234
32.875,3.431975
32.88,3.431716
32.885,3.431459
32.89,3.431231
32.895,3.431015
32.9,3.430814
32.905,3.430649
32.91,3.430503
32.915,3.43035
32.92,3.430206
32.925,3.430089
32.93,3.429977
32.935,3.429846
32.94,3.429712
32.945,3.429599
32.95,3.42952
32.955,3.429478
32.96,3.429464
32.965,3.429469
32.97,3.429481
32.975,3.429493
32.98,3.429502
32.985,3.42952
32.99,3.429589
32.995,3.429701
33,3.429824
33.005,3.429928
33.01,3.429997
33.015,3.430042
33.02,3.430112
33.025,3.430222
33.03,3.43039
33.035,3.430625
33.04,3.430925
33.045,3.431268
33.05,3.431601
33.055,3.431911
33.06,3.43219
33.065,3.432465
33.07,3.432768
33.075,3.433117
33.08,3.433523
33.085,3.433957
33.09,3.434414
33.095,3.434857
33.1,3.435268
33.105,3.435629
33.11,3.435952
33.115,3.436245
33.12,3.436519
33.125,3.436761
33.13,3.436991
33.135,3.437211
33.14,3.437439
33.145,3.437674
33.15,3.437925
33.155,3.438174
33.16,3.438426
33.165,3.438667
33.17,3.438908
33.175,3.439142
33.18,3.439379
33.185,3.439636
33.19,3.439916
33.195,3.440208
33.2,3.440498
33.205,3.440747
33.21,3.440926
33.215,3.441031
33.22,3.441109
33.225,3.441201
33.23,3.441303
33.235,3.441396
33.24,3.441466
33.245,3.441508
33.25,3.44154
33.255,3.44161
33.26,3.441717
33.265,3.441832
33.27,3.441929
33.275,3.441995
33.28,3.442028
33.285,3.442036
33.29,3.442029
33.295,3.442016
33.3,3.441972
33.305,3.441876
33.31,3.44175
33.315,3.441629
33.32,3.441529
33.325,3.441417
33.33,3.441281
33.335,3.441101
33.34,3.440893
33.345,3.44066
33.35,3.44042
33.355,3.440187
33.36,3.439944
33.365,3.439674
33.37,3.439377
33.375,3.43905
33.38,3.43869
33.385,3.438294
33.39,3.437868
33.395,3.437431
33.4,3.43699
33.405,3.436565
33.41,3.436168
33.415,3.435822
33.42,3.435515
33.425,3.435229
33.43,3.434952
33.435,3.434673
33.44,3.4344
33.445,3.434128
33.45,3.43387
33.455,3.43362
33.46,3.433374
33.465,3.43312
33.47,3.432857
33.475,3.432581
33.48,3.432314
33.485,3.432049
33.49,3.431805
33.495,3.431569
33.5,3.431347
33.505,3.431165
33.51,3.431017
33.515,3.43087
33.52,3.430728
33.525,3.43061
33.53,3.430517
33.535,3.430409
33.54,3.430283
33.545,3.43016
33.55,3.430063
33.555,3.43
33.56,3.429971
33.565,3.429965
33.57,3.429973
33.575,3.429986
33.58,3.430003
33.585,3.430064
33.59,3.430173
33.595,3.430298
33.6,3.430408
33.605,3.430486
33.61,3.430543
33.615,3.430626
33.62,3.43076
33.625,3.430958
33.63,3.431222
33.635,3.431525
33.64,3.431847
33.645,3.432158
33.65,3.432467
33.655,3.432793
33.66,3.433159
33.665,3.43358
33.67,3.434054
33.675,3.434563
33.68,3.435084
33.685,3.435599
33.69,3.436085
33.695,3.436514
33.7,3.436889
33.705,3.437231
33.71,3.437568
33.715,3.4379
33.72,3.438221
33.725,3.438525
33.73,3.438816
33.735,3.439089
33.74,3.439355
33.745,3.439611
33.75,3.439869
33.755,3.440119
33.76,3.44037
33.765,3.440617
33.77,3.440869
33.775,3.44112
33.78,3.441379
33.785,3.441643
33.79,3.441918
33.795,3.442205
33.8,3.442497
33.805,3.442793
33.81,3.443075
33.815,3.443304
33.82,3.44346
33.825,3.443543
33.83,3.44358
33.835,3.443636
33.84,3.443724
33.845,3.443826
33.85,3.443917
33.855,3.443982
33.86,3.444019
33.865,3.444031
33.87,3.444027
33.875,3.444017
33.88,3.444007
33.885,3.443999
33.89,3.443995
33.895,3.443994
33.9,3.443996
33.905,3.443997
33.91,3.443999
33.915,3.443991
33.92,3.443932
33.925,3.443804
33.93,3.443583
33.935,3.44328
33.94,3.442939
33.945,3.442593
33.95,3.442271
33.955,3.441975
33.96,3.441697
33.965,3.441395
33.97,3.441054
33.975,3.44065
33.98,3.440195
33.985,3.439701
33.99,3.439196
33.995,3.438694
34,3.438217
34.005,3.437774
34.01,3.437355
34.015,3.436975
34.02,3.43663
34.025,3.436328
34.03,3.436051
34.035,3.435805
34.04,3.43557
34.045,3.435348
34.05,3.435131
34.055,3.434911
34.06,3.434676
34.065,3.434423
34.07,3.434148
34.075,3.433868
34.08,3.433583
34.085,3.43331
34.09,3.433044
34.095,3.432796
34.1,3.432554
34.105,3.432328
34.11,3.432148
34.115,3.432024
34.12,3.431915
34.125,3.431797
34.13,3.43168
34.135,3.431583
34.14,3.431516
34.145,3.431478
34.15,3.431422
34.155,3.431327
34.16,3.431212
34.165,3.431106
34.17,3.431036
34.175,3.431043
34.18,3.431128
34.185,3.431254
34.19,3.431377
34.195,3.43147
34.2,3.431525
34.205,3.43155
34.21,3.431599
34.215,3.431698
34.22,3.43187
34.225,3.43212
34.23,3.432434
34.235,3.432783
34.24,3.433126
34.245,3.433449
34.25,3.433761
34.255,3.434097
34.26,3.434489
34.265,3.434955
34.27,3.435485
34.275,3.43604
34.28,3.436585
34.285,3.437105
34.29,3.437594
34.295,3.438044
34.3,3.438462
34.305,3.438853
34.31,3.439221
34.315,3.439563
34.32,3.439886
34.325,3.440184
34.33,3.440468
34.335,3.440746
34.34,3.441021
34.345,3.441299
34.35,3.441573
34.355,3.441847
34.36,3.442113
34.365,3.44238
34.37,3.44264
34.375,3.442902
34.38,3.443158
34.385,3.443418
34.39,3.44368
34.395,3.443954
34.4,3.444252
34.405,3.444592
34.41,3.444938
34.415,3.445245
34.42,3.445519
34.425,3.445746
34.43,3.445924
34.435,3.44609
34.44,3.446246
34.445,3.446375
34.45,3.446465
34.455,3.446516
34.46,3.446534
34.465,3.446532
34.47,3.446521
34.475,3.446508
34.48,3.446499
34.485,3.446494
34.49,3.446493
34.495,3.446483
34.5,3.446422
34.505,3.446313
34.51,3.446164
34.515,3.44597
34.52,3.445724
34.525,3.445441
34.53,3.445132
34.535,3.444843
34.54,3.444579
34.545,3.444317
34.55,3.444042
34.555,3.44374
34.56,3.44339
34.565,3.442986
34.57,3.442515
34.575,3.441993
34.58,3.441447
34.585,3.440902
34.59,3.44038
34.595,3.43989
34.6,3.439434
34.605,3.439028
34.61,3.438666
34.615,3.438332
34.62,3.438013
34.625,3.437698
34.63,3.437391
34.635,3.437088
34.64,3.436803
34.645,3.436529
34.65,3.436271
34.655,3.436016
34.66,3.435783
34.665,3.435559
34.67,3.435345
34.675,3.43513
34.68,3.43491
34.685,3.434683
34.69,3.434446
34.695,3.434197
34.7,3.433945
34.705,3.433726
34.71,3.433568
34.715,3.433474
34.72,3.433399
34.725,3.433306
34.73,3.433201
34.735,3.433105
34.74,3.433033
34.745,3.43299
34.75,3.432973
34.755,3.432972
34.76,3.432981
34.765,3.432991
34.77,3.432999
34.775,3.433004
34.78,3.433005
34.785,3.433005
34.79,3.433003
34.795,3.433001
34.8,3.433
34.805,3.432999
34.81,3.433017
34.815,3.433091
34.82,3.433221
34.825,3.433419
34.83,3.433689
34.835,3.434014
34.84,3.434362
34.845,3.434697
34.85,3.435012
34.855,3.435325
34.86,3.435673
34.865,3.436084
34.87,3.436558
34.875,3.43709
34.88,3.437644
34.885,3.438197
34.89,3.438727
34.895,3.439214
34.9,3.439651
34.905,3.440048
34.91,3.44042
34.915,3.440781
34.92,3.441134
34.925,3.441472
34.93,3.441798
34.935,3.442105
34.94,3.442402
34.945,3.442676
34.95,3.442939
34.955,3.443196
34.96,3.443458
34.965,3.443717
34.97,3.443981
34.975,3.444255
34.98,3.444554
34.985,3.444874
34.99,3.445206
34.995,3.445532
35,3.445852
35.005,3.446137
35.01,3.446355
35.015,3.446493
35.02,3.446561
35.025,3.446615
35.03,3.446697
35.035,3.446795
35.04,3.44689
35.045,3.446963
35.05,3.447021
35.055,3.447107
35.06,3.447222
35.065,3.447339
35.07,3.447435
35.075,3.447498
35.08,3.447529
35.085,3.447535
35.09,3.447507
35.095,3.447417
35.1,3.447288
35.105,3.447157
35.11,3.447044
35.115,3.446918
35.12,3.446746
35.125,3.446516
35.13,3.446229
35.135,3.445933
35.14,3.445649
35.145,3.445379
35.15,3.445111
35.155,3.444851
35.16,3.444576
35.165,3.444261
35.17,3.443898
35.175,3.443478
35.18,3.443009
35.185,3.442495
35.19,3.441961
35.195,3.441431
35.2,3.440922
35.205,3.440447
35.21,3.440014
35.215,3.439622
35.22,3.439261
35.225,3.438937
35.23,3.438641
35.235,3.438373
35.24,3.438118
35.245,3.437878
35.25,3.437643
35.255,3.437412
35.26,3.437184
35.265,3.436954
35.27,3.436733
35.275,3.436507
35.28,3.436289
35.285,3.436065
35.29,3.435846
35.295,3.435636
35.3,3.435424
35.305,3.435234
35.31,3.435089
35.315,3.434999
35.32,3.434957
35.325,3.434918
35.33,3.434842
35.335,3.434737
35.34,3.434632
35.345,3.434548
35.35,3.434495
35.355,3.43447
35.36,3.434467
35.365,3.434476
35.37,3.434487
35.375,3.434498
35.38,3.434504
35.385,3.434506
35.39,3.434506
35.395,3.434504
35.4,3.434502
35.405,3.4345
35.41,3.434499
35.415,3.434508
35.42,3.434568
35.425,3.434687
35.43,3.434875
35.435,3.435124
35.44,3.435417
35.445,3.435741
35.45,3.436057
35.455,3.436358
35.46,3.43664
35.465,3.436935
35.47,3.43728
35.475,3.437709
35.48,3.438216
35.485,3.438782
35.49,3.439369
35.495,3.439949
35.5,3.440488
35.505,3.440993
35.51,3.441458
35.515,3.441876
35.52,3.442245
35.525,3.442569
35.53,3.442867
35.535,3.443144
35.54,3.443418
35.545,3.443701
35.55,3.443988
35.555,3.444267
35.56,3.444545
35.565,3.444831
35.57,3.445114
35.575,3.445398
35.58,3.445664
35.585,3.445918
35.59,3.446157
35.595,3.446392
35.6,3.44663
35.605,3.446884
35.61,3.44713
35.615,3.447333
35.62,3.44747
35.625,3.447542
35.63,3.447564
35.635,3.447583
35.64,3.447647
35.645,3.447747
35.65,3.447854
35.655,3.447942
35.66,3.448001
35.665,3.448029
35.67,3.448034
35.675,3.448027
35.68,3.448015
35.685,3.448004
35.69,3.447997
35.695,3.447994
35.7,3.447994
35.705,3.447996
35.71,3.447998
35.715,3.447993
35.72,3.447939
35.725,3.447826
35.73,3.447646
35.735,3.44742
35.74,3.447156
35.745,3.446891
35.75,3.44664
35.755,3.446402
35.76,3.446176
35.765,3.445948
35.77,3.445703
35.775,3.445431
35.78,3.445127
35.785,3.444783
35.79,3.444395
35.795,3.443966
35.8,3.443511
35.805,3.443038
35.81,3.442564
35.815,3.442097
35.82,3.441654
35.825,3.441244
35.83,3.440853
35.835,3.440487
35.84,3.440143
35.845,3.439839
35.85,3.439563
35.855,3.439314
35.86,3.43907
35.865,3.438838
35.87,3.438606
35.875,3.438374
35.88,3.438127
35.885,3.437878
35.89,3.43762
35.895,3.437363
35.9,3.4371
35.905,3.436852
35.91,3.436623
35.915,3.436403
35.92,3.436214
35.925,3.436075
35.93,3.435992
35.935,3.435956
35.94,3.435953
35.945,3.435966
35.95,3.435984
35.955,3.435999
35.96,3.436007
35.965,3.43601
35.97,3.436008
35.975,3.436005
35.98,3.436002
35.985,3.436
35.99,3.435999
35.995,3.436009
36,3.436073
36.005,3.436185
36.01,3.436313
36.015,3.43646
36.02,3.436637
36.025,3.436864
36.03,3.437153
36.035,3.437476
36.04,3.437814
36.045,3.438135
36.05,3.438441
36.055,3.438749
36.06,3.439082
36.065,3.439474
36.07,3.439937
36.075,3.440469
36.08,3.441037
36.085,3.441599
36.09,3.442126
36.095,3.442601
36.1,3.44301
36.105,3.443362
36.11,3.443668
36.115,3.443952
36.12,3.444223
36.125,3.444506
36.13,3.444811
36.135,3.445118
36.14,3.445421
36.145,3.44569
36.15,3.445926
36.155,3.44614
36.16,3.446323
36.165,3.446504
36.17,3.446687
36.175,3.446892
36.18,3.447111
36.185,3.44735
36.19,3.4476
36.195,3.447867
36.2,3.44816
36.205,3.448462
36.21,3.448727
36.215,3.448919
36.22,3.449033
36.225,3.449117
36.23,3.449212
36.235,3.449313
36.24,3.449403
36.245,3.449469
36.25,3.449512
36.255,3.449571
36.26,3.449669
36.265,3.449786
36.27,3.449894
36.275,3.449973
36.28,3.450018
36.285,3.450031
36.29,3.449988
36.295,3.449883
36.3,3.449748
36.305,3.449622
36.31,3.449528
36.315,3.449474
36.32,3.449421
36.325,3.449329
36.33,3.449171
36.335,3.448959
36.34,3.448704
36.345,3.448437
36.35,3.448187
36.355,3.447945
36.36,3.447698
36.365,3.447432
36.37,3.447142
36.375,3.446839
36.38,3.446502
36.385,3.446138
36.39,3.445743
36.395,3.445319
36.4,3.444874
36.405,3.444416
36.41,3.443966
36.415,3.443523
36.42,3.443108
36.425,3.442731
36.43,3.442369
36.435,3.442028
36.44,3.441705
36.445,3.441413
36.45,3.441148
36.455,3.440905
36.46,3.440681
36.465,3.440452
36.47,3.440194
36.475,3.439913
36.48,3.439611
36.485,3.439293
36.49,3.438964
36.495,3.438632
36.5,3.438333
36.505,3.438063
36.51,3.437827
36.515,3.437644
36.52,3.437525
36.525,3.437464
36.53,3.437448
36.535,3.437457
36.54,3.437475
36.545,3.437493
36.55,3.437505
36.555,3.43751
36.56,3.43751
36.565,3.437507
36.57,3.437504
36.575,3.437501
36.58,3.4375
36.585,3.437534
36.59,3.437624
36.595,3.437748
36.6,3.437881
36.605,3.438039
36.61,3.438233
36.615,3.438473
36.62,3.438759
36.625,3.439076
36.63,3.439411
36.635,3.439763
36.64,3.440139
36.645,3.440558
36.65,3.441043
36.655,3.441582
36.66,3.442141
36.665,3.442688
36.67,3.4432
36.675,3.443666
36.68,3.444093
36.685,3.444483
36.69,3.444845
36.695,3.445192
36.7,3.445516
36.705,3.445824
36.71,3.446102
36.715,3.446335
36.72,3.446548
36.725,3.446737
36.73,3.446918
36.735,3.447105
36.74,3.447295
36.745,3.447503
36.75,3.447719
36.755,3.447952
36.76,3.448186
36.765,3.448429
36.77,3.448667
36.775,3.44891
36.78,3.449147
36.785,3.449385
36.79,3.449627
36.795,3.449886
36.8,3.450155
36.805,3.450435
36.81,3.45069
36.815,3.450884
36.82,3.451005
36.825,3.45106
36.83,3.451086
36.835,3.451144
36.84,3.451236
36.845,3.451339
36.85,3.451429
36.855,3.451491
36.86,3.451523
36.865,3.451532
36.87,3.451527
36.875,3.451516
36.88,3.451505
36.885,3.451498
36.89,3.451495
36.895,3.451494
36.9,3.451496
36.905,3.451498
36.91,3.451499
36.915,3.4515
36.92,3.451468
36.925,3.451369
36.93,3.451184
36.935,3.450932
36.94,3.450635
36.945,3.45033
36.95,3.450029
36.955,3.449764
36.96,3.449522
36.965,3.449281
36.97,3.449006
36.975,3.448688
36.98,3.448322
36.985,3.447911
36.99,3.447469
36.995,3.447003
37,3.446533
37.005,3.446062
37.01,3.445618
37.015,3.445203
37.02,3.444804
37.025,3.444421
37.03,3.444053
37.035,3.443694
37.04,3.443341
37.045,3.443005
37.05,3.442685
37.055,3.442392
37.06,3.442118
37.065,3.441855
37.07,3.441587
37.075,3.441305
37.08,3.441002
37.085,3.440668
37.09,3.440302
37.095,3.439925
37.1,3.439563
37.105,3.439265
37.11,3.43906
37.115,3.438949
37.12,3.438912
37.125,3.438922
37.13,3.438952
37.135,3.438983
37.14,3.439005
37.145,3.439015
37.15,3.43899
37.155,3.438903
37.16,3.438776
37.165,3.438657
37.17,3.438609
37.175,3.438649
37.18,3.438746
37.185,3.438857
37.19,3.43895
37.195,3.43901
37.2,3.439038
37.205,3.439064
37.21,3.439135
37.215,3.439277
37.22,3.439501
37.225,3.439802
37.23,3.440159
37.235,3.440526
37.24,3.440887
37.245,3.441254
37.25,3.441648
37.255,3.44208
37.26,3.442559
37.265,3.443075
37.27,3.443618
37.275,3.444167
37.28,3.444715
37.285,3.445239
37.29,3.445719
37.295,3.446129
37.3,3.446477
37.305,3.446786
37.31,3.447065
37.315,3.447327
37.32,3.447581
37.325,3.447842
37.33,3.448097
37.335,3.448346
37.34,3.448587
37.345,3.448813
37.35,3.449039
37.355,3.449253
37.36,3.449472
37.365,3.449694
37.37,3.449932
37.375,3.45017
37.38,3.450416
37.385,3.450659
37.39,3.450909
37.395,3.451162
37.4,3.451424
37.405,3.451691
37.41,3.451962
37.415,3.452206
37.42,3.452391
37.425,3.452506
37.43,3.452557
37.435,3.452574
37.44,3.45262
37.445,3.452707
37.45,3.452812
37.455,3.452909
37.46,3.45298
37.465,3.453019
37.47,3.453033
37.475,3.45303
37.48,3.453019
37.485,3.453008
37.49,3.452999
37.495,3.452995
37.5,3.452994
37.505,3.452995
37.51,3.452997
37.515,3.452992
37.52,3.452938
37.525,3.452818
37.53,3.452613
37.535,3.452326
37.54,3.452002
37.545,3.451668
37.55,3.451365
37.555,3.451099
37.56,3.450861
37.565,3.450632
37.57,3.450369
37.575,3.450057
37.58,3.449676
37.585,3.449245
37.59,3.448766
37.595,3.448273
37.6,3.447786
37.605,3.447317
37.61,3.446882
37.615,3.446466
37.62,3.44607
37.625,3.445694
37.63,3.445355
37.635,3.445035
37.64,3.444713
37.645,3.444382
37.65,3.444055
37.655,3.443748
37.66,3.443462
37.665,3.443201
37.67,3.442947
37.675,3.442682
37.68,3.442401
37.685,3.442101
37.69,3.441784
37.695,3.441453
37.7,3.441119
37.705,3.440825
37.71,3.440608
37.715,3.440479
37.72,3.440425
37.725,3.440422
37.73,3.440446
37.735,3.440475
37.74,3.440498
37.745,3.440512
37.75,3.440516
37.755,3.440514
37.76,3.440509
37.765,3.440504
37.77,3.4405
37.775,3.440498
37.78,3.440498
37.785,3.440498
37.79,3.440499
37.795,3.440517
37.8,3.44059
37.805,3.440719
37.81,3.440915
37.815,3.441183
37.82,3.441519
37.825,3.441886
37.83,3.442261
37.835,3.44263
37.84,3.442997
37.845,3.44339
37.85,3.443843
37.855,3.444373
37.86,3.444969
37.865,3.445586
37.87,3.44617
37.875,3.44669
37.88,3.447147
37.885,3.447551
37.89,3.44791
37.895,3.448232
37.9,3.448526
37.905,3.448803
37.91,3.449079
37.915,3.449366
37.92,3.449644
37.925,3.449916
37.93,3.450165
37.935,3.45039
37.94,3.450605
37.945,3.450815
37.95,3.451034
37.955,3.451253
37.96,3.451485
37.965,3.451724
37.97,3.451976
37.975,3.452229
37.98,3.45249
37.985,3.452762
37.99,3.453036
37.995,3.453307
38,3.453571
38.005,3.453833
38.01,3.454085
38.015,3.454296
38.02,3.454444
38.025,3.454528
38.03,3.454558
38.035,3.454555
38.04,3.454536
38.045,3.454538
38.05,3.454602
38.055,3.454714
38.06,3.454835
38.065,3.454936
38.07,3.455003
38.075,3.455035
38.08,3.45504
38.085,3.455031
38.09,3.455017
38.095,3.455004
38.1,3.454996
38.105,3.454981
38.11,3.454915
38.115,3.454804
38.12,3.454679
38.125,3.454529
38.13,3.454316
38.135,3.454029
38.14,3.453692
38.145,3.453372
38.15,3.453085
38.155,3.452809
38.16,3.452532
38.165,3.452245
38.17,3.451918
38.175,3.451544
38.18,3.451111
38.185,3.450629
38.19,3.450114
38.195,3.449592
38.2,3.449073
38.205,3.448584
38.21,3.448123
38.215,3.447689
38.22,3.447283
38.225,3.446918
38.23,3.44658
38.235,3.446246
38.24,3.445918
38.245,3.445597
38.25,3.445284
38.255,3.444986
38.26,3.444702
38.265,3.444428
38.27,3.444152
38.275,3.443884
38.28,3.443613
38.285,3.443346
38.29,3.443075
38.295,3.442805
38.3,3.442532
38.305,3.442253
38.31,3.441977
38.315,3.44174
38.32,3.441571
38.325,3.441473
38.33,3.441436
38.335,3.441438
38.34,3.441458
38.345,3.441482
38.35,3.441501
38.355,3.441511
38.36,3.441513
38.365,3.441511
38.37,3.441506
38.375,3.441502
38.38,3.4415
38.385,3.441498
38.39,3.4415
38.395,3.441539
38.4,3.441634
38.405,3.441767
38.41,3.441943
38.415,3.442165
38.42,3.442436
38.425,3.442751
38.43,3.443087
38.435,3.443427
38.44,3.443765
38.445,3.444122
38.45,3.444517
38.455,3.444965
38.46,3.445464
38.465,3.445992
38.47,3.446526
38.475,3.447051
38.48,3.447556
38.485,3.448042
38.49,3.448497
38.495,3.448909
38.5,3.449281
38.505,3.449615
38.51,3.449925
38.515,3.450203
38.52,3.450465
38.525,3.450703
38.53,3.450934
38.535,3.451158
38.54,3.451392
38.545,3.451634
38.55,3.451892
38.555,3.452145
38.56,3.452397
38.565,3.452643
38.57,3.452895
38.575,3.453136
38.58,3.45336
38.585,3.453578
38.59,3.453793
38.595,3.454017
38.6,3.454248
38.605,3.454491
38.61,3.45474
38.615,3.454997
38.62,3.455227
38.625,3.455401
38.63,3.455508
38.635,3.455555
38.64,3.455561
38.645,3.455575
38.65,3.455639
38.655,3.455742
38.66,3.455852
38.665,3.455943
38.67,3.456003
38.675,3.456031
38.68,3.456036
38.685,3.456027
38.69,3.456015
38.695,3.456004
38.7,3.455997
38.705,3.455993
38.71,3.455959
38.715,3.45587
38.72,3.455746
38.725,3.455586
38.73,3.45538
38.735,3.455126
38.74,3.454849
38.745,3.454561
38.75,3.454296
38.755,3.45405
38.76,3.453819
38.765,3.45358
38.77,3.453312
38.775,3.453002
38.78,3.452634
38.785,3.452218
38.79,3.45176
38.795,3.451282
38.8,3.450788
38.805,3.450296
38.81,3.449824
38.815,3.449369
38.82,3.448945
38.825,3.448554
38.83,3.448191
38.835,3.447854
38.84,3.447539
38.845,3.447242
38.85,3.446963
38.855,3.446702
38.86,3.446451
38.865,3.446212
38.87,3.445974
38.875,3.445742
38.88,3.445506
38.885,3.445272
38.89,3.44503
38.895,3.444793
38.9,3.44455
38.905,3.444308
38.91,3.444057
38.915,3.443816
38.92,3.443575
38.925,3.443347
38.93,3.443161
38.935,3.443034
38.94,3.442966
38.945,3.442945
38.95,3.442952
38.955,3.442971
38.96,3.44299
38.965,3.443003
38.97,3.44301
38.975,3.443011
38.98,3.443008
38.985,3.443018
38.99,3.443081
38.995,3.443193
39,3.443317
39.005,3.443454
39.01,3.443621
39.015,3.443841
39.02,3.444124
39.025,3.444441
39.03,3.444771
39.035,3.445098
39.04,3.445427
39.045,3.445766
39.05,3.446125
39.055,3.446524
39.06,3.446978
39.065,3.447485
39.07,3.448031
39.075,3.448593
39.08,3.449149
39.085,3.449673
39.09,3.450133
39.095,3.450521
39.1,3.45085
39.105,3.451133
39.11,3.451397
39.115,3.451644
39.12,3.451891
39.125,3.452136
39.13,3.452391
39.135,3.452642
39.14,3.452899
39.145,3.453143
39.15,3.453373
39.155,3.453595
39.16,3.453807
39.165,3.454025
39.17,3.454243
39.175,3.454474
39.18,3.45471
39.185,3.45496
39.19,3.455218
39.195,3.455483
39.2,3.455729
39.205,3.455966
39.21,3.456183
39.215,3.456357
39.22,3.456473
39.225,3.456533
39.23,3.456551
39.235,3.456544
39.24,3.456526
39.245,3.456508
39.25,3.456496
39.255,3.456516
39.26,3.456599
39.265,3.456721
39.27,3.456847
39.275,3.456948
39.28,3.457011
39.285,3.457039
39.29,3.457041
39.295,3.45703
39.3,3.457014
39.305,3.456966
39.31,3.456867
39.315,3.456741
39.32,3.456622
39.325,3.456532
39.33,3.45645
39.335,3.456311
39.34,3.456101
39.345,3.455837
39.35,3.455546
39.355,3.455276
39.36,3.455027
39.365,3.454802
39.37,3.454579
39.375,3.454335
39.38,3.454057
39.385,3.453736
39.39,3.453369
39.395,3.452961
39.4,3.452512
39.405,3.452052
39.41,3.451583
39.415,3.451125
39.42,3.450674
39.425,3.450239
39.43,3.44984
39.435,3.449466
39.44,3.449111
39.445,3.448778
39.45,3.448472
39.455,3.4482
39.46,3.447949
39.465,3.447725
39.47,3.447507
39.475,3.4473
39.48,3.447091
39.485,3.446875
39.49,3.446637
39.495,3.446394
39.5,3.446143
39.505,3.445899
39.51,3.445676
39.515,3.445459
39.52,3.445263
39.525,3.445111
39.53,3.445012
39.535,3.444964
39.54,3.444952
39.545,3.444962
39.55,3.444979
39.555,3.444995
39.56,3.445005
39.565,3.445009
39.57,3.445009
39.575,3.445006
39.58,3.445003
39.585,3.445001
39.59,3.44501
39.595,3.445073
39.6,3.445184
39.605,3.445311
39.61,3.445444
39.615,3.445604
39.62,3.445814
39.625,3.446096
39.63,3.446415
39.635,3.446738
39.64,3.447053
39.645,3.447364
39.65,3.447671
39.655,3.448002
39.66,3.44838
39.665,3.448822
39.67,3.449321
39.675,3.449853
39.68,3.450371
39.685,3.450855
39.69,3.451297
39.695,3.451695
39.7,3.452043
39.705,3.45235
39.71,3.45262
39.715,3.452867
39.72,3.4531
39.725,3.453321
39.73,3.453545
39.735,3.453761
39.74,3.453985
39.745,3.454201
39.75,3.454418
39.755,3.454632
39.76,3.454843
39.765,3.455059
39.77,3.45527
39.775,3.455491
39.78,3.455711
39.785,3.455942
39.79,3.456178
39.795,3.456427
39.8,3.456667
39.805,3.456901
39.81,3.457126
39.815,3.457314
39.82,3.457447
39.825,3.457523
39.83,3.457551
39.835,3.457548
39.84,3.457532
39.845,3.457513
39.85,3.457499
39.855,3.457491
39.86,3.457498
39.865,3.457557
39.87,3.457668
39.875,3.457797
39.88,3.45791
39.885,3.457989
39.89,3.458031
39.895,3.458033
39.9,3.457972
39.905,3.457854
39.91,3.457716
39.915,3.457595
39.92,3.457511
39.925,3.457467
39.93,3.45745
39.935,3.457406
39.94,3.457286
39.945,3.457085
39.95,3.456823
39.955,3.456532
39.96,3.45626
39.965,3.456005
39.97,3.455778
39.975,3.455561
39.98,3.455313
39.985,3.455027
39.99,3.454692
39.995,3.454312
40,3.453899
40.005,3.453457
40.01,3.453009
40.015,3.452552
40.02,3.452104
40.025,3.451659
40.03,3.451228
40.035,3.450828
40.04,3.450436
40.045,3.450064
40.05,3.449716
40.055,3.449404
40.06,3.449121
40.065,3.448867
40.07,3.44863
40.075,3.448403
40.08,3.44818
40.085,3.447954
40.09,3.447742
40.095,3.447527
40.1,3.447322
40.105,3.447141
40.11,3.446959
40.115,3.446783
40.12,3.446637
40.125,3.446511
40.13,3.446374
40.135,3.446235
40.14,3.446115
40.145,3.44603
40.15,3.445982
40.155,3.445965
40.16,3.445967
40.165,3.445979
40.17,3.445991
40.175,3.446002
40.18,3.446037
40.185,3.446126
40.19,3.446247
40.195,3.446366
40.2,3.446458
40.205,3.446523
40.21,3.446606
40.215,3.446738
40.22,3.446936
40.225,3.447202
40.23,3.447498
40.235,3.447803
40.24,3.448104
40.245,3.44841
40.25,3.448735
40.255,3.449097
40.26,3.449521
40.265,3.450003
40.27,3.45053
40.275,3.451072
40.28,3.451598
40.285,3.452095
40.29,3.452546
40.295,3.45294
40.3,3.453271
40.305,3.453554
40.31,3.453798
40.315,3.45403
40.32,3.454245
40.325,3.454465
40.33,3.45468
40.335,3.454903
40.34,3.455126
40.345,3.455352
40.35,3.455581
40.355,3.455807
40.36,3.456037
40.365,3.456259
40.37,3.456487
40.375,3.456703
40.38,3.456919
40.385,3.457134
40.39,3.457357
40.395,3.457589
40.4,3.457839
40.405,3.458094
40.41,3.458357
40.415,3.45861
40.42,3.458818
40.425,3.458961
40.43,3.459038
40.435,3.459066
40.44,3.459104
40.445,3.459183
40.45,3.459286
40.455,3.459387
40.46,3.459464
40.465,3.459511
40.47,3.459531
40.475,3.459531
40.48,3.459522
40.485,3.45951
40.49,3.459501
40.495,3.459496
40.5,3.459494
40.505,3.459495
40.51,3.459497
40.515,3.459479
40.52,3.459404
40.525,3.459287
40.53,3.459134
40.535,3.458939
40.54,3.458694
40.545,3.45842
40.55,3.458127
40.555,3.457854
40.56,3.457616
40.565,3.457397
40.57,3.457168
40.575,3.456886
40.58,3.456536
40.585,3.456118
40.59,3.45566
40.595,3.455172
40.6,3.454673
40.605,3.454176
40.61,3.45371
40.615,3.453294
40.62,3.452905
40.625,3.452539
40.63,3.45219
40.635,3.451868
40.64,3.451561
40.645,3.451254
40.65,3.45094
40.655,3.45062
40.66,3.450304
40.665,3.449995
40.67,3.449688
40.675,3.449385
40.68,3.449085
40.685,3.448791
40.69,3.448506
40.695,3.448244
40.7,3.447994
40.705,3.447774
40.71,3.447597
40.715,3.447429
40.72,3.447269
40.725,3.447135
40.73,3.44704
40.735,3.446986
40.74,3.446965
40.745,3.446966
40.75,3.446977
40.755,3.446991
40.76,3.447001
40.765,3.447006
40.77,3.447007
40.775,3.447006
40.78,3.447004
40.785,3.447007
40.79,3.447058
40.795,3.447163
40.8,3.447288
40.805,3.447429
40.81,3.447601
40.815,3.447821
40.82,3.448094
40.825,3.4484
40.83,3.448718
40.835,3.449032
40.84,3.449348
40.845,3.44969
40.85,3.450077
40.855,3.450528
40.86,3.451039
40.865,3.451595
40.87,3.452158
40.875,3.452686
40.88,3.453146
40.885,3.453538
40.89,3.45388
40.895,3.454186
40.9,3.454473
40.905,3.454745
40.91,3.455009
40.915,3.455263
40.92,3.455516
40.925,3.45576
40.93,3.456005
40.935,3.456245
40.94,3.456489
40.945,3.456719
40.95,3.456947
40.955,3.457169
40.96,3.457398
40.965,3.457628
40.97,3.457865
40.975,3.458102
40.98,3.458337
40.985,3.458571
40.99,3.458803
40.995,3.45904
41,3.459293
41.005,3.459568
41.01,3.459866
41.015,3.460144
41.02,3.460368
41.025,3.460563
41.03,3.460735
41.035,3.460872
41.04,3.460983
41.045,3.461107
41.05,3.461241
41.055,3.461363
41.06,3.461454
41.065,3.461509
41.07,3.461533
41.075,3.461534
41.08,3.461524
41.085,3.461511
41.09,3.461471
41.095,3.461378
41.1,3.461254
41.105,3.461134
41.11,3.461041
41.115,3.460972
41.12,3.460872
41.125,3.460694
41.13,3.460433
41.135,3.460121
41.14,3.459822
41.145,3.459545
41.15,3.459286
41.155,3.459028
41.16,3.458756
41.165,3.458436
41.17,3.458064
41.175,3.45763
41.18,3.457147
41.185,3.456627
41.19,3.456099
41.195,3.455576
41.2,3.455083
41.205,3.454615
41.21,3.454174
41.215,3.453763
41.22,3.453383
41.225,3.453019
41.23,3.452663
41.235,3.452319
41.24,3.451997
41.245,3.4517
41.25,3.451425
41.255,3.451161
41.26,3.450901
41.265,3.450629
41.27,3.450342
41.275,3.450043
41.28,3.449735
41.285,3.449422
41.29,3.449102
41.295,3.448774
41.3,3.448433
41.305,3.448093
41.31,3.4478
41.315,3.447589
41.32,3.447468
41.325,3.447421
41.33,3.447423
41.335,3.447448
41.34,3.447478
41.345,3.447501
41.35,3.447513
41.355,3.447516
41.36,3.447513
41.365,3.447508
41.37,3.447503
41.375,3.4475
41.38,3.447498
41.385,3.447498
41.39,3.447524
41.395,3.447608
41.4,3.44776
41.405,3.447984
41.41,3.448278
41.415,3.448627
41.42,3.448987
41.425,3.449342
41.43,3.449701
41.435,3.450077
41.44,3.450502
41.445,3.450986
41.45,3.451526
41.455,3.452093
41.46,3.452647
41.465,3.453164
41.47,3.45364
41.475,3.454061
41.48,3.454433
41.485,3.454768
41.49,3.455088
41.495,3.455409
41.5,3.455741
41.505,3.45607
41.51,3.456393
41.515,3.456698
41.52,3.45699
41.525,3.457273
41.53,3.457546
41.535,3.457813
41.54,3.458074
41.545,3.458333
41.55,3.45859
41.555,3.458851
41.56,3.459106
41.565,3.459357
41.57,3.459606
41.575,3.459866
41.58,3.460131
41.585,3.460406
41.59,3.46068
41.595,3.460954
41.6,3.461219
41.605,3.461482
41.61,3.461715
41.615,3.461892
41.62,3.462004
41.625,3.462095
41.63,3.462199
41.635,3.462308
41.64,3.462404
41.645,3.462498
41.65,3.462619
41.655,3.462754
41.66,3.462876
41.665,3.462965
41.67,3.463017
41.675,3.463037
41.68,3.463035
41.685,3.46302
41.69,3.462961
41.695,3.462851
41.7,3.46272
41.705,3.462603
41.71,3.462518
41.715,3.462435
41.72,3.462305
41.725,3.462082
41.73,3.461775
41.735,3.461454
41.74,3.46117
41.745,3.460913
41.75,3.460656
41.755,3.46037
41.76,3.460045
41.765,3.459664
41.77,3.459225
41.775,3.458734
41.78,3.458203
41.785,3.457652
41.79,3.457095
41.795,3.456554
41.8,3.456034
41.805,3.455547
41.81,3.455101
41.815,3.454686
41.82,3.454292
41.825,3.45393
41.83,3.453597
41.835,3.453299
41.84,3.453023
41.845,3.452771
41.85,3.452525
41.855,3.452273
41.86,3.452013
41.865,3.451757
41.87,3.451501
41.875,3.451248
41.88,3.450992
41.885,3.450729
41.89,3.450458
41.895,3.450171
41.9,3.449884
41.905,3.449594
41.91,3.449319
41.915,3.44905
41.92,3.44881
41.925,3.448625
41.93,3.448508
41.935,3.448452
41.94,3.448441
41.945,3.448454
41.95,3.448475
41.955,3.448495
41.96,3.448507
41.965,3.448512
41.97,3.448511
41.975,3.448508
41.98,3.448504
41.985,3.448512
41.99,3.448575
41.995,3.448687
42,3.448839
42.005,3.44904
42.01,3.4493
42.015,3.449617
42.02,3.449963
42.025,3.450321
42.03,3.450682
42.035,3.451048
42.04,3.451442
42.045,3.451878
42.05,3.452357
42.055,3.452854
42.06,3.453355
42.065,3.453845
42.07,3.454314
42.075,3.454766
42.08,3.455201
42.085,3.455621
42.09,3.456042
42.095,3.456457
42.1,3.456856
42.105,3.457237
42.11,3.457612
42.115,3.45797
42.12,3.45831
42.125,3.45863
42.13,3.458937
42.135,3.459225
42.14,3.459502
42.145,3.459771
42.15,3.460036
42.155,3.460301
42.16,3.460562
42.165,3.460818
42.17,3.461068
42.175,3.461303
42.18,3.461536
42.185,3.46177
42.19,3.462015
42.195,3.462272
42.2,3.462538
42.205,3.462815
42.21,3.463083
42.215,3.463305
42.22,3.463458
42.225,3.463561
42.23,3.463665
42.235,3.463775
42.24,3.463876
42.245,3.463953
42.25,3.464003
42.255,3.464058
42.26,3.464151
42.265,3.464267
42.27,3.464377
42.275,3.464459
42.28,3.464469
42.285,3.464394
42.29,3.46427
42.295,3.464142
42.3,3.464041
42.305,3.46398
42.31,3.463951
42.315,3.463904
42.32,3.463803
42.325,3.463607
42.33,3.463315
42.335,3.462996
42.34,3.462692
42.345,3.462411
42.35,3.462135
42.355,3.461837
42.36,3.461506
42.365,3.461117
42.37,3.46066
42.375,3.460129
42.38,3.459544
42.385,3.458932
42.39,3.458326
42.395,3.45775
42.4,3.457206
42.405,3.456697
42.41,3.456218
42.415,3.455768
42.42,3.455355
42.425,3.454987
42.43,3.454654
42.435,3.454354
42.44,3.454069
42.445,3.453807
42.45,3.453553
42.455,3.453303
42.46,3.453046
42.465,3.452795
42.47,3.452539
42.475,3.452266
42.48,3.451984
42.485,3.451699
42.49,3.45142
42.495,3.451144
42.5,3.450881
42.505,3.450623
42.51,3.450375
42.515,3.450128
42.52,3.44989
42.525,3.449691
42.53,3.449551
42.535,3.449472
42.54,3.449444
42.545,3.449448
42.55,3.449467
42.555,3.449487
42.56,3.449502
42.565,3.44951
42.57,3.449511
42.575,3.449509
42.58,3.449505
42.585,3.449529
42.59,3.44961
42.595,3.44973
42.6,3.449861
42.605,3.450022
42.61,3.450232
42.615,3.450499
42.62,3.450815
42.625,3.451158
42.63,3.451512
42.635,3.451867
42.64,3.452225
42.645,3.452608
42.65,3.453022
42.655,3.453474
42.66,3.453953
42.665,3.454451
42.67,3.454952
42.675,3.455452
42.68,3.455943
42.685,3.456408
42.69,3.456849
42.695,3.457276
42.7,3.457689
42.705,3.458092
42.71,3.458487
42.715,3.458868
42.72,3.459229
42.725,3.459565
42.73,3.459883
42.735,3.460183
42.74,3.460471
42.745,3.460749
42.75,3.461019
42.755,3.461281
42.76,3.461537
42.765,3.46178
42.77,3.46202
42.775,3.46225
42.78,3.462485
42.785,3.462715
42.79,3.462954
42.795,3.463195
42.8,3.463448
42.805,3.463697
42.81,3.463951
42.815,3.464185
42.82,3.464369
42.825,3.464488
42.83,3.464547
42.835,3.464595
42.84,3.464673
42.845,3.464775
42.85,3.464876
42.855,3.464955
42.86,3.465005
42.865,3.465028
42.87,3.465031
42.875,3.465023
42.88,3.465012
42.885,3.465002
42.89,3.464996
42.895,3.464994
42.9,3.464995
42.905,3.464977
42.91,3.464903
42.915,3.464781
42.92,3.464601
42.925,3.46435
42.93,3.464029
42.935,3.463672
42.94,3.463348
42.945,3.4631
42.95,3.462901
42.955,3.462697
42.96,3.462449
42.965,3.462136
42.97,3.46174
42.975,3.461253
42.98,3.460695
42.985,3.460084
42.99,3.459456
42.995,3.458841
43,3.45827
43.005,3.457754
43.01,3.457288
43.015,3.45686
43.02,3.456477
43.025,3.456131
43.03,3.455829
43.035,3.455553
43.04,3.4553
43.045,3.455049
43.05,3.454806
43.055,3.454558
43.06,3.454313
43.065,3.454062
43.07,3.453823
43.075,3.453586
43.08,3.453357
43.085,3.453128
43.09,3.452892
43.095,3.452639
43.1,3.452384
43.105,3.452123
43.11,3.451875
43.115,3.451652
43.12,3.451438
43.125,3.451248
43.13,3.451101
43.135,3.451008
43.14,3.450963
43.145,3.450954
43.15,3.450964
43.155,3.450981
43.16,3.450996
43.165,3.451005
43.17,3.451009
43.175,3.451009
43.18,3.451006
43.185,3.45101
43.19,3.451063
43.195,3.451168
43.2,3.451293
43.205,3.451434
43.21,3.451606
43.215,3.451827
43.22,3.4521
43.225,3.452408
43.23,3.452733
43.235,3.453057
43.24,3.453376
43.245,3.453692
43.25,3.454029
43.255,3.454408
43.26,3.454851
43.265,3.455347
43.27,3.45588
43.275,3.456426
43.28,3.456975
43.285,3.45752
43.29,3.458051
43.295,3.458551
43.3,3.459008
43.305,3.459433
43.31,3.459833
43.315,3.460209
43.32,3.460556
43.325,3.46088
43.33,3.461172
43.335,3.461449
43.34,3.461706
43.345,3.461959
43.35,3.462205
43.355,3.462456
43.36,3.462693
43.365,3.462926
43.37,3.46315
43.375,3.463368
43.38,3.463587
43.385,3.463797
43.39,3.464014
43.395,3.464246
43.4,3.464497
43.405,3.464767
43.41,3.46504
43.415,3.465273
43.42,3.465439
43.425,3.465533
43.43,3.465567
43.435,3.465572
43.44,3.46561
43.445,3.465695
43.45,3.465802
43.455,3.465903
43.46,3.465977
43.465,3.466019
43.47,3.466034
43.475,3.466032
43.48,3.466021
43.485,3.466009
43.49,3.466
43.495,3.465995
43.5,3.465994
43.505,3.465973
43.51,3.465897
43.515,3.465778
43.52,3.465615
43.525,3.465393
43.53,3.465114
43.535,3.464789
43.54,3.464466
43.545,3.464195
43.55,3.463964
43.555,3.463745
43.56,3.463511
43.565,3.463246
43.57,3.46293
43.575,3.462548
43.58,3.462097
43.585,3.461578
43.59,3.460991
43.595,3.460367
43.6,3.459737
43.605,3.459143
43.61,3.458611
43.615,3.458144
43.62,3.45773
43.625,3.457372
43.63,3.457053
43.635,3.456767
43.64,3.456498
43.645,3.456233
43.65,3.455971
43.655,3.45572
43.66,3.455473
43.665,3.455237
43.67,3.454999
43.675,3.454769
43.68,3.454531
43.685,3.454285
43.69,3.454027
43.695,3.453779
43.7,3.453533
43.705,3.453308
43.71,3.453118
43.715,3.452936
43.72,3.452765
43.725,3.452623
43.73,3.452485
43.735,3.452336
43.74,3.452194
43.745,3.452081
43.75,3.452007
43.755,3.451971
43.76,3.451962
43.765,3.45197
43.77,3.451983
43.775,3.452005
43.78,3.452074
43.785,3.452188
43.79,3.452313
43.795,3.452421
43.8,3.4525
43.805,3.45259
43.81,3.452722
43.815,3.452917
43.82,3.45318
43.825,3.453487
43.83,3.453818
43.835,3.454144
43.84,3.45446
43.845,3.45478
43.85,3.455134
43.855,3.455556
43.86,3.456046
43.865,3.456594
43.87,3.457178
43.875,3.457777
43.88,3.458354
43.885,3.4589
43.89,3.459399
43.895,3.459855
43.9,3.460282
43.905,3.460694
43.91,3.46108
43.915,3.461437
43.92,3.461762
43.925,3.462057
43.93,3.462334
43.935,3.462593
43.94,3.462847
43.945,3.463092
43.95,3.463331
43.955,3.463566
43.96,3.463784
43.965,3.464002
43.97,3.464214
43.975,3.464434
43.98,3.464656
43.985,3.464888
43.99,3.465122
43.995,3.465361
44,3.465612
44.005,3.46588
44.01,3.466138
44.015,3.466344
44.02,3.466481
44.025,3.46655
44.03,3.466568
44.035,3.466564
44.04,3.4666
44.045,3.466687
44.05,3.466798
44.055,3.466901
44.06,3.466978
44.065,3.467021
44.07,3.467036
44.075,3.467033
44.08,3.467021
44.085,3.467009
44.09,3.466999
44.095,3.466995
44.1,3.466993
44.105,3.466991
44.11,3.466949
44.115,3.466852
44.12,3.466707
44.125,3.466507
44.13,3.46625
44.135,3.46595
44.14,3.465627
44.145,3.465334
44.15,3.465093
44.155,3.464879
44.16,3.464655
44.165,3.46441
44.17,3.464125
44.175,3.463786
44.18,3.463381
44.185,3.46292
44.19,3.46241
44.195,3.46186
44.2,3.461276
44.205,3.460674
44.21,3.460086
44.215,3.459536
44.22,3.459041
44.225,3.458611
44.23,3.458242
44.235,3.457928
44.24,3.457651
44.245,3.457399
44.25,3.457154
44.255,3.456912
44.26,3.456663
44.265,3.456413
44.27,3.456157
44.275,3.455906
44.28,3.455662
44.285,3.455422
44.29,3.455189
44.295,3.454954
44.3,3.454731
44.305,3.454504
44.31,3.454278
44.315,3.454042
44.32,3.453818
44.325,3.453624
44.33,3.453437
44.335,3.453262
44.34,3.453121
44.345,3.453026
44.35,3.452975
44.355,3.452959
44.36,3.452964
44.365,3.452978
44.37,3.452993
44.375,3.453003
44.38,3.453007
44.385,3.453008
44.39,3.453018
44.395,3.453081
44.4,3.453192
44.405,3.453316
44.41,3.453455
44.415,3.453621
44.42,3.453831
44.425,3.454088
44.43,3.454382
44.435,3.454692
44.44,3.455
44.445,3.455298
44.45,3.455593
44.455,3.455919
44.46,3.456304
44.465,3.456774
44.47,3.45733
44.475,3.457947
44.48,3.458578
44.485,3.459191
44.49,3.459763
44.495,3.460278
44.5,3.460737
44.505,3.461158
44.51,3.46155
44.515,3.461914
44.52,3.462253
44.525,3.462563
44.53,3.462853
44.535,3.463123
44.54,3.463384
44.545,3.463632
44.55,3.463877
44.555,3.464114
44.56,3.46435
44.565,3.464585
44.57,3.464812
44.575,3.46504
44.58,3.465251
44.585,3.465461
44.59,3.465668
44.595,3.465887
44.6,3.466113
44.605,3.466356
44.61,3.466598
44.615,3.466804
44.62,3.46695
44.625,3.467031
44.63,3.46706
44.635,3.467055
44.64,3.467036
44.645,3.467014
44.65,3.466998
44.655,3.46699
44.66,3.466988
44.665,3.467009
44.67,3.467083
44.675,3.467199
44.68,3.467325
44.685,3.46743
44.69,3.467498
44.695,3.467493
44.7,3.467405
44.705,3.467273
44.71,3.46714
44.715,3.467038
44.72,3.46697
44.725,3.466891
44.73,3.466775
44.735,3.466599
44.74,3.466377
44.745,3.466114
44.75,3.465855
44.755,3.465611
44.76,3.465382
44.765,3.46517
44.77,3.464956
44.775,3.464733
44.78,3.464458
44.785,3.464126
44.79,3.463724
44.795,3.463262
44.8,3.462754
44.805,3.462218
44.81,3.461678
44.815,3.461139
44.82,3.460615
44.825,3.46011
44.83,3.459643
44.835,3.459222
44.84,3.458868
44.845,3.458565
44.85,3.458295
44.855,3.458036
44.86,3.457793
44.865,3.457549
44.87,3.457316
44.875,3.457079
44.88,3.456847
44.885,3.456609
44.89,3.456373
44.895,3.456129
44.9,3.45589
44.905,3.455662
44.91,3.455437
44.915,3.455236
44.92,3.455044
44.925,3.454854
44.93,3.454688
44.935,3.454566
44.94,3.454492
44.945,3.45446
44.95,3.454457
44.955,3.45447
44.96,3.454486
44.965,3.454499
44.97,3.454506
44.975,3.454509
44.98,3.454508
44.985,3.454526
44.99,3.454602
44.995,3.454718
45,3.454842
45.005,3.454979
45.01,3.455141
45.015,3.455343
45.02,3.455594
45.025,3.455884
45.03,3.456197
45.035,3.45651
45.04,3.456818
45.045,3.457133
45.05,3.457489
45.055,3.457911
45.06,3.4584
45.065,3.458941
45.07,3.459516
45.075,3.460102
45.08,3.460676
45.085,3.461212
45.09,3.461693
45.095,3.462129
45.1,3.462524
45.105,3.462885
45.11,3.463212
45.115,3.46351
45.12,3.463781
45.125,3.464037
45.13,3.464276
45.135,3.464514
45.14,3.464737
45.145,3.464961
45.15,3.465174
45.155,3.465356
45.16,3.465531
45.165,3.465704
45.17,3.465885
45.175,3.466082
45.18,3.466296
45.185,3.466526
45.19,3.466758
45.195,3.466997
45.2,3.467232
45.205,3.467474
45.21,3.467701
45.215,3.46792
45.22,3.468131
45.225,3.468311
45.23,3.468441
45.235,3.468517
45.24,3.468547
45.245,3.468546
45.25,3.468531
45.255,3.468514
45.26,3.4685
45.265,3.468492
45.27,3.46849
45.275,3.468492
45.28,3.468495
45.285,3.468498
45.29,3.4685
45.295,3.468501
45.3,3.468502
45.305,3.468501
45.31,3.468501
45.315,3.4685
45.32,3.468499
45.325,3.468467
45.33,3.468372
45.335,3.468196
45.34,3.467956
45.345,3.467668
45.35,3.467378
45.355,3.467095
45.36,3.466838
45.365,3.466605
45.37,3.466386
45.375,3.466164
45.38,3.465916
45.385,3.465619
45.39,3.465255
45.395,3.46483
45.4,3.464351
45.405,3.463841
45.41,3.463315
45.415,3.462802
45.42,3.462315
45.425,3.461855
45.43,3.461426
45.435,3.461005
45.44,3.460595
45.445,3.460203
45.45,3.459835
45.455,3.459495
45.46,3.459175
45.465,3.458875
45.47,3.458583
45.475,3.45829
45.48,3.457996
45.485,3.457697
45.49,3.457407
45.495,3.457122
45.5,3.45686
45.505,3.45662
45.51,3.456393
45.515,3.456203
45.52,3.456065
45.525,3.455986
45.53,3.455953
45.535,3.455953
45.54,3.455968
45.545,3.455986
45.55,3.456
45.555,3.456008
45.56,3.45601
45.565,3.456008
45.57,3.456005
45.575,3.456002
45.58,3.456
45.585,3.455999
45.59,3.456014
45.595,3.456085
45.6,3.456209
45.605,3.456393
45.61,3.456635
45.615,3.456929
45.62,3.457262
45.625,3.457595
45.63,3.457921
45.635,3.458243
45.64,3.458572
45.645,3.458946
45.65,3.459396
45.655,3.459932
45.66,3.460537
45.665,3.461159
45.67,3.461758
45.675,3.462303
45.68,3.46278
45.685,3.463182
45.69,3.463527
45.695,3.463844
45.7,3.464149
45.705,3.464448
45.71,3.464731
45.715,3.465003
45.72,3.465242
45.725,3.465463
45.73,3.465668
45.735,3.465863
45.74,3.466063
45.745,3.46625
45.75,3.466431
45.755,3.466617
45.76,3.466792
45.765,3.466975
45.77,3.467163
45.775,3.467355
45.78,3.467559
45.785,3.467767
45.79,3.46799
45.795,3.468212
45.8,3.468443
45.805,3.468665
45.81,3.468853
45.815,3.469028
45.82,3.469198
45.825,3.469343
45.83,3.469448
45.835,3.46951
45.84,3.469536
45.845,3.469537
45.85,3.469526
45.855,3.469512
45.86,3.4695
45.865,3.469515
45.87,3.46959
45.875,3.469709
45.88,3.469834
45.885,3.469902
45.89,3.469877
45.895,3.469785
45.9,3.46967
45.905,3.469569
45.91,3.469499
45.915,3.469465
45.92,3.469457
45.925,3.46944
45.93,3.46937
45.935,3.469233
45.94,3.469031
45.945,3.468781
45.95,3.468508
45.955,3.468244
45.96,3.467989
45.965,3.467758
45.97,3.467535
45.975,3.467314
45.98,3.467063
45.985,3.466759
45.99,3.466396
45.995,3.465976
46,3.465518
46.005,3.465025
46.01,3.464513
46.015,3.464001
46.02,3.463507
46.025,3.463038
46.03,3.462607
46.035,3.462219
46.04,3.461862
46.045,3.461527
46.05,3.4612
46.055,3.460892
46.06,3.460594
46.065,3.460309
46.07,3.46003
46.075,3.459756
46.08,3.459486
46.085,3.459215
46.09,3.45895
46.095,3.458688
46.1,3.458433
46.105,3.45819
46.11,3.457951
46.115,3.45774
46.12,3.457544
46.125,3.457353
46.13,3.457187
46.135,3.457065
46.14,3.456992
46.145,3.456961
46.15,3.456958
46.155,3.45697
46.16,3.456986
46.165,3.456999
46.17,3.457006
46.175,3.457009
46.18,3.457009
46.185,3.457041
46.19,3.45713
46.195,3.457251
46.2,3.457371
46.205,3.457499
46.21,3.457656
46.215,3.457864
46.22,3.458126
46.225,3.458424
46.23,3.45874
46.235,3.459059
46.24,3.459383
46.245,3.459727
46.25,3.460116
46.255,3.460567
46.26,3.461084
46.265,3.46165
46.27,3.462228
46.275,3.462798
46.28,3.463329
46.285,3.463805
46.29,3.464224
46.295,3.464607
46.3,3.464955
46.305,3.465267
46.31,3.465548
46.315,3.4658
46.32,3.466038
46.325,3.46625
46.33,3.466453
46.335,3.46665
46.34,3.466825
46.345,3.466998
46.35,3.467173
46.355,3.467339
46.36,3.467518
46.365,3.467701
46.37,3.467897
46.375,3.468104
46.38,3.46831
46.385,3.468525
46.39,3.468739
46.395,3.468964
46.4,3.469192
46.405,3.469433
46.41,3.469665
46.415,3.469889
46.42,3.470107
46.425,3.470295
46.43,3.470433
46.435,3.470514
46.44,3.470547
46.445,3.470548
46.45,3.470534
46.455,3.470549
46.46,3.470624
46.465,3.470739
46.47,3.470857
46.475,3.470951
46.48,3.47101
46.485,3.471035
46.49,3.471003
46.495,3.470902
46.5,3.470765
46.505,3.470634
46.51,3.470534
46.515,3.470476
46.52,3.470424
46.525,3.470338
46.53,3.470189
46.535,3.469967
46.54,3.469683
46.545,3.469395
46.55,3.46914
46.555,3.468909
46.56,3.468704
46.565,3.468501
46.57,3.468288
46.575,3.468033
46.58,3.467726
46.585,3.467379
46.59,3.466986
46.595,3.46656
46.6,3.466101
46.605,3.465627
46.61,3.46514
46.615,3.464652
46.62,3.46417
46.625,3.463714
46.63,3.463303
46.635,3.462932
46.64,3.462586
46.645,3.462249
46.65,3.461933
46.655,3.461634
46.66,3.46136
46.665,3.461099
46.67,3.460853
46.675,3.460609
46.68,3.460369
46.685,3.460119
46.69,3.459876
46.695,3.459639
46.7,3.459408
46.705,3.459208
46.71,3.459024
46.715,3.458843
46.72,3.458685
46.725,3.458558
46.73,3.458426
46.735,3.458285
46.74,3.458156
46.745,3.458057
46.75,3.457996
46.755,3.457968
46.76,3.457965
46.765,3.457974
46.77,3.457987
46.775,3.457998
46.78,3.458005
46.785,3.45801
46.79,3.458055
46.795,3.458153
46.8,3.458276
46.805,3.458391
46.81,3.458506
46.815,3.458647
46.82,3.458839
46.825,3.459099
46.83,3.459405
46.835,3.459739
46.84,3.460075
46.845,3.460407
46.85,3.460753
46.855,3.461143
46.86,3.461591
46.865,3.462103
46.87,3.46266
46.875,3.463246
46.88,3.46383
46.885,3.464395
46.89,3.46491
46.895,3.465369
46.9,3.465783
46.905,3.466154
46.91,3.466486
46.915,3.466769
46.92,3.467023
46.925,3.467242
46.93,3.467445
46.935,3.467641
46.94,3.467823
46.945,3.468012
46.95,3.468203
46.955,3.468411
46.96,3.468627
46.965,3.468848
46.97,3.469075
46.975,3.469303
46.98,3.469538
46.985,3.469781
46.99,3.470032
46.995,3.470291
47,3.470551
47.005,3.470809
47.01,3.471062
47.015,3.471279
47.02,3.471434
47.025,3.471523
47.03,3.471558
47.035,3.471557
47.04,3.471567
47.045,3.471631
47.05,3.471736
47.055,3.471848
47.06,3.471942
47.065,3.472003
47.07,3.472032
47.075,3.472037
47.08,3.472028
47.085,3.472015
47.09,3.472004
47.095,3.471996
47.1,3.471993
47.105,3.471994
47.11,3.471988
47.115,3.471934
47.12,3.471824
47.125,3.471649
47.13,3.47142
47.135,3.471146
47.14,3.470848
47.145,3.470543
47.15,3.470274
47.155,3.470033
47.16,3.46981
47.165,3.469578
47.17,3.469335
47.175,3.469051
47.18,3.468711
47.185,3.468307
47.19,3.46785
47.195,3.467346
47.2,3.466823
47.205,3.466299
47.21,3.465792
47.215,3.465309
47.22,3.464844
47.225,3.464404
47.23,3.464
47.235,3.463626
47.24,3.463266
47.245,3.462924
47.25,3.462597
47.255,3.462289
47.26,3.461997
47.265,3.461724
47.27,3.461463
47.275,3.461212
47.28,3.460962
47.285,3.46071
47.29,3.460458
47.295,3.460215
47.3,3.459975
47.305,3.459756
47.31,3.459545
47.315,3.459342
47.32,3.459171
47.325,3.459044
47.33,3.458923
47.335,3.458793
47.34,3.458669
47.345,3.458571
47.35,3.458506
47.355,3.458475
47.36,3.458467
47.365,3.458474
47.37,3.458485
47.375,3.458496
47.38,3.458503
47.385,3.458521
47.39,3.45859
47.395,3.458703
47.4,3.458825
47.405,3.458937
47.41,3.459065
47.415,3.459224
47.42,3.459435
47.425,3.45971
47.43,3.460036
47.435,3.460389
47.44,3.460753
47.445,3.461109
47.45,3.461483
47.455,3.461899
47.46,3.462382
47.465,3.462928
47.47,3.463519
47.475,3.464117
47.48,3.464698
47.485,3.465238
47.49,3.46572
47.495,3.46614
47.5,3.466501
47.505,3.466823
47.51,3.467108
47.515,3.467371
47.52,3.467616
47.525,3.467855
47.53,3.468088
47.535,3.468299
47.54,3.468507
47.545,3.468709
47.55,3.468921
47.555,3.469139
47.56,3.46937
47.565,3.469607
47.57,3.469852
47.575,3.470098
47.58,3.470347
47.585,3.470594
47.59,3.470844
47.595,3.471092
47.6,3.471344
47.605,3.471605
47.61,3.471882
47.615,3.472144
47.62,3.472351
47.625,3.472487
47.63,3.472553
47.635,3.472569
47.64,3.472568
47.645,3.47261
47.65,3.472701
47.655,3.472812
47.66,3.472912
47.665,3.472984
47.67,3.473024
47.675,3.473036
47.68,3.473032
47.685,3.47302
47.69,3.473007
47.695,3.472999
47.7,3.472994
47.705,3.47298
47.71,3.472915
47.715,3.472796
47.72,3.472617
47.725,3.472388
47.73,3.472117
47.735,3.471824
47.74,3.471526
47.745,3.471261
47.75,3.471019
47.755,3.470796
47.76,3.470571
47.765,3.470335
47.77,3.470057
47.775,3.46972
47.78,3.469313
47.785,3.468848
47.79,3.468334
47.795,3.467792
47.8,3.467241
47.805,3.466716
47.81,3.466233
47.815,3.465787
47.82,3.465376
47.825,3.465004
47.83,3.464659
47.835,3.464323
47.84,3.463993
47.845,3.463663
47.85,3.463348
47.855,3.463046
47.86,3.462765
47.865,3.462496
47.87,3.462237
47.875,3.461981
47.88,3.461735
47.885,3.461489
47.89,3.461248
47.895,3.461003
47.9,3.460762
47.905,3.460516
47.91,3.460281
47.915,3.460044
47.92,3.459822
47.925,3.459644
47.93,3.4595
47.935,3.459357
47.94,3.459219
47.945,3.459105
47.95,3.459026
47.955,3.458982
47.96,3.458967
47.965,3.45897
47.97,3.458981
47.975,3.458993
47.98,3.459011
47.985,3.459076
47.99,3.459187
47.995,3.459311
48,3.459421
48.005,3.459535
48.01,3.459679
48.015,3.459879
48.02,3.460146
48.025,3.460475
48.03,3.460839
48.035,3.461218
48.04,3.461592
48.045,3.461979
48.05,3.462404
48.055,3.46289
48.06,3.463439
48.065,3.464039
48.07,3.464657
48.075,3.465257
48.08,3.465819
48.085,3.466319
48.09,3.466751
48.095,3.467115
48.1,3.467431
48.105,3.467711
48.11,3.467977
48.115,3.468231
48.12,3.468485
48.125,3.468741
48.13,3.469005
48.135,3.469284
48.14,3.469578
48.145,3.469883
48.15,3.470179
48.155,3.470465
48.16,3.470733
48.165,3.470992
48.17,3.471235
48.175,3.471478
48.18,3.47171
48.185,3.471945
48.19,3.47218
48.195,3.472427
48.2,3.472689
48.205,3.472968
48.21,3.473269
48.215,3.473562
48.22,3.473802
48.225,3.473965
48.23,3.474051
48.235,3.474107
48.24,3.474184
48.245,3.47428
48.25,3.474375
48.255,3.474451
48.26,3.474501
48.265,3.474524
48.27,3.474528
48.275,3.474522
48.28,3.474512
48.285,3.474503
48.29,3.474497
48.295,3.474495
48.3,3.474492
48.305,3.474452
48.31,3.474354
48.315,3.47419
48.32,3.473961
48.325,3.473675
48.33,3.473348
48.335,3.473018
48.34,3.472741
48.345,3.472526
48.35,3.472325
48.355,3.472088
48.36,3.471794
48.365,3.471434
48.37,3.471001
48.375,3.470505
48.38,3.469957
48.385,3.469379
48.39,3.468789
48.395,3.468216
48.4,3.46767
48.405,3.467157
48.41,3.466692
48.415,3.466282
48.42,3.465927
48.425,3.465606
48.43,3.4653
48.435,3.464995
48.44,3.464682
48.445,3.464362
48.45,3.464045
48.455,3.463739
48.46,3.463449
48.465,3.463169
48.47,3.462901
48.475,3.462635
48.48,3.462372
48.485,3.462103
48.49,3.461842
48.495,3.461581
48.5,3.461322
48.505,3.461057
48.51,3.460812
48.515,3.460579
48.52,3.46036
48.525,3.46017
48.53,3.459986
48.535,3.459807
48.54,3.459655
48.545,3.459546
48.55,3.459484
48.555,3.45946
48.56,3.459461
48.565,3.459474
48.57,3.459489
48.575,3.4595
48.58,3.459508
48.585,3.459547
48.59,3.45964
48.595,3.459761
48.6,3.459884
48.605,3.460029
48.61,3.460207
48.615,3.460447
48.62,3.460755
48.625,3.461116
48.63,3.461511
48.635,3.461915
48.64,3.462324
48.645,3.462767
48.65,3.463273
48.655,3.463853
48.66,3.464479
48.665,3.465119
48.67,3.46573
48.675,3.466275
48.68,3.466743
48.685,3.467154
48.69,3.467531
48.695,3.467885
48.7,3.468219
48.705,3.468536
48.71,3.468847
48.715,3.469156
48.72,3.469475
48.725,3.469811
48.73,3.470164
48.735,3.470519
48.74,3.470866
48.745,3.471186
48.75,3.471482
48.755,3.471753
48.76,3.472011
48.765,3.472253
48.77,3.472494
48.775,3.472734
48.78,3.472983
48.785,3.473247
48.79,3.473521
48.795,3.473808
48.8,3.474094
48.805,3.474381
48.81,3.474644
48.815,3.474851
48.82,3.474985
48.825,3.475051
48.83,3.475066
48.835,3.475053
48.84,3.475029
48.845,3.475007
48.85,3.474993
48.855,3.474996
48.86,3.475055
48.865,3.475167
48.87,3.475297
48.875,3.475406
48.88,3.475444
48.885,3.47539
48.89,3.475279
48.895,3.475155
48.9,3.475053
48.905,3.474988
48.91,3.474957
48.915,3.474916
48.92,3.474797
48.925,3.474573
48.93,3.474263
48.935,3.473943
48.94,3.473661
48.945,3.473415
48.95,3.473194
48.955,3.472963
48.96,3.472682
48.965,3.472324
48.97,3.471887
48.975,3.471378
48.98,3.470818
48.985,3.47022
48.99,3.469609
48.995,3.469009
49,3.468445
49.005,3.467923
49.01,3.46745
49.015,3.467036
49.02,3.466672
49.025,3.466354
49.03,3.466059
49.035,3.46577
49.04,3.465485
49.045,3.465199
49.05,3.464916
49.055,3.464628
49.06,3.464334
49.065,3.464038
49.07,3.463746
49.075,3.463461
49.08,3.463178
49.085,3.462904
49.09,3.46263
49.095,3.46236
49.1,3.462086
49.105,3.461834
49.11,3.461623
49.115,3.461427
49.12,3.461251
49.125,3.461098
49.13,3.460937
49.135,3.460775
49.14,3.460637
49.145,3.460538
49.15,3.460481
49.155,3.460461
49.16,3.460463
49.165,3.460476
49.17,3.46049
49.175,3.460501
49.18,3.460506
49.185,3.460508
49.19,3.460518
49.195,3.46058
49.2,3.46069
49.205,3.460833
49.21,3.461017
49.215,3.461247
49.22,3.461545
49.225,3.461903
49.23,3.462297
49.235,3.462703
49.24,3.463105
49.245,3.463526
49.25,3.464
49.255,3.46454
49.26,3.465138
49.265,3.465754
49.27,3.466352
49.275,3.466897
49.28,3.46737
49.285,3.467773
49.29,3.468124
49.295,3.468456
49.3,3.468794
49.305,3.469145
49.31,3.469503
49.315,3.469864
49.32,3.470226
49.325,3.470601
49.33,3.470978
49.335,3.471346
49.34,3.471695
49.345,3.472016
49.35,3.472313
49.355,3.472587
49.36,3.472847
49.365,3.473096
49.37,3.473342
49.375,3.473584
49.38,3.473824
49.385,3.474064
49.39,3.474306
49.395,3.47455
49.4,3.474795
49.405,3.475041
49.41,3.475288
49.415,3.475536
49.42,3.475754
49.425,3.475916
49.43,3.476013
49.435,3.476054
49.44,3.476057
49.445,3.47604
49.45,3.476019
49.455,3.476005
49.46,3.476033
49.465,3.476121
49.47,3.476244
49.475,3.476365
49.48,3.476459
49.485,3.476516
49.49,3.476526
49.495,3.476459
49.5,3.476334
49.505,3.476194
49.51,3.476067
49.515,3.475922
49.52,3.475723
49.525,3.47546
49.53,3.475151
49.535,3.474855
49.54,3.474586
49.545,3.474342
49.55,3.4741
49.555,3.473842
49.56,3.473556
49.565,3.473221
49.57,3.472826
49.575,3.472368
49.58,3.471862
49.585,3.471314
49.59,3.470738
49.595,3.470147
49.6,3.46956
49.605,3.468996
49.61,3.468486
49.615,3.46804
49.62,3.467649
49.625,3.467305
49.63,3.466992
49.635,3.466687
49.64,3.466387
49.645,3.466086
49.65,3.465808
49.655,3.465546
49.66,3.465302
49.665,3.465059
49.67,3.46481
49.675,3.464548
49.68,3.464271
49.685,3.463989
49.69,3.463705
49.695,3.463429
49.7,3.463153
49.705,3.462893
49.71,3.462678
49.715,3.462488
49.72,3.462312
49.725,3.462163
49.73,3.462048
49.735,3.461926
49.74,3.461792
49.745,3.461665
49.75,3.461565
49.755,3.461501
49.76,3.461471
49.765,3.461465
49.77,3.461473
49.775,3.461486
49.78,3.461499
49.785,3.461549
49.79,3.461649
49.795,3.461773
49.8,3.461889
49.805,3.462008
49.81,3.462156
49.815,3.462361
49.82,3.462642
49.825,3.462992
49.83,3.463386
49.835,3.463792
49.84,3.464198
49.845,3.464621
49.85,3.465088
49.855,3.465606
49.86,3.466161
49.865,3.46671
49.87,3.467223
49.875,3.467695
49.88,3.468129
49.885,3.468523
49.89,3.468889
49.895,3.469248
49.9,3.469622
49.905,3.470007
49.91,3.470396
49.915,3.470786
49.92,3.471174
49.925,3.471542
49.93,3.471888
49.935,3.472202
49.94,3.472491
49.945,3.472763
49.95,3.473026
49.955,3.473291
49.96,3.473552
49.965,3.473803
49.97,3.474048
49.975,3.47427
49.98,3.474485
49.985,3.474688
49.99,3.47488
49.995,3.475077
50,3.475286
50.005,3.475514
50.01,3.475738
50.015,3.475969
50.02,3.476187
50.025,3.476362
50.03,3.476479
50.035,3.476539
50.04,3.476555
50.045,3.476546
50.05,3.476527
50.055,3.476508
50.06,3.476496
50.065,3.47649
50.07,3.47649
50.075,3.476492
50.08,3.476496
50.085,3.476499
50.09,3.476501
50.095,3.476502
50.1,3.476502
50.105,3.476501
50.11,3.476497
50.115,3.476452
50.12,3.476334
50.125,3.476131
50.13,3.475855
50.135,3.475546
50.14,3.475245
50.145,3.474962
50.15,3.474723
50.155,3.47451
50.16,3.474297
50.165,3.474061
50.17,3.473796
50.175,3.473476
50.18,3.473088
50.185,3.472617
50.19,3.472079
50.195,3.471495
50.2,3.4709
50.205,3.47032
50.21,3.469775
50.215,3.469283
50.22,3.468851
50.225,3.468465
50.23,3.468111
50.235,3.467795
50.24,3.467505
50.245,3.46725
50.25,3.467009
50.255,3.466774
50.26,3.466529
50.265,3.466268
50.27,3.465996
50.275,3.465718
50.28,3.465446
50.285,3.465176
50.29,3.464917
50.295,3.464663
50.3,3.464416
50.305,3.464181
50.31,3.463948
50.315,3.463743
50.32,3.463563
50.325,3.463386
50.33,3.463224
50.335,3.463096
50.34,3.463013
50.345,3.462971
50.35,3.46296
50.355,3.462968
50.36,3.462982
50.365,3.462995
50.37,3.463004
50.375,3.463007
50.38,3.463007
50.385,3.463006
50.39,3.463032
50.395,3.463115
50.4,3.463236
50.405,3.46338
50.41,3.463562
50.415,3.463795
50.42,3.464084
50.425,3.464414
50.43,3.464768
50.435,3.465116
50.44,3.46546
50.445,3.465821
50.45,3.466218
50.455,3.466653
50.46,3.467123
50.465,3.467612
50.47,3.468099
50.475,3.46857
50.48,3.469026
50.485,3.469453
50.49,3.469864
50.495,3.470268
50.5,3.470666
50.505,3.471049
50.51,3.471429
50.515,3.471805
50.52,3.472165
50.525,3.472499
50.53,3.472806
50.535,3.473087
50.54,3.473353
50.545,3.473604
50.55,3.473846
50.555,3.474082
50.56,3.474296
50.565,3.474507
50.57,3.474705
50.575,3.47487
50.58,3.475027
50.585,3.475189
50.59,3.475371
50.595,3.475575
50.6,3.475794
50.605,3.476028
50.61,3.476246
50.615,3.476456
50.62,3.476658
50.625,3.476829
50.63,3.47695
50.635,3.477019
50.64,3.477045
50.645,3.477044
50.65,3.477029
50.655,3.477012
50.66,3.476999
50.665,3.476992
50.67,3.476991
50.675,3.476992
50.68,3.476995
50.685,3.476998
50.69,3.477
50.695,3.477001
50.7,3.477001
50.705,3.477001
50.71,3.477001
50.715,3.477
50.72,3.476971
50.725,3.476883
50.73,3.476723
50.735,3.476493
50.74,3.476205
50.745,3.475914
50.75,3.475651
50.755,3.475411
50.76,3.475208
50.765,3.475019
50.77,3.474827
50.775,3.474596
50.78,3.4743
50.785,3.473932
50.79,3.473491
50.795,3.472993
50.8,3.472457
50.805,3.471913
50.81,3.471385
50.815,3.470882
50.82,3.470413
50.825,3.469989
50.83,3.469601
50.835,3.469237
50.84,3.4689
50.845,3.468582
50.85,3.468298
50.855,3.468034
50.86,3.467797
50.865,3.467568
50.87,3.46735
50.875,3.467135
50.88,3.466917
50.885,3.466697
50.89,3.466469
50.895,3.466242
50.9,3.466006
50.905,3.465788
50.91,3.465617
50.915,3.465481
50.92,3.465344
50.925,3.465212
50.93,3.465102
50.935,3.465026
50.94,3.464972
50.945,3.464894
50.95,3.464786
50.955,3.464671
50.96,3.464574
50.965,3.464508
50.97,3.464474
50.975,3.464465
50.98,3.464483
50.985,3.464558
50.99,3.464681
50.995,3.464814
51,3.464925
51.005,3.465001
51.01,3.465071
51.015,3.465171
51.02,3.465326
51.025,3.46555
51.03,3.465833
51.035,3.466143
51.04,3.466458
51.045,3.466746
51.05,3.467015
51.055,3.467275
51.06,3.46756
51.065,3.467903
51.07,3.468314
51.075,3.468799
51.08,3.469334
51.085,3.46989
51.09,3.470433
51.095,3.470946
51.1,3.471405
51.105,3.471806
51.11,3.472171
51.115,3.472511
51.12,3.472839
51.125,3.473146
51.13,3.47344
51.135,3.473705
51.14,3.473959
51.145,3.47419
51.15,3.474412
51.155,3.474627
51.16,3.474812
51.165,3.474978
51.17,3.475146
51.175,3.4753
51.18,3.47545
51.185,3.475614
51.19,3.475788
51.195,3.475989
51.2,3.47619
51.205,3.476364
51.21,3.47653
51.215,3.476694
51.22,3.476838
51.225,3.476945
51.23,3.477008
51.235,3.477035
51.24,3.477037
51.245,3.477026
51.25,3.477012
51.255,3.477001
51.26,3.476994
51.265,3.476992
51.27,3.476993
51.275,3.476996
51.28,3.476998
51.285,3.477
51.29,3.477001
51.295,3.477001
51.3,3.477001
51.305,3.477001
51.31,3.477
51.315,3.477
51.32,3.477
51.325,3.477
51.33,3.47698
51.335,3.476904
51.34,3.476757
51.345,3.476535
51.35,3.476245
51.355,3.475944
51.36,3.475693
51.365,3.475514
51.37,3.475368
51.375,3.475236
51.38,3.47512
51.385,3.474984
51.39,3.47479
51.395,3.474532
51.4,3.474194
51.405,3.473779
51.41,3.47331
51.415,3.472799
51.42,3.472286
51.425,3.471797
51.43,3.471338
51.435,3.47093
51.44,3.470563
51.445,3.470216
51.45,3.469893
51.455,3.469586
51.46,3.469316
51.465,3.469068
51.47,3.468844
51.475,3.468637
51.48,3.46843
51.485,3.468235
51.49,3.468034
51.495,3.467835
51.5,3.467664
51.505,3.467509
51.51,3.467351
51.515,3.467203
51.52,3.467086
51.525,3.467001
51.53,3.466904
51.535,3.466786
51.54,3.466668
51.545,3.466571
51.55,3.466507
51.555,3.466474
51.56,3.466466
51.565,3.466473
51.57,3.466485
51.575,3.466506
51.58,3.466575
51.585,3.466689
51.59,3.466815
51.595,3.466922
51.6,3.466995
51.605,3.467042
51.61,3.467113
51.615,3.467245
51.62,3.467465
51.625,3.467762
51.63,3.468079
51.635,3.468396
51.64,3.468677
51.645,3.468916
51.65,3.469131
51.655,3.469337
51.66,3.469583
51.665,3.469897
51.67,3.470305
51.675,3.470792
51.68,3.471319
51.685,3.471858
51.69,3.472362
51.695,3.472815
51.7,3.47323
51.705,3.473589
51.71,3.473905
51.715,3.474171
51.72,3.474389
51.725,3.474588
51.73,3.474763
51.735,3.474902
51.74,3.475035
51.745,3.475178
51.75,3.475314
51.755,3.475431
51.76,3.47556
51.765,3.475704
51.77,3.475854
51.775,3.476028
51.78,3.476209
51.785,3.476398
51.79,3.476598
51.795,3.476794
51.8,3.477001
51.805,3.477202
51.81,3.477401
51.815,3.477607
51.82,3.477832
51.825,3.478067
51.83,3.478275
51.835,3.478429
51.84,3.47852
51.845,3.478562
51.85,3.478614
51.855,3.478701
51.86,3.478804
51.865,3.478901
51.87,3.478973
51.875,3.479015
51.88,3.479031
51.885,3.479029
51.89,3.47902
51.895,3.479009
51.9,3.479
51.905,3.478995
51.91,3.478994
51.915,3.478995
51.92,3.478995
51.925,3.47896
51.93,3.478867
51.935,3.478728
51.94,3.478516
51.945,3.478232
51.95,3.477915
51.955,3.477589
51.96,3.477303
51.965,3.477094
51.97,3.476943
51.975,3.476809
51.98,3.476656
51.985,3.476449
51.99,3.476181
51.995,3.475867
52,3.4755
52.005,3.475096
52.01,3.474648
52.015,3.474176
52.02,3.473688
52.025,3.473199
52.03,3.472709
52.035,3.472236
52.04,3.471793
52.045,3.471379
52.05,3.470996
52.055,3.470642
52.06,3.470327
52.065,3.470038
52.07,3.469775
52.075,3.46952
52.08,3.469284
52.085,3.469048
52.09,3.468825
52.095,3.468606
52.1,3.468389
52.105,3.468199
52.11,3.468023
52.115,3.467847
52.12,3.46769
52.125,3.467572
52.13,3.467484
52.135,3.467383
52.14,3.467264
52.145,3.467149
52.15,3.467058
52.155,3.467
52.16,3.466972
52.165,3.466967
52.17,3.466982
52.175,3.46705
52.18,3.467168
52.185,3.4673
52.19,3.467414
52.195,3.467492
52.2,3.467547
52.205,3.467627
52.21,3.467754
52.215,3.467954
52.22,3.468231
52.225,3.46853
52.23,3.468818
52.235,3.469085
52.24,3.469322
52.245,3.469549
52.25,3.469784
52.255,3.470076
52.26,3.470472
52.265,3.47097
52.27,3.471554
52.275,3.472174
52.28,3.472782
52.285,3.473328
52.29,3.473788
52.295,3.474157
52.3,3.474461
52.305,3.474709
52.31,3.474927
52.315,3.475132
52.32,3.475323
52.325,3.475523
52.33,3.475715
52.335,3.475902
52.34,3.476096
52.345,3.476292
52.35,3.476504
52.355,3.476709
52.36,3.476905
52.365,3.477103
52.37,3.477286
52.375,3.477472
52.38,3.47766
52.385,3.477854
52.39,3.478062
52.395,3.478285
52.4,3.478523
52.405,3.478772
52.41,3.479025
52.415,3.479249
52.42,3.479416
52.425,3.479516
52.43,3.479557
52.435,3.47956
52.44,3.479543
52.445,3.479549
52.45,3.479616
52.455,3.479727
52.46,3.479846
52.465,3.479943
52.47,3.480006
52.475,3.480035
52.48,3.480039
52.485,3.480029
52.49,3.480016
52.495,3.480003
52.5,3.479971
52.505,3.479887
52.51,3.479767
52.515,3.479647
52.52,3.47953
52.525,3.47939
52.53,3.479203
52.535,3.478943
52.54,3.478634
52.545,3.478342
52.55,3.478102
52.555,3.477894
52.56,3.477715
52.565,3.477534
52.57,3.477331
52.575,3.477071
52.58,3.47673
52.585,3.476312
52.59,3.475829
52.595,3.475318
52.6,3.474797
52.605,3.474291
52.61,3.473814
52.615,3.473365
52.62,3.472943
52.625,3.472552
52.63,3.472183
52.635,3.471821
52.64,3.471476
52.645,3.471145
52.65,3.470845
52.655,3.470565
52.66,3.470311
52.665,3.470063
52.67,3.469833
52.675,3.469611
52.68,3.469393
52.685,3.469181
52.69,3.468962
52.695,3.46875
52.7,3.46853
52.705,3.468319
52.71,3.468146
52.715,3.468017
52.72,3.467892
52.725,3.467761
52.73,3.467643
52.735,3.467553
52.74,3.467497
52.745,3.467472
52.75,3.467449
52.755,3.467381
52.76,3.467275
52.765,3.467161
52.77,3.467071
52.775,3.467055
52.78,3.467123
52.785,3.46724
52.79,3.467362
52.795,3.467459
52.8,3.467518
52.805,3.467544
52.81,3.467584
52.815,3.467672
52.82,3.467831
52.825,3.46806
52.83,3.468343
52.835,3.46864
52.84,3.468938
52.845,3.469213
52.85,3.469474
52.855,3.469721
52.86,3.469994
52.865,3.470337
52.87,3.47079
52.875,3.471346
52.88,3.471976
52.885,3.472628
52.89,3.473257
52.895,3.473816
52.9,3.474286
52.905,3.474659
52.91,3.474965
52.915,3.475218
52.92,3.475452
52.925,3.475686
52.93,3.475942
52.935,3.476229
52.94,3.476528
52.945,3.476833
52.95,3.477116
52.955,3.477375
52.96,3.477613
52.965,3.47783
52.97,3.478047
52.975,3.478248
52.98,3.478451
52.985,3.478654
52.99,3.478861
52.995,3.479076
53,3.4793
53.005,3.479535
53.01,3.479754
53.015,3.479968
53.02,3.480172
53.025,3.480341
53.03,3.480459
53.035,3.480524
53.04,3.480547
53.045,3.480544
53.05,3.480528
53.055,3.480512
53.06,3.480532
53.065,3.480616
53.07,3.480737
53.075,3.480859
53.08,3.480955
53.085,3.481014
53.09,3.481039
53.095,3.481021
53.1,3.480934
53.105,3.480803
53.11,3.480667
53.115,3.480558
53.12,3.480489
53.125,3.480448
53.13,3.480382
53.135,3.480252
53.14,3.480017
53.145,3.479706
53.15,3.479394
53.155,3.479132
53.16,3.478908
53.165,3.478721
53.17,3.478548
53.175,3.478365
53.18,3.478143
53.185,3.477853
53.19,3.477496
53.195,3.477068
53.2,3.476582
53.205,3.476055
53.21,3.475511
53.215,3.474977
53.22,3.474463
53.225,3.473993
53.23,3.473579
53.235,3.473211
53.24,3.472874
53.245,3.472556
53.25,3.472253
53.255,3.471967
53.26,3.471697
53.265,3.471441
53.27,3.471197
53.275,3.470958
53.28,3.470726
53.285,3.47049
53.29,3.470259
53.295,3.470022
53.3,3.469795
53.305,3.469568
53.31,3.469349
53.315,3.469168
53.32,3.469028
53.325,3.468892
53.33,3.468755
53.335,3.468634
53.34,3.468545
53.345,3.468492
53.35,3.46847
53.355,3.468468
53.36,3.468478
53.365,3.46849
53.37,3.468499
53.375,3.468505
53.38,3.468506
53.385,3.468506
53.39,3.468507
53.395,3.468549
53.4,3.468647
53.405,3.468772
53.41,3.468921
53.415,3.469109
53.42,3.46935
53.425,3.469644
53.43,3.469957
53.435,3.470239
53.44,3.470492
53.445,3.470712
53.45,3.470914
53.455,3.471119
53.46,3.471353
53.465,3.47165
53.47,3.472046
53.475,3.472531
53.48,3.47308
53.485,3.473634
53.49,3.474147
53.495,3.474609
53.5,3.47501
53.505,3.475358
53.51,3.475652
53.515,3.475911
53.52,3.476163
53.525,3.476429
53.53,3.476712
53.535,3.477001
53.54,3.477279
53.545,3.477545
53.55,3.47778
53.555,3.478004
53.56,3.478208
53.565,3.478391
53.57,3.478576
53.575,3.47875
53.58,3.478897
53.585,3.479048
53.59,3.479203
53.595,3.479353
53.6,3.47952
53.605,3.479694
53.61,3.479848
53.615,3.479993
53.62,3.480148
53.625,3.480295
53.63,3.480413
53.635,3.48049
53.64,3.480529
53.645,3.480539
53.65,3.480531
53.655,3.480518
53.66,3.480505
53.665,3.480497
53.67,3.480493
53.675,3.480493
53.68,3.480495
53.685,3.480497
53.69,3.480499
53.695,3.480501
53.7,3.480501
53.705,3.480501
53.71,3.480501
53.715,3.4805
53.72,3.4805
53.725,3.480487
53.73,3.48042
53.735,3.480285
53.74,3.480063
53.745,3.479763
53.75,3.479445
53.755,3.479132
53.76,3.478852
53.765,3.478639
53.77,3.478504
53.775,3.478415
53.78,3.478315
53.785,3.478163
53.79,3.47795
53.795,3.477659
53.8,3.477297
53.805,3.476873
53.81,3.476404
53.815,3.475917
53.82,3.475436
53.825,3.474968
53.83,3.474533
53.835,3.474137
53.84,3.473784
53.845,3.473465
53.85,3.47316
53.855,3.472882
53.86,3.472619
53.865,3.472376
53.87,3.472159
53.875,3.471947
53.88,3.471754
53.885,3.471562
53.89,3.471367
53.895,3.471184
53.9,3.470991
53.905,3.470802
53.91,3.470644
53.915,3.47052
53.92,3.470391
53.925,3.470257
53.93,3.470137
53.935,3.470047
53.94,3.469992
53.945,3.469956
53.95,3.469887
53.955,3.469784
53.96,3.469671
53.965,3.469574
53.97,3.469509
53.975,3.469497
53.98,3.469563
53.985,3.469685
53.99,3.469819
53.995,3.469932
54,3.470005
54.005,3.47004
54.01,3.470051
54.015,3.470092
54.02,3.470195
54.025,3.47038
54.03,3.470641
54.035,3.470942
54.04,3.471241
54.045,3.471527
54.05,3.471771
54.055,3.47199
54.06,3.472191
54.065,3.472393
54.07,3.47263
54.075,3.472947
54.08,3.473358
54.085,3.473833
54.09,3.474349
54.095,3.474858
54.1,3.475343
54.105,3.475791
54.11,3.476197
54.115,3.476568
54.12,3.476915
54.125,3.477244
54.13,3.477548
54.135,3.477828
54.14,3.478086
54.145,3.478305
54.15,3.478508
54.155,3.478697
54.16,3.478852
54.165,3.478985
54.17,3.479126
54.175,3.479268
54.18,3.479411
54.185,3.479576
54.19,3.479745
54.195,3.479928
54.2,3.480122
54.205,3.480298
54.21,3.480433
54.215,3.480556
54.22,3.480688
54.225,3.480815
54.23,3.480918
54.235,3.480988
54.24,3.481023
54.245,3.481033
54.25,3.481028
54.255,3.481016
54.26,3.481005
54.265,3.480997
54.27,3.480994
54.275,3.480994
54.28,3.480995
54.285,3.480998
54.29,3.480999
54.295,3.481001
54.3,3.481001
54.305,3.481001
54.31,3.481001
54.315,3.481
54.32,3.481
54.325,3.481
54.33,3.481
54.335,3.480993
54.34,3.480937
54.345,3.480801
54.35,3.480579
54.355,3.480284
54.36,3.479974
54.365,3.479699
54.37,3.479454
54.375,3.479248
54.38,3.479095
54.385,3.478971
54.39,3.478839
54.395,3.478669
54.4,3.478456
54.405,3.478184
54.41,3.477842
54.415,3.477438
54.42,3.476984
54.425,3.476499
54.43,3.476023
54.435,3.475557
54.44,3.475123
54.445,3.474723
54.45,3.47434
54.455,3.473986
54.46,3.473658
54.465,3.473371
54.47,3.473119
54.475,3.472889
54.48,3.472686
54.485,3.472483
54.49,3.472291
54.495,3.472134
54.5,3.472008
54.505,3.471876
54.51,3.47174
54.515,3.471622
54.52,3.471534
54.525,3.471441
54.53,3.471323
54.535,3.471199
54.54,3.471093
54.545,3.471018
54.55,3.470978
54.555,3.470965
54.56,3.47097
54.565,3.470981
54.57,3.470993
54.575,3.471002
54.58,3.471006
54.585,3.471006
54.59,3.471005
54.595,3.471003
54.6,3.471001
54.605,3.471012
54.61,3.471077
54.615,3.471194
54.62,3.471369
54.625,3.471614
54.63,3.471919
54.635,3.472262
54.64,3.472588
54.645,3.472851
54.65,3.473073
54.655,3.47327
54.66,3.473475
54.665,3.473699
54.67,3.473971
54.675,3.474306
54.68,3.474694
54.685,3.475122
54.69,3.475573
54.695,3.476019
54.7,3.476452
54.705,3.476866
54.71,3.477263
54.715,3.477654
54.72,3.478019
54.725,3.478357
54.73,3.478647
54.735,3.478875
54.74,3.479072
54.745,3.479244
54.75,3.47938
54.755,3.479492
54.76,3.479617
54.765,3.479751
54.77,3.479878
54.775,3.480022
54.78,3.480181
54.785,3.480341
54.79,3.480521
54.795,3.480705
54.8,3.480897
54.805,3.481098
54.81,3.481285
54.815,3.48147
54.82,3.481656
54.825,3.481819
54.83,3.481939
54.835,3.482011
54.84,3.482041
54.845,3.482043
54.85,3.48203
54.855,3.482014
54.86,3.48201
54.865,3.482063
54.87,3.48217
54.875,3.482296
54.88,3.482409
54.885,3.482476
54.89,3.482458
54.895,3.482363
54.9,3.482232
54.905,3.482109
54.91,3.482019
54.915,3.481969
54.92,3.481953
54.925,3.481959
54.93,3.481963
54.935,3.481912
54.94,3.481772
54.945,3.481524
54.95,3.481204
54.955,3.480888
54.96,3.480624
54.965,3.480398
54.97,3.480211
54.975,3.480041
54.98,3.479867
54.985,3.479677
54.99,3.479455
54.995,3.479179
55,3.478837
55.005,3.478421
55.01,3.477938
55.015,3.477416
55.02,3.476878
55.025,3.476353
55.03,3.475869
55.035,3.47543
55.04,3.475033
55.045,3.474667
55.05,3.474344
55.055,3.47405
55.06,3.473796
55.065,3.473566
55.07,3.473352
55.075,3.473152
55.08,3.472948
55.085,3.472752
55.09,3.47255
55.095,3.472347
55.1,3.472159
55.105,3.471964
55.11,3.471778
55.115,3.471626
55.12,3.471524
55.125,3.471469
55.13,3.471418
55.135,3.471334
55.14,3.471227
55.145,3.471123
55.15,3.471042
55.155,3.470992
55.16,3.47097
55.165,3.470968
55.17,3.470977
55.175,3.470989
55.18,3.470998
55.185,3.471004
55.19,3.471006
55.195,3.471005
55.2,3.471004
55.205,3.471033
55.21,3.471119
55.215,3.471243
55.22,3.471408
55.225,3.471621
55.23,3.471897
55.235,3.472228
55.24,3.472554
55.245,3.472828
55.25,3.473062
55.255,3.473289
55.26,3.47353
55.265,3.473803
55.27,3.474122
55.275,3.4745
55.28,3.474937
55.285,3.475425
55.29,3.47595
55.295,3.476484
55.3,3.47701
55.305,3.477501
55.31,3.477965
55.315,3.478388
55.32,3.478763
55.325,3.479084
55.33,3.479355
55.335,3.479595
55.34,3.479792
55.345,3.479967
55.35,3.480139
55.355,3.480295
55.36,3.48044
55.365,3.480598
55.37,3.480756
55.375,3.480923
55.38,3.481107
55.385,3.481296
55.39,3.481503
55.395,3.481721
55.4,3.481956
55.405,3.482183
55.41,3.482404
55.415,3.482619
55.42,3.482803
55.425,3.482937
55.43,3.483015
55.435,3.483047
55.44,3.483047
55.445,3.483033
55.45,3.483048
55.455,3.483124
55.46,3.483239
55.465,3.483357
55.47,3.483451
55.475,3.483511
55.48,3.483537
55.485,3.483539
55.49,3.483528
55.495,3.483514
55.5,3.483502
55.505,3.483494
55.51,3.483458
55.515,3.483368
55.52,3.483247
55.525,3.483129
55.53,3.483017
55.535,3.482877
55.54,3.482677
55.545,3.482403
55.55,3.482091
55.555,3.481804
55.56,3.481586
55.565,3.481412
55.57,3.481259
55.575,3.481096
55.58,3.480904
55.585,3.480668
55.59,3.48039
55.595,3.480054
55.6,3.479667
55.605,3.479222
55.61,3.478723
55.615,3.478193
55.62,3.47765
55.625,3.477137
55.63,3.476668
55.635,3.476243
55.64,3.475863
55.645,3.475527
55.65,3.475233
55.655,3.474967
55.66,3.474734
55.665,3.474509
55.67,3.474277
55.675,3.474029
55.68,3.473793
55.685,3.473562
55.69,3.473344
55.695,3.473159
55.7,3.472985
55.705,3.472813
55.71,3.472665
55.715,3.472532
55.72,3.472387
55.725,3.47224
55.73,3.472115
55.735,3.472028
55.74,3.471979
55.745,3.471963
55.75,3.471956
55.755,3.471908
55.76,3.471811
55.765,3.471695
55.77,3.471591
55.775,3.471516
55.78,3.471483
55.785,3.471521
55.79,3.471627
55.795,3.471763
55.8,3.471889
55.805,3.47198
55.81,3.47203
55.815,3.472053
55.82,3.472101
55.825,3.472205
55.83,3.472384
55.835,3.472634
55.84,3.472924
55.845,3.473212
55.85,3.473491
55.855,3.47374
55.86,3.473975
55.865,3.474195
55.87,3.47442
55.875,3.474664
55.88,3.474962
55.885,3.475331
55.89,3.475764
55.895,3.476254
55.9,3.476769
55.905,3.477294
55.91,3.477796
55.915,3.478256
55.92,3.478676
55.925,3.479045
55.93,3.47937
55.935,3.479646
55.94,3.479883
55.945,3.480101
55.95,3.48029
55.955,3.480474
55.96,3.480659
55.965,3.480821
55.97,3.480962
55.975,3.481113
55.98,3.481262
55.985,3.481397
55.99,3.481548
55.995,3.481707
56,3.481866
56.005,3.482045
56.01,3.482223
56.015,3.482376
56.02,3.482525
56.025,3.482681
56.03,3.482824
56.035,3.482933
56.04,3.483001
56.045,3.483033
56.05,3.483038
56.055,3.483028
56.06,3.483015
56.065,3.483003
56.07,3.482995
56.075,3.482993
56.08,3.482993
56.085,3.482995
56.09,3.482998
56.095,3.483
56.1,3.483001
56.105,3.483001
56.11,3.483001
56.115,3.483001
56.12,3.483
56.125,3.483
56.13,3.482999
56.135,3.48297
56.14,3.482882
56.145,3.48273
56.15,3.482517
56.155,3.482256
56.16,3.481977
56.165,3.481709
56.17,3.481453
56.175,3.481234
56.18,3.481072
56.185,3.48093
56.19,3.480789
56.195,3.480628
56.2,3.480438
56.205,3.480209
56.21,3.479915
56.215,3.479551
56.22,3.479121
56.225,3.478634
56.23,3.478112
56.235,3.477576
56.24,3.477054
56.245,3.476572
56.25,3.476144
56.255,3.475798
56.26,3.475516
56.265,3.47528
56.27,3.475057
56.275,3.474845
56.28,3.474634
56.285,3.474419
56.29,3.474221
56.295,3.474023
56.3,3.473829
56.305,3.473665
56.31,3.473546
56.315,3.473442
56.32,3.473324
56.325,3.473203
56.33,3.473098
56.335,3.473024
56.34,3.472983
56.345,3.472968
56.35,3.472971
56.355,3.472981
56.36,3.472993
56.365,3.473001
56.37,3.473005
56.375,3.473006
56.38,3.473005
56.385,3.473003
56.39,3.473001
56.395,3.473003
56.4,3.473045
56.405,3.473146
56.41,3.473313
56.415,3.473545
56.42,3.47383
56.425,3.474151
56.43,3.474474
56.435,3.474764
56.44,3.475029
56.445,3.475286
56.45,3.475544
56.455,3.475832
56.46,3.476189
56.465,3.476619
56.47,3.477125
56.475,3.477683
56.48,3.478244
56.485,3.478769
56.49,3.479241
56.495,3.479639
56.5,3.479976
56.505,3.480241
56.51,3.480452
56.515,3.48064
56.52,3.4808
56.525,3.480934
56.53,3.481078
56.535,3.481227
56.54,3.48136
56.545,3.481486
56.55,3.48163
56.555,3.481775
56.56,3.481902
56.565,3.48204
56.57,3.482191
56.575,3.482362
56.58,3.482557
56.585,3.482754
56.59,3.482962
56.595,3.483172
56.6,3.483391
56.605,3.48362
56.61,3.483869
56.615,3.484115
56.62,3.484321
56.625,3.484462
56.63,3.484542
56.635,3.48461
56.64,3.4847
56.645,3.484803
56.65,3.484898
56.655,3.484969
56.66,3.485011
56.665,3.485028
56.67,3.485028
56.675,3.485019
56.68,3.485009
56.685,3.485
56.69,3.484996
56.695,3.484995
56.7,3.484995
56.705,3.484997
56.71,3.484999
56.715,3.485
56.72,3.484985
56.725,3.484915
56.73,3.484787
56.735,3.484582
56.74,3.484296
56.745,3.483949
56.75,3.483588
56.755,3.483278
56.76,3.483054
56.765,3.482881
56.77,3.482722
56.775,3.482536
56.78,3.482296
56.785,3.482009
56.79,3.481668
56.795,3.481282
56.8,3.480854
56.805,3.480389
56.81,3.479896
56.815,3.479386
56.82,3.478872
56.825,3.478364
56.83,3.47787
56.835,3.477401
56.84,3.476975
56.845,3.476592
56.85,3.476239
56.855,3.475917
56.86,3.475612
56.865,3.47532
56.87,3.475035
56.875,3.474768
56.88,3.474508
56.885,3.474277
56.89,3.474061
56.895,3.473855
56.9,3.473682
56.905,3.473555
56.91,3.473443
56.915,3.473319
56.92,3.473195
56.925,3.473091
56.93,3.473019
56.935,3.47298
56.94,3.47295
56.945,3.47288
56.95,3.472774
56.955,3.472661
56.96,3.472566
56.965,3.472503
56.97,3.472493
56.975,3.472559
56.98,3.47268
56.985,3.472816
56.99,3.472929
56.995,3.473004
57,3.473042
57.005,3.473089
57.01,3.473182
57.015,3.473345
57.02,3.473581
57.025,3.473869
57.03,3.474185
57.035,3.474499
57.04,3.474792
57.045,3.475063
57.05,3.475331
57.055,3.47564
57.06,3.476016
57.065,3.476477
57.07,3.477019
57.075,3.477616
57.08,3.478234
57.085,3.478823
57.09,3.479345
57.095,3.479789
57.1,3.48016
57.105,3.48048
57.11,3.48075
57.115,3.480996
57.12,3.481213
57.125,3.481413
57.13,3.481612
57.135,3.481788
57.14,3.481955
57.145,3.482128
57.15,3.482299
57.155,3.482488
57.16,3.482683
57.165,3.482892
57.17,3.48311
57.175,3.48334
57.18,3.483577
57.185,3.483825
57.19,3.484078
57.195,3.48434
57.2,3.484607
57.205,3.484883
57.21,3.485141
57.215,3.485347
57.22,3.485482
57.225,3.48555
57.23,3.485567
57.235,3.485584
57.24,3.485647
57.245,3.485747
57.25,3.485854
57.255,3.485943
57.26,3.486001
57.265,3.486029
57.27,3.486034
57.275,3.486027
57.28,3.486015
57.285,3.486004
57.29,3.485997
57.295,3.485994
57.3,3.485994
57.305,3.485996
57.31,3.48598
57.315,3.485908
57.32,3.485775
57.325,3.485575
57.33,3.48531
57.335,3.484995
57.34,3.484653
57.345,3.484344
57.35,3.484092
57.355,3.483876
57.36,3.48368
57.365,3.483475
57.37,3.483234
57.375,3.48293
57.38,3.482558
57.385,3.482124
57.39,3.48164
57.395,3.481134
57.4,3.480616
57.405,3.480113
57.41,3.479619
57.415,3.479144
57.42,3.478673
57.425,3.478218
57.43,3.477792
57.435,3.477415
57.44,3.477081
57.445,3.476787
57.45,3.476511
57.455,3.476238
57.46,3.475968
57.465,3.475702
57.47,3.475443
57.475,3.475203
57.48,3.474968
57.485,3.47476
57.49,3.47459
57.495,3.474424
57.5,3.474266
57.505,3.474132
57.51,3.474034
57.515,3.473933
57.52,3.473812
57.525,3.473689
57.53,3.473585
57.535,3.473514
57.54,3.473477
57.545,3.473466
57.55,3.473468
57.555,3.473438
57.56,3.473352
57.565,3.473235
57.57,3.473122
57.575,3.473035
57.58,3.472989
57.585,3.47302
57.59,3.473125
57.595,3.473262
57.6,3.473389
57.605,3.473481
57.61,3.473532
57.615,3.473562
57.62,3.473626
57.625,3.473752
57.63,3.473954
57.635,3.474228
57.64,3.474524
57.645,3.474814
57.65,3.475086
57.655,3.475348
57.66,3.475606
57.665,3.475885
57.67,3.476227
57.675,3.47665
57.68,3.477167
57.685,3.477757
57.69,3.478382
57.695,3.478999
57.7,3.479567
57.705,3.480048
57.71,3.480444
57.715,3.48076
57.72,3.48103
57.725,3.481291
57.73,3.481551
57.735,3.48182
57.74,3.482082
57.745,3.48231
57.75,3.482525
57.755,3.482726
57.76,3.482937
57.765,3.483154
57.77,3.483389
57.775,3.483642
57.78,3.483915
57.785,3.484193
57.79,3.484473
57.795,3.484733
57.8,3.484984
57.805,3.485229
57.81,3.485479
57.815,3.485708
57.82,3.485885
57.825,3.485996
57.83,3.486049
57.835,3.486059
57.84,3.486053
57.845,3.486089
57.85,3.486178
57.855,3.486292
57.86,3.486399
57.865,3.486477
57.87,3.486522
57.875,3.486537
57.88,3.486534
57.885,3.486522
57.89,3.486509
57.895,3.486499
57.9,3.486472
57.905,3.486391
57.91,3.486273
57.915,3.486152
57.92,3.486029
57.925,3.485879
57.93,3.485671
57.935,3.485383
57.94,3.485062
57.945,3.484776
57.95,3.484563
57.955,3.484395
57.96,3.48423
57.965,3.484035
57.97,3.483801
57.975,3.483531
57.98,3.48322
57.985,3.482861
57.99,3.48246
57.995,3.482013
58,3.48154
58.005,3.48105
58.01,3.480561
58.015,3.480086
58.02,3.479639
58.025,3.479215
58.03,3.478806
58.035,3.478424
58.04,3.478069
58.045,3.477732
58.05,3.47741
58.055,3.477092
58.06,3.476769
58.065,3.476438
58.07,3.476107
58.075,3.475816
58.08,3.47557
58.085,3.475354
58.09,3.475179
58.095,3.47505
58.1,3.474925
58.105,3.474791
58.11,3.474666
58.115,3.474567
58.12,3.474503
58.125,3.47446
58.13,3.474386
58.135,3.474281
58.14,3.474167
58.145,3.474072
58.15,3.474007
58.155,3.473974
58.16,3.473965
58.165,3.473972
58.17,3.474004
58.175,3.474087
58.18,3.474209
58.185,3.474335
58.19,3.474438
58.195,3.474504
58.2,3.474539
58.205,3.474591
58.21,3.474692
58.215,3.474867
58.22,3.475118
58.225,3.47542
58.23,3.47575
58.235,3.476075
58.24,3.476392
58.245,3.476709
58.25,3.477034
58.255,3.477405
58.26,3.477842
58.265,3.478353
58.27,3.478913
58.275,3.479472
58.28,3.480006
58.285,3.480485
58.29,3.480901
58.295,3.481248
58.3,3.481543
58.305,3.481803
58.31,3.48205
58.315,3.482301
58.32,3.482553
58.325,3.48278
58.33,3.482997
58.335,3.483203
58.34,3.483419
58.345,3.483655
58.35,3.483917
58.355,3.484175
58.36,3.484431
58.365,3.484668
58.37,3.484882
58.375,3.485089
58.38,3.485287
58.385,3.485495
58.39,3.485704
58.395,3.485927
58.4,3.486158
58.405,3.486407
58.41,3.486647
58.415,3.486843
58.42,3.486975
58.425,3.487043
58.43,3.487063
58.435,3.487083
58.44,3.487148
58.445,3.487249
58.45,3.487356
58.455,3.487444
58.46,3.487502
58.465,3.487529
58.47,3.487534
58.475,3.487526
58.48,3.487514
58.485,3.487504
58.49,3.487497
58.495,3.487494
58.5,3.487494
58.505,3.487493
58.51,3.48745
58.515,3.48735
58.52,3.487184
58.525,3.486953
58.53,3.486651
58.535,3.486294
58.54,3.485948
58.545,3.485669
58.55,3.485444
58.555,3.485254
58.56,3.485063
58.565,3.48484
58.57,3.484558
58.575,3.48421
58.58,3.483802
58.585,3.48334
58.59,3.482846
58.595,3.482332
58.6,3.481822
58.605,3.481336
58.61,3.480877
58.615,3.480445
58.62,3.480042
58.625,3.479653
58.63,3.47927
58.635,3.478902
58.64,3.478533
58.645,3.478147
58.65,3.47774
58.655,3.477324
58.66,3.476931
58.665,3.476571
58.67,3.476274
58.675,3.476024
58.68,3.475811
58.685,3.475646
58.69,3.475521
58.695,3.475392
58.7,3.475258
58.705,3.475137
58.71,3.475047
58.715,3.474962
58.72,3.474852
58.725,3.474729
58.73,3.474617
58.735,3.474534
58.74,3.474485
58.745,3.474467
58.75,3.474467
58.755,3.474478
58.76,3.47449
58.765,3.4745
58.77,3.474505
58.775,3.474507
58.78,3.474521
58.785,3.474589
58.79,3.474702
58.795,3.474825
58.8,3.474931
58.805,3.475037
58.81,3.475167
58.815,3.475345
58.82,3.475596
58.825,3.475902
58.83,3.476244
58.835,3.476582
58.84,3.476909
58.845,3.477227
58.85,3.477545
58.855,3.477898
58.86,3.47831
58.865,3.478793
58.87,3.479332
58.875,3.479876
58.88,3.480391
58.885,3.480857
58.89,3.481273
58.895,3.481627
58.9,3.481936
58.905,3.482201
58.91,3.482447
58.915,3.482673
58.92,3.482893
58.925,3.483115
58.93,3.483354
58.935,3.483628
58.94,3.483929
58.945,3.484247
58.95,3.484554
58.955,3.48484
58.96,3.485101
58.965,3.485325
58.97,3.485535
58.975,3.485726
58.98,3.485901
58.985,3.486083
58.99,3.486265
58.995,3.486465
59,3.486676
59.005,3.486907
59.01,3.487137
59.015,3.48733
59.02,3.487464
59.025,3.487536
59.03,3.487559
59.035,3.487552
59.04,3.487549
59.045,3.487602
59.05,3.487703
59.055,3.48782
59.06,3.487922
59.065,3.487993
59.07,3.488029
59.075,3.488039
59.08,3.488032
59.085,3.488019
59.09,3.488006
59.095,3.487997
59.1,3.487991
59.105,3.487951
59.11,3.487857
59.115,3.487736
59.12,3.487616
59.125,3.487481
59.13,3.487303
59.135,3.487048
59.14,3.48673
59.145,3.486414
59.15,3.48616
59.155,3.485966
59.16,3.485799
59.165,3.485624
59.17,3.485401
59.175,3.485121
59.18,3.48478
59.185,3.484381
59.19,3.483932
59.195,3.483443
59.2,3.482934
59.205,3.482424
59.21,3.481935
59.215,3.481466
59.22,3.481036
59.225,3.480647
59.23,3.48029
59.235,3.479948
59.24,3.479613
59.245,3.479283
59.25,3.478959
59.255,3.478633
59.26,3.478296
59.265,3.477937
59.27,3.477554
59.275,3.477169
59.28,3.476818
59.285,3.476504
59.29,3.476248
59.295,3.476038
59.3,3.475848
59.305,3.475688
59.31,3.475569
59.315,3.475462
59.32,3.475337
59.325,3.475209
59.33,3.4751
59.335,3.475023
59.34,3.47498
59.345,3.474966
59.35,3.47497
59.355,3.474981
59.36,3.474993
59.365,3.475001
59.37,3.475006
59.375,3.475006
59.38,3.475005
59.385,3.47503
59.39,3.475112
59.395,3.475231
59.4,3.475352
59.405,3.475455
59.41,3.475567
59.415,3.475721
59.42,3.475935
59.425,3.476212
59.43,3.476538
59.435,3.476884
59.44,3.47723
59.445,3.47758
59.45,3.477936
59.455,3.478319
59.46,3.478748
59.465,3.479236
59.47,3.479761
59.475,3.480301
59.48,3.480816
59.485,3.481288
59.49,3.481721
59.495,3.482115
59.5,3.482468
59.505,3.482772
59.51,3.483044
59.515,3.483303
59.52,3.483571
59.525,3.483872
59.53,3.484211
59.535,3.484568
59.54,3.484919
59.545,3.485244
59.55,3.485538
59.555,3.485796
59.56,3.486036
59.565,3.486244
59.57,3.486426
59.575,3.486605
59.58,3.486777
59.585,3.486962
59.59,3.487162
59.595,3.487387
59.6,3.487625
59.605,3.487879
59.61,3.488126
59.615,3.488329
59.62,3.488468
59.625,3.488541
59.63,3.488563
59.635,3.488554
59.64,3.488536
59.645,3.488559
59.65,3.488643
59.655,3.488761
59.66,3.488876
59.665,3.488965
59.67,3.489018
59.675,3.489039
59.68,3.489038
59.685,3.489026
59.69,3.489012
59.695,3.489001
59.7,3.488972
59.705,3.488891
59.71,3.488773
59.715,3.488651
59.72,3.488521
59.725,3.48836
59.73,3.488136
59.735,3.487836
59.74,3.487515
59.745,3.487236
59.75,3.487006
59.755,3.486808
59.76,3.486624
59.765,3.486413
59.77,3.486153
59.775,3.485836
59.78,3.485464
59.785,3.485032
59.79,3.484548
59.795,3.484033
59.8,3.483507
59.805,3.482996
59.81,3.482503
59.815,3.482048
59.82,3.48164
59.825,3.481278
59.83,3.480949
59.835,3.480632
59.84,3.480326
59.845,3.480028
59.85,3.479746
59.855,3.479475
59.86,3.479212
59.865,3.478929
59.87,3.478606
59.875,3.478238
59.88,3.477838
59.885,3.477437
59.89,3.477063
59.895,3.476755
59.9,3.476502
59.905,3.476291
59.91,3.476132
59.915,3.476028
59.92,3.475975
59.925,3.47596
59.93,3.475965
59.935,3.47598
59.94,3.475994
59.945,3.476004
59.95,3.476008
59.955,3.476008
59.96,3.476006
59.965,3.476003
59.97,3.476001
59.975,3.475999
59.98,3.475999
59.985,3.47601
59.99,3.476074
59.995,3.476185
60,3.476319
60.005,3.476484
60.01,3.476697
60.015,3.476965
60.02,3.477282
60.025,3.477636
60.03,3.477998
60.035,3.478368
60.04,3.478749
60.045,3.479148
60.05,3.479578
60.055,3.480037
60.06,3.480521
60.065,3.481012
60.07,3.481495
60.075,3.481937
60.08,3.48233
60.085,3.482656
60.09,3.482935
60.095,3.483211
60.1,3.483512
60.105,3.483852
60.11,3.484227
60.115,3.484622
60.12,3.485004
60.125,3.485362
60.13,3.485672
60.135,3.485948
60.14,3.486186
60.145,3.486403
60.15,3.486611
60.155,3.486798
60.16,3.486987
60.165,3.487174
60.17,3.487344
60.175,3.48752
60.18,3.487696
60.185,3.487867
60.19,3.488052
60.195,3.488237
60.2,3.488436
60.205,3.488643
60.21,3.488861
60.215,3.489087
60.22,3.489285
60.225,3.489432
60.23,3.489518
60.235,3.489553
60.24,3.489554
60.245,3.489537
60.25,3.489521
60.255,3.489551
60.26,3.489643
60.265,3.489766
60.27,3.489883
60.275,3.489969
60.28,3.489989
60.285,3.489923
60.29,3.489802
60.295,3.489669
60.3,3.489559
60.305,3.489489
60.31,3.489458
60.315,3.489436
60.32,3.489374
60.325,3.489241
60.33,3.48902
60.335,3.488724
60.34,3.488417
60.345,3.488124
60.35,3.487861
60.355,3.487631
60.36,3.487413
60.365,3.487185
60.37,3.486906
60.375,3.486564
60.38,3.486154
60.385,3.485693
60.39,3.485196
60.395,3.484676
60.4,3.484158
60.405,3.483653
60.41,3.483176
60.415,3.482736
60.42,3.482354
60.425,3.482016
60.43,3.481698
60.435,3.48139
60.44,3.481086
60.445,3.480799
60.45,3.480523
60.455,3.480262
60.46,3.480006
60.465,3.479762
60.47,3.479518
60.475,3.479268
60.48,3.479004
60.485,3.478718
60.49,3.478413
60.495,3.47809
60.5,3.477755
60.505,3.477429
60.51,3.477113
60.515,3.476835
60.52,3.476627
60.525,3.476498
60.53,3.47644
60.535,3.476431
60.54,3.476449
60.545,3.476474
60.55,3.476496
60.555,3.476509
60.56,3.476514
60.565,3.476512
60.57,3.476508
60.575,3.476504
60.58,3.4765
60.585,3.476498
60.59,3.476508
60.595,3.476571
60.6,3.476697
60.605,3.476895
60.61,3.47716
60.615,3.477485
60.62,3.477842
60.625,3.478207
60.63,3.478553
60.635,3.478878
60.64,3.479161
60.645,3.479413
60.65,3.479639
60.655,3.479839
60.66,3.480039
60.665,3.480226
60.67,3.4804
60.675,3.480582
60.68,3.480754
60.685,3.480898
60.69,3.481045
60.695,3.481197