Time (s),Position (mm)
0,1.74E-11
0.005,1.74E-11
0.01,1.74E-11
0.015,1.74E-11
0.02,1.74E-11
0.025,1.74E-11
0.03,1.74E-11
0.035,1.74E-11
0.04,1.74E-11
0.045,1.74E-11
0.05,1.74E-11
0.055,1.74E-11
0.06,1.74E-11
0.065,1.74E-11
0.07,1.74E-11
0.075,1.74E-11
0.08,1.74E-11
0.085,1.74E-11
0.09,1.74E-11
0.095,1.74E-11
0.1,1.74E-11
0.105,1.74E-11
0.11,1.74E-11
0.115,1.74E-11
0.12,1.74E-11
0.125,1.74E-11
0.13,1.74E-11
0.135,1.74E-11
0.14,1.74E-11
0.145,1.74E-11
0.15,1.74E-11
0.155,1.74E-11
0.16,1.74E-11
0.165,1.74E-11
0.17,1.74E-11
0.175,1.74E-11
0.18,1.74E-11
0.185,1.74E-11
0.19,1.74E-11
0.195,1.74E-11
0.2,1.74E-11
0.205,1.74E-11
0.21,1.74E-11
0.215,1.74E-11
0.22,1.74E-11
0.225,1.74E-11
0.23,1.74E-11
0.235,1.74E-11
0.24,1.74E-11
0.245,1.74E-11
0.25,1.74E-11
0.255,1.74E-11
0.26,1.74E-11
0.265,1.74E-11
0.27,2.03E-06
0.275,9.64E-05
0.28,0.000739
0.285,0.003126
0.29,0.008726
0.295,0.018617
0.3,0.033198
0.305,0.052119
0.31,0.074587
0.315,0.099496
0.32,0.125653
0.325,0.152105
0.33,0.178304
0.335,0.204108
0.34,0.229545
0.345,0.254702
0.35,0.279744
0.355,0.304796
0.36,0.329812
0.365,0.354761
0.37,0.379719
0.375,0.404723
0.38,0.42979
0.385,0.455001
0.39,0.4803
0.395,0.505566
0.4,0.530743
0.405,0.55576
0.41,0.58066
0.415,0.605645
0.42,0.630755
0.425,0.655839
0.43,0.680872
0.435,0.705885
0.44,0.730893
0.445,0.7559
0.45,0.780908
0.455,0.805915
0.46,0.83092
0.465,0.855929
0.47,0.881005
0.475,0.906181
0.48,0.931319
0.485,0.956314
0.49,0.981217
0.495,1.006082
0.5,1.030952
0.505,1.055818
0.51,1.08069
0.515,1.105642
0.52,1.130749
0.525,1.155994
0.53,1.181302
0.535,1.206592
0.54,1.231747
0.545,1.256681
0.55,1.281547
0.555,1.306468
0.56,1.331418
0.565,1.356337
0.57,1.381223
0.575,1.406106
0.58,1.431069
0.585,1.456169
0.59,1.481289
0.595,1.506292
0.6,1.531206
0.605,1.556089
0.61,1.580984
0.615,1.605918
0.62,1.630934
0.625,1.656027
0.63,1.681086
0.635,1.705899
0.64,1.730105
0.645,1.753095
0.65,1.774205
0.655,1.792892
0.66,1.808833
0.665,1.822018
0.67,1.832724
0.675,1.841394
0.68,1.848601
0.685,1.854996
0.69,1.861193
0.695,1.867571
0.7,1.874245
0.705,1.88114
0.71,1.888089
0.715,1.894998
0.72,1.901862
0.725,1.908704
0.73,1.915532
0.735,1.922348
0.74,1.929186
0.745,1.936022
0.75,1.942779
0.755,1.949229
0.76,1.954981
0.765,1.959798
0.77,1.963751
0.775,1.967148
0.78,1.970319
0.785,1.97351
0.79,1.976902
0.795,1.980518
0.8,1.984242
0.805,1.987967
0.81,1.991639
0.815,1.99523
0.82,1.998723
0.825,2.002161
0.83,2.005634
0.835,2.009257
0.84,2.013201
0.845,2.017569
0.85,2.022356
0.855,2.027429
0.86,2.032573
0.865,2.037603
0.87,2.0425
0.875,2.047377
0.88,2.052339
0.885,2.057373
0.89,2.062417
0.895,2.06739
0.9,2.072242
0.905,2.07699
0.91,2.08173
0.915,2.086517
0.92,2.091395
0.925,2.096424
0.93,2.10156
0.935,2.10667
0.94,2.111666
0.945,2.116489
0.95,2.121154
0.955,2.125796
0.96,2.1305
0.965,2.135236
0.97,2.139963
0.975,2.144651
0.98,2.149294
0.985,2.153919
0.99,2.15861
0.995,2.163395
1,2.168178
1.005,2.172913
1.01,2.177666
1.015,2.182454
1.02,2.187184
1.025,2.191808
1.03,2.196416
1.035,2.201069
1.04,2.205794
1.045,2.210624
1.05,2.215565
1.055,2.220572
1.06,2.225559
1.065,2.230454
1.07,2.23525
1.075,2.24
1.08,2.244747
1.085,2.249512
1.09,2.254267
1.095,2.258956
1.1,2.263504
1.105,2.267823
1.11,2.271907
1.115,2.275838
1.12,2.279673
1.125,2.283486
1.13,2.28738
1.135,2.291416
1.14,2.295544
1.145,2.299586
1.15,2.303359
1.155,2.306798
1.16,2.309913
1.165,2.312774
1.17,2.315497
1.175,2.318181
1.18,2.320859
1.185,2.323542
1.19,2.326245
1.195,2.328979
1.2,2.331706
1.205,2.334423
1.21,2.33718
1.215,2.339984
1.22,2.34283
1.225,2.345773
1.23,2.348812
1.235,2.351831
1.24,2.35471
1.245,2.357415
1.25,2.360016
1.255,2.3626
1.26,2.365219
1.265,2.367883
1.27,2.370576
1.275,2.373248
1.28,2.375907
1.285,2.378613
1.29,2.38138
1.295,2.384192
1.3,2.387023
1.305,2.389851
1.31,2.392673
1.315,2.39549
1.32,2.39833
1.325,2.401203
1.33,2.40405
1.335,2.406803
1.34,2.409496
1.345,2.412166
1.35,2.414831
1.355,2.417543
1.36,2.420326
1.365,2.423193
1.37,2.426097
1.375,2.428961
1.38,2.431728
1.385,2.434426
1.39,2.437121
1.395,2.439838
1.4,2.442588
1.405,2.445336
1.41,2.44799
1.415,2.450529
1.42,2.453023
1.425,2.455555
1.43,2.458162
1.435,2.46082
1.44,2.463476
1.445,2.466068
1.45,2.468529
1.455,2.470836
1.46,2.473019
1.465,2.475119
1.47,2.477183
1.475,2.479238
1.48,2.481289
1.485,2.483343
1.49,2.485409
1.495,2.487484
1.5,2.489566
1.505,2.491647
1.51,2.493728
1.515,2.495809
1.52,2.497883
1.525,2.499951
1.53,2.502007
1.535,2.504027
1.54,2.505983
1.545,2.507833
1.55,2.50956
1.555,2.511228
1.56,2.512929
1.565,2.514704
1.57,2.516564
1.575,2.518497
1.58,2.520495
1.585,2.522549
1.59,2.524618
1.595,2.526656
1.6,2.528642
1.605,2.530545
1.61,2.532337
1.615,2.534058
1.62,2.535778
1.625,2.537546
1.63,2.539372
1.635,2.541246
1.64,2.543174
1.645,2.545159
1.65,2.547194
1.655,2.549268
1.66,2.551346
1.665,2.553379
1.67,2.555325
1.675,2.557154
1.68,2.558866
1.685,2.560538
1.69,2.56223
1.695,2.563975
1.7,2.56578
1.705,2.567614
1.71,2.569454
1.715,2.571277
1.72,2.573064
1.725,2.574812
1.73,2.576529
1.735,2.578227
1.74,2.579918
1.745,2.58161
1.75,2.583299
1.755,2.58496
1.76,2.586564
1.765,2.588118
1.77,2.589656
1.775,2.591206
1.78,2.592781
1.785,2.594376
1.79,2.595978
1.795,2.597565
1.8,2.599127
1.805,2.600676
1.81,2.602238
1.815,2.603807
1.82,2.605372
1.825,2.60694
1.83,2.608521
1.835,2.610108
1.84,2.611668
1.845,2.613169
1.85,2.61462
1.855,2.616054
1.86,2.617493
1.865,2.61891
1.87,2.620292
1.875,2.621664
1.88,2.623065
1.885,2.624536
1.89,2.626099
1.895,2.627732
1.9,2.629376
1.905,2.630973
1.91,2.632494
1.915,2.633926
1.92,2.635282
1.925,2.636596
1.93,2.637903
1.935,2.639224
1.94,2.640578
1.945,2.641968
1.95,2.64338
1.955,2.644793
1.96,2.646201
1.965,2.647617
1.97,2.64905
1.975,2.650498
1.98,2.651943
1.985,2.653362
1.99,2.654741
1.995,2.65606
2,2.657298
2.005,2.658481
2.01,2.659652
2.015,2.660844
2.02,2.662073
2.025,2.663336
2.03,2.664621
2.035,2.66591
2.04,2.667202
2.045,2.668501
2.05,2.669813
2.055,2.671138
2.06,2.672454
2.065,2.673736
2.07,2.674972
2.075,2.676172
2.08,2.677342
2.085,2.678489
2.09,2.679617
2.095,2.680719
2.1,2.681778
2.105,2.682782
2.11,2.683775
2.115,2.684804
2.12,2.685875
2.125,2.686978
2.13,2.688095
2.135,2.689219
2.14,2.690359
2.145,2.69151
2.15,2.692647
2.155,2.693769
2.16,2.694881
2.165,2.695976
2.17,2.697063
2.175,2.698157
2.18,2.699267
2.185,2.700384
2.19,2.701489
2.195,2.702582
2.2,2.703668
2.205,2.704752
2.21,2.705841
2.215,2.706938
2.22,2.708038
2.225,2.709138
2.23,2.710234
2.235,2.711324
2.24,2.712405
2.245,2.713491
2.25,2.714594
2.255,2.715741
2.26,2.716971
2.265,2.718274
2.27,2.71959
2.275,2.72086
2.28,2.722058
2.285,2.723189
2.29,2.724279
2.295,2.725351
2.3,2.726411
2.305,2.727463
2.31,2.728509
2.315,2.729547
2.32,2.730585
2.325,2.731625
2.33,2.732679
2.335,2.733737
2.34,2.734793
2.345,2.735838
2.35,2.736867
2.355,2.737855
2.36,2.738768
2.365,2.739587
2.37,2.740341
2.375,2.741098
2.38,2.7419
2.385,2.742766
2.39,2.743698
2.395,2.744683
2.4,2.745706
2.405,2.746758
2.41,2.747814
2.415,2.748835
2.42,2.749795
2.425,2.750695
2.43,2.751558
2.435,2.752403
2.44,2.753227
2.445,2.754016
2.45,2.754755
2.455,2.755458
2.46,2.756162
2.465,2.756905
2.47,2.757702
2.475,2.758549
2.48,2.759438
2.485,2.760357
2.49,2.761277
2.495,2.762178
2.5,2.763062
2.505,2.763947
2.51,2.764845
2.515,2.765747
2.52,2.766643
2.525,2.767526
2.53,2.768403
2.535,2.769296
2.54,2.770225
2.545,2.771199
2.55,2.772207
2.555,2.773228
2.56,2.77424
2.565,2.775215
2.57,2.776133
2.575,2.77698
2.58,2.777766
2.585,2.778519
2.59,2.779267
2.595,2.780019
2.6,2.780783
2.605,2.781571
2.61,2.78239
2.615,2.783233
2.62,2.784081
2.625,2.784926
2.63,2.785764
2.635,2.786601
2.64,2.78744
2.645,2.788275
2.65,2.789091
2.655,2.78989
2.66,2.790698
2.665,2.79155
2.67,2.792457
2.675,2.793391
2.68,2.794312
2.685,2.795185
2.69,2.795997
2.695,2.796764
2.7,2.797508
2.705,2.79824
2.71,2.798971
2.715,2.799706
2.72,2.80044
2.725,2.801164
2.73,2.801882
2.735,2.802601
2.74,2.803327
2.745,2.804049
2.75,2.804751
2.755,2.805424
2.76,2.806059
2.765,2.806651
2.77,2.807201
2.775,2.807733
2.78,2.808277
2.785,2.808855
2.79,2.809471
2.795,2.810122
2.8,2.810801
2.805,2.811497
2.81,2.812193
2.815,2.812881
2.82,2.813569
2.825,2.81426
2.83,2.81495
2.835,2.815642
2.84,2.816338
2.845,2.817036
2.85,2.817735
2.855,2.818435
2.86,2.819136
2.865,2.819843
2.87,2.820556
2.875,2.821273
2.88,2.82199
2.885,2.822698
2.89,2.823408
2.895,2.824142
2.9,2.824921
2.905,2.825747
2.91,2.826595
2.915,2.827425
2.92,2.828198
2.925,2.828885
2.93,2.829476
2.935,2.83001
2.94,2.830535
2.945,2.831081
2.95,2.831661
2.955,2.832275
2.96,2.832918
2.965,2.833587
2.97,2.83427
2.975,2.834961
2.98,2.835653
2.985,2.836341
2.99,2.837025
2.995,2.837708
3,2.838389
3.005,2.839069
3.01,2.839737
3.015,2.84039
3.02,2.841036
3.025,2.841694
3.03,2.842374
3.035,2.843074
3.04,2.8438
3.045,2.844567
3.05,2.845362
3.055,2.846146
3.06,2.846889
3.065,2.847572
3.07,2.8482
3.075,2.848787
3.08,2.849357
3.085,2.84993
3.09,2.850513
3.095,2.851099
3.1,2.85168
3.105,2.852252
3.11,2.852817
3.115,2.853377
3.12,2.853934
3.125,2.854487
3.13,2.855028
3.135,2.855545
3.14,2.856037
3.145,2.856522
3.15,2.857045
3.155,2.857641
3.16,2.858323
3.165,2.859068
3.17,2.859832
3.175,2.860572
3.18,2.861269
3.185,2.86192
3.19,2.862532
3.195,2.863114
3.2,2.863682
3.205,2.86425
3.21,2.864827
3.215,2.86541
3.22,2.865986
3.225,2.866549
3.23,2.867092
3.235,2.867619
3.24,2.868138
3.245,2.868654
3.25,2.869169
3.255,2.869682
3.26,2.870193
3.265,2.870693
3.27,2.871179
3.275,2.871655
3.28,2.872121
3.285,2.872574
3.29,2.873011
3.295,2.873427
3.3,2.873832
3.305,2.874241
3.31,2.874667
3.315,2.875111
3.32,2.875578
3.325,2.876071
3.33,2.876586
3.335,2.877119
3.34,2.877665
3.345,2.878217
3.35,2.878769
3.355,2.879321
3.36,2.879875
3.365,2.880431
3.37,2.880991
3.375,2.881553
3.38,2.882113
3.385,2.882662
3.39,2.883196
3.395,2.883721
3.4,2.884243
3.405,2.884771
3.41,2.885311
3.415,2.885866
3.42,2.886428
3.425,2.886989
3.43,2.887546
3.435,2.888104
3.44,2.888669
3.445,2.889245
3.45,2.889824
3.455,2.890402
3.46,2.890976
3.465,2.891548
3.47,2.892119
3.475,2.892684
3.48,2.893247
3.485,2.893819
3.49,2.894408
3.495,2.895018
3.5,2.895647
3.505,2.896284
3.51,2.896927
3.515,2.897575
3.52,2.898219
3.525,2.898842
3.53,2.899433
3.535,2.899987
3.54,2.900503
3.545,2.900985
3.55,2.901436
3.555,2.901862
3.56,2.90227
3.565,2.902669
3.57,2.903069
3.575,2.903473
3.58,2.903882
3.585,2.904293
3.59,2.904707
3.595,2.905124
3.6,2.905552
3.605,2.905986
3.61,2.906418
3.615,2.906847
3.62,2.907274
3.625,2.907704
3.63,2.908135
3.635,2.908551
3.64,2.90895
3.645,2.90933
3.65,2.909686
3.655,2.910012
3.66,2.910318
3.665,2.910615
3.67,2.910927
3.675,2.911274
3.68,2.911661
3.685,2.912092
3.69,2.91256
3.695,2.91305
3.7,2.913549
3.705,2.914045
3.71,2.914521
3.715,2.914959
3.72,2.915356
3.725,2.91572
3.73,2.916074
3.735,2.916437
3.74,2.916821
3.745,2.917231
3.75,2.917665
3.755,2.918119
3.76,2.918582
3.765,2.919038
3.77,2.919487
3.775,2.919928
3.78,2.92036
3.785,2.920783
3.79,2.921202
3.795,2.92162
3.8,2.92204
3.805,2.922467
3.81,2.922908
3.815,2.923368
3.82,2.923842
3.825,2.924311
3.83,2.92477
3.835,2.925217
3.84,2.92566
3.845,2.926108
3.85,2.926556
3.855,2.926996
3.86,2.927432
3.865,2.927874
3.87,2.928324
3.875,2.928775
3.88,2.929215
3.885,2.929636
3.89,2.930044
3.895,2.93045
3.9,2.930857
3.905,2.931268
3.91,2.931685
3.915,2.932109
3.92,2.932537
3.925,2.932966
3.93,2.933395
3.935,2.933826
3.94,2.934256
3.945,2.934678
3.95,2.935089
3.955,2.935489
3.96,2.935885
3.965,2.936281
3.97,2.936674
3.975,2.937059
3.98,2.937439
3.985,2.937823
3.99,2.938216
3.995,2.93861
4,2.939003
4.005,2.939407
4.01,2.939832
4.015,2.940273
4.02,2.940719
4.025,2.941163
4.03,2.941604
4.035,2.942047
4.04,2.942497
4.045,2.942956
4.05,2.943433
4.055,2.943927
4.06,2.944426
4.065,2.944903
4.07,2.945348
4.075,2.945761
4.08,2.946153
4.085,2.946524
4.09,2.946878
4.095,2.947223
4.1,2.947561
4.105,2.947891
4.11,2.948206
4.115,2.948503
4.12,2.948781
4.125,2.949048
4.13,2.94932
4.135,2.949611
4.14,2.949931
4.145,2.950276
4.15,2.950635
4.155,2.951002
4.16,2.95137
4.165,2.951733
4.17,2.952087
4.175,2.952428
4.18,2.952759
4.185,2.953075
4.19,2.953384
4.195,2.953699
4.2,2.954012
4.205,2.954325
4.21,2.954642
4.215,2.954963
4.22,2.955292
4.225,2.955622
4.23,2.955961
4.235,2.956308
4.24,2.956656
4.245,2.957014
4.25,2.957379
4.255,2.957744
4.26,2.958106
4.265,2.958465
4.27,2.958822
4.275,2.959172
4.28,2.959522
4.285,2.959873
4.29,2.96023
4.295,2.960591
4.3,2.960955
4.305,2.961318
4.31,2.961679
4.315,2.962042
4.32,2.962403
4.325,2.962764
4.33,2.963125
4.335,2.963485
4.34,2.963848
4.345,2.964216
4.35,2.964579
4.355,2.964934
4.36,2.965286
4.365,2.965638
4.37,2.965991
4.375,2.966347
4.38,2.966706
4.385,2.96707
4.39,2.967437
4.395,2.967815
4.4,2.968203
4.405,2.968583
4.41,2.96894
4.415,2.96927
4.42,2.96958
4.425,2.969885
4.43,2.970201
4.435,2.970524
4.44,2.970857
4.445,2.971201
4.45,2.971547
4.455,2.971888
4.46,2.97222
4.465,2.972539
4.47,2.972853
4.475,2.973156
4.48,2.973451
4.485,2.973736
4.49,2.97403
4.495,2.974342
4.5,2.974668
4.505,2.974995
4.51,2.97532
4.515,2.97564
4.52,2.975953
4.525,2.976263
4.53,2.976563
4.535,2.976858
4.54,2.977142
4.545,2.977428
4.55,2.977733
4.555,2.978056
4.56,2.978396
4.565,2.978749
4.57,2.979111
4.575,2.979477
4.58,2.979846
4.585,2.980218
4.59,2.980589
4.595,2.980953
4.6,2.981309
4.605,2.981661
4.61,2.982014
4.615,2.982364
4.62,2.982697
4.625,2.983009
4.63,2.983304
4.635,2.983583
4.64,2.983858
4.645,2.984117
4.65,2.98436
4.655,2.984591
4.66,2.984799
4.665,2.985005
4.67,2.985216
4.675,2.985446
4.68,2.985704
4.685,2.985987
4.69,2.986294
4.695,2.986617
4.7,2.986954
4.705,2.987302
4.71,2.987648
4.715,2.987981
4.72,2.988304
4.725,2.988606
4.73,2.988897
4.735,2.989179
4.74,2.989457
4.745,2.98973
4.75,2.990002
4.755,2.990277
4.76,2.990551
4.765,2.990829
4.77,2.991104
4.775,2.991385
4.78,2.991672
4.785,2.991962
4.79,2.992249
4.795,2.992528
4.8,2.992793
4.805,2.99305
4.81,2.993307
4.815,2.993572
4.82,2.993854
4.825,2.994139
4.83,2.994427
4.835,2.994713
4.84,2.994996
4.845,2.995278
4.85,2.995555
4.855,2.995835
4.86,2.996117
4.865,2.996406
4.87,2.996688
4.875,2.996968
4.88,2.997259
4.885,2.997546
4.89,2.997829
4.895,2.998102
4.9,2.998373
4.905,2.998636
4.91,2.998899
4.915,2.999171
4.92,2.999451
4.925,2.999726
4.93,3.000008
4.935,3.000307
4.94,3.000618
4.945,3.000933
4.95,3.001249
4.955,3.00156
4.96,3.001871
4.965,3.002167
4.97,3.002453
4.975,3.002708
4.98,3.002945
4.985,3.003165
4.99,3.003378
4.995,3.003594
5,3.003826
5.005,3.004074
5.01,3.004342
5.015,3.004619
5.02,3.004905
5.025,3.005193
5.03,3.005486
5.035,3.005791
5.04,3.006094
5.045,3.006395
5.05,3.006683
5.055,3.006964
5.06,3.007229
5.065,3.007489
5.07,3.007744
5.075,3.008002
5.08,3.008273
5.085,3.008546
5.09,3.00882
5.095,3.009091
5.1,3.009367
5.105,3.009659
5.11,3.009967
5.115,3.010293
5.12,3.010631
5.125,3.01097
5.13,3.011306
5.135,3.011635
5.14,3.011955
5.145,3.012269
5.15,3.012572
5.155,3.012868
5.16,3.013152
5.165,3.013431
5.17,3.013695
5.175,3.013955
5.18,3.014197
5.185,3.014433
5.19,3.014655
5.195,3.014862
5.2,3.015069
5.205,3.015263
5.21,3.015463
5.215,3.015667
5.22,3.015888
5.225,3.01612
5.23,3.016372
5.235,3.016625
5.24,3.016883
5.245,3.017132
5.25,3.017376
5.255,3.017613
5.26,3.017854
5.265,3.018095
5.27,3.018348
5.275,3.018604
5.28,3.018872
5.285,3.019136
5.29,3.019403
5.295,3.019655
5.3,3.019899
5.305,3.020132
5.31,3.020362
5.315,3.020589
5.32,3.020801
5.325,3.021014
5.33,3.021214
5.335,3.021404
5.34,3.021597
5.345,3.021778
5.35,3.021963
5.355,3.022153
5.36,3.022329
5.365,3.022512
5.37,3.022695
5.375,3.022861
5.38,3.023035
5.385,3.023208
5.39,3.023361
5.395,3.023518
5.4,3.023682
5.405,3.023856
5.41,3.02405
5.415,3.024254
5.42,3.024476
5.425,3.024699
5.43,3.024931
5.435,3.025164
5.44,3.025411
5.445,3.02566
5.45,3.025919
5.455,3.026179
5.46,3.026444
5.465,3.026705
5.47,3.026969
5.475,3.027228
5.48,3.027489
5.485,3.027749
5.49,3.02801
5.495,3.028275
5.5,3.028541
5.505,3.028816
5.51,3.029084
5.515,3.029346
5.52,3.0296
5.525,3.029853
5.53,3.030103
5.535,3.03036
5.54,3.030617
5.545,3.030881
5.55,3.031141
5.555,3.031405
5.56,3.031662
5.565,3.031921
5.57,3.032175
5.575,3.032433
5.58,3.032688
5.585,3.032947
5.59,3.033202
5.595,3.033459
5.6,3.033707
5.605,3.033957
5.61,3.034194
5.615,3.034432
5.62,3.034662
5.625,3.034893
5.63,3.03512
5.635,3.035349
5.64,3.035578
5.645,3.035798
5.65,3.036022
5.655,3.036228
5.66,3.036417
5.665,3.036606
5.67,3.036783
5.675,3.036966
5.68,3.037154
5.685,3.037335
5.69,3.037529
5.695,3.037718
5.7,3.037908
5.705,3.038105
5.71,3.038292
5.715,3.038488
5.72,3.038683
5.725,3.038877
5.73,3.03908
5.735,3.03927
5.74,3.039459
5.745,3.039649
5.75,3.039836
5.755,3.040035
5.76,3.040235
5.765,3.040451
5.77,3.040665
5.775,3.040882
5.78,3.041101
5.785,3.041322
5.79,3.041549
5.795,3.041758
5.8,3.041962
5.805,3.042176
5.81,3.042415
5.815,3.042668
5.82,3.042933
5.825,3.043189
5.83,3.043443
5.835,3.043677
5.84,3.043891
5.845,3.0441
5.85,3.044288
5.855,3.044477
5.86,3.044665
5.865,3.044831
5.87,3.044994
5.875,3.045162
5.88,3.04532
5.885,3.045486
5.89,3.045662
5.895,3.045844
5.9,3.046043
5.905,3.046242
5.91,3.046455
5.915,3.046666
5.92,3.046881
5.925,3.047099
5.93,3.047319
5.935,3.047547
5.94,3.047761
5.945,3.047976
5.95,3.048189
5.955,3.048414
5.96,3.048637
5.965,3.048839
5.97,3.049039
5.975,3.049228
5.98,3.049417
5.985,3.049612
5.99,3.049807
5.995,3.050015
6,3.050219
6.005,3.05043
6.01,3.050641
6.015,3.050849
6.02,3.051063
6.025,3.051265
6.03,3.051473
6.035,3.051676
6.04,3.051872
6.045,3.052073
6.05,3.052275
6.055,3.05249
6.06,3.052698
6.065,3.052882
6.07,3.053066
6.075,3.05324
6.08,3.053414
6.085,3.053599
6.09,3.053779
6.095,3.053971
6.1,3.054166
6.105,3.054371
6.11,3.054585
6.115,3.054783
6.12,3.054978
6.125,3.055169
6.13,3.055346
6.135,3.05553
6.14,3.055719
6.145,3.055929
6.15,3.056143
6.155,3.056346
6.16,3.056552
6.165,3.056743
6.17,3.056908
6.175,3.057077
6.18,3.057248
6.185,3.057442
6.19,3.057644
6.195,3.057838
6.2,3.058039
6.205,3.058229
6.21,3.058407
6.215,3.058591
6.22,3.058767
6.225,3.058952
6.23,3.059143
6.235,3.05932
6.24,3.059504
6.245,3.059687
6.25,3.059863
6.255,3.060052
6.26,3.060235
6.265,3.060419
6.27,3.060611
6.275,3.060792
6.28,3.060977
6.285,3.061165
6.29,3.061344
6.295,3.061535
6.3,3.061722
6.305,3.061915
6.31,3.062115
6.315,3.062318
6.32,3.062533
6.325,3.062741
6.33,3.062956
6.335,3.063166
6.34,3.063377
6.345,3.063592
6.35,3.063787
6.355,3.06398
6.36,3.064169
6.365,3.064333
6.37,3.064489
6.375,3.064651
6.38,3.064802
6.385,3.064935
6.39,3.065081
6.395,3.065233
6.4,3.065367
6.405,3.065501
6.41,3.065651
6.415,3.065797
6.42,3.065928
6.425,3.066075
6.43,3.066228
6.435,3.066381
6.44,3.066554
6.445,3.06673
6.45,3.066917
6.455,3.067114
6.46,3.067301
6.465,3.067493
6.47,3.067683
6.475,3.067855
6.48,3.068033
6.485,3.068208
6.49,3.068372
6.495,3.068548
6.5,3.068722
6.505,3.068878
6.51,3.069042
6.515,3.069209
6.52,3.069354
6.525,3.069492
6.53,3.069643
6.535,3.06979
6.54,3.069944
6.545,3.070115
6.55,3.07028
6.555,3.070445
6.56,3.07062
6.565,3.070796
6.57,3.07099
6.575,3.071185
6.58,3.071357
6.585,3.07153
6.59,3.071702
6.595,3.071858
6.6,3.072024
6.605,3.072199
6.61,3.072399
6.615,3.072612
6.62,3.07283
6.625,3.073056
6.63,3.073271
6.635,3.07349
6.64,3.073697
6.645,3.073901
6.65,3.074106
6.655,3.074299
6.66,3.074499
6.665,3.074693
6.67,3.074868
6.675,3.075047
6.68,3.075221
6.685,3.075369
6.69,3.075514
6.695,3.075668
6.7,3.075811
6.705,3.075928
6.71,3.076047
6.715,3.076183
6.72,3.076315
6.725,3.07643
6.73,3.076558
6.735,3.076701
6.74,3.076844
6.745,3.077008
6.75,3.077182
6.755,3.077348
6.76,3.077524
6.765,3.077701
6.77,3.077868
6.775,3.078047
6.78,3.078223
6.785,3.078393
6.79,3.078575
6.795,3.07875
6.8,3.078917
6.805,3.079093
6.81,3.079263
6.815,3.079433
6.82,3.079615
6.825,3.079783
6.83,3.079925
6.835,3.080071
6.84,3.080221
6.845,3.080365
6.85,3.080528
6.855,3.080699
6.86,3.080849
6.865,3.080987
6.87,3.081136
6.875,3.081282
6.88,3.081423
6.885,3.081583
6.89,3.081744
6.895,3.081893
6.9,3.082056
6.905,3.082221
6.91,3.082373
6.915,3.082535
6.92,3.082702
6.925,3.082869
6.93,3.083054
6.935,3.083235
6.94,3.083391
6.945,3.083551
6.95,3.083712
6.955,3.083852
6.96,3.083982
6.965,3.084126
6.97,3.084276
6.975,3.084448
6.98,3.084636
6.985,3.084807
6.99,3.084955
6.995,3.085107
7,3.085257
7.005,3.085388
7.01,3.085528
7.015,3.085681
7.02,3.085827
7.025,3.085984
7.03,3.086154
7.035,3.086316
7.04,3.086487
7.045,3.086665
7.05,3.086824
7.055,3.086974
7.06,3.087134
7.065,3.087285
7.07,3.087425
7.075,3.08758
7.08,3.087743
7.085,3.087931
7.09,3.088134
7.095,3.088357
7.1,3.088587
7.105,3.088814
7.11,3.089043
7.115,3.089255
7.12,3.089465
7.125,3.089673
7.13,3.089891
7.135,3.090111
7.14,3.090303
7.145,3.09047
7.15,3.090635
7.155,3.090787
7.16,3.090907
7.165,3.090991
7.17,3.091081
7.175,3.091194
7.18,3.091312
7.185,3.091414
7.19,3.091485
7.195,3.091556
7.2,3.091657
7.205,3.091775
7.21,3.091884
7.215,3.091966
7.22,3.092037
7.225,3.092135
7.23,3.092253
7.235,3.092366
7.24,3.092454
7.245,3.092508
7.25,3.092556
7.255,3.09264
7.26,3.09275
7.265,3.092861
7.27,3.092949
7.275,3.09302
7.28,3.093116
7.285,3.093235
7.29,3.093351
7.295,3.093457
7.3,3.093584
7.305,3.093726
7.31,3.093859
7.315,3.094002
7.32,3.094161
7.325,3.094311
7.33,3.09446
7.335,3.094623
7.34,3.094779
7.345,3.09492
7.35,3.095073
7.355,3.09523
7.36,3.095382
7.365,3.095552
7.37,3.095724
7.375,3.095893
7.38,3.096075
7.385,3.096251
7.39,3.09643
7.395,3.096618
7.4,3.096791
7.405,3.096955
7.41,3.097127
7.415,3.097288
7.42,3.097448
7.425,3.09762
7.43,3.097783
7.435,3.097943
7.44,3.098115
7.445,3.098278
7.45,3.098417
7.455,3.098563
7.46,3.098714
7.465,3.09885
7.47,3.098979
7.475,3.099125
7.48,3.099272
7.485,3.099399
7.49,3.099535
7.495,3.099683
7.5,3.099823
7.505,3.099945
7.51,3.100081
7.515,3.100226
7.52,3.100359
7.525,3.100496
7.53,3.100649
7.535,3.100797
7.54,3.10093
7.545,3.101077
7.55,3.10123
7.555,3.101368
7.56,3.101514
7.565,3.101673
7.57,3.10182
7.575,3.101941
7.58,3.102069
7.585,3.102209
7.59,3.10234
7.595,3.102468
7.6,3.102616
7.605,3.102766
7.61,3.102924
7.615,3.1031
7.62,3.103269
7.625,3.103427
7.63,3.103595
7.635,3.103757
7.64,3.103895
7.645,3.104036
7.65,3.104186
7.655,3.104326
7.66,3.104464
7.665,3.104619
7.67,3.104772
7.675,3.104919
7.68,3.105083
7.685,3.105247
7.69,3.105386
7.695,3.105526
7.7,3.105676
7.705,3.105817
7.71,3.105927
7.715,3.106017
7.72,3.106125
7.725,3.106249
7.73,3.106364
7.735,3.106454
7.74,3.10654
7.745,3.106652
7.75,3.106777
7.755,3.106888
7.76,3.106976
7.765,3.107077
7.77,3.1072
7.775,3.107324
7.78,3.107426
7.785,3.10752
7.79,3.107638
7.795,3.107767
7.8,3.107882
7.805,3.107967
7.81,3.108039
7.815,3.108139
7.82,3.108257
7.825,3.108369
7.83,3.108455
7.835,3.108511
7.84,3.108579
7.845,3.10868
7.85,3.108795
7.855,3.108901
7.86,3.109012
7.865,3.109147
7.87,3.109285
7.875,3.109421
7.88,3.109577
7.885,3.109736
7.89,3.109875
7.895,3.110005
7.9,3.11015
7.905,3.110292
7.91,3.110438
7.915,3.110604
7.92,3.110767
7.925,3.110913
7.93,3.11107
7.935,3.111228
7.94,3.111365
7.945,3.111483
7.95,3.111614
7.955,3.111752
7.96,3.111875
7.965,3.111996
7.97,3.112136
7.975,3.112279
7.98,3.1124
7.985,3.112521
7.99,3.11266
7.995,3.112797
8,3.112921
8.005,3.11306
8.01,3.11321
8.015,3.113352
8.02,3.113506
8.025,3.113672
8.03,3.113841
8.035,3.11403
8.04,3.114217
8.045,3.11439
8.05,3.114569
8.055,3.114741
8.06,3.114882
8.065,3.114984
8.07,3.115087
8.075,3.115207
8.08,3.115326
8.085,3.115424
8.09,3.115492
8.095,3.115563
8.1,3.115666
8.105,3.115784
8.11,3.115891
8.115,3.115975
8.12,3.116072
8.125,3.116192
8.13,3.116316
8.135,3.116419
8.14,3.11649
8.145,3.116558
8.15,3.116657
8.155,3.116773
8.16,3.116882
8.165,3.116964
8.17,3.117012
8.175,3.117032
8.18,3.117047
8.185,3.117106
8.19,3.117209
8.195,3.117324
8.2,3.117424
8.205,3.117492
8.21,3.117536
8.215,3.117603
8.22,3.117704
8.225,3.117817
8.23,3.117916
8.235,3.117986
8.24,3.118057
8.245,3.118158
8.25,3.118276
8.255,3.118385
8.26,3.118476
8.265,3.118585
8.27,3.118714
8.275,3.118839
8.28,3.118938
8.285,3.119024
8.29,3.119133
8.295,3.119257
8.3,3.119372
8.305,3.119474
8.31,3.119596
8.315,3.119733
8.32,3.119864
8.325,3.120011
8.33,3.120172
8.335,3.120322
8.34,3.120464
8.345,3.12062
8.35,3.120782
8.355,3.120968
8.36,3.121163
8.365,3.121349
8.37,3.121543
8.375,3.121728
8.38,3.121886
8.385,3.122043
8.39,3.122203
8.395,3.122346
8.4,3.122494
8.405,3.122654
8.41,3.122805
8.415,3.122941
8.42,3.12309
8.425,3.123243
8.43,3.123379
8.435,3.123524
8.44,3.123681
8.445,3.123825
8.45,3.123955
8.455,3.124099
8.46,3.124247
8.465,3.124375
8.47,3.124495
8.475,3.124633
8.48,3.124774
8.485,3.124893
8.49,3.124976
8.495,3.125022
8.5,3.125038
8.505,3.125063
8.51,3.125138
8.515,3.125246
8.52,3.125358
8.525,3.125449
8.53,3.125506
8.535,3.125533
8.54,3.125548
8.545,3.125605
8.55,3.125705
8.555,3.125819
8.56,3.125919
8.565,3.125989
8.57,3.126026
8.575,3.126037
8.58,3.126049
8.585,3.12611
8.59,3.126215
8.595,3.126331
8.6,3.126429
8.605,3.126496
8.61,3.12653
8.615,3.126538
8.62,3.12654
8.625,3.12659
8.63,3.126688
8.635,3.126806
8.64,3.126911
8.645,3.127007
8.65,3.127126
8.655,3.127257
8.66,3.127375
8.665,3.12749
8.67,3.127627
8.675,3.127768
8.68,3.1279
8.685,3.128049
8.69,3.128208
8.695,3.128354
8.7,3.128507
8.705,3.128671
8.71,3.128824
8.715,3.128983
8.72,3.129153
8.725,3.129312
8.73,3.129475
8.735,3.129648
8.74,3.129828
8.745,3.130028
8.75,3.130229
8.755,3.130442
8.76,3.130676
8.765,3.130934
8.77,3.131179
8.775,3.131372
8.78,3.131515
8.785,3.131649
8.79,3.131778
8.795,3.131887
8.8,3.131965
8.805,3.132019
8.81,3.132097
8.815,3.132206
8.82,3.132323
8.825,3.132422
8.83,3.132497
8.835,3.132589
8.84,3.132706
8.845,3.132826
8.85,3.132925
8.855,3.132992
8.86,3.133043
8.865,3.133125
8.87,3.133234
8.875,3.133347
8.88,3.133439
8.885,3.133499
8.89,3.133528
8.895,3.133546
8.9,3.133603
8.905,3.133703
8.91,3.133817
8.915,3.133918
8.92,3.133988
8.925,3.134026
8.93,3.134038
8.935,3.134066
8.94,3.134145
8.945,3.134255
8.95,3.134367
8.955,3.134455
8.96,3.134529
8.965,3.134628
8.97,3.134747
8.975,3.134861
8.98,3.13495
8.985,3.135008
8.99,3.135073
8.995,3.135171
9,3.135286
9.005,3.135392
9.01,3.135482
9.015,3.135592
9.02,3.135722
9.025,3.135845
9.03,3.135942
9.035,3.136021
9.04,3.136121
9.045,3.136241
9.05,3.136357
9.055,3.136457
9.06,3.136575
9.065,3.136711
9.07,3.13684
9.075,3.136942
9.08,3.137043
9.085,3.137166
9.09,3.137293
9.095,3.137403
9.1,3.137489
9.105,3.13759
9.11,3.137713
9.115,3.137835
9.12,3.137936
9.125,3.138043
9.13,3.138173
9.135,3.138304
9.14,3.13843
9.145,3.138577
9.15,3.138732
9.155,3.138869
9.16,3.139006
9.165,3.139157
9.17,3.139302
9.175,3.139423
9.18,3.13955
9.185,3.139692
9.19,3.139826
9.195,3.13994
9.2,3.140066
9.205,3.140207
9.21,3.140339
9.215,3.140469
9.22,3.140619
9.225,3.140769
9.23,3.140895
9.235,3.140981
9.24,3.141039
9.245,3.141118
9.25,3.141225
9.255,3.141337
9.26,3.14143
9.265,3.141493
9.27,3.141525
9.275,3.141533
9.28,3.141527
9.285,3.141516
9.29,3.141505
9.295,3.141497
9.3,3.141494
9.305,3.141494
9.31,3.141496
9.315,3.141498
9.32,3.141499
9.325,3.141501
9.33,3.141501
9.335,3.141501
9.34,3.141523
9.345,3.141602
9.35,3.141721
9.355,3.141844
9.36,3.141944
9.365,3.142007
9.37,3.142036
9.375,3.14204
9.38,3.14203
9.385,3.142015
9.39,3.142003
9.395,3.141996
9.4,3.142025
9.405,3.142115
9.41,3.142239
9.415,3.142362
9.42,3.142461
9.425,3.142562
9.43,3.142684
9.435,3.142809
9.44,3.142917
9.445,3.143032
9.45,3.143168
9.455,3.143304
9.46,3.143419
9.465,3.143538
9.47,3.143675
9.475,3.14381
9.48,3.143919
9.485,3.144005
9.49,3.14411
9.495,3.144233
9.5,3.144351
9.505,3.144458
9.51,3.144586
9.515,3.144728
9.52,3.144865
9.525,3.145019
9.53,3.145185
9.535,3.145342
9.54,3.14551
9.545,3.145684
9.55,3.145838
9.555,3.145973
9.56,3.14612
9.565,3.146265
9.57,3.146388
9.575,3.146488
9.58,3.146603
9.585,3.146733
9.59,3.146854
9.595,3.146948
9.6,3.147016
9.605,3.147104
9.61,3.147218
9.615,3.147334
9.62,3.147432
9.625,3.147533
9.63,3.147659
9.635,3.147791
9.64,3.147903
9.645,3.147988
9.65,3.148085
9.655,3.148205
9.66,3.148327
9.665,3.148456
9.67,3.148609
9.675,3.148765
9.68,3.148895
9.685,3.149
9.69,3.149119
9.695,3.149249
9.7,3.149367
9.705,3.149455
9.71,3.149515
9.715,3.14959
9.72,3.149697
9.725,3.149812
9.73,3.149913
9.735,3.149984
9.74,3.150022
9.745,3.150034
9.75,3.15003
9.755,3.150033
9.76,3.150091
9.765,3.150197
9.77,3.150318
9.775,3.150422
9.78,3.150494
9.785,3.150531
9.79,3.15054
9.795,3.150556
9.8,3.150623
9.805,3.150729
9.81,3.150844
9.815,3.150939
9.82,3.151001
9.825,3.151031
9.83,3.151037
9.835,3.151029
9.84,3.151017
9.845,3.151038
9.85,3.15112
9.855,3.15124
9.86,3.15136
9.865,3.151455
9.87,3.151514
9.875,3.151538
9.88,3.151539
9.885,3.151528
9.89,3.151514
9.895,3.151502
9.9,3.151495
9.905,3.151494
9.91,3.15153
9.915,3.151624
9.92,3.15175
9.925,3.151871
9.93,3.151964
9.935,3.152018
9.94,3.15204
9.945,3.152047
9.95,3.152092
9.955,3.152185
9.96,3.1523
9.965,3.152428
9.97,3.152584
9.975,3.152746
9.98,3.152888
9.985,3.153032
9.99,3.153186
9.995,3.153327
10,3.153448
10.005,3.153583
10.01,3.153727
10.015,3.153856
10.02,3.153968
10.025,3.154095
10.03,3.154233
10.035,3.154369
10.04,3.154526
10.045,3.154694
10.05,3.154845
10.055,3.154992
10.06,3.15515
10.065,3.155299
10.07,3.155419
10.075,3.155536
10.08,3.155669
10.085,3.155801
10.09,3.155911
10.095,3.156003
10.1,3.156116
10.105,3.156244
10.11,3.156363
10.115,3.156453
10.12,3.156521
10.125,3.15661
10.13,3.156725
10.135,3.15684
10.14,3.156935
10.145,3.156997
10.15,3.157033
10.155,3.157091
10.16,3.157188
10.165,3.157302
10.17,3.157404
10.175,3.157478
10.18,3.157536
10.185,3.157622
10.19,3.157735
10.195,3.157848
10.2,3.15794
10.205,3.158
10.21,3.158029
10.215,3.158035
10.22,3.158055
10.225,3.158129
10.23,3.15824
10.235,3.158355
10.24,3.158447
10.245,3.158507
10.25,3.158534
10.255,3.158537
10.26,3.158528
10.265,3.158528
10.27,3.158585
10.275,3.158692
10.28,3.158814
10.285,3.15892
10.29,3.158993
10.295,3.159031
10.3,3.15904
10.305,3.159033
10.31,3.159019
10.315,3.159006
10.32,3.158997
10.325,3.159017
10.33,3.159097
10.335,3.159218
10.34,3.159344
10.345,3.159445
10.35,3.159509
10.355,3.159538
10.36,3.159541
10.365,3.15953
10.37,3.159516
10.375,3.159534
10.38,3.159615
10.385,3.159734
10.39,3.159855
10.395,3.159952
10.4,3.160012
10.405,3.160043
10.41,3.160095
10.415,3.160187
10.42,3.160298
10.425,3.1604
10.43,3.160492
10.435,3.160608
10.44,3.16074
10.445,3.160862
10.45,3.160982
10.455,3.161123
10.46,3.16127
10.465,3.161433
10.47,3.161615
10.475,3.161815
10.48,3.162037
10.485,3.162281
10.49,3.162535
10.495,3.162789
10.5,3.163042
10.505,3.163261
10.51,3.163422
10.515,3.163549
10.52,3.163677
10.525,3.163801
10.53,3.163904
10.535,3.163976
10.54,3.16403
10.545,3.164114
10.55,3.164225
10.555,3.16434
10.56,3.164435
10.565,3.164498
10.57,3.164528
10.575,3.164535
10.58,3.164527
10.585,3.164515
10.59,3.164504
10.595,3.164497
10.6,3.164494
10.605,3.164494
10.61,3.164496
10.615,3.164498
10.62,3.1645
10.625,3.164501
10.63,3.164501
10.635,3.164501
10.64,3.164501
10.645,3.1645
10.65,3.1645
10.655,3.164522
10.66,3.164602
10.665,3.164721
10.67,3.164844
10.675,3.164944
10.68,3.165007
10.685,3.165036
10.69,3.16504
10.695,3.16503
10.7,3.165015
10.705,3.165003
10.71,3.164996
10.715,3.164993
10.72,3.164993
10.725,3.164995
10.73,3.164998
10.735,3.165
10.74,3.165001
10.745,3.165001
10.75,3.165001
10.755,3.165001
10.76,3.165
10.765,3.165001
10.77,3.165035
10.775,3.165126
10.78,3.165249
10.785,3.165369
10.79,3.165488
10.795,3.165627
10.8,3.16577
10.805,3.165893
10.81,3.166011
10.815,3.166147
10.82,3.166294
10.825,3.166471
10.83,3.166662
10.835,3.166849
10.84,3.167046
10.845,3.167234
10.85,3.167395
10.855,3.167556
10.86,3.167716
10.865,3.167855
10.87,3.167979
10.875,3.168118
10.88,3.168276
10.885,3.168469
10.89,3.168671
10.895,3.168867
10.9,3.169069
10.905,3.169255
10.91,3.169421
10.915,3.169593
10.92,3.169757
10.925,3.169905
10.93,3.170066
10.935,3.170228
10.94,3.170377
10.945,3.170538
10.95,3.170704
10.955,3.170849
10.96,3.170955
10.965,3.171017
10.97,3.171041
10.975,3.171069
10.98,3.171142
10.985,3.171248
10.99,3.171358
10.995,3.171447
11,3.171504
11.005,3.171531
11.01,3.171549
11.015,3.171608
11.02,3.17171
11.025,3.171824
11.03,3.171923
11.035,3.171991
11.04,3.172027
11.045,3.172036
11.05,3.17203
11.055,3.172018
11.06,3.17203
11.065,3.172102
11.07,3.172217
11.075,3.17234
11.08,3.172441
11.085,3.172506
11.09,3.172536
11.095,3.17254
11.1,3.17253
11.105,3.172516
11.11,3.172529
11.115,3.172604
11.12,3.172721
11.125,3.172844
11.13,3.172944
11.135,3.173008
11.14,3.173037
11.145,3.17304
11.15,3.17303
11.155,3.173015
11.16,3.173003
11.165,3.172996
11.17,3.172993
11.175,3.172993
11.18,3.172995
11.185,3.172998
11.19,3.173
11.195,3.173001
11.2,3.173001
11.205,3.173001
11.21,3.173001
11.215,3.173
11.22,3.173
11.225,3.173
11.23,3.173
11.235,3.173
11.24,3.173
11.245,3.173
11.25,3.173
11.255,3.173
11.26,3.173
11.265,3.173
11.27,3.173
11.275,3.173
11.28,3.173
11.285,3.173
11.29,3.173
11.295,3.173
11.3,3.173008
11.305,3.173067
11.31,3.173176
11.315,3.173301
11.32,3.173412
11.325,3.173489
11.33,3.173529
11.335,3.173541
11.34,3.173534
11.345,3.17352
11.35,3.173521
11.355,3.17358
11.36,3.173689
11.365,3.173817
11.37,3.17397
11.375,3.174144
11.38,3.174319
11.385,3.174511
11.39,3.174707
11.395,3.174916
11.4,3.17513
11.405,3.175331
11.41,3.175537
11.415,3.175729
11.42,3.175898
11.425,3.17607
11.43,3.176259
11.435,3.176478
11.44,3.176716
11.445,3.176971
11.45,3.177211
11.455,3.17744
11.46,3.177655
11.465,3.177832
11.47,3.177956
11.475,3.178024
11.48,3.178049
11.485,3.178045
11.49,3.178029
11.495,3.178018
11.5,3.178062
11.505,3.178162
11.51,3.178287
11.515,3.1784
11.52,3.178482
11.525,3.178527
11.53,3.178541
11.535,3.178536
11.54,3.178523
11.545,3.178509
11.55,3.178499
11.555,3.178526
11.56,3.178614
11.565,3.178738
11.57,3.178861
11.575,3.178957
11.58,3.179015
11.585,3.17904
11.59,3.17904
11.595,3.179028
11.6,3.179013
11.605,3.179001
11.61,3.178995
11.615,3.179025
11.62,3.179115
11.625,3.17924
11.63,3.179363
11.635,3.179458
11.64,3.179516
11.645,3.17954
11.65,3.17954
11.655,3.179528
11.66,3.179513
11.665,3.179501
11.67,3.179495
11.675,3.179492
11.68,3.179493
11.685,3.179496
11.69,3.179498
11.695,3.1795
11.7,3.179501
11.705,3.179501
11.71,3.179513
11.715,3.179579
11.72,3.179691
11.725,3.179816
11.73,3.179923
11.735,3.179995
11.74,3.180032
11.745,3.180041
11.75,3.180033
11.755,3.180019
11.76,3.180006
11.765,3.179997
11.77,3.179993
11.775,3.179994
11.78,3.180028
11.785,3.180119
11.79,3.180243
11.795,3.180365
11.8,3.180459
11.805,3.180542
11.81,3.180648
11.815,3.180768
11.82,3.180878
11.825,3.180964
11.83,3.181056
11.835,3.181174
11.84,3.181299
11.845,3.181406
11.85,3.181485
11.855,3.181573
11.86,3.181687
11.865,3.181808
11.87,3.181911
11.875,3.18199
11.88,3.182084
11.885,3.182203
11.89,3.182324
11.895,3.182424
11.9,3.182503
11.905,3.182602
11.91,3.182723
11.915,3.182842
11.92,3.182938
11.925,3.183027
11.93,3.183142
11.935,3.183268
11.94,3.183382
11.945,3.183475
11.95,3.183584
11.955,3.183712
11.96,3.183837
11.965,3.183936
11.97,3.184001
11.975,3.184068
11.98,3.184166
11.985,3.184281
11.99,3.184388
11.995,3.184467
12,3.184515
12.005,3.184569
12.01,3.18466
12.015,3.184773
12.02,3.184881
12.025,3.184963
12.03,3.185012
12.035,3.185033
12.04,3.185033
12.045,3.185023
12.05,3.185011
12.055,3.185001
12.06,3.184995
12.065,3.184994
12.07,3.184994
12.075,3.184996
12.08,3.184999
12.085,3.185
12.09,3.185001
12.095,3.185001
12.1,3.185001
12.105,3.185
12.11,3.185
12.115,3.185
12.12,3.185
12.125,3.185
12.13,3.185
12.135,3.185
12.14,3.185
12.145,3.185
12.15,3.185
12.155,3.185
12.16,3.185
12.165,3.185
12.17,3.185
12.175,3.185
12.18,3.185
12.185,3.185008
12.19,3.185065
12.195,3.185173
12.2,3.185299
12.205,3.18541
12.21,3.185488
12.215,3.185529
12.22,3.185541
12.225,3.185534
12.23,3.185521
12.235,3.185507
12.24,3.185498
12.245,3.185493
12.25,3.185501
12.255,3.185562
12.26,3.185673
12.265,3.185801
12.27,3.185917
12.275,3.186042
12.28,3.186185
12.285,3.186334
12.29,3.186509
12.295,3.186692
12.3,3.186871
12.305,3.187061
12.31,3.187242
12.315,3.187404
12.32,3.187573
12.325,3.187737
12.33,3.187875
12.335,3.187993
12.34,3.188125
12.345,3.188262
12.35,3.188397
12.355,3.188555
12.36,3.188719
12.365,3.188879
12.37,3.189055
12.375,3.189228
12.38,3.189375
12.385,3.18951
12.39,3.189656
12.395,3.189796
12.4,3.18991
12.405,3.189987
12.41,3.190026
12.415,3.190037
12.42,3.19003
12.425,3.190037
12.43,3.190101
12.435,3.190211
12.44,3.190331
12.445,3.190432
12.45,3.1905
12.455,3.190533
12.46,3.190539
12.465,3.190531
12.47,3.190518
12.475,3.190533
12.48,3.190609
12.485,3.190727
12.49,3.190849
12.495,3.190947
12.5,3.191009
12.505,3.191037
12.51,3.19106
12.515,3.191125
12.52,3.191228
12.525,3.19134
12.53,3.191434
12.535,3.191497
12.54,3.191529
12.545,3.191536
12.55,3.191528
12.555,3.191516
12.56,3.191505
12.565,3.191497
12.57,3.191494
12.575,3.191494
12.58,3.191496
12.585,3.191498
12.59,3.1915
12.595,3.191501
12.6,3.191501
12.605,3.191501
12.61,3.191501
12.615,3.191507
12.62,3.19156
12.625,3.191666
12.63,3.191791
12.635,3.191904
12.64,3.191984
12.645,3.192027
12.65,3.192041
12.655,3.192035
12.66,3.192022
12.665,3.192008
12.67,3.191998
12.675,3.191993
12.68,3.191993
12.685,3.191994
12.69,3.191997
12.695,3.191999
12.7,3.19203
12.705,3.192116
12.71,3.192237
12.715,3.192359
12.72,3.192454
12.725,3.192513
12.73,3.192538
12.735,3.192544
12.74,3.192582
12.745,3.19267
12.75,3.192784
12.755,3.192891
12.76,3.192972
12.765,3.193019
12.77,3.193043
12.775,3.193096
12.78,3.193191
12.785,3.193304
12.79,3.193406
12.795,3.19348
12.8,3.193521
12.805,3.193544
12.81,3.1936
12.815,3.193698
12.82,3.193812
12.825,3.193913
12.83,3.19399
12.835,3.194081
12.84,3.194197
12.845,3.194318
12.85,3.194419
12.855,3.194495
12.86,3.194583
12.865,3.194698
12.87,3.194818
12.875,3.194919
12.88,3.195001
12.885,3.195105
12.89,3.195228
12.895,3.195348
12.9,3.195467
12.905,3.195609
12.91,3.195756
12.915,3.195894
12.92,3.196048
12.925,3.196209
12.93,3.196351
12.935,3.196459
12.94,3.196568
12.945,3.196694
12.95,3.196818
12.955,3.196921
12.96,3.19699
12.965,3.197025
12.97,3.197034
12.975,3.197028
12.98,3.197016
12.985,3.197005
12.99,3.196997
12.995,3.196994
13,3.196994
13.005,3.196995
13.01,3.196998
13.015,3.196999
13.02,3.197001
13.025,3.197001
13.03,3.197001
13.035,3.197001
13.04,3.197
13.045,3.197
13.05,3.197
13.055,3.197
13.06,3.197
13.065,3.197
13.07,3.197024
13.075,3.197104
13.08,3.197224
13.085,3.197347
13.09,3.197446
13.095,3.197508
13.1,3.197537
13.105,3.19754
13.11,3.197529
13.115,3.197515
13.12,3.197503
13.125,3.197495
13.13,3.197493
13.135,3.197493
13.14,3.197495
13.145,3.197498
13.15,3.1975
13.155,3.197501
13.16,3.197501
13.165,3.197501
13.17,3.197501
13.175,3.1975
13.18,3.1975
13.185,3.1975
13.19,3.1975
13.195,3.197501
13.2,3.197539
13.205,3.197633
13.21,3.197757
13.215,3.197875
13.22,3.197966
13.225,3.198019
13.23,3.198039
13.235,3.19804
13.24,3.198066
13.245,3.198147
13.25,3.19826
13.255,3.198372
13.26,3.19847
13.265,3.198586
13.27,3.198719
13.275,3.198845
13.28,3.198944
13.285,3.199034
13.29,3.199147
13.295,3.199272
13.3,3.199385
13.305,3.199476
13.31,3.199582
13.315,3.199709
13.32,3.199834
13.325,3.199934
13.33,3.200013
13.335,3.200113
13.34,3.200234
13.345,3.200351
13.35,3.200445
13.355,3.200539
13.36,3.200658
13.365,3.200786
13.37,3.200897
13.375,3.200981
13.38,3.201075
13.385,3.201194
13.39,3.201316
13.395,3.201418
13.4,3.201496
13.405,3.20159
13.41,3.201708
13.415,3.201828
13.42,3.201927
13.425,3.201993
13.43,3.202027
13.435,3.202035
13.44,3.202028
13.445,3.202016
13.45,3.202005
13.455,3.201997
13.46,3.201994
13.465,3.201994
13.47,3.201995
13.475,3.201998
13.48,3.201999
13.485,3.202001
13.49,3.202001
13.495,3.202001
13.5,3.202001
13.505,3.202
13.51,3.202
13.515,3.202
13.52,3.202008
13.525,3.202067
13.53,3.202176
13.535,3.202301
13.54,3.202412
13.545,3.202489
13.55,3.202529
13.555,3.202541
13.56,3.202534
13.565,3.20252
13.57,3.202507
13.575,3.202498
13.58,3.202493
13.585,3.202493
13.59,3.202495
13.595,3.202497
13.6,3.202499
13.605,3.202501
13.61,3.202501
13.615,3.202501
13.62,3.202501
13.625,3.2025
13.63,3.2025
13.635,3.2025
13.64,3.2025
13.645,3.2025
13.65,3.2025
13.655,3.2025
13.66,3.2025
13.665,3.2025
13.67,3.2025
13.675,3.2025
13.68,3.2025
13.685,3.2025
13.69,3.2025
13.695,3.202501
13.7,3.202533
13.705,3.202622
13.71,3.202744
13.715,3.202865
13.72,3.202958
13.725,3.203015
13.73,3.203038
13.735,3.203039
13.74,3.203027
13.745,3.203013
13.75,3.203001
13.755,3.202999
13.76,3.203043
13.765,3.203145
13.77,3.203273
13.775,3.203391
13.78,3.203504
13.785,3.203638
13.79,3.203783
13.795,3.203958
13.8,3.204149
13.805,3.204321
13.81,3.204471
13.815,3.204627
13.82,3.204776
13.825,3.204897
13.83,3.204997
13.835,3.205114
13.84,3.205243
13.845,3.205362
13.85,3.205453
13.855,3.205523
13.86,3.205616
13.865,3.205732
13.87,3.205847
13.875,3.20594
13.88,3.20601
13.885,3.206101
13.89,3.206217
13.895,3.206335
13.9,3.206432
13.905,3.206496
13.91,3.206527
13.915,3.206535
13.92,3.206528
13.925,3.206516
13.93,3.206536
13.935,3.206616
13.94,3.206735
13.945,3.206856
13.95,3.206952
13.955,3.207012
13.96,3.207038
13.965,3.207039
13.97,3.207028
13.975,3.207014
13.98,3.207002
13.985,3.206995
13.99,3.206993
13.995,3.206993
14,3.206996
14.005,3.206998
14.01,3.207
14.015,3.207001
14.02,3.207001
14.025,3.207001
14.03,3.207001
14.035,3.207
14.04,3.207
14.045,3.207
14.05,3.207
14.055,3.207
14.06,3.207
14.065,3.207
14.07,3.207
14.075,3.207
14.08,3.207
14.085,3.207
14.09,3.207
14.095,3.207
14.1,3.207
14.105,3.207
14.11,3.207
14.115,3.207
14.12,3.207
14.125,3.207
14.13,3.207
14.135,3.207
14.14,3.207005
14.145,3.207057
14.15,3.207161
14.155,3.207287
14.16,3.2074
14.165,3.207482
14.17,3.207526
14.175,3.207541
14.18,3.207536
14.185,3.207522
14.19,3.207519
14.195,3.207573
14.2,3.207679
14.205,3.207804
14.21,3.207943
14.215,3.208105
14.22,3.208266
14.225,3.2084
14.23,3.208521
14.235,3.208655
14.24,3.208789
14.245,3.208901
14.25,3.208981
14.255,3.209063
14.26,3.209172
14.265,3.209292
14.27,3.209399
14.275,3.209475
14.28,3.209522
14.285,3.209581
14.29,3.209678
14.295,3.209792
14.3,3.209896
14.305,3.209973
14.31,3.210025
14.315,3.210099
14.32,3.210205
14.325,3.21032
14.33,3.210419
14.335,3.210504
14.34,3.210614
14.345,3.21074
14.35,3.21086
14.355,3.210964
14.36,3.211088
14.365,3.211226
14.37,3.211353
14.375,3.21145
14.38,3.211509
14.385,3.211534
14.39,3.211536
14.395,3.211526
14.4,3.211512
14.405,3.211502
14.41,3.211518
14.415,3.211595
14.42,3.211715
14.425,3.21184
14.43,3.211942
14.435,3.212007
14.44,3.212037
14.445,3.212041
14.45,3.212031
14.455,3.212016
14.46,3.212003
14.465,3.211996
14.47,3.211993
14.475,3.211993
14.48,3.211995
14.485,3.211998
14.49,3.212
14.495,3.212001
14.5,3.212001
14.505,3.212001
14.51,3.212001
14.515,3.212
14.52,3.212
14.525,3.212
14.53,3.212
14.535,3.212
14.54,3.212
14.545,3.212
14.55,3.212
14.555,3.212
14.56,3.212
14.565,3.212
14.57,3.212
14.575,3.212
14.58,3.212
14.585,3.212
14.59,3.212
14.595,3.212
14.6,3.212
14.605,3.212
14.61,3.212
14.615,3.212
14.62,3.212
14.625,3.212
14.63,3.212008
14.635,3.212065
14.64,3.212173
14.645,3.212299
14.65,3.21241
14.655,3.212488
14.66,3.212529
14.665,3.212541
14.67,3.212534
14.675,3.212521
14.68,3.212507
14.685,3.212502
14.69,3.212544
14.695,3.212644
14.7,3.212771
14.705,3.212889
14.71,3.212977
14.715,3.213064
14.72,3.213174
14.725,3.213294
14.73,3.2134
14.735,3.213476
14.74,3.213549
14.745,3.213652
14.75,3.213772
14.755,3.213882
14.76,3.213964
14.765,3.214014
14.77,3.214067
14.775,3.214156
14.78,3.214269
14.785,3.214377
14.79,3.21446
14.795,3.214511
14.8,3.214548
14.805,3.214621
14.81,3.214727
14.815,3.214839
14.82,3.214933
14.825,3.214996
14.83,3.215028
14.835,3.215055
14.84,3.215124
14.845,3.215229
14.85,3.215342
14.855,3.215436
14.86,3.215499
14.865,3.215531
14.87,3.215576
14.875,3.215663
14.88,3.215775
14.885,3.215882
14.89,3.215964
14.895,3.216013
14.9,3.216054
14.905,3.216131
14.91,3.216239
14.915,3.21635
14.92,3.216441
14.925,3.216501
14.93,3.216549
14.935,3.21663
14.94,3.21674
14.945,3.216852
14.95,3.216942
14.955,3.217001
14.96,3.217029
14.965,3.217034
14.97,3.217026
14.975,3.217014
14.98,3.217003
14.985,3.216997
14.99,3.216994
14.995,3.216994
15,3.216996
15.005,3.216998
15.01,3.217
15.015,3.217001
15.02,3.217001
15.025,3.217001
15.03,3.217001
15.035,3.217
15.04,3.217
15.045,3.217
15.05,3.217
15.055,3.217
15.06,3.217
15.065,3.217
15.07,3.217
15.075,3.217
15.08,3.217004
15.085,3.217051
15.09,3.217152
15.095,3.217277
15.1,3.217392
15.105,3.217476
15.11,3.217524
15.115,3.21754
15.12,3.217536
15.125,3.217523
15.13,3.217509
15.135,3.217499
15.14,3.217494
15.145,3.217493
15.15,3.217494
15.155,3.217497
15.16,3.217499
15.165,3.2175
15.17,3.217501
15.175,3.217501
15.18,3.217501
15.185,3.2175
15.19,3.2175
15.195,3.2175
15.2,3.2175
15.205,3.2175
15.21,3.2175
15.215,3.2175
15.22,3.2175
15.225,3.217502
15.23,3.217539
15.235,3.217633
15.24,3.217757
15.245,3.217875
15.25,3.217965
15.255,3.218019
15.26,3.218039
15.265,3.218038
15.27,3.218026
15.275,3.218011
15.28,3.218003
15.285,3.218039
15.29,3.218135
15.295,3.21826
15.3,3.21838
15.305,3.21847
15.31,3.218539
15.315,3.218631
15.32,3.218744
15.325,3.218856
15.33,3.218945
15.335,3.219002
15.34,3.219055
15.345,3.219143
15.35,3.219256
15.355,3.219367
15.36,3.219453
15.365,3.219508
15.37,3.219558
15.375,3.219644
15.38,3.219756
15.385,3.219866
15.39,3.219952
15.395,3.220007
15.4,3.220056
15.405,3.22014
15.41,3.220251
15.415,3.220361
15.42,3.220454
15.425,3.220557
15.43,3.220685
15.435,3.220813
15.44,3.220919
15.445,3.221011
15.45,3.221125
15.455,3.221252
15.46,3.22137
15.465,3.221486
15.47,3.221624
15.475,3.221767
15.48,3.221889
15.485,3.221975
15.49,3.222023
15.495,3.222039
15.5,3.222034
15.505,3.222022
15.51,3.222008
15.515,3.222003
15.52,3.222047
15.525,3.222149
15.53,3.222276
15.535,3.222393
15.54,3.222478
15.545,3.222526
15.55,3.222542
15.555,3.222537
15.56,3.222524
15.565,3.222509
15.57,3.222499
15.575,3.222494
15.58,3.222493
15.585,3.222494
15.59,3.222497
15.595,3.222499
15.6,3.2225
15.605,3.222501
15.61,3.222501
15.615,3.222501
15.62,3.2225
15.625,3.2225
15.63,3.2225
15.635,3.2225
15.64,3.2225
15.645,3.2225
15.65,3.2225
15.655,3.2225
15.66,3.2225
15.665,3.2225
15.67,3.2225
15.675,3.2225
15.68,3.2225
15.685,3.2225
15.69,3.2225
15.695,3.2225
15.7,3.2225
15.705,3.2225
15.71,3.2225
15.715,3.2225
15.72,3.2225
15.725,3.2225
15.73,3.2225
15.735,3.2225
15.74,3.2225
15.745,3.2225
15.75,3.2225
15.755,3.2225
15.76,3.2225
15.765,3.2225
15.77,3.2225
15.775,3.2225
15.78,3.2225
15.785,3.2225
15.79,3.2225
15.795,3.2225
15.8,3.2225
15.805,3.2225
15.81,3.2225
15.815,3.2225
15.82,3.2225
15.825,3.2225
15.83,3.2225
15.835,3.2225
15.84,3.2225
15.845,3.2225
15.85,3.2225
15.855,3.2225
15.86,3.2225
15.865,3.2225
15.87,3.2225
15.875,3.2225
15.88,3.2225
15.885,3.2225
15.89,3.2225
15.895,3.2225
15.9,3.2225
15.905,3.2225
15.91,3.2225
15.915,3.2225
15.92,3.222517
15.925,3.22259
15.93,3.222706
15.935,3.222835
15.94,3.222986
15.945,3.223156
15.95,3.223315
15.955,3.223474
15.96,3.223648
15.965,3.223857
15.97,3.224084
15.975,3.224292
15.98,3.224494
15.985,3.224686
15.99,3.224877
15.995,3.225077
16,3.225262
16.005,3.225411
16.01,3.225553
16.015,3.225699
16.02,3.225833
16.025,3.225938
16.03,3.226045
16.035,3.226172
16.04,3.226302
16.045,3.22641
16.05,3.226501
16.055,3.226612
16.06,3.226739
16.065,3.226858
16.07,3.22695
16.075,3.227008
16.08,3.22707
16.085,3.227165
16.09,3.227279
16.095,3.227386
16.1,3.227466
16.105,3.227514
16.11,3.227535
16.115,3.227578
16.12,3.227667
16.125,3.227779
16.13,3.227886
16.135,3.227968
16.14,3.228016
16.145,3.228035
16.15,3.228034
16.155,3.228023
16.16,3.22801
16.165,3.228
16.17,3.227995
16.175,3.227993
16.18,3.227994
16.185,3.227997
16.19,3.227999
16.195,3.228
16.2,3.228001
16.205,3.228001
16.21,3.228001
16.215,3.228
16.22,3.228
16.225,3.228
16.23,3.228
16.235,3.228
16.24,3.228
16.245,3.227985
16.25,3.227916
16.255,3.227802
16.26,3.227677
16.265,3.227572
16.27,3.227501
16.275,3.227467
16.28,3.227459
16.285,3.227468
16.29,3.227482
16.295,3.227495
16.3,3.227503
16.305,3.227507
16.31,3.227507
16.315,3.227505
16.32,3.227503
16.325,3.227501
16.33,3.227499
16.335,3.227499
16.34,3.227499
16.345,3.227499
16.35,3.2275
16.355,3.2275
16.36,3.2275
16.365,3.2275
16.37,3.2275
16.375,3.2275
16.38,3.2275
16.385,3.2275
16.39,3.2275
16.395,3.2275
16.4,3.2275
16.405,3.2275
16.41,3.2275
16.415,3.2275
16.42,3.2275
16.425,3.2275
16.43,3.2275
16.435,3.2275
16.44,3.2275
16.445,3.2275
16.45,3.2275
16.455,3.2275
16.46,3.2275
16.465,3.2275
16.47,3.2275
16.475,3.2275
16.48,3.2275
16.485,3.2275
16.49,3.2275
16.495,3.2275
16.5,3.2275
16.505,3.2275
16.51,3.2275
16.515,3.2275
16.52,3.2275
16.525,3.2275
16.53,3.227503
16.535,3.227546
16.54,3.227644
16.545,3.227769
16.55,3.227886
16.555,3.227972
16.56,3.228022
16.565,3.22804
16.57,3.228037
16.575,3.228024
16.58,3.22801
16.585,3.228
16.59,3.227994
16.595,3.227994
16.6,3.228029
16.605,3.228122
16.61,3.228248
16.615,3.228382
16.62,3.228546
16.625,3.228765
16.63,3.229017
16.635,3.22927
16.64,3.229522
16.645,3.229752
16.65,3.229975
16.655,3.230183
16.66,3.230374
16.665,3.230567
16.67,3.230747
16.675,3.230897
16.68,3.231045
16.685,3.231199
16.69,3.231337
16.695,3.231441
16.7,3.231521
16.705,3.231621
16.71,3.23174
16.715,3.231855
16.72,3.231945
16.725,3.232004
16.73,3.23207
16.735,3.232168
16.74,3.232284
16.745,3.232391
16.75,3.23247
16.755,3.232516
16.76,3.232537
16.765,3.232584
16.77,3.232675
16.775,3.232789
16.78,3.232894
16.785,3.232973
16.79,3.233018
16.795,3.233035
16.8,3.233033
16.805,3.233022
16.81,3.233009
16.815,3.233
16.82,3.232995
16.825,3.232993
16.83,3.232995
16.835,3.232997
16.84,3.233026
16.845,3.233111
16.85,3.233232
16.855,3.233354
16.86,3.233451
16.865,3.233511
16.87,3.233537
16.875,3.233539
16.88,3.233508
16.885,3.233436
16.89,3.233326
16.895,3.233202
16.9,3.233093
16.905,3.233017
16.91,3.232975
16.915,3.232962
16.92,3.232967
16.925,3.23298
16.93,3.232993
16.935,3.233002
16.94,3.233006
16.945,3.233007
16.95,3.233005
16.955,3.233003
16.96,3.233001
16.965,3.233
16.97,3.232999
16.975,3.232999
16.98,3.232999
16.985,3.233
16.99,3.233
16.995,3.233
17,3.233
17.005,3.233
17.01,3.233
17.015,3.233
17.02,3.233
17.025,3.233
17.03,3.232999
17.035,3.23297
17.04,3.232883
17.045,3.232761
17.05,3.23264
17.055,3.232545
17.06,3.232487
17.065,3.232462
17.07,3.232461
17.075,3.232472
17.08,3.232487
17.085,3.232498
17.09,3.232505
17.095,3.232507
17.1,3.232506
17.105,3.232504
17.11,3.232502
17.115,3.2325
17.12,3.232499
17.125,3.232499
17.13,3.232499
17.135,3.232499
17.14,3.2325
17.145,3.2325
17.15,3.2325
17.155,3.2325
17.16,3.2325
17.165,3.2325
17.17,3.2325
17.175,3.2325
17.18,3.2325
17.185,3.2325
17.19,3.2325
17.195,3.2325
17.2,3.2325
17.205,3.2325
17.21,3.2325
17.215,3.2325
17.22,3.2325
17.225,3.2325
17.23,3.2325
17.235,3.232503
17.24,3.232546
17.245,3.232644
17.25,3.232769
17.255,3.232886
17.26,3.232972
17.265,3.233022
17.27,3.23304
17.275,3.233037
17.28,3.233045
17.285,3.233108
17.29,3.233216
17.295,3.233334
17.3,3.233433
17.305,3.2335
17.31,3.233549
17.315,3.233628
17.32,3.233736
17.325,3.233862
17.33,3.234031
17.335,3.234266
17.34,3.234534
17.345,3.234822
17.35,3.235098
17.355,3.235348
17.36,3.235581
17.365,3.23579
17.37,3.235999
17.375,3.236197
17.38,3.236359
17.385,3.23647
17.39,3.236555
17.395,3.236658
17.4,3.236773
17.405,3.236879
17.41,3.236959
17.415,3.237008
17.42,3.237032
17.425,3.237078
17.43,3.237168
17.435,3.237282
17.44,3.237389
17.445,3.23747
17.45,3.237517
17.455,3.237541
17.46,3.237594
17.465,3.237689
17.47,3.237802
17.475,3.237904
17.48,3.237979
17.485,3.238021
17.49,3.238035
17.495,3.238032
17.5,3.23802
17.505,3.238008
17.51,3.237999
17.515,3.237995
17.52,3.237994
17.525,3.237995
17.53,3.237997
17.535,3.237999
17.54,3.238
17.545,3.238001
17.55,3.238001
17.555,3.238001
17.56,3.238
17.565,3.238
17.57,3.238
17.575,3.238
17.58,3.238
17.585,3.238
17.59,3.238
17.595,3.238
17.6,3.238
17.605,3.238
17.61,3.238
17.615,3.238
17.62,3.238
17.625,3.238
17.63,3.238
17.635,3.238
17.64,3.238
17.645,3.238
17.65,3.237996
17.655,3.237951
17.66,3.237851
17.665,3.237726
17.67,3.23761
17.675,3.237525
17.68,3.237477
17.685,3.23746
17.69,3.237463
17.695,3.237476
17.7,3.23749
17.705,3.237501
17.71,3.237506
17.715,3.237507
17.72,3.237506
17.725,3.237504
17.73,3.237501
17.735,3.2375
17.74,3.237499
17.745,3.237499
17.75,3.237499
17.755,3.2375
17.76,3.237495
17.765,3.237445
17.77,3.237341
17.775,3.237216
17.78,3.237102
17.785,3.23702
17.79,3.236974
17.795,3.236959
17.8,3.236964
17.805,3.236978
17.81,3.236991
17.815,3.237001
17.82,3.237006
17.825,3.237007
17.83,3.237006
17.835,3.237003
17.84,3.237001
17.845,3.237
17.85,3.236999
17.855,3.236999
17.86,3.236999
17.865,3.237
17.87,3.237
17.875,3.237006
17.88,3.237045
17.885,3.237132
17.89,3.237249
17.895,3.237364
17.9,3.237455
17.905,3.237511
17.91,3.237535
17.915,3.237536
17.92,3.237526
17.925,3.237513
17.93,3.237502
17.935,3.237495
17.94,3.237493
17.945,3.237494
17.95,3.237496
17.955,3.237518
17.96,3.237596
17.965,3.237714
17.97,3.237838
17.975,3.23794
17.98,3.238005
17.985,3.238036
17.99,3.238065
17.995,3.238136
18,3.238242
18.005,3.238372
18.01,3.238539
18.015,3.238721
18.02,3.238924
18.025,3.23914
18.03,3.239374
18.035,3.239615
18.04,3.23987
18.045,3.240117
18.05,3.240322
18.055,3.240485
18.06,3.240638
18.065,3.240786
18.07,3.240954
18.075,3.241137
18.08,3.241305
18.085,3.241433
18.09,3.241511
18.095,3.241565
18.1,3.241645
18.105,3.24175
18.11,3.241856
18.115,3.241943
18.12,3.241999
18.125,3.242028
18.13,3.242071
18.135,3.242158
18.14,3.24227
18.145,3.242379
18.15,3.242462
18.155,3.242513
18.16,3.242538
18.165,3.242586
18.17,3.242678
18.175,3.24279
18.18,3.242895
18.185,3.242973
18.19,3.243018
18.195,3.243041
18.2,3.243091
18.205,3.243185
18.21,3.243298
18.215,3.243402
18.22,3.243478
18.225,3.24352
18.23,3.243535
18.235,3.243532
18.24,3.243521
18.245,3.243532
18.25,3.243603
18.255,3.243718
18.26,3.24384
18.265,3.24394
18.27,3.244005
18.275,3.244035
18.28,3.24404
18.285,3.24403
18.29,3.244016
18.295,3.244004
18.3,3.243996
18.305,3.243993
18.31,3.243993
18.315,3.243995
18.32,3.243998
18.325,3.244
18.33,3.244001
18.335,3.244001
18.34,3.244001
18.345,3.244001
18.35,3.244
18.355,3.244
18.36,3.244
18.365,3.244
18.37,3.244
18.375,3.244
18.38,3.244
18.385,3.244
18.39,3.244
18.395,3.244
18.4,3.244
18.405,3.244
18.41,3.243999
18.415,3.24397
18.42,3.243883
18.425,3.243761
18.43,3.24364
18.435,3.243545
18.44,3.243487
18.445,3.243462
18.45,3.243461
18.455,3.243454
18.46,3.243393
18.465,3.243287
18.47,3.24317
18.475,3.24307
18.48,3.243003
18.485,3.242965
18.49,3.242909
18.495,3.242815
18.5,3.242703
18.505,3.242601
18.51,3.242525
18.515,3.242482
18.52,3.242466
18.525,3.242469
18.53,3.242479
18.535,3.242491
18.54,3.2425
18.545,3.242505
18.55,3.242506
18.555,3.242501
18.56,3.242449
18.565,3.242345
18.57,3.242218
18.575,3.242103
18.58,3.24202
18.585,3.241974
18.59,3.241959
18.595,3.241964
18.6,3.241977
18.605,3.241991
18.61,3.242001
18.615,3.242006
18.62,3.242009
18.625,3.242031
18.63,3.242085
18.635,3.24217
18.64,3.242277
18.645,3.24238
18.65,3.242459
18.655,3.242508
18.66,3.242529
18.665,3.242531
18.67,3.242522
18.675,3.242511
18.68,3.242502
18.685,3.242496
18.69,3.242494
18.695,3.242518
18.7,3.242601
18.705,3.242722
18.71,3.242847
18.715,3.242956
18.72,3.24308
18.725,3.243223
18.73,3.2434
18.735,3.243602
18.74,3.243788
18.745,3.243929
18.75,3.244015
18.755,3.244051
18.76,3.244053
18.765,3.244042
18.77,3.24407
18.775,3.244156
18.78,3.244272
18.785,3.244394
18.79,3.244545
18.795,3.244754
18.8,3.245002
18.805,3.245268
18.81,3.245538
18.815,3.245808
18.82,3.246069
18.825,3.246325
18.83,3.246573
18.835,3.246784
18.84,3.246935
18.845,3.247022
18.85,3.247065
18.855,3.247125
18.86,3.247217
18.865,3.247322
18.87,3.247415
18.875,3.247482
18.88,3.247534
18.885,3.247615
18.89,3.247726
18.895,3.247841
18.9,3.247935
18.905,3.247998
18.91,3.248028
18.915,3.248035
18.92,3.248027
18.925,3.248025
18.93,3.248077
18.935,3.24818
18.94,3.248303
18.945,3.248411
18.95,3.248488
18.955,3.248529
18.96,3.24854
18.965,3.248534
18.97,3.248521
18.975,3.248507
18.98,3.248498
18.985,3.248493
18.99,3.248493
18.995,3.248495
19,3.248497
19.005,3.248499
19.01,3.248501
19.015,3.248501
19.02,3.248501
19.025,3.248501
19.03,3.2485
19.035,3.2485
19.04,3.2485
19.045,3.2485
19.05,3.2485
19.055,3.248499
19.06,3.248466
19.065,3.248376
19.07,3.248254
19.075,3.248133
19.08,3.24804
19.085,3.247984
19.09,3.247961
19.095,3.247961
19.1,3.247954
19.105,3.247892
19.11,3.247785
19.115,3.247668
19.12,3.247568
19.125,3.247502
19.13,3.247469
19.135,3.247455
19.14,3.247409
19.145,3.247317
19.15,3.247203
19.155,3.247099
19.16,3.247023
19.165,3.246979
19.17,3.246964
19.175,3.246967
19.18,3.246979
19.185,3.246991
19.19,3.247001
19.195,3.247006
19.2,3.247007
19.205,3.247002
19.21,3.246957
19.215,3.246857
19.22,3.246731
19.225,3.246613
19.23,3.246527
19.235,3.246477
19.24,3.24646
19.245,3.246463
19.25,3.246476
19.255,3.24649
19.26,3.246501
19.265,3.246506
19.27,3.246507
19.275,3.246506
19.28,3.24651
19.285,3.246537
19.29,3.246581
19.295,3.246634
19.3,3.246699
19.305,3.246781
19.31,3.246867
19.315,3.24694
19.32,3.24699
19.325,3.247017
19.33,3.247024
19.335,3.247021
19.34,3.247012
19.345,3.247004
19.35,3.246999
19.355,3.246996
19.36,3.246996
19.365,3.247025
19.37,3.247111
19.375,3.247236
19.38,3.247401
19.385,3.247595
19.39,3.247779
19.395,3.247939
19.4,3.2481
19.405,3.248256
19.41,3.248384
19.415,3.248473
19.42,3.248521
19.425,3.248537
19.43,3.248534
19.435,3.248521
19.44,3.248511
19.445,3.248547
19.45,3.248643
19.455,3.248767
19.46,3.248884
19.465,3.248972
19.47,3.249022
19.475,3.249052
19.48,3.249112
19.485,3.249211
19.49,3.249326
19.495,3.24947
19.5,3.249639
19.505,3.249801
19.51,3.249927
19.515,3.250018
19.52,3.25012
19.525,3.250237
19.53,3.250351
19.535,3.250441
19.54,3.250499
19.545,3.250527
19.55,3.250532
19.555,3.250525
19.56,3.250513
19.565,3.250508
19.57,3.250552
19.575,3.250653
19.58,3.250779
19.585,3.250894
19.59,3.250978
19.595,3.251025
19.6,3.251041
19.605,3.251037
19.61,3.251023
19.615,3.251009
19.62,3.250999
19.625,3.250994
19.63,3.251018
19.635,3.251102
19.64,3.251225
19.645,3.25135
19.65,3.251449
19.655,3.251511
19.66,3.251538
19.665,3.25154
19.67,3.251529
19.675,3.251515
19.68,3.251502
19.685,3.251495
19.69,3.251493
19.695,3.251493
19.7,3.251503
19.705,3.251563
19.71,3.251673
19.715,3.2518
19.72,3.251911
19.725,3.251989
19.73,3.25203
19.735,3.252041
19.74,3.252034
19.745,3.252021
19.75,3.252007
19.755,3.251998
19.76,3.251993
19.765,3.251993
19.77,3.251995
19.775,3.251997
19.78,3.251999
19.785,3.252001
19.79,3.252001
19.795,3.252001
19.8,3.252001
19.805,3.252
19.81,3.252
19.815,3.252
19.82,3.252
19.825,3.252
19.83,3.252
19.835,3.252
19.84,3.252
19.845,3.252
19.85,3.252
19.855,3.252
19.86,3.252
19.865,3.252
19.87,3.252
19.875,3.252
19.88,3.252
19.885,3.252
19.89,3.252
19.895,3.252
19.9,3.252
19.905,3.252
19.91,3.252
19.915,3.252
19.92,3.252
19.925,3.252
19.93,3.252
19.935,3.252
19.94,3.252
19.945,3.252
19.95,3.252
19.955,3.252
19.96,3.252
19.965,3.252
19.97,3.252
19.975,3.252
19.98,3.252
19.985,3.252
19.99,3.252
19.995,3.252
20,3.252
20.005,3.252
20.01,3.252
20.015,3.252
20.02,3.252
20.025,3.252
20.03,3.252
20.035,3.252
20.04,3.252
20.045,3.252
20.05,3.252
20.055,3.252
20.06,3.252
20.065,3.252
20.07,3.252
20.075,3.252
20.08,3.252
20.085,3.252
20.09,3.252
20.095,3.252
20.1,3.252
20.105,3.252
20.11,3.252
20.115,3.252
20.12,3.252
20.125,3.252
20.13,3.252
20.135,3.252
20.14,3.252
20.145,3.252
20.15,3.252
20.155,3.252001
20.16,3.252033
20.165,3.252122
20.17,3.252244
20.175,3.252365
20.18,3.252462
20.185,3.252566
20.19,3.25269
20.195,3.252815
20.2,3.252919
20.205,3.25299
20.21,3.253054
20.215,3.25315
20.22,3.253265
20.225,3.253387
20.23,3.253537
20.235,3.253701
20.24,3.253848
20.245,3.253956
20.25,3.254042
20.255,3.254147
20.26,3.254266
20.265,3.254375
20.27,3.254458
20.275,3.25451
20.28,3.25457
20.285,3.254666
20.29,3.254781
20.295,3.254888
20.3,3.254987
20.305,3.255109
20.31,3.255244
20.315,3.255367
20.32,3.255459
20.325,3.255514
20.33,3.255563
20.335,3.255648
20.34,3.255758
20.345,3.255867
20.35,3.255952
20.355,3.256006
20.36,3.256031
20.365,3.256033
20.37,3.256024
20.375,3.256012
20.38,3.256002
20.385,3.255996
20.39,3.255994
20.395,3.255994
20.4,3.255996
20.405,3.255998
20.41,3.256
20.415,3.256001
20.42,3.256001
20.425,3.256001
20.43,3.256001
20.435,3.256
20.44,3.256
20.445,3.256
20.45,3.256
20.455,3.256
20.46,3.256
20.465,3.256
20.47,3.256
20.475,3.256
20.48,3.256
20.485,3.256
20.49,3.256
20.495,3.256
20.5,3.256
20.505,3.256
20.51,3.256
20.515,3.256
20.52,3.256
20.525,3.256
20.53,3.256
20.535,3.256
20.54,3.256
20.545,3.256
20.55,3.256
20.555,3.256
20.56,3.256
20.565,3.256
20.57,3.255999
20.575,3.255962
20.58,3.255869
20.585,3.255746
20.59,3.255627
20.595,3.255536
20.6,3.255454
20.605,3.255348
20.61,3.255228
20.615,3.255118
20.62,3.255036
20.625,3.254988
20.63,3.254968
20.635,3.254968
20.64,3.254978
20.645,3.25499
20.65,3.254999
20.655,3.255005
20.66,3.255006
20.665,3.255005
20.67,3.255003
20.675,3.255001
20.68,3.255
20.685,3.254999
20.69,3.254999
20.695,3.254999
20.7,3.255
20.705,3.255
20.71,3.255
20.715,3.255
20.72,3.255
20.725,3.255
20.73,3.255
20.735,3.255
20.74,3.255
20.745,3.255
20.75,3.255
20.755,3.255
20.76,3.255
20.765,3.255
20.77,3.255
20.775,3.255
20.78,3.255
20.785,3.255
20.79,3.255
20.795,3.255
20.8,3.255
20.805,3.255009
20.81,3.255069
20.815,3.255178
20.82,3.255306
20.825,3.255453
20.83,3.255623
20.835,3.255786
20.84,3.255916
20.845,3.255999
20.85,3.256039
20.855,3.256046
20.86,3.256035
20.865,3.256027
20.87,3.25607
20.875,3.256168
20.88,3.25629
20.885,3.256415
20.89,3.256562
20.895,3.256727
20.9,3.256924
20.905,3.257134
20.91,3.257349
20.915,3.25757
20.92,3.257769
20.925,3.257953
20.93,3.258135
20.935,3.258297
20.94,3.258432
20.945,3.258574
20.95,3.258721
20.955,3.258852
20.96,3.258951
20.965,3.259009
20.97,3.259034
20.975,3.259036
20.98,3.259025
20.985,3.259012
20.99,3.259012
20.995,3.259069
21,3.259179
21.005,3.259305
21.01,3.259415
21.015,3.259492
21.02,3.259531
21.025,3.259542
21.03,3.259534
21.035,3.25952
21.04,3.259507
21.045,3.259497
21.05,3.259493
21.055,3.259493
21.06,3.259495
21.065,3.259497
21.07,3.259503
21.075,3.25955
21.08,3.25965
21.085,3.259775
21.09,3.259891
21.095,3.259976
21.1,3.260023
21.105,3.26004
21.11,3.260036
21.115,3.260023
21.12,3.26001
21.125,3.259999
21.13,3.259994
21.135,3.259993
21.14,3.259994
21.145,3.259997
21.15,3.259999
21.155,3.26
21.16,3.260001
21.165,3.260001
21.17,3.260001
21.175,3.26
21.18,3.26
21.185,3.26
21.19,3.26
21.195,3.26
21.2,3.26
21.205,3.26
21.21,3.26
21.215,3.26
21.22,3.26
21.225,3.26
21.23,3.26
21.235,3.26
21.24,3.26
21.245,3.26
21.25,3.26
21.255,3.26
21.26,3.26
21.265,3.26
21.27,3.26
21.275,3.26
21.28,3.26
21.285,3.26
21.29,3.26
21.295,3.26
21.3,3.26
21.305,3.26
21.31,3.26
21.315,3.26
21.32,3.26
21.325,3.26
21.33,3.26
21.335,3.26
21.34,3.26
21.345,3.26
21.35,3.26
21.355,3.26
21.36,3.26
21.365,3.26
21.37,3.26
21.375,3.26
21.38,3.26
21.385,3.26
21.39,3.26
21.395,3.26
21.4,3.26
21.405,3.26
21.41,3.26
21.415,3.26
21.42,3.26
21.425,3.26
21.43,3.26
21.435,3.26
21.44,3.26
21.445,3.26
21.45,3.26
21.455,3.26
21.46,3.26
21.465,3.26
21.47,3.26
21.475,3.26
21.48,3.26
21.485,3.26
21.49,3.26
21.495,3.26
21.5,3.26
21.505,3.26
21.51,3.26
21.515,3.26
21.52,3.26
21.525,3.26
21.53,3.26
21.535,3.26
21.54,3.26
21.545,3.26
21.55,3.26
21.555,3.26
21.56,3.26
21.565,3.26
21.57,3.26
21.575,3.26
21.58,3.26
21.585,3.26
21.59,3.26
21.595,3.26
21.6,3.26
21.605,3.26
21.61,3.26
21.615,3.26
21.62,3.26
21.625,3.26
21.63,3.26
21.635,3.26
21.64,3.26
21.645,3.26
21.65,3.26
21.655,3.26
21.66,3.26
21.665,3.26
21.67,3.260012
21.675,3.260078
21.68,3.260191
21.685,3.260331
21.69,3.260509
21.695,3.260696
21.7,3.260873
21.705,3.261057
21.71,3.261233
21.715,3.261384
21.72,3.261535
21.725,3.261692
21.73,3.261835
21.735,3.261977
21.74,3.262134
21.745,3.262286
21.75,3.262409
21.755,3.26251
21.76,3.262627
21.765,3.262754
21.77,3.26287
21.775,3.262958
21.78,3.26301
21.785,3.263032
21.79,3.263033
21.795,3.263029
21.8,3.263069
21.805,3.263165
21.81,3.263284
21.815,3.263396
21.82,3.263477
21.825,3.263523
21.83,3.263539
21.835,3.263535
21.84,3.263523
21.845,3.263536
21.85,3.26361
21.855,3.263725
21.86,3.263846
21.865,3.263945
21.87,3.264008
21.875,3.264036
21.88,3.26404
21.885,3.26403
21.89,3.264015
21.895,3.264003
21.9,3.263996
21.905,3.263993
21.91,3.263993
21.915,3.263995
21.92,3.263998
21.925,3.264
21.93,3.264001
21.935,3.264001
21.94,3.264001
21.945,3.264001
21.95,3.264
21.955,3.264
21.96,3.264
21.965,3.264
21.97,3.264
21.975,3.264
21.98,3.264
21.985,3.264
21.99,3.264
21.995,3.264
22,3.264
22.005,3.264
22.01,3.264
22.015,3.264
22.02,3.264
22.025,3.264
22.03,3.264
22.035,3.264
22.04,3.264
22.045,3.264
22.05,3.263971
22.055,3.263885
22.06,3.263764
22.065,3.263642
22.07,3.263546
22.075,3.263487
22.08,3.263462
22.085,3.263461
22.09,3.263472
22.095,3.263486
22.1,3.263498
22.105,3.263505
22.11,3.263507
22.115,3.263507
22.12,3.263502
22.125,3.26346
22.13,3.263363
22.135,3.263237
22.14,3.263119
22.145,3.263031
22.15,3.262979
22.155,3.26296
22.16,3.262963
22.165,3.262975
22.17,3.262989
22.175,3.263
22.18,3.263006
22.185,3.263007
22.19,3.263006
22.195,3.263004
22.2,3.263001
22.205,3.263
22.21,3.262999
22.215,3.262999
22.22,3.262999
22.225,3.262999
22.23,3.263
22.235,3.263
22.24,3.263
22.245,3.263
22.25,3.263
22.255,3.263
22.26,3.263
22.265,3.263
22.27,3.263
22.275,3.263
22.28,3.263
22.285,3.263
22.29,3.263
22.295,3.263
22.3,3.263
22.305,3.263
22.31,3.263
22.315,3.263
22.32,3.263
22.325,3.263
22.33,3.263
22.335,3.263002
22.34,3.263039
22.345,3.263133
22.35,3.263257
22.355,3.263375
22.36,3.263465
22.365,3.263519
22.37,3.263539
22.375,3.263538
22.38,3.263526
22.385,3.263512
22.39,3.263522
22.395,3.263594
22.4,3.263711
22.405,3.263836
22.41,3.263938
22.415,3.264005
22.42,3.264036
22.425,3.264041
22.43,3.264031
22.435,3.264016
22.44,3.264004
22.445,3.264009
22.45,3.264073
22.455,3.264186
22.46,3.264315
22.465,3.264457
22.47,3.26462
22.475,3.26478
22.48,3.264927
22.485,3.265087
22.49,3.265246
22.495,3.265379
22.5,3.265472
22.505,3.265526
22.51,3.265584
22.515,3.265676
22.52,3.265787
22.525,3.26589
22.53,3.265968
22.535,3.266014
22.54,3.266032
22.545,3.266031
22.55,3.266021
22.555,3.26601
22.56,3.266
22.565,3.265995
22.57,3.265994
22.575,3.265995
22.58,3.265997
22.585,3.266002
22.59,3.266046
22.595,3.266145
22.6,3.26627
22.605,3.266387
22.61,3.266473
22.615,3.266522
22.62,3.26654
22.625,3.266537
22.63,3.266524
22.635,3.26651
22.64,3.2665
22.645,3.266494
22.65,3.266493
22.655,3.266494
22.66,3.266496
22.665,3.266499
22.67,3.2665
22.675,3.266516
22.68,3.266585
22.685,3.266699
22.69,3.266824
22.695,3.266929
22.7,3.266999
22.705,3.267033
22.71,3.26704
22.715,3.267032
22.72,3.267018
22.725,3.267005
22.73,3.266997
22.735,3.266993
22.74,3.266993
22.745,3.266995
22.75,3.266997
22.755,3.266999
22.76,3.267001
22.765,3.267001
22.77,3.267001
22.775,3.267001
22.78,3.267
22.785,3.267
22.79,3.267
22.795,3.267
22.8,3.267
22.805,3.267
22.81,3.267
22.815,3.267
22.82,3.267
22.825,3.267
22.83,3.267
22.835,3.267
22.84,3.267
22.845,3.267
22.85,3.267
22.855,3.267
22.86,3.267
22.865,3.267
22.87,3.267
22.875,3.267
22.88,3.267
22.885,3.267
22.89,3.267
22.895,3.267
22.9,3.267
22.905,3.267
22.91,3.267
22.915,3.267
22.92,3.267
22.925,3.267
22.93,3.267
22.935,3.267
22.94,3.267
22.945,3.267
22.95,3.267
22.955,3.267
22.96,3.267
22.965,3.267
22.97,3.267
22.975,3.267
22.98,3.267
22.985,3.267003
22.99,3.267048
22.995,3.267147
23,3.267272
23.005,3.267388
23.01,3.267474
23.015,3.267523
23.02,3.26754
23.025,3.267537
23.03,3.267539
23.035,3.267596
23.04,3.2677
23.045,3.26782
23.05,3.267923
23.055,3.267994
23.06,3.26803
23.065,3.268039
23.07,3.268032
23.075,3.268019
23.08,3.268006
23.085,3.267997
23.09,3.267993
23.095,3.268003
23.1,3.268066
23.105,3.268178
23.11,3.268306
23.115,3.268416
23.12,3.268492
23.125,3.268531
23.13,3.268541
23.135,3.268534
23.14,3.26852
23.145,3.268506
23.15,3.268497
23.155,3.268493
23.16,3.268493
23.165,3.268498
23.17,3.268548
23.175,3.268651
23.18,3.268777
23.185,3.268893
23.19,3.268978
23.195,3.269025
23.2,3.269041
23.205,3.269036
23.21,3.269023
23.215,3.269009
23.22,3.268999
23.225,3.268994
23.23,3.268993
23.235,3.268994
23.24,3.268997
23.245,3.269019
23.25,3.269096
23.255,3.269215
23.26,3.269339
23.265,3.26944
23.27,3.269505
23.275,3.269536
23.28,3.26954
23.285,3.26953
23.29,3.269516
23.295,3.269504
23.3,3.269496
23.305,3.269493
23.31,3.269493
23.315,3.269496
23.32,3.269526
23.325,3.269612
23.33,3.269735
23.335,3.269857
23.34,3.269953
23.345,3.270012
23.35,3.270038
23.355,3.270039
23.36,3.270028
23.365,3.270014
23.37,3.270002
23.375,3.269995
23.38,3.269993
23.385,3.269994
23.39,3.270027
23.395,3.270117
23.4,3.270241
23.405,3.270363
23.41,3.270458
23.415,3.270515
23.42,3.270539
23.425,3.270539
23.43,3.270527
23.435,3.270513
23.44,3.270501
23.445,3.270495
23.45,3.270493
23.455,3.270494
23.46,3.270517
23.465,3.270596
23.47,3.270716
23.475,3.270841
23.48,3.270942
23.485,3.271007
23.49,3.271036
23.495,3.27104
23.5,3.27103
23.505,3.271016
23.51,3.271003
23.515,3.270996
23.52,3.270993
23.525,3.270993
23.53,3.270995
23.535,3.270998
23.54,3.27101
23.545,3.271068
23.55,3.271175
23.555,3.2713
23.56,3.271409
23.565,3.271487
23.57,3.271528
23.575,3.27154
23.58,3.271534
23.585,3.271521
23.59,3.271507
23.595,3.271498
23.6,3.271494
23.605,3.271493
23.61,3.271495
23.615,3.271497
23.62,3.271499
23.625,3.271501
23.63,3.271501
23.635,3.271501
23.64,3.271501
23.645,3.2715
23.65,3.2715
23.655,3.2715
23.66,3.2715
23.665,3.2715
23.67,3.2715
23.675,3.2715
23.68,3.2715
23.685,3.2715
23.69,3.2715
23.695,3.2715
23.7,3.2715
23.705,3.2715
23.71,3.2715
23.715,3.271495
23.72,3.271445
23.725,3.271341
23.73,3.271216
23.735,3.271102
23.74,3.27102
23.745,3.270974
23.75,3.27096
23.755,3.270964
23.76,3.270978
23.765,3.270991
23.77,3.271001
23.775,3.271006
23.78,3.271007
23.785,3.271006
23.79,3.271003
23.795,3.271001
23.8,3.271
23.805,3.270999
23.81,3.270999
23.815,3.270999
23.82,3.271
23.825,3.271
23.83,3.271
23.835,3.271
23.84,3.271
23.845,3.271
23.85,3.271
23.855,3.271
23.86,3.271
23.865,3.271
23.87,3.271
23.875,3.271
23.88,3.271
23.885,3.271005
23.89,3.271015
23.895,3.271022
23.9,3.271022
23.905,3.271017
23.91,3.271011
23.915,3.271005
23.92,3.271
23.925,3.270998
23.93,3.270997
23.935,3.270998
23.94,3.270999
23.945,3.271
23.95,3.271
23.955,3.271
23.96,3.271
23.965,3.271008
23.97,3.271066
23.975,3.271173
23.98,3.271299
23.985,3.27141
23.99,3.271488
23.995,3.271529
24,3.271541
24.005,3.271534
24.01,3.271521
24.015,3.271507
24.02,3.271498
24.025,3.271493
24.03,3.271493
24.035,3.271495
24.04,3.271497
24.045,3.271499
24.05,3.271501
24.055,3.271501
24.06,3.271501
24.065,3.271501
24.07,3.2715
24.075,3.2715
24.08,3.2715
24.085,3.2715
24.09,3.2715
24.095,3.2715
24.1,3.2715
24.105,3.2715
24.11,3.2715
24.115,3.2715
24.12,3.27152
24.125,3.271596
24.13,3.271713
24.135,3.271842
24.14,3.271991
24.145,3.272159
24.15,3.272315
24.155,3.272434
24.16,3.27252
24.165,3.272617
24.17,3.272732
24.175,3.272846
24.18,3.272937
24.185,3.272997
24.19,3.273026
24.195,3.273032
24.2,3.273025
24.205,3.273014
24.21,3.273025
24.215,3.273097
24.22,3.273213
24.225,3.273336
24.23,3.273438
24.235,3.273505
24.24,3.273536
24.245,3.273541
24.25,3.273553
24.255,3.273618
24.26,3.273725
24.265,3.27384
24.27,3.273937
24.275,3.274001
24.28,3.274032
24.285,3.274041
24.29,3.274078
24.295,3.274165
24.3,3.274278
24.305,3.274387
24.31,3.274474
24.315,3.274572
24.32,3.274694
24.325,3.274818
24.33,3.274921
24.335,3.274991
24.34,3.275026
24.345,3.275035
24.35,3.275029
24.355,3.275017
24.36,3.275005
24.365,3.274997
24.37,3.274994
24.375,3.274994
24.38,3.274995
24.385,3.274998
24.39,3.274999
24.395,3.275001
24.4,3.275001
24.405,3.275001
24.41,3.275001
24.415,3.275
24.42,3.275
24.425,3.275
24.43,3.275
24.435,3.275
24.44,3.275
24.445,3.275
24.45,3.275
24.455,3.275
24.46,3.275
24.465,3.275
24.47,3.275
24.475,3.275
24.48,3.275
24.485,3.275
24.49,3.275
24.495,3.275
24.5,3.275
24.505,3.275
24.51,3.275
24.515,3.275
24.52,3.275
24.525,3.275
24.53,3.275
24.535,3.275
24.54,3.275
24.545,3.275
24.55,3.275
24.555,3.275
24.56,3.275
24.565,3.275
24.57,3.275
24.575,3.275
24.58,3.274981
24.585,3.274906
24.59,3.274789
24.595,3.274665
24.6,3.274563
24.605,3.274496
24.61,3.274465
24.615,3.27446
24.62,3.274469
24.625,3.274484
24.63,3.274496
24.635,3.274504
24.64,3.274507
24.645,3.274507
24.65,3.274505
24.655,3.274502
24.66,3.2745
24.665,3.274499
24.67,3.274499
24.675,3.274499
24.68,3.274499
24.685,3.2745
24.69,3.2745
24.695,3.2745
24.7,3.2745
24.705,3.2745
24.71,3.2745
24.715,3.2745
24.72,3.2745
24.725,3.2745
24.73,3.2745
24.735,3.2745
24.74,3.2745
24.745,3.2745
24.75,3.2745
24.755,3.2745
24.76,3.2745
24.765,3.2745
24.77,3.2745
24.775,3.2745
24.78,3.2745
24.785,3.2745
24.79,3.2745
24.795,3.2745
24.8,3.2745
24.805,3.2745
24.81,3.2745
24.815,3.2745
24.82,3.2745
24.825,3.2745
24.83,3.2745
24.835,3.2745
24.84,3.2745
24.845,3.274528
24.85,3.274613
24.855,3.274734
24.86,3.274856
24.865,3.274952
24.87,3.275012
24.875,3.275038
24.88,3.275039
24.885,3.275028
24.89,3.275014
24.895,3.275002
24.9,3.274995
24.905,3.274993
24.91,3.274993
24.915,3.274996
24.92,3.274998
24.925,3.275
24.93,3.275001
24.935,3.275001
24.94,3.275001
24.945,3.275001
24.95,3.275
24.955,3.275
24.96,3.275
24.965,3.275
24.97,3.275
24.975,3.275
24.98,3.275
24.985,3.275
24.99,3.275026
24.995,3.275108
25,3.275229
25.005,3.275381
25.01,3.275566
25.015,3.275749
25.02,3.275916
25.025,3.276088
25.03,3.276253
25.035,3.276414
25.04,3.276589
25.045,3.276758
25.05,3.276908
25.055,3.277068
25.06,3.277228
25.065,3.277365
25.07,3.277463
25.075,3.277519
25.08,3.277539
25.085,3.277537
25.09,3.27753
25.095,3.277569
25.1,3.277663
25.105,3.277783
25.11,3.277894
25.115,3.277977
25.12,3.278023
25.125,3.278039
25.13,3.278036
25.135,3.278023
25.14,3.278027
25.145,3.278091
25.15,3.278202
25.155,3.278326
25.16,3.27843
25.165,3.278499
25.17,3.278534
25.175,3.278541
25.18,3.278532
25.185,3.278518
25.19,3.278505
25.195,3.278497
25.2,3.278493
25.205,3.278493
25.21,3.278495
25.215,3.278497
25.22,3.278499
25.225,3.278501
25.23,3.278501
25.235,3.278501
25.24,3.278501
25.245,3.2785
25.25,3.2785
25.255,3.2785
25.26,3.2785
25.265,3.2785
25.27,3.2785
25.275,3.2785
25.28,3.2785
25.285,3.2785
25.29,3.2785
25.295,3.2785
25.3,3.2785
25.305,3.2785
25.31,3.2785
25.315,3.2785
25.32,3.2785
25.325,3.2785
25.33,3.2785
25.335,3.2785
25.34,3.2785
25.345,3.2785
25.35,3.2785
25.355,3.2785
25.36,3.2785
25.365,3.2785
25.37,3.2785
25.375,3.2785
25.38,3.2785
25.385,3.2785
25.39,3.2785
25.395,3.2785
25.4,3.278499
25.405,3.27847
25.41,3.278383
25.415,3.278261
25.42,3.27814
25.425,3.278045
25.43,3.277987
25.435,3.27796
25.44,3.277921
25.445,3.277837
25.45,3.277728
25.455,3.277621
25.46,3.277538
25.465,3.277488
25.47,3.277467
25.475,3.277467
25.48,3.277476
25.485,3.277489
25.49,3.277499
25.495,3.277505
25.5,3.277506
25.505,3.277506
25.51,3.277504
25.515,3.277486
25.52,3.277414
25.525,3.277298
25.53,3.277173
25.535,3.277069
25.54,3.277
25.545,3.276966
25.55,3.27696
25.555,3.276968
25.56,3.276983
25.565,3.276995
25.57,3.277004
25.575,3.277007
25.58,3.277007
25.585,3.277005
25.59,3.277002
25.595,3.277
25.6,3.276999
25.605,3.276999
25.61,3.276999
25.615,3.276999
25.62,3.277
25.625,3.277
25.63,3.277003
25.635,3.277045
25.64,3.277142
25.645,3.277267
25.65,3.277384
25.655,3.277471
25.66,3.277521
25.665,3.27754
25.67,3.277537
25.675,3.277524
25.68,3.27751
25.685,3.2775
25.69,3.277494
25.695,3.277493
25.7,3.277497
25.705,3.277546
25.71,3.277648
25.715,3.277774
25.72,3.277891
25.725,3.278004
25.73,3.278137
25.735,3.278274
25.74,3.278392
25.745,3.278475
25.75,3.278521
25.755,3.278537
25.76,3.278533
25.765,3.278535
25.77,3.278592
25.775,3.278697
25.78,3.278817
25.785,3.278924
25.79,3.279038
25.795,3.279172
25.8,3.279306
25.805,3.279425
25.81,3.279557
25.815,3.279729
25.82,3.279947
25.825,3.280171
25.83,3.280361
25.835,3.280534
25.84,3.280699
25.845,3.280841
25.85,3.280945
25.855,3.281007
25.86,3.281037
25.865,3.281085
25.87,3.281174
25.875,3.281286
25.88,3.281391
25.885,3.28147
25.89,3.281516
25.895,3.281534
25.9,3.281533
25.905,3.28155
25.91,3.281622
25.915,3.281734
25.92,3.281851
25.925,3.281946
25.93,3.282006
25.935,3.282034
25.94,3.282038
25.945,3.282028
25.95,3.282016
25.955,3.282037
25.96,3.28212
25.965,3.28224
25.97,3.28236
25.975,3.282455
25.98,3.282514
25.985,3.282538
25.99,3.282539
25.995,3.282528
26,3.282514
26.005,3.282502
26.01,3.282495
26.015,3.282493
26.02,3.282493
26.025,3.282496
26.03,3.282498
26.035,3.2825
26.04,3.282501
26.045,3.282501
26.05,3.282501
26.055,3.282501
26.06,3.2825
26.065,3.2825
26.07,3.2825
26.075,3.2825
26.08,3.2825
26.085,3.2825
26.09,3.2825
26.095,3.2825
26.1,3.2825
26.105,3.2825
26.11,3.2825
26.115,3.2825
26.12,3.2825
26.125,3.2825
26.13,3.2825
26.135,3.2825
26.14,3.2825
26.145,3.2825
26.15,3.2825
26.155,3.2825
26.16,3.28248
26.165,3.282404
26.17,3.282287
26.175,3.282163
26.18,3.282061
26.185,3.281975
26.19,3.281867
26.195,3.281742
26.2,3.281588
26.205,3.281406
26.21,3.281229
26.215,3.281089
26.22,3.280999
26.225,3.280957
26.23,3.280949
26.235,3.280961
26.24,3.280979
26.245,3.280995
26.25,3.281006
26.255,3.281009
26.26,3.280997
26.265,3.28093
26.27,3.280815
26.275,3.280687
26.28,3.280578
26.285,3.280504
26.29,3.280467
26.295,3.280458
26.3,3.280467
26.305,3.280468
26.31,3.280414
26.315,3.28031
26.32,3.280189
26.325,3.280082
26.33,3.280009
26.335,3.27997
26.34,3.27996
26.345,3.279967
26.35,3.27998
26.355,3.279993
26.36,3.280002
26.365,3.280007
26.37,3.280007
26.375,3.280005
26.38,3.280003
26.385,3.280001
26.39,3.279999
26.395,3.279999
26.4,3.279999
26.405,3.279999
26.41,3.28
26.415,3.28
26.42,3.28
26.425,3.28
26.43,3.28
26.435,3.28
26.44,3.28
26.445,3.28
26.45,3.28
26.455,3.28
26.46,3.28
26.465,3.28
26.47,3.28
26.475,3.28
26.48,3.28
26.485,3.28
26.49,3.28
26.495,3.28
26.5,3.28
26.505,3.28
26.51,3.28
26.515,3.28
26.52,3.28
26.525,3.28
26.53,3.28
26.535,3.28
26.54,3.28
26.545,3.28
26.55,3.28
26.555,3.28
26.56,3.280009
26.565,3.280069
26.57,3.280178
26.575,3.280304
26.58,3.280428
26.585,3.280574
26.59,3.280728
26.595,3.280864
26.6,3.280972
26.605,3.28109
26.61,3.281221
26.615,3.281354
26.62,3.28151
26.625,3.28168
26.63,3.281834
26.635,3.281948
26.64,3.28203
26.645,3.282127
26.65,3.282242
26.655,3.282353
26.66,3.282444
26.665,3.282541
26.67,3.282664
26.675,3.282794
26.68,3.282924
26.685,3.283077
26.69,3.283239
26.695,3.28342
26.7,3.283615
26.705,3.283793
26.71,3.283936
26.715,3.284076
26.72,3.28422
26.725,3.284348
26.73,3.284445
26.735,3.284505
26.74,3.284531
26.745,3.284534
26.75,3.284531
26.755,3.284573
26.76,3.284668
26.765,3.284787
26.77,3.284897
26.775,3.284978
26.78,3.285023
26.785,3.285039
26.79,3.285035
26.795,3.285022
26.8,3.285009
26.805,3.284999
26.81,3.284994
26.815,3.284993
26.82,3.284994
26.825,3.284997
26.83,3.284999
26.835,3.285
26.84,3.285001
26.845,3.285001
26.85,3.285001
26.855,3.285
26.86,3.285
26.865,3.285
26.87,3.285
26.875,3.285
26.88,3.285
26.885,3.285
26.89,3.285
26.895,3.285
26.9,3.285
26.905,3.285
26.91,3.285
26.915,3.285
26.92,3.285
26.925,3.285
26.93,3.285
26.935,3.285
26.94,3.285
26.945,3.285
26.95,3.284981
26.955,3.284906
26.96,3.284789
26.965,3.284665
26.97,3.284561
26.975,3.284457
26.98,3.284332
26.985,3.284203
26.99,3.284085
26.995,3.283949
27,3.283799
27.005,3.283661
27.01,3.283556
27.015,3.283491
27.02,3.283463
27.025,3.283461
27.03,3.283472
27.035,3.283486
27.04,3.283498
27.045,3.283505
27.05,3.283504
27.055,3.283459
27.06,3.283358
27.065,3.28323
27.07,3.283112
27.075,3.283025
27.08,3.282976
27.085,3.282959
27.09,3.282963
27.095,3.282976
27.1,3.28299
27.105,3.283001
27.11,3.283006
27.115,3.283007
27.12,3.283006
27.125,3.283004
27.13,3.283001
27.135,3.283
27.14,3.282999
27.145,3.282999
27.15,3.282999
27.155,3.283
27.16,3.283
27.165,3.283
27.17,3.283
27.175,3.283
27.18,3.283
27.185,3.283
27.19,3.283
27.195,3.283
27.2,3.283
27.205,3.283008
27.21,3.283067
27.215,3.283176
27.22,3.283301
27.225,3.283412
27.23,3.283489
27.235,3.283529
27.24,3.283541
27.245,3.283534
27.25,3.28352
27.255,3.283507
27.26,3.283498
27.265,3.283493
27.27,3.283493
27.275,3.283495
27.28,3.283497
27.285,3.283499
27.29,3.283512
27.295,3.283577
27.3,3.283689
27.305,3.283814
27.31,3.283922
27.315,3.284003
27.32,3.284099
27.325,3.284216
27.33,3.284334
27.335,3.284431
27.34,3.284516
27.345,3.284626
27.35,3.284752
27.355,3.284869
27.36,3.284957
27.365,3.285011
27.37,3.285035
27.375,3.285074
27.38,3.285159
27.385,3.28527
27.39,3.285379
27.395,3.285462
27.4,3.285528
27.405,3.28562
27.41,3.285735
27.415,3.285849
27.42,3.285941
27.425,3.286006
27.43,3.286084
27.435,3.286193
27.44,3.28631
27.445,3.286412
27.45,3.286484
27.455,3.286527
27.46,3.286588
27.465,3.286686
27.47,3.2868
27.475,3.286903
27.48,3.286977
27.485,3.287019
27.49,3.287034
27.495,3.287031
27.5,3.28702
27.505,3.287008
27.51,3.286999
27.515,3.286995
27.52,3.287012
27.525,3.287089
27.53,3.287208
27.535,3.287334
27.54,3.287437
27.545,3.287505
27.55,3.287536
27.555,3.287541
27.56,3.287531
27.565,3.287517
27.57,3.287504
27.575,3.287496
27.58,3.287493
27.585,3.287493
27.59,3.287495
27.595,3.287498
27.6,3.2875
27.605,3.287501
27.61,3.287501
27.615,3.287501
27.62,3.287501
27.625,3.2875
27.63,3.2875
27.635,3.2875
27.64,3.2875
27.645,3.2875
27.65,3.2875
27.655,3.2875
27.66,3.2875
27.665,3.2875
27.67,3.2875
27.675,3.2875
27.68,3.287496
27.685,3.287448
27.69,3.287346
27.695,3.287221
27.7,3.287106
27.705,3.287022
27.71,3.286975
27.715,3.28696
27.72,3.286964
27.725,3.286977
27.73,3.286991
27.735,3.287001
27.74,3.287006
27.745,3.287007
27.75,3.287006
27.755,3.287003
27.76,3.287001
27.765,3.287
27.77,3.286989
27.775,3.286926
27.78,3.286816
27.785,3.286691
27.79,3.286582
27.795,3.286493
27.8,3.286385
27.805,3.286261
27.81,3.286143
27.815,3.286052
27.82,3.285995
27.825,3.285969
27.83,3.285966
27.835,3.285975
27.84,3.285987
27.845,3.285998
27.85,3.286004
27.855,3.286006
27.86,3.286006
27.865,3.286004
27.87,3.286002
27.875,3.286
27.88,3.285999
27.885,3.285999
27.89,3.285999
27.895,3.285999
27.9,3.286
27.905,3.286
27.91,3.286
27.915,3.286
27.92,3.286
27.925,3.286
27.93,3.286
27.935,3.286
27.94,3.286
27.945,3.286
27.95,3.286
27.955,3.286
27.96,3.286
27.965,3.286
27.97,3.286
27.975,3.286
27.98,3.286
27.985,3.286
27.99,3.286
27.995,3.286
28,3.286
28.005,3.286
28.01,3.286
28.015,3.286
28.02,3.286
28.025,3.286
28.03,3.286
28.035,3.286
28.04,3.286
28.045,3.286
28.05,3.286
28.055,3.286
28.06,3.286
28.065,3.286
28.07,3.286
28.075,3.286
28.08,3.286007
28.085,3.286064
28.09,3.286171
28.095,3.286297
28.1,3.286408
28.105,3.286487
28.11,3.286537
28.115,3.286608
28.12,3.28671
28.125,3.286822
28.13,3.286919
28.135,3.287001
28.14,3.287105
28.145,3.287229
28.15,3.287349
28.155,3.287444
28.16,3.287504
28.165,3.287531
28.17,3.287535
28.175,3.28753
28.18,3.287564
28.185,3.287654
28.19,3.287773
28.195,3.287886
28.2,3.288003
28.205,3.288141
28.21,3.288282
28.215,3.288401
28.22,3.288482
28.225,3.288525
28.23,3.288547
28.235,3.2886
28.24,3.288696
28.245,3.288808
28.25,3.28891
28.255,3.288982
28.26,3.289022
28.265,3.289035
28.27,3.289031
28.275,3.28902
28.28,3.289008
28.285,3.288999
28.29,3.288994
28.295,3.288994
28.3,3.288995
28.305,3.288997
28.31,3.289009
28.315,3.289071
28.32,3.289182
28.325,3.289307
28.33,3.289416
28.335,3.289492
28.34,3.28953
28.345,3.289541
28.35,3.289534
28.355,3.28952
28.36,3.289506
28.365,3.289497
28.37,3.289493
28.375,3.289493
28.38,3.289495
28.385,3.289497
28.39,3.289499
28.395,3.289501
28.4,3.289501
28.405,3.289501
28.41,3.289501
28.415,3.2895
28.42,3.2895
28.425,3.2895
28.43,3.2895
28.435,3.2895
28.44,3.2895
28.445,3.2895
28.45,3.2895
28.455,3.2895
28.46,3.2895
28.465,3.2895
28.47,3.2895
28.475,3.2895
28.48,3.2895
28.485,3.2895
28.49,3.2895
28.495,3.2895
28.5,3.2895
28.505,3.2895
28.51,3.2895
28.515,3.2895
28.52,3.2895
28.525,3.2895
28.53,3.2895
28.535,3.2895
28.54,3.2895
28.545,3.2895
28.55,3.2895
28.555,3.2895
28.56,3.2895
28.565,3.2895
28.57,3.2895
28.575,3.2895
28.58,3.2895
28.585,3.2895
28.59,3.2895
28.595,3.2895
28.6,3.2895
28.605,3.2895
28.61,3.2895
28.615,3.2895
28.62,3.2895
28.625,3.2895
28.63,3.2895
28.635,3.2895
28.64,3.2895
28.645,3.2895
28.65,3.2895
28.655,3.2895
28.66,3.2895
28.665,3.2895
28.67,3.2895
28.675,3.2895
28.68,3.2895
28.685,3.2895
28.69,3.2895
28.695,3.2895
28.7,3.289
28.705,3.289
28.71,3.289
28.715,3.289
28.72,3.289
28.725,3.289
28.73,3.289
28.735,3.289
28.74,3.289
28.745,3.289
28.75,3.289
28.755,3.289
28.76,3.289
28.765,3.289
28.77,3.289
28.775,3.289
28.78,3.289
28.785,3.289
28.79,3.289
28.795,3.289
28.8,3.289
28.805,3.289
28.81,3.289
28.815,3.289
28.82,3.289
28.825,3.289
28.83,3.289
28.835,3.289
28.84,3.289
28.845,3.289
28.85,3.289
28.855,3.289
28.86,3.289
28.865,3.289
28.87,3.289
28.875,3.289
28.88,3.289
28.885,3.289
28.89,3.289
28.895,3.289025
28.9,3.289106
28.905,3.289226
28.91,3.289349
28.915,3.289447
28.92,3.289509
28.925,3.289537
28.93,3.28954
28.935,3.289529
28.94,3.289515
28.945,3.289503
28.95,3.289495
28.955,3.289493
28.96,3.289493
28.965,3.289496
28.97,3.289498
28.975,3.2895
28.98,3.289501
28.985,3.289501
28.99,3.289501
28.995,3.289501
29,3.2895
29.005,3.289501
29.01,3.289531
29.015,3.289619
29.02,3.289741
29.025,3.289862
29.03,3.289957
29.035,3.290014
29.04,3.290038
29.045,3.290043
29.05,3.290078
29.055,3.290165
29.06,3.290278
29.065,3.290387
29.07,3.290473
29.075,3.290567
29.08,3.290685
29.085,3.290809
29.09,3.290913
29.095,3.290986
29.1,3.291024
29.105,3.291035
29.11,3.29103
29.115,3.291018
29.12,3.291006
29.125,3.290998
29.13,3.290994
29.135,3.291002
29.14,3.291062
29.145,3.291173
29.15,3.291301
29.155,3.291412
29.16,3.29149
29.165,3.29153
29.17,3.291541
29.175,3.291535
29.18,3.29152
29.185,3.291507
29.19,3.2915
29.195,3.291539
29.2,3.291637
29.205,3.291764
29.21,3.291883
29.215,3.291972
29.22,3.292023
29.225,3.292041
29.23,3.292038
29.235,3.292025
29.24,3.292011
29.245,3.292
29.25,3.291994
29.255,3.291992
29.26,3.291994
29.265,3.291996
29.27,3.291999
29.275,3.292
29.28,3.292001
29.285,3.292001
29.29,3.292001
29.295,3.292001
29.3,3.292
29.305,3.292
29.31,3.292
29.315,3.292
29.32,3.292
29.325,3.292
29.33,3.292
29.335,3.292
29.34,3.292
29.345,3.292
29.35,3.292
29.355,3.292
29.36,3.292
29.365,3.292
29.37,3.292
29.375,3.292
29.38,3.292
29.385,3.292
29.39,3.292
29.395,3.292
29.4,3.292
29.405,3.292
29.41,3.292
29.415,3.292
29.42,3.292
29.425,3.292
29.43,3.292
29.435,3.292
29.44,3.292
29.445,3.292
29.45,3.292
29.455,3.292
29.46,3.292
29.465,3.292
29.47,3.292
29.475,3.292
29.48,3.292
29.485,3.292
29.49,3.292
29.495,3.292
29.5,3.292
29.505,3.292
29.51,3.292
29.515,3.292
29.52,3.292
29.525,3.292
29.53,3.292
29.535,3.292
29.54,3.292
29.545,3.292
29.55,3.292
29.555,3.292
29.56,3.292
29.565,3.292
29.57,3.292
29.575,3.292
29.58,3.292
29.585,3.292
29.59,3.292
29.595,3.292
29.6,3.292
29.605,3.292
29.61,3.292
29.615,3.292
29.62,3.292
29.625,3.292
29.63,3.292
29.635,3.292
29.64,3.292
29.645,3.292
29.65,3.292
29.655,3.292
29.66,3.292
29.665,3.292
29.67,3.292
29.675,3.292
29.68,3.292
29.685,3.292
29.69,3.292
29.695,3.292
29.7,3.292
29.705,3.292
29.71,3.292
29.715,3.292
29.72,3.292
29.725,3.292
29.73,3.292
29.735,3.292
29.74,3.292
29.745,3.292
29.75,3.292
29.755,3.292
29.76,3.292
29.765,3.292
29.77,3.292
29.775,3.292
29.78,3.292
29.785,3.292
29.79,3.292012
29.795,3.292078
29.8,3.292191
29.805,3.292316
29.81,3.292425
29.815,3.292537
29.82,3.29267
29.825,3.292802
29.83,3.292912
29.835,3.292988
29.84,3.293064
29.845,3.293167
29.85,3.293285
29.855,3.293391
29.86,3.29347
29.865,3.293515
29.87,3.293536
29.875,3.293581
29.88,3.29367
29.885,3.293783
29.89,3.29389
29.895,3.29397
29.9,3.294017
29.905,3.294036
29.91,3.29407
29.915,3.294151
29.92,3.294261
29.925,3.294371
29.93,3.294457
29.935,3.294511
29.94,3.294556
29.945,3.294637
29.95,3.294746
29.955,3.294856
29.96,3.294946
29.965,3.295003
29.97,3.29503
29.975,3.295034
29.98,3.295026
29.985,3.295014
29.99,3.295003
29.995,3.294996
30,3.294994
30.005,3.294994
30.01,3.294996
30.015,3.294998
30.02,3.295
30.025,3.295001
30.03,3.295001
30.035,3.295001
30.04,3.295001
30.045,3.295
30.05,3.295
30.055,3.295
30.06,3.295
30.065,3.295
30.07,3.295
30.075,3.295
30.08,3.295
30.085,3.295
30.09,3.295
30.095,3.295
30.1,3.295
30.105,3.295
30.11,3.295
30.115,3.295
30.12,3.295
30.125,3.295
30.13,3.295
30.135,3.295
30.14,3.295
30.145,3.295
30.15,3.295
30.155,3.294998
30.16,3.294959
30.165,3.294865
30.17,3.294741
30.175,3.294622
30.18,3.294533
30.185,3.294481
30.19,3.294461
30.195,3.294462
30.2,3.294475
30.205,3.294489
30.21,3.2945
30.215,3.294506
30.22,3.294507
30.225,3.294506
30.23,3.294489
30.235,3.294418
30.24,3.294302
30.245,3.294176
30.25,3.29407
30.255,3.294
30.26,3.293966
30.265,3.293959
30.27,3.293968
30.275,3.293982
30.28,3.293995
30.285,3.294004
30.29,3.294001
30.295,3.293948
30.3,3.293841
30.305,3.293713
30.31,3.293598
30.315,3.293516
30.32,3.293472
30.325,3.293458
30.33,3.293464
30.335,3.293478
30.34,3.293492
30.345,3.293502
30.35,3.293507
30.355,3.293507
30.36,3.293506
30.365,3.293503
30.37,3.293501
30.375,3.2935
30.38,3.293499
30.385,3.293499
30.39,3.293499
30.395,3.2935
30.4,3.2935
30.405,3.2935
30.41,3.2935
30.415,3.2935
30.42,3.2935
30.425,3.2935
30.43,3.2935
30.435,3.2935
30.44,3.2935
30.445,3.2935
30.45,3.2935
30.455,3.2935
30.46,3.2935
30.465,3.2935
30.47,3.2935
30.475,3.2935
30.48,3.2935
30.485,3.2935
30.49,3.2935
30.495,3.2935
30.5,3.2935
30.505,3.2935
30.51,3.2935
30.515,3.2935
30.52,3.29351
30.525,3.293571
30.53,3.293681
30.535,3.293806
30.54,3.293916
30.545,3.293991
30.55,3.29403
30.555,3.294041
30.56,3.294034
30.565,3.29402
30.57,3.294007
30.575,3.293997
30.58,3.293993
30.585,3.293993
30.59,3.293995
30.595,3.293997
30.6,3.293999
30.605,3.294001
30.61,3.294001
30.615,3.294001
30.62,3.294001
30.625,3.294002
30.63,3.294042
30.635,3.294137
30.64,3.294261
30.645,3.294379
30.65,3.294468
30.655,3.294525
30.66,3.294593
30.665,3.294694
30.67,3.294807
30.675,3.294907
30.68,3.294979
30.685,3.295019
30.69,3.295033
30.695,3.29503
30.7,3.295019
30.705,3.295007
30.71,3.294999
30.715,3.294995
30.72,3.294994
30.725,3.294995
30.73,3.294999
30.735,3.295041
30.74,3.295138
30.745,3.295263
30.75,3.295381
30.755,3.295469
30.76,3.29552
30.765,3.29554
30.77,3.295537
30.775,3.295526
30.78,3.295542
30.785,3.295619
30.79,3.295736
30.795,3.295855
30.8,3.29595
30.805,3.29601
30.81,3.296037
30.815,3.296066
30.82,3.296139
30.825,3.296245
30.83,3.296356
30.835,3.296446
30.84,3.296504
30.845,3.296531
30.85,3.296535
30.855,3.296527
30.86,3.296514
30.865,3.296503
30.87,3.296496
30.875,3.296494
30.88,3.296496
30.885,3.296539
30.89,3.296638
30.895,3.296764
30.9,3.296882
30.905,3.296971
30.91,3.297022
30.915,3.29704
30.92,3.297038
30.925,3.297025
30.93,3.297011
30.935,3.297
30.94,3.296994
30.945,3.297018
30.95,3.297102
30.955,3.297225
30.96,3.29735
30.965,3.297449
30.97,3.297511
30.975,3.297538
30.98,3.29754
30.985,3.297529
30.99,3.297515
30.995,3.297502
31,3.297495
31.005,3.297493
31.01,3.297493
31.015,3.297509
31.02,3.29758
31.025,3.297696
31.03,3.297822
31.035,3.297928
31.04,3.297999
31.045,3.298034
31.05,3.298041
31.055,3.298032
31.06,3.298018
31.065,3.298005
31.07,3.297997
31.075,3.297993
31.08,3.297993
31.085,3.297995
31.09,3.297997
31.095,3.297999
31.1,3.298001
31.105,3.298001
31.11,3.298001
31.115,3.298001
31.12,3.298
31.125,3.298
31.13,3.298
31.135,3.297998
31.14,3.297962
31.145,3.297869
31.15,3.297746
31.155,3.297627
31.16,3.297536
31.165,3.297482
31.17,3.297461
31.175,3.297462
31.18,3.297474
31.185,3.297488
31.19,3.297499
31.195,3.297506
31.2,3.297507
31.205,3.297506
31.21,3.297504
31.215,3.297502
31.22,3.2975
31.225,3.297499
31.23,3.297499
31.235,3.297499
31.24,3.297499
31.245,3.2975
31.25,3.297487
31.255,3.29742
31.26,3.297307
31.265,3.297182
31.27,3.297075
31.275,3.297003
31.28,3.296967
31.285,3.296959
31.29,3.296968
31.295,3.296982
31.3,3.296995
31.305,3.297003
31.31,3.297007
31.315,3.297007
31.32,3.297005
31.325,3.297003
31.33,3.297001
31.335,3.296999
31.34,3.296999
31.345,3.296999
31.35,3.296999
31.355,3.297
31.36,3.297
31.365,3.297
31.37,3.297
31.375,3.297
31.38,3.297
31.385,3.297
31.39,3.296986
31.395,3.296918
31.4,3.296804
31.405,3.296679
31.41,3.296573
31.415,3.296502
31.42,3.296467
31.425,3.296459
31.43,3.296468
31.435,3.296482
31.44,3.296495
31.445,3.296503
31.45,3.296507
31.455,3.296507
31.46,3.296505
31.465,3.296503
31.47,3.296501
31.475,3.296499
31.48,3.296511
31.485,3.296577
31.49,3.29669
31.495,3.296816
31.5,3.296923
31.505,3.296996
31.51,3.297032
31.515,3.297041
31.52,3.297033
31.525,3.297019
31.53,3.297006
31.535,3.296997
31.54,3.296993
31.545,3.296993
31.55,3.296995
31.555,3.296997
31.56,3.296999
31.565,3.297001
31.57,3.297001
31.575,3.297001
31.58,3.297001
31.585,3.297
31.59,3.297
31.595,3.297
31.6,3.297
31.605,3.297
31.61,3.297
31.615,3.297
31.62,3.297
31.625,3.297
31.63,3.297
31.635,3.297
31.64,3.297
31.645,3.29702
31.65,3.297096
31.655,3.297213
31.66,3.297337
31.665,3.297439
31.67,3.297505
31.675,3.297535
31.68,3.29754
31.685,3.297542
31.69,3.297592
31.695,3.297692
31.7,3.29781
31.705,3.297914
31.71,3.297988
31.715,3.298027
31.72,3.298038
31.725,3.298033
31.73,3.29802
31.735,3.298007
31.74,3.297998
31.745,3.297994
31.75,3.297993
31.755,3.298009
31.76,3.298079
31.765,3.298195
31.77,3.298321
31.775,3.298428
31.78,3.298499
31.785,3.298534
31.79,3.298541
31.795,3.298532
31.8,3.298543
31.805,3.298611
31.81,3.298723
31.815,3.298842
31.82,3.29894
31.825,3.299025
31.83,3.299132
31.835,3.299255
31.84,3.299369
31.845,3.299456
31.85,3.299509
31.855,3.299532
31.86,3.299533
31.865,3.299523
31.87,3.299511
31.875,3.299501
31.88,3.299503
31.885,3.299557
31.89,3.299665
31.895,3.299793
31.9,3.299906
31.905,3.299986
31.91,3.300029
31.915,3.300042
31.92,3.300036
31.925,3.300043
31.93,3.300108
31.935,3.300216
31.94,3.300335
31.945,3.300435
31.95,3.300501
31.955,3.300533
31.96,3.300541
31.965,3.300572
31.97,3.300654
31.975,3.300766
31.98,3.300876
31.985,3.300961
31.99,3.301013
31.995,3.301035
32,3.301035
32.005,3.301025
32.01,3.301012
32.015,3.301034
32.02,3.301117
32.025,3.301237
32.03,3.301359
32.035,3.301454
32.04,3.301513
32.045,3.301538
32.05,3.30154
32.055,3.301528
32.06,3.301514
32.065,3.301502
32.07,3.301495
32.075,3.301493
32.08,3.301493
32.085,3.301496
32.09,3.301498
32.095,3.3015
32.1,3.301501
32.105,3.301501
32.11,3.301501
32.115,3.301501
32.12,3.3015
32.125,3.3015
32.13,3.3015
32.135,3.3015
32.14,3.301496
32.145,3.301448
32.15,3.301346
32.155,3.301221
32.16,3.301106
32.165,3.301022
32.17,3.300975
32.175,3.30096
32.18,3.300964
32.185,3.300977
32.19,3.300991
32.195,3.301001
32.2,3.301006
32.205,3.301007
32.21,3.300976
32.215,3.300886
32.22,3.300761
32.225,3.3006
32.23,3.300411
32.235,3.300229
32.24,3.300086
32.245,3.299995
32.25,3.299953
32.255,3.299923
32.26,3.299854
32.265,3.299754
32.27,3.299647
32.275,3.299559
32.28,3.299501
32.285,3.299472
32.29,3.299467
32.295,3.299474
32.3,3.299486
32.305,3.299496
32.31,3.299502
32.315,3.299472
32.32,3.299382
32.325,3.299258
32.33,3.299135
32.335,3.299041
32.34,3.298984
32.345,3.29896
32.35,3.298961
32.355,3.298973
32.36,3.298987
32.365,3.298999
32.37,3.299005
32.375,3.299008
32.38,3.299007
32.385,3.299004
32.39,3.299002
32.395,3.299
32.4,3.298999
32.405,3.298999
32.41,3.298999
32.415,3.298999
32.42,3.299
32.425,3.299
32.43,3.299
32.435,3.299
32.44,3.299
32.445,3.299
32.45,3.299
32.455,3.299
32.46,3.299
32.465,3.299
32.47,3.299
32.475,3.299
32.48,3.299
32.485,3.299
32.49,3.299
32.495,3.299
32.5,3.299
32.505,3.299
32.51,3.299
32.515,3.299
32.52,3.299
32.525,3.299
32.53,3.299
32.535,3.299
32.54,3.299
32.545,3.299
32.55,3.299
32.555,3.299
32.56,3.299
32.565,3.299
32.57,3.299
32.575,3.299
32.58,3.299
32.585,3.299
32.59,3.299
32.595,3.299
32.6,3.299004
32.605,3.299049
32.61,3.299149
32.615,3.299274
32.62,3.29939
32.625,3.299478
32.63,3.299568
32.635,3.299682
32.64,3.299803
32.645,3.299908
32.65,3.300015
32.655,3.300145
32.66,3.30028
32.665,3.300399
32.67,3.300521
32.675,3.300662
32.68,3.300801
32.685,3.300915
32.69,3.301008
32.695,3.30112
32.7,3.301246
32.705,3.301364
32.71,3.301453
32.715,3.301511
32.72,3.301579
32.725,3.301693
32.73,3.301874
32.735,3.30209
32.74,3.302301
32.745,3.302512
32.75,3.30271
32.755,3.302869
32.76,3.302976
32.765,3.303032
32.77,3.303048
32.775,3.303056
32.78,3.303108
32.785,3.303206
32.79,3.30332
32.795,3.30342
32.8,3.30349
32.805,3.303526
32.81,3.30354
32.815,3.303577
32.82,3.303663
32.825,3.303776
32.83,3.303884
32.835,3.303966
32.84,3.304016
32.845,3.304035
32.85,3.304034
32.855,3.304023
32.86,3.304011
32.865,3.304001
32.87,3.303995
32.875,3.303993
32.88,3.303994
32.885,3.303996
32.89,3.303999
32.895,3.303987
32.9,3.303927
32.905,3.303819
32.91,3.303695
32.915,3.303587
32.92,3.303511
32.925,3.303471
32.93,3.30346
32.935,3.303466
32.94,3.30348
32.945,3.303493
32.95,3.303502
32.955,3.303496
32.96,3.303434
32.965,3.303322
32.97,3.303189
32.975,3.303028
32.98,3.302848
32.985,3.302678
32.99,3.3025
32.995,3.302319
33,3.302163
33.005,3.302049
33.01,3.301983
33.015,3.301957
33.02,3.301956
33.025,3.301931
33.03,3.301852
33.035,3.301741
33.04,3.301629
33.045,3.301542
33.05,3.301488
33.055,3.301465
33.06,3.301436
33.065,3.301362
33.07,3.301254
33.075,3.301143
33.08,3.301053
33.085,3.300995
33.09,3.300968
33.095,3.300965
33.1,3.300973
33.105,3.300986
33.11,3.300997
33.115,3.301004
33.12,3.301006
33.125,3.301006
33.13,3.301004
33.135,3.301002
33.14,3.301
33.145,3.300999
33.15,3.300999
33.155,3.300999
33.16,3.300999
33.165,3.301
33.17,3.301
33.175,3.301
33.18,3.301
33.185,3.301
33.19,3.301
33.195,3.301
33.2,3.301
33.205,3.301
33.21,3.301
33.215,3.301
33.22,3.301
33.225,3.301
33.23,3.301
33.235,3.301
33.24,3.301
33.245,3.301
33.25,3.301
33.255,3.301
33.26,3.301
33.265,3.301
33.27,3.301
33.275,3.301
33.28,3.301
33.285,3.301
33.29,3.301
33.295,3.301
33.3,3.301
33.305,3.301
33.31,3.301006
33.315,3.301059
33.32,3.301164
33.325,3.301289
33.33,3.301402
33.335,3.301483
33.34,3.301527
33.345,3.301541
33.35,3.301535
33.355,3.301522
33.36,3.301508
33.365,3.30151
33.37,3.30157
33.375,3.301681
33.38,3.301808
33.385,3.301918
33.39,3.301996
33.395,3.302074
33.4,3.302179
33.405,3.302296
33.41,3.302399
33.415,3.302475
33.42,3.302517
33.425,3.302533
33.43,3.302535
33.435,3.302575
33.44,3.302667
33.445,3.302784
33.45,3.302893
33.455,3.302974
33.46,3.303021
33.465,3.303038
33.47,3.303046
33.475,3.303097
33.48,3.303195
33.485,3.303311
33.49,3.303414
33.495,3.303487
33.5,3.303526
33.505,3.303537
33.51,3.303532
33.515,3.30352
33.52,3.303507
33.525,3.303498
33.53,3.303494
33.535,3.303495
33.54,3.303535
33.545,3.303632
33.55,3.303758
33.555,3.303878
33.56,3.303968
33.565,3.30402
33.57,3.30404
33.575,3.304038
33.58,3.304025
33.585,3.304011
33.59,3.304
33.595,3.303994
33.6,3.303993
33.605,3.303994
33.61,3.303996
33.615,3.303999
33.62,3.304
33.625,3.304001
33.63,3.304001
33.635,3.304001
33.64,3.304001
33.645,3.304
33.65,3.304
33.655,3.304
33.66,3.304
33.665,3.304
33.67,3.304
33.675,3.304
33.68,3.304
33.685,3.304
33.69,3.304
33.695,3.304
33.7,3.304
33.705,3.304
33.71,3.304
33.715,3.304
33.72,3.304
33.725,3.304
33.73,3.304
33.735,3.304
33.74,3.304
33.745,3.304
33.75,3.304
33.755,3.304004
33.76,3.304049
33.765,3.304149
33.77,3.304274
33.775,3.30439
33.78,3.304475
33.785,3.304523
33.79,3.30454
33.795,3.304537
33.8,3.304524
33.805,3.30451
33.81,3.304499
33.815,3.304494
33.82,3.304493
33.825,3.304494
33.83,3.304496
33.835,3.304499
33.84,3.3045
33.845,3.304501
33.85,3.304501
33.855,3.304501
33.86,3.3045
33.865,3.3045
33.87,3.3045
33.875,3.3045
33.88,3.3045
33.885,3.3045
33.89,3.3045
33.895,3.3045
33.9,3.3045
33.905,3.3045
33.91,3.3045
33.915,3.3045
33.92,3.3045
33.925,3.3045
33.93,3.3045
33.935,3.3045
33.94,3.3045
33.945,3.3045
33.95,3.3045
33.955,3.3045
33.96,3.3045
33.965,3.3045
33.97,3.3045
33.975,3.3045
33.98,3.3045
33.985,3.3045
33.99,3.3045
33.995,3.3045
34,3.3045
34.005,3.3045
34.01,3.3045
34.015,3.3045
34.02,3.3045
34.025,3.304512
34.03,3.304576
34.035,3.304688
34.04,3.304814
34.045,3.304921
34.05,3.304994
34.055,3.305032
34.06,3.305041
34.065,3.305033
34.07,3.305019
34.075,3.305011
34.08,3.305052
34.085,3.305152
34.09,3.305277
34.095,3.305393
34.1,3.305478
34.105,3.305525
34.11,3.305541
34.115,3.305537
34.12,3.305524
34.125,3.305509
34.13,3.305499
34.135,3.305494
34.14,3.305493
34.145,3.305494
34.15,3.305497
34.155,3.305499
34.16,3.3055
34.165,3.305501
34.17,3.305501
34.175,3.305501
34.18,3.3055
34.185,3.3055
34.19,3.305501
34.195,3.305536
34.2,3.305628
34.205,3.305751
34.21,3.305871
34.215,3.305963
34.22,3.306017
34.225,3.306039
34.23,3.306038
34.235,3.306026
34.24,3.306012
34.245,3.306001
34.25,3.305994
34.255,3.305993
34.26,3.305994
34.265,3.305996
34.27,3.305998
34.275,3.306
34.28,3.306001
34.285,3.306001
34.29,3.306001
34.295,3.306001
34.3,3.306
34.305,3.306
34.31,3.306
34.315,3.306
34.32,3.306008
34.325,3.306065
34.33,3.306173
34.335,3.306299
34.34,3.30641
34.345,3.306488
34.35,3.306529
34.355,3.306541
34.36,3.306534
34.365,3.306521
34.37,3.306507
34.375,3.306498
34.38,3.306493
34.385,3.306493
34.39,3.306495
34.395,3.306497
34.4,3.306499
34.405,3.306501
34.41,3.306501
34.415,3.306501
34.42,3.306501
34.425,3.3065
34.43,3.3065
34.435,3.3065
34.44,3.3065
34.445,3.3065
34.45,3.3065
34.455,3.3065
34.46,3.3065
34.465,3.3065
34.47,3.3065
34.475,3.306488
34.48,3.306422
34.485,3.306309
34.49,3.306184
34.495,3.306077
34.5,3.306004
34.505,3.305968
34.51,3.305959
34.515,3.305967
34.52,3.305981
34.525,3.305994
34.53,3.306003
34.535,3.306007
34.54,3.306007
34.545,3.306005
34.55,3.306003
34.555,3.306001
34.56,3.305999
34.565,3.305999
34.57,3.305999
34.575,3.305999
34.58,3.305991
34.585,3.305933
34.59,3.305824
34.595,3.305699
34.6,3.305588
34.605,3.305511
34.61,3.305471
34.615,3.305459
34.62,3.305466
34.625,3.30548
34.63,3.305493
34.635,3.305502
34.64,3.305507
34.645,3.305507
34.65,3.305505
34.655,3.305503
34.66,3.305501
34.665,3.305499
34.67,3.305499
34.675,3.305499
34.68,3.305499
34.685,3.3055
34.69,3.3055
34.695,3.3055
34.7,3.3055
34.705,3.3055
34.71,3.3055
34.715,3.3055
34.72,3.3055
34.725,3.3055
34.73,3.3055
34.735,3.3055
34.74,3.3055
34.745,3.3055
34.75,3.3055
34.755,3.3055
34.76,3.3055
34.765,3.3055
34.77,3.3055
34.775,3.3055
34.78,3.3055
34.785,3.3055
34.79,3.3055
34.795,3.3055
34.8,3.3055
34.805,3.3055
34.81,3.3055
34.815,3.3055
34.82,3.3055
34.825,3.3055
34.83,3.3055
34.835,3.3055
34.84,3.3055
34.845,3.3055
34.85,3.305511
34.855,3.305561
34.86,3.305658
34.865,3.305778
34.87,3.305889
34.875,3.305972
34.88,3.30602
34.885,3.306037
34.89,3.306035
34.895,3.306023
34.9,3.30601
34.905,3.306
34.91,3.305994
34.915,3.305993
34.92,3.305994
34.925,3.305997
34.93,3.305999
34.935,3.306
34.94,3.306001
34.945,3.306001
34.95,3.306001
34.955,3.306
34.96,3.306
34.965,3.306
34.97,3.306
34.975,3.306
34.98,3.306
34.985,3.306
34.99,3.306
34.995,3.306
35,3.306
35.005,3.306
35.01,3.306001
35.015,3.306031
35.02,3.306119
35.025,3.306241
35.03,3.306362
35.035,3.306457
35.04,3.306514
35.045,3.306538
35.05,3.306539
35.055,3.306527
35.06,3.306513
35.065,3.306502
35.07,3.306495
35.075,3.306493
35.08,3.306494
35.085,3.306499
35.09,3.306547
35.095,3.306649
35.1,3.306775
35.105,3.306899
35.11,3.30704
35.115,3.307195
35.12,3.307337
35.125,3.307447
35.13,3.307553
35.135,3.307678
35.14,3.307804
35.145,3.30791
35.15,3.307983
35.155,3.308022
35.16,3.308034
35.165,3.308049
35.17,3.308114
35.175,3.30822
35.18,3.308335
35.185,3.308433
35.19,3.308498
35.195,3.308548
35.2,3.308627
35.205,3.308735
35.21,3.308847
35.215,3.30894
35.22,3.309038
35.225,3.309161
35.23,3.30929
35.235,3.309402
35.24,3.30948
35.245,3.309523
35.25,3.309536
35.255,3.309532
35.26,3.30952
35.265,3.309507
35.27,3.309498
35.275,3.309494
35.28,3.309493
35.285,3.309502
35.29,3.309559
35.295,3.309668
35.3,3.309795
35.305,3.309907
35.31,3.309986
35.315,3.310029
35.32,3.310041
35.325,3.310035
35.33,3.310021
35.335,3.310008
35.34,3.309998
35.345,3.309993
35.35,3.309993
35.355,3.309994
35.36,3.309997
35.365,3.309999
35.37,3.310001
35.375,3.310001
35.38,3.310001
35.385,3.310001
35.39,3.31
35.395,3.31
35.4,3.31
35.405,3.31
35.41,3.31
35.415,3.31
35.42,3.31
35.425,3.31
35.43,3.31
35.435,3.31
35.44,3.309992
35.445,3.309935
35.45,3.309827
35.455,3.309701
35.46,3.30959
35.465,3.309512
35.47,3.309471
35.475,3.309459
35.48,3.309466
35.485,3.309479
35.49,3.309486
35.495,3.30944
35.5,3.309338
35.505,3.309213
35.51,3.309071
35.515,3.308905
35.52,3.308739
35.525,3.308603
35.53,3.308512
35.535,3.308466
35.54,3.308442
35.545,3.308384
35.55,3.308288
35.555,3.308177
35.56,3.308081
35.565,3.308013
35.57,3.307976
35.575,3.307965
35.58,3.30794
35.585,3.307865
35.59,3.307755
35.595,3.307642
35.6,3.307545
35.605,3.307434
35.61,3.307303
35.615,3.307174
35.62,3.307071
35.625,3.307003
35.63,3.30697
35.635,3.306964
35.64,3.306971
35.645,3.306953
35.65,3.306877
35.655,3.306762
35.66,3.306644
35.665,3.30655
35.67,3.30649
35.675,3.306464
35.68,3.306462
35.685,3.306472
35.69,3.306486
35.695,3.306497
35.7,3.306505
35.705,3.306507
35.71,3.306506
35.715,3.306504
35.72,3.306502
35.725,3.3065
35.73,3.306499
35.735,3.306499
35.74,3.306499
35.745,3.306499
35.75,3.3065
35.755,3.3065
35.76,3.3065
35.765,3.3065
35.77,3.3065
35.775,3.3065
35.78,3.3065
35.785,3.3065
35.79,3.3065
35.795,3.306521
35.8,3.306598
35.805,3.306716
35.81,3.30684
35.815,3.306941
35.82,3.307006
35.825,3.307036
35.83,3.30704
35.835,3.307033
35.84,3.307062
35.845,3.307148
35.85,3.307265
35.855,3.307392
35.86,3.307546
35.865,3.307712
35.87,3.307895
35.875,3.308094
35.88,3.308278
35.885,3.308419
35.89,3.30851
35.895,3.308595
35.9,3.3087
35.905,3.308817
35.91,3.308967
35.915,3.309142
35.92,3.309306
35.925,3.309433
35.93,3.309531
35.935,3.309642
35.94,3.309774
35.945,3.309947
35.95,3.310141
35.955,3.31032
35.96,3.310495
35.965,3.31067
35.97,3.310824
35.975,3.310939
35.98,3.311008
35.985,3.311044
35.99,3.311101
35.995,3.311195
36,3.311305
36.005,3.311405
36.01,3.311478
36.015,3.311519
36.02,3.311534
36.025,3.311531
36.03,3.31152
36.035,3.311508
36.04,3.311499
36.045,3.311495
36.05,3.311494
36.055,3.311495
36.06,3.311497
36.065,3.311499
36.07,3.3115
36.075,3.311501
36.08,3.311501
36.085,3.311501
36.09,3.3115
36.095,3.3115
36.1,3.3115
36.105,3.3115
36.11,3.3115
36.115,3.3115
36.12,3.311492
36.125,3.311435
36.13,3.311327
36.135,3.311201
36.14,3.31109
36.145,3.311009
36.15,3.310925
36.155,3.310815
36.16,3.310693
36.165,3.310544
36.17,3.310369
36.175,3.310167
36.18,3.309944
36.185,3.309739
36.19,3.309583
36.195,3.309487
36.2,3.309414
36.205,3.309323
36.21,3.309217
36.215,3.309101
36.22,3.308953
36.225,3.30879
36.23,3.308645
36.235,3.308539
36.24,3.308469
36.245,3.308387
36.25,3.30828
36.255,3.308168
36.26,3.308075
36.265,3.30801
36.27,3.307977
36.275,3.307968
36.28,3.307956
36.285,3.307894
36.29,3.307789
36.295,3.307672
36.3,3.307572
36.305,3.307504
36.31,3.30747
36.315,3.307462
36.32,3.307469
36.325,3.307483
36.33,3.307495
36.335,3.307503
36.34,3.307506
36.345,3.307507
36.35,3.307505
36.355,3.307503
36.36,3.307501
36.365,3.307499
36.37,3.307499
36.375,3.307499
36.38,3.307499
36.385,3.3075
36.39,3.3075
36.395,3.3075
36.4,3.3075
36.405,3.3075
36.41,3.3075
36.415,3.3075
36.42,3.3075
36.425,3.307503
36.43,3.307546
36.435,3.307644
36.44,3.307769
36.445,3.307886
36.45,3.307973
36.455,3.308045
36.46,3.308142
36.465,3.308258
36.47,3.308382
36.475,3.308534
36.48,3.3087
36.485,3.308867
36.49,3.309049
36.495,3.309229
36.5,3.309377
36.505,3.309488
36.51,3.309604
36.515,3.309731
36.52,3.309883
36.525,3.310065
36.53,3.310247
36.535,3.31041
36.54,3.310582
36.545,3.310792
36.55,3.31103
36.555,3.311287
36.56,3.311548
36.565,3.311776
36.57,3.311983
36.575,3.312175
36.58,3.312335
36.585,3.312449
36.59,3.312514
36.595,3.31254
36.6,3.31254
36.605,3.312551
36.61,3.312618
36.615,3.312726
36.62,3.312842
36.625,3.312939
36.63,3.313002
36.635,3.313033
36.64,3.313043
36.645,3.313083
36.65,3.313172
36.655,3.313286
36.66,3.313393
36.665,3.313472
36.67,3.313519
36.675,3.313536
36.68,3.313534
36.685,3.313522
36.69,3.31351
36.695,3.3135
36.7,3.313495
36.705,3.313493
36.71,3.313494
36.715,3.313497
36.72,3.313499
36.725,3.3135
36.73,3.313501
36.735,3.313501
36.74,3.313498
36.745,3.313456
36.75,3.313358
36.755,3.313233
36.76,3.313116
36.765,3.313029
36.77,3.312968
36.775,3.312886
36.78,3.312777
36.785,3.312664
36.79,3.312558
36.795,3.312429
36.8,3.312264
36.805,3.312055
36.81,3.311836
36.815,3.311651
36.82,3.311524
36.825,3.311443
36.83,3.311354
36.835,3.311249
36.84,3.311142
36.845,3.311013
36.85,3.310858
36.855,3.310706
36.86,3.310583
36.865,3.310493
36.87,3.310393
36.875,3.310275
36.88,3.310159
36.885,3.310066
36.89,3.310004
36.895,3.309974
36.9,3.309967
36.905,3.309974
36.91,3.309986
36.915,3.309996
36.92,3.310003
36.925,3.310006
36.93,3.309991
36.935,3.30992
36.94,3.309804
36.945,3.309677
36.95,3.309571
36.955,3.3095
36.96,3.309466
36.965,3.309459
36.97,3.309468
36.975,3.309482
36.98,3.309495
36.985,3.309504
36.99,3.309507
36.995,3.309507
37,3.309505
37.005,3.309503
37.01,3.3095
37.015,3.309499
37.02,3.309499
37.025,3.309513
37.03,3.309581
37.035,3.309695
37.04,3.309821
37.045,3.309927
37.05,3.309998
37.055,3.310033
37.06,3.310041
37.065,3.310032
37.07,3.310018
37.075,3.310005
37.08,3.310012
37.085,3.310079
37.09,3.310194
37.095,3.310335
37.1,3.310512
37.105,3.310698
37.11,3.310858
37.115,3.310985
37.12,3.311117
37.125,3.311252
37.13,3.311371
37.135,3.311459
37.14,3.31151
37.145,3.31154
37.15,3.311599
37.155,3.311698
37.16,3.311812
37.165,3.311912
37.17,3.311985
37.175,3.312054
37.18,3.312155
37.185,3.312272
37.19,3.312381
37.195,3.312464
37.2,3.312535
37.205,3.312635
37.21,3.312753
37.215,3.312867
37.22,3.312954
37.225,3.313008
37.23,3.313032
37.235,3.313058
37.24,3.31313
37.245,3.313238
37.25,3.313351
37.255,3.313443
37.26,3.313503
37.265,3.313531
37.27,3.313536
37.275,3.313527
37.28,3.313515
37.285,3.313503
37.29,3.313496
37.295,3.313494
37.3,3.313494
37.305,3.313496
37.31,3.313498
37.315,3.3135
37.32,3.313512
37.325,3.313577
37.33,3.313689
37.335,3.313814
37.34,3.313921
37.345,3.313994
37.35,3.314032
37.355,3.314041
37.36,3.314033
37.365,3.314019
37.37,3.314006
37.375,3.313997
37.38,3.313993
37.385,3.313993
37.39,3.313995
37.395,3.313997
37.4,3.313999
37.405,3.314001
37.41,3.314001
37.415,3.314001
37.42,3.314001
37.425,3.314
37.43,3.314
37.435,3.314
37.44,3.314
37.445,3.314
37.45,3.314
37.455,3.313991
37.46,3.313933
37.465,3.313824
37.47,3.313699
37.475,3.313588
37.48,3.313511
37.485,3.313471
37.49,3.313459
37.495,3.313466
37.5,3.31348
37.505,3.313493
37.51,3.313502
37.515,3.313504
37.52,3.313461
37.525,3.313361
37.53,3.313234
37.535,3.313115
37.54,3.313027
37.545,3.312977
37.55,3.312959
37.555,3.312962
37.56,3.312956
37.565,3.312894
37.57,3.312787
37.575,3.312669
37.58,3.312569
37.585,3.312501
37.59,3.312468
37.595,3.312455
37.6,3.312411
37.605,3.312319
37.61,3.312206
37.615,3.312101
37.62,3.312024
37.625,3.31198
37.63,3.311964
37.635,3.311967
37.64,3.311979
37.645,3.311991
37.65,3.312001
37.655,3.312005
37.66,3.312007
37.665,3.312005
37.67,3.312003
37.675,3.312001
37.68,3.312
37.685,3.311999
37.69,3.311999
37.695,3.311999
37.7,3.312
37.705,3.312
37.71,3.311981
37.715,3.311906
37.72,3.311789
37.725,3.311665
37.73,3.311563
37.735,3.311496
37.74,3.311465
37.745,3.31146
37.75,3.311469
37.755,3.311484
37.76,3.311496
37.765,3.311504
37.77,3.311507
37.775,3.311507
37.78,3.311505
37.785,3.311502
37.79,3.3115
37.795,3.311499
37.8,3.311499
37.805,3.311499
37.81,3.311499
37.815,3.3115
37.82,3.3115
37.825,3.3115
37.83,3.3115
37.835,3.3115
37.84,3.3115
37.845,3.3115
37.85,3.3115
37.855,3.3115
37.86,3.3115
37.865,3.3115
37.87,3.3115
37.875,3.3115
37.88,3.3115
37.885,3.3115
37.89,3.3115
37.895,3.3115
37.9,3.3115
37.905,3.3115
37.91,3.3115
37.915,3.311512
37.92,3.311578
37.925,3.311691
37.93,3.311816
37.935,3.311923
37.94,3.311996
37.945,3.312032
37.95,3.312041
37.955,3.312033
37.96,3.312023
37.965,3.312059
37.97,3.312153
37.975,3.312275
37.98,3.312389
37.985,3.312475
37.99,3.312559
37.995,3.312668
38,3.312788
38.005,3.312898
38.01,3.313017
38.015,3.313159
38.02,3.3133
38.025,3.313415
38.03,3.313492
38.035,3.313563
38.04,3.313661
38.045,3.313776
38.05,3.313883
38.055,3.313963
38.06,3.314012
38.065,3.314031
38.07,3.314032
38.075,3.314051
38.08,3.314125
38.085,3.314237
38.09,3.314353
38.095,3.314448
38.1,3.314542
38.105,3.31466
38.11,3.314787
38.115,3.314899
38.12,3.31502
38.125,3.315162
38.13,3.315301
38.135,3.315415
38.14,3.315491
38.145,3.315529
38.15,3.315539
38.155,3.315532
38.16,3.315518
38.165,3.315524
38.17,3.315591
38.175,3.315704
38.18,3.315828
38.185,3.315932
38.19,3.316001
38.195,3.316034
38.2,3.316041
38.205,3.316032
38.21,3.316017
38.215,3.316005
38.22,3.315996
38.225,3.315993
38.23,3.315993
38.235,3.315995
38.24,3.315998
38.245,3.316
38.25,3.316001
38.255,3.316001
38.26,3.316001
38.265,3.316001
38.27,3.316
38.275,3.316
38.28,3.316
38.285,3.316
38.29,3.316
38.295,3.316
38.3,3.316
38.305,3.316
38.31,3.316
38.315,3.316
38.32,3.316
38.325,3.316
38.33,3.316
38.335,3.316
38.34,3.315999
38.345,3.315965
38.35,3.315874
38.355,3.315751
38.36,3.315631
38.365,3.315539
38.37,3.315483
38.375,3.315461
38.38,3.315462
38.385,3.315472
38.39,3.315447
38.395,3.315364
38.4,3.315244
38.405,3.315085
38.41,3.314897
38.415,3.314718
38.42,3.314578
38.425,3.314491
38.43,3.314452
38.435,3.314448
38.44,3.314459
38.445,3.314436
38.45,3.314355
38.455,3.31424
38.46,3.314126
38.465,3.314038
38.47,3.313985
38.475,3.313963
38.48,3.313963
38.485,3.313974
38.49,3.313988
38.495,3.313999
38.5,3.314005
38.505,3.314007
38.51,3.314006
38.515,3.314004
38.52,3.314002
38.525,3.314
38.53,3.313999
38.535,3.313999
38.54,3.313999
38.545,3.313999
38.55,3.314
38.555,3.314
38.56,3.314
38.565,3.314
38.57,3.314
38.575,3.314
38.58,3.314
38.585,3.314
38.59,3.314
38.595,3.314
38.6,3.314
38.605,3.314
38.61,3.314
38.615,3.314
38.62,3.314
38.625,3.314
38.63,3.314
38.635,3.314
38.64,3.314
38.645,3.314
38.65,3.314
38.655,3.314
38.66,3.314
38.665,3.314
38.67,3.314
38.675,3.314
38.68,3.314
38.685,3.314
38.69,3.314
38.695,3.314
38.7,3.314
38.705,3.314
38.71,3.314
38.715,3.314
38.72,3.314
38.725,3.314
38.73,3.314
38.735,3.314
38.74,3.314
38.745,3.314
38.75,3.314
38.755,3.314
38.76,3.314
38.765,3.314
38.77,3.314
38.775,3.314
38.78,3.314
38.785,3.314
38.79,3.314
38.795,3.314
38.8,3.314
38.805,3.314
38.81,3.314
38.815,3.314
38.82,3.31401
38.825,3.314073
38.83,3.314183
38.835,3.314309
38.84,3.314418
38.845,3.314492
38.85,3.314531
38.855,3.314541
38.86,3.314533
38.865,3.31452
38.87,3.314506
38.875,3.314497
38.88,3.314493
38.885,3.314493
38.89,3.314495
38.895,3.314521
38.9,3.314603
38.905,3.314724
38.91,3.314848
38.915,3.314947
38.92,3.315009
38.925,3.315039
38.93,3.315082
38.935,3.315167
38.94,3.315276
38.945,3.315382
38.95,3.315464
38.955,3.315513
38.96,3.315533
38.965,3.315533
38.97,3.315523
38.975,3.315511
38.98,3.315501
38.985,3.315498
38.99,3.31554
38.995,3.315639
39,3.315766
39.005,3.315884
39.01,3.315973
39.015,3.316023
39.02,3.316041
39.025,3.316038
39.03,3.316025
39.035,3.31601
39.04,3.316
39.045,3.315994
39.05,3.315992
39.055,3.315994
39.06,3.315996
39.065,3.315999
39.07,3.316
39.075,3.316001
39.08,3.316001
39.085,3.316001
39.09,3.316001
39.095,3.316
39.1,3.316007
39.105,3.316062
39.11,3.316168
39.115,3.316294
39.12,3.316406
39.125,3.316485
39.13,3.316528
39.135,3.316541
39.14,3.316535
39.145,3.316521
39.15,3.316508
39.155,3.316498
39.16,3.316493
39.165,3.316493
39.17,3.316494
39.175,3.316497
39.18,3.316499
39.185,3.3165
39.19,3.316501
39.195,3.316501
39.2,3.316501
39.205,3.3165
39.21,3.3165
39.215,3.3165
39.22,3.3165
39.225,3.3165
39.23,3.3165
39.235,3.3165
39.24,3.3165
39.245,3.3165
39.25,3.3165
39.255,3.3165
39.26,3.3165
39.265,3.3165
39.27,3.3165
39.275,3.316526
39.28,3.316608
39.285,3.316729
39.29,3.316851
39.295,3.316949
39.3,3.31701
39.305,3.317037
39.31,3.317039
39.315,3.317029
39.32,3.317014
39.325,3.317002
39.33,3.316995
39.335,3.316993
39.34,3.316993
39.345,3.316996
39.35,3.316998
39.355,3.317
39.36,3.317001
39.365,3.317001
39.37,3.317001
39.375,3.317001
39.38,3.317
39.385,3.317
39.39,3.317
39.395,3.317
39.4,3.317
39.405,3.317
39.41,3.317
39.415,3.317
39.42,3.317001
39.425,3.317038
39.43,3.317131
39.435,3.317254
39.44,3.317373
39.445,3.317464
39.45,3.317518
39.455,3.317539
39.46,3.317538
39.465,3.317526
39.47,3.317512
39.475,3.317501
39.48,3.317494
39.485,3.317493
39.49,3.317494
39.495,3.317496
39.5,3.317498
39.505,3.3175
39.51,3.317501
39.515,3.317501
39.52,3.317501
39.525,3.317501
39.53,3.3175
39.535,3.3175
39.54,3.3175
39.545,3.3175
39.55,3.3175
39.555,3.3175
39.56,3.3175
39.565,3.3175
39.57,3.3175
39.575,3.3175
39.58,3.3175
39.585,3.3175
39.59,3.3175
39.595,3.3175
39.6,3.3175
39.605,3.3175
39.61,3.3175
39.615,3.3175
39.62,3.3175
39.625,3.3175
39.63,3.3175
39.635,3.3175
39.64,3.3175
39.645,3.3175
39.65,3.3175
39.655,3.3175
39.66,3.3175
39.665,3.3175
39.67,3.3175
39.675,3.3175
39.68,3.3175
39.685,3.3175
39.69,3.3175
39.695,3.3175
39.7,3.3175
39.705,3.3175
39.71,3.3175
39.715,3.3175
39.72,3.3175
39.725,3.3175
39.73,3.3175
39.735,3.3175
39.74,3.3175
39.745,3.3175
39.75,3.3175
39.755,3.3175
39.76,3.3175
39.765,3.3175
39.77,3.3175
39.775,3.3175
39.78,3.3175
39.785,3.3175
39.79,3.3175
39.795,3.3175
39.8,3.318
39.805,3.318
39.81,3.318
39.815,3.318
39.82,3.318
39.825,3.318
39.83,3.318
39.835,3.318
39.84,3.318
39.845,3.318
39.85,3.318
39.855,3.318
39.86,3.318
39.865,3.318
39.87,3.318
39.875,3.318
39.88,3.318
39.885,3.318
39.89,3.318
39.895,3.318
39.9,3.318
39.905,3.318
39.91,3.318
39.915,3.318
39.92,3.318
39.925,3.318
39.93,3.318
39.935,3.318
39.94,3.318
39.945,3.318
39.95,3.318
39.955,3.318
39.96,3.318
39.965,3.318
39.97,3.318
39.975,3.318
39.98,3.318
39.985,3.318
39.99,3.318
39.995,3.318
40,3.318
40.005,3.318
40.01,3.318
40.015,3.318
40.02,3.318
40.025,3.318
40.03,3.318
40.035,3.318
40.04,3.318
40.045,3.318
40.05,3.318
40.055,3.318
40.06,3.318
40.065,3.318
40.07,3.318
40.075,3.318
40.08,3.318
40.085,3.318
40.09,3.318
40.095,3.318
40.1,3.318
40.105,3.318
40.11,3.318
40.115,3.318
40.12,3.318
40.125,3.318
40.13,3.318
40.135,3.318
40.14,3.318
40.145,3.318018
40.15,3.318092
40.155,3.318208
40.16,3.318333
40.165,3.318435
40.17,3.318516
40.175,3.318615
40.18,3.318734
40.185,3.318849
40.19,3.318942
40.195,3.319021
40.2,3.319126
40.205,3.319249
40.21,3.319378
40.215,3.319534
40.22,3.319702
40.225,3.319851
40.23,3.319959
40.235,3.320021
40.24,3.320044
40.245,3.320042
40.25,3.320034
40.255,3.320071
40.26,3.320163
40.265,3.320282
40.27,3.320394
40.275,3.320476
40.28,3.320524
40.285,3.320574
40.29,3.320662
40.295,3.320772
40.3,3.320878
40.305,3.320961
40.31,3.321011
40.315,3.321032
40.32,3.321033
40.325,3.321023
40.33,3.321011
40.335,3.321001
40.34,3.320996
40.345,3.320994
40.35,3.320995
40.355,3.320996
40.36,3.320998
40.365,3.321
40.37,3.321001
40.375,3.321001
40.38,3.321001
40.385,3.321
40.39,3.321
40.395,3.321
40.4,3.321
40.405,3.321
40.41,3.321
40.415,3.321
40.42,3.321
40.425,3.321
40.43,3.321
40.435,3.320998
40.44,3.320958
40.445,3.320863
40.45,3.320738
40.455,3.32062
40.46,3.320532
40.465,3.320474
40.47,3.3204
40.475,3.320296
40.48,3.320183
40.485,3.320085
40.49,3.320016
40.495,3.319962
40.5,3.319879
40.505,3.319765
40.51,3.319607
40.515,3.319415
40.52,3.319229
40.525,3.319083
40.53,3.318992
40.535,3.318951
40.54,3.318945
40.545,3.31896
40.55,3.318979
40.555,3.318996
40.56,3.319007
40.565,3.318993
40.57,3.31892
40.575,3.318801
40.58,3.318673
40.585,3.318567
40.59,3.318497
40.595,3.318464
40.6,3.318458
40.605,3.318468
40.61,3.318483
40.615,3.318496
40.62,3.318484
40.625,3.318412
40.63,3.318294
40.635,3.318168
40.64,3.318064
40.645,3.317996
40.65,3.317964
40.655,3.317959
40.66,3.317969
40.665,3.317983
40.67,3.317996
40.675,3.318004
40.68,3.318007
40.685,3.318007
40.69,3.318005
40.695,3.318002
40.7,3.318
40.705,3.317999
40.71,3.317999
40.715,3.317999
40.72,3.317999
40.725,3.318
40.73,3.318
40.735,3.318
40.74,3.318
40.745,3.318
40.75,3.318
40.755,3.318
40.76,3.318
40.765,3.318
40.77,3.318
40.775,3.318
40.78,3.318
40.785,3.318
40.79,3.318
40.795,3.318
40.8,3.318
40.805,3.318
40.81,3.318
40.815,3.318
40.82,3.318
40.825,3.318028
40.83,3.318113
40.835,3.318234
40.84,3.318356
40.845,3.318452
40.85,3.318512
40.855,3.318544
40.86,3.3186
40.865,3.318694
40.87,3.318806
40.875,3.318929
40.88,3.319081
40.885,3.319241
40.89,3.319378
40.895,3.319479
40.9,3.319578
40.905,3.319696
40.91,3.319816
40.915,3.319916
40.92,3.319985
40.925,3.320026
40.93,3.320084
40.935,3.32018
40.94,3.320295
40.945,3.320432
40.95,3.320598
40.955,3.320765
40.96,3.320901
40.965,3.321001
40.97,3.321107
40.975,3.321228
40.98,3.32137
40.985,3.321546
40.99,3.321731
40.995,3.321933
41,3.32214
41.005,3.322319
41.01,3.322449
41.015,3.322527
41.02,3.322602
41.025,3.322701
41.03,3.322809
41.035,3.322906
41.04,3.322976
41.045,3.323046
41.05,3.323147
41.055,3.323267
41.06,3.323378
41.065,3.323463
41.07,3.323513
41.075,3.323533
41.08,3.323533
41.085,3.323523
41.09,3.323511
41.095,3.323501
41.1,3.323495
41.105,3.323493
41.11,3.323494
41.115,3.323496
41.12,3.323499
41.125,3.3235
41.13,3.323501
41.135,3.323501
41.14,3.323501
41.145,3.3235
41.15,3.3235
41.155,3.3235
41.16,3.323482
41.165,3.323408
41.17,3.323292
41.175,3.323167
41.18,3.323064
41.185,3.322975
41.19,3.322859
41.195,3.322688
41.2,3.322473
41.205,3.322263
41.21,3.322076
41.215,3.321893
41.22,3.321727
41.225,3.321597
41.23,3.321492
41.235,3.321372
41.24,3.321221
41.245,3.321025
41.25,3.320787
41.255,3.320524
41.26,3.320271
41.265,3.320025
41.27,3.319791
41.275,3.319552
41.28,3.319327
41.285,3.319138
41.29,3.318959
41.295,3.318789
41.3,3.318645
41.305,3.318536
41.31,3.318423
41.315,3.318294
41.32,3.318169
41.325,3.31807
41.33,3.318005
41.335,3.317973
41.34,3.317966
41.345,3.317973
41.35,3.317985
41.355,3.317996
41.36,3.318003
41.365,3.318006
41.37,3.318006
41.375,3.318004
41.38,3.318002
41.385,3.318
41.39,3.317999
41.395,3.317999
41.4,3.317999
41.405,3.317999
41.41,3.318
41.415,3.318
41.42,3.318
41.425,3.318
41.43,3.318
41.435,3.318
41.44,3.318
41.445,3.318
41.45,3.318
41.455,3.318004
41.46,3.318051
41.465,3.318152
41.47,3.318277
41.475,3.318394
41.48,3.318518
41.485,3.318661
41.49,3.318808
41.495,3.318976
41.5,3.319162
41.505,3.319373
41.51,3.319597
41.515,3.319795
41.52,3.31994
41.525,3.320059
41.53,3.320182
41.535,3.320312
41.54,3.320473
41.545,3.320686
41.55,3.320942
41.555,3.321214
41.56,3.321496
41.565,3.321794
41.57,3.322094
41.575,3.322397
41.58,3.322675
41.585,3.322938
41.59,3.323174
41.595,3.32338
41.6,3.32358
41.605,3.32376
41.61,3.323899
41.615,3.323989
41.62,3.324054
41.625,3.324141
41.63,3.324251
41.635,3.324359
41.64,3.324446
41.645,3.324529
41.65,3.32464
41.655,3.324766
41.66,3.32488
41.665,3.324965
41.67,3.325015
41.675,3.325034
41.68,3.325033
41.685,3.325023
41.69,3.32501
41.695,3.325
41.7,3.324995
41.705,3.324993
41.71,3.324994
41.715,3.324997
41.72,3.324998
41.725,3.324972
41.73,3.324888
41.735,3.324767
41.74,3.324645
41.745,3.324548
41.75,3.324454
41.755,3.324339
41.76,3.324214
41.765,3.324078
41.77,3.323905
41.775,3.323676
41.78,3.323427
41.785,3.323207
41.79,3.323049
41.795,3.322927
41.8,3.322806
41.805,3.32268
41.81,3.322521
41.815,3.322316
41.82,3.322068
41.825,3.321791
41.83,3.321477
41.835,3.321132
41.84,3.320768
41.845,3.32043
41.85,3.320132
41.855,3.319873
41.86,3.31966
41.865,3.319463
41.87,3.319282
41.875,3.319127
41.88,3.31897
41.885,3.318808
41.89,3.318663
41.895,3.318543
41.9,3.318413
41.905,3.318272
41.91,3.318145
41.915,3.31805
41.92,3.317991
41.925,3.317967
41.93,3.317965
41.935,3.317975
41.94,3.317988
41.945,3.317999
41.95,3.318005
41.955,3.318007
41.96,3.318006
41.965,3.318004
41.97,3.318002
41.975,3.318
41.98,3.317999
41.985,3.317999
41.99,3.317999
41.995,3.317999
42,3.318
42.005,3.318
42.01,3.318
42.015,3.318
42.02,3.318
42.025,3.318
42.03,3.318
42.035,3.318
42.04,3.318
42.045,3.318005
42.05,3.318057
42.055,3.318161
42.06,3.3183
42.065,3.31848
42.07,3.318681
42.075,3.318905
42.08,3.319131
42.085,3.319333
42.09,3.319528
42.095,3.319711
42.1,3.31987
42.105,3.32003
42.11,3.320214
42.115,3.320437
42.12,3.320701
42.125,3.321012
42.13,3.321352
42.135,3.321704
42.14,3.32208
42.145,3.322446
42.15,3.322775
42.155,3.323069
42.16,3.323344
42.165,3.323601
42.17,3.323851
42.175,3.324092
42.18,3.324311
42.185,3.324529
42.19,3.324771
42.195,3.325027
42.2,3.325254
42.205,3.325426
42.21,3.325571
42.215,3.325711
42.22,3.325837
42.225,3.325933
42.23,3.325995
42.235,3.326042
42.24,3.326122
42.245,3.326232
42.25,3.326346
42.255,3.326438
42.26,3.326499
42.265,3.326529
42.27,3.326535
42.275,3.326527
42.28,3.326515
42.285,3.326504
42.29,3.326497
42.295,3.326494
42.3,3.326494
42.305,3.326496
42.31,3.326498
42.315,3.3265
42.32,3.3265
42.325,3.326472
42.33,3.326386
42.335,3.326264
42.34,3.326126
42.345,3.325954
42.35,3.325729
42.355,3.325475
42.36,3.325213
42.365,3.324954
42.37,3.324731
42.375,3.324567
42.38,3.324433
42.385,3.324297
42.39,3.324131
42.395,3.32392
42.4,3.323657
42.405,3.323341
42.41,3.323005
42.415,3.322653
42.42,3.322281
42.425,3.321899
42.43,3.321528
42.435,3.321175
42.44,3.320834
42.445,3.320513
42.45,3.320242
42.455,3.320002
42.46,3.319795
42.465,3.319633
42.47,3.319499
42.475,3.319359
42.48,3.319222
42.485,3.319105
42.49,3.318988
42.495,3.318851
42.5,3.318712
42.505,3.318596
42.51,3.318517
42.515,3.318475
42.52,3.318462
42.525,3.318468
42.53,3.318481
42.535,3.318477
42.54,3.318415
42.545,3.318303
42.55,3.318179
42.555,3.318073
42.56,3.318002
42.565,3.317967
42.57,3.317959
42.575,3.317967
42.58,3.317982
42.585,3.317995
42.59,3.318003
42.595,3.318007
42.6,3.318007
42.605,3.318005
42.61,3.318003
42.615,3.318018
42.62,3.318089
42.625,3.318205
42.63,3.318329
42.635,3.318433
42.64,3.318519
42.645,3.318626
42.65,3.318755
42.655,3.318924
42.66,3.319128
42.665,3.31937
42.67,3.319616
42.675,3.319835
42.68,3.320043
42.685,3.320245
42.69,3.320461
42.695,3.32068
42.7,3.320921
42.705,3.32121
42.71,3.321562
42.715,3.321991
42.72,3.322477
42.725,3.322965
42.73,3.323421
42.735,3.323833
42.74,3.324198
42.745,3.324518
42.75,3.32479
42.755,3.325035
42.76,3.325246
42.765,3.325443
42.77,3.325637
42.775,3.32582
42.78,3.326014
42.785,3.326229
42.79,3.32647
42.795,3.326726
42.8,3.326992
42.805,3.32723
42.81,3.327408
42.815,3.327515
42.82,3.327567
42.825,3.327623
42.83,3.327709
42.835,3.327811
42.84,3.327904
42.845,3.327974
42.85,3.328026
42.855,3.328108
42.86,3.328219
42.865,3.328335
42.87,3.328431
42.875,3.328486
42.88,3.328463
42.885,3.328366
42.89,3.328235
42.895,3.328111
42.9,3.328021
42.905,3.327971
42.91,3.327954
42.915,3.327959
42.92,3.327974
42.925,3.327982
42.93,3.327937
42.935,3.327835
42.94,3.327675
42.945,3.327461
42.95,3.327197
42.955,3.326923
42.96,3.326692
42.965,3.326523
42.97,3.326376
42.975,3.326224
42.98,3.326032
42.985,3.325777
42.99,3.325458
42.995,3.325098
43,3.324703
43.005,3.324283
43.01,3.323846
43.015,3.323392
43.02,3.322933
43.025,3.322495
43.03,3.322079
43.035,3.321686
43.04,3.321327
43.045,3.321002
43.05,3.320704
43.055,3.320432
43.06,3.320205
43.065,3.32
43.07,3.319811
43.075,3.319655
43.08,3.319535
43.085,3.319411
43.09,3.319277
43.095,3.319153
43.1,3.319029
43.105,3.318885
43.11,3.318736
43.115,3.318611
43.12,3.318523
43.125,3.318475
43.13,3.31846
43.135,3.318453
43.14,3.318402
43.145,3.318304
43.15,3.318188
43.155,3.318086
43.16,3.318013
43.165,3.317974
43.17,3.317963
43.175,3.317968
43.18,3.317981
43.185,3.317993
43.19,3.318002
43.195,3.318006
43.2,3.318008
43.205,3.318043
43.21,3.318133
43.215,3.318255
43.22,3.318373
43.225,3.318481
43.23,3.318609
43.235,3.318755
43.24,3.318938
43.245,3.319152
43.25,3.3194
43.255,3.319646
43.26,3.319864
43.265,3.320075
43.27,3.320305
43.275,3.320563
43.28,3.320856
43.285,3.321194
43.29,3.321611
43.295,3.322111
43.3,3.322675
43.305,3.323266
43.31,3.323831
43.315,3.32433
43.32,3.324734
43.325,3.325057
43.33,3.325314
43.335,3.325543
43.34,3.325743
43.345,3.325939
43.35,3.326136
43.355,3.326332
43.36,3.326541
43.365,3.326745
43.37,3.326958
43.375,3.327168
43.38,3.327383
43.385,3.327607
43.39,3.327851
43.395,3.3281
43.4,3.328356
43.405,3.328604
43.41,3.32881
43.415,3.328954
43.42,3.329033
43.425,3.329086
43.43,3.329163
43.435,3.329263
43.44,3.329364
43.445,3.329446
43.45,3.329501
43.455,3.329559
43.46,3.329654
43.465,3.32977
43.47,3.329879
43.475,3.329963
43.48,3.330013
43.485,3.330033
43.49,3.330028
43.495,3.329968
43.5,3.329852
43.505,3.329717
43.51,3.329597
43.515,3.329513
43.52,3.329469
43.525,3.329451
43.53,3.329409
43.535,3.329321
43.54,3.329179
43.545,3.328975
43.55,3.32871
43.555,3.328432
43.56,3.328195
43.565,3.328007
43.57,3.327839
43.575,3.32768
43.58,3.32749
43.585,3.327242
43.59,3.326951
43.595,3.326613
43.6,3.326232
43.605,3.325807
43.61,3.325326
43.615,3.324816
43.62,3.324296
43.625,3.323799
43.63,3.323357
43.635,3.322968
43.64,3.322617
43.645,3.3223
43.65,3.322005
43.655,3.321716
43.66,3.321421
43.665,3.32111
43.67,3.320777
43.675,3.320447
43.68,3.320125
43.685,3.319841
43.69,3.319614
43.695,3.319414
43.7,3.319241
43.705,3.319108
43.71,3.31901
43.715,3.318903
43.72,3.31878
43.725,3.31866
43.73,3.318564
43.735,3.318502
43.74,3.318473
43.745,3.318466
43.75,3.318474
43.755,3.318486
43.76,3.318496
43.765,3.318503
43.77,3.318506
43.775,3.318509
43.78,3.318552
43.785,3.318649
43.79,3.318772
43.795,3.318887
43.8,3.318974
43.805,3.319058
43.81,3.31917
43.815,3.319331
43.82,3.319552
43.825,3.319827
43.83,3.320124
43.835,3.32043
43.84,3.320734
43.845,3.321029
43.85,3.321327
43.855,3.321672
43.86,3.322111
43.865,3.322662
43.87,3.323298
43.875,3.323962
43.88,3.324591
43.885,3.325146
43.89,3.325595
43.895,3.325953
43.9,3.326231
43.905,3.32647
43.91,3.326683
43.915,3.326894
43.92,3.327107
43.925,3.327327
43.93,3.327556
43.935,3.327786
43.94,3.328022
43.945,3.328251
43.95,3.328484
43.955,3.328711
43.96,3.328945
43.965,3.329188
43.97,3.329447
43.975,3.329706
43.98,3.329968
43.985,3.330226
43.99,3.330486
43.995,3.330739
44,3.330992
44.005,3.331227
44.01,3.331458
44.015,3.331674
44.02,3.331849
44.025,3.331968
44.03,3.332031
44.035,3.332051
44.04,3.332059
44.045,3.332111
44.05,3.332208
44.055,3.33232
44.06,3.332419
44.065,3.332489
44.07,3.332526
44.075,3.332536
44.08,3.332531
44.085,3.332519
44.09,3.332506
44.095,3.332498
44.1,3.332494
44.105,3.332468
44.11,3.332387
44.115,3.332269
44.12,3.332141
44.125,3.331986
44.13,3.33178
44.135,3.331501
44.14,3.331173
44.145,3.330863
44.15,3.330616
44.155,3.330407
44.16,3.330193
44.165,3.329951
44.17,3.329651
44.175,3.329289
44.18,3.328863
44.185,3.328389
44.19,3.327885
44.195,3.327376
44.2,3.326886
44.205,3.32642
44.21,3.32599
44.215,3.325582
44.22,3.325186
44.225,3.324796
44.23,3.324403
44.235,3.324004
44.24,3.323617
44.245,3.323253
44.25,3.322899
44.255,3.322544
44.26,3.32217
44.265,3.321774
44.27,3.321363
44.275,3.32098
44.28,3.320634
44.285,3.320342
44.29,3.320111
44.295,3.31991
44.3,3.319737
44.305,3.319598
44.31,3.319456
44.315,3.319307
44.32,3.319169
44.325,3.319063
44.33,3.318997
44.335,3.318967
44.34,3.318963
44.345,3.318972
44.35,3.318986
44.355,3.318998
44.36,3.319005
44.365,3.319007
44.37,3.319007
44.375,3.319004
44.38,3.319007
44.385,3.319054
44.39,3.319156
44.395,3.319281
44.4,3.319405
44.405,3.319551
44.41,3.319735
44.415,3.319978
44.42,3.320277
44.425,3.320584
44.43,3.320887
44.435,3.321186
44.44,3.3215
44.445,3.321857
44.45,3.322299
44.455,3.322856
44.46,3.323515
44.465,3.324226
44.47,3.324918
44.475,3.325546
44.48,3.326077
44.485,3.326506
44.49,3.32685
44.495,3.327139
44.5,3.32741
44.505,3.327674
44.51,3.327943
44.515,3.328211
44.52,3.328481
44.525,3.328747
44.53,3.32901
44.535,3.329271
44.54,3.329529
44.545,3.329768
44.55,3.33
44.555,3.330217
44.56,3.330434
44.565,3.330646
44.57,3.330848
44.575,3.331054
44.58,3.331257
44.585,3.331472
44.59,3.331692
44.595,3.331927
44.6,3.332167
44.605,3.332419
44.61,3.332671
44.615,3.33293
44.62,3.333171
44.625,3.333361
44.63,3.333485
44.635,3.333546
44.64,3.333561
44.645,3.333549
44.65,3.333552
44.655,3.333614
44.66,3.33372
44.665,3.333837
44.67,3.333936
44.675,3.334001
44.68,3.334033
44.685,3.334029
44.69,3.333959
44.695,3.333836
44.7,3.333698
44.705,3.333581
44.71,3.333502
44.715,3.333463
44.72,3.333431
44.725,3.33335
44.73,3.333184
44.735,3.332928
44.74,3.332619
44.745,3.332326
44.75,3.332066
44.755,3.331832
44.76,3.331602
44.765,3.33135
44.77,3.331058
44.775,3.330704
44.78,3.330291
44.785,3.329827
44.79,3.329324
44.795,3.3288
44.8,3.328268
44.805,3.327746
44.81,3.327252
44.815,3.326794
44.82,3.32637
44.825,3.325981
44.83,3.32561
44.835,3.325235
44.84,3.324848
44.845,3.324472
44.85,3.324118
44.855,3.323797
44.86,3.323495
44.865,3.323189
44.87,3.322864
44.875,3.322511
44.88,3.32212
44.885,3.321713
44.89,3.321316
44.895,3.32096
44.9,3.320653
44.905,3.320389
44.91,3.320182
44.915,3.320044
44.92,3.319971
44.925,3.319947
44.93,3.319953
44.935,3.319971
44.94,3.31999
44.945,3.320004
44.95,3.32001
44.955,3.320011
44.96,3.320008
44.965,3.320005
44.97,3.320001
44.975,3.319999
44.98,3.319998
44.985,3.319999
44.99,3.320025
44.995,3.320108
45,3.320238
45.005,3.320422
45.01,3.320667
45.015,3.320976
45.02,3.321324
45.025,3.321677
45.03,3.322035
45.035,3.322419
45.04,3.322861
45.045,3.323406
45.05,3.324057
45.055,3.32478
45.06,3.325501
45.065,3.32616
45.07,3.326729
45.075,3.327214
45.08,3.327616
45.085,3.327958
45.09,3.328264
45.095,3.328561
45.1,3.328865
45.105,3.329178
45.11,3.329486
45.115,3.32977
45.12,3.330035
45.125,3.330275
45.13,3.330508
45.135,3.330721
45.14,3.330932
45.145,3.331138
45.15,3.331324
45.155,3.331512
45.16,3.331701
45.165,3.331908
45.17,3.332125
45.175,3.332359
45.18,3.332596
45.185,3.332835
45.19,3.333074
45.195,3.333313
45.2,3.333553
45.205,3.333771
45.21,3.333984
45.215,3.334184
45.22,3.334349
45.225,3.334463
45.23,3.334526
45.235,3.334547
45.24,3.334542
45.245,3.334533
45.25,3.33457
45.255,3.334664
45.26,3.334783
45.265,3.334895
45.27,3.334977
45.275,3.335023
45.28,3.335039
45.285,3.335036
45.29,3.335023
45.295,3.335009
45.3,3.334999
45.305,3.334994
45.31,3.334979
45.315,3.334912
45.32,3.334797
45.325,3.334626
45.33,3.334408
45.335,3.334148
45.34,3.333863
45.345,3.333567
45.35,3.3333
45.355,3.333065
45.36,3.332847
45.365,3.332621
45.37,3.33238
45.375,3.33211
45.38,3.331794
45.385,3.33141
45.39,3.330959
45.395,3.33046
45.4,3.329938
45.405,3.329416
45.41,3.328905
45.415,3.328419
45.42,3.327959
45.425,3.327524
45.43,3.32712
45.435,3.326747
45.44,3.32641
45.445,3.326087
45.45,3.325752
45.455,3.325406
45.46,3.325057
45.465,3.324708
45.47,3.324366
45.475,3.324033
45.48,3.323697
45.485,3.323345
45.49,3.322962
45.495,3.322573
45.5,3.322194
45.505,3.321865
45.51,3.321624
45.515,3.321466
45.52,3.321336
45.525,3.321218
45.53,3.321118
45.535,3.321044
45.54,3.320999
45.545,3.320979
45.55,3.320977
45.555,3.320983
45.56,3.320994
45.565,3.321036
45.57,3.321129
45.575,3.321251
45.58,3.321369
45.585,3.32146
45.59,3.321516
45.595,3.321567
45.6,3.321657
45.605,3.32182
45.61,3.322074
45.615,3.322408
45.62,3.322783
45.625,3.323152
45.63,3.323512
45.635,3.323883
45.64,3.324306
45.645,3.324806
45.65,3.325384
45.655,3.326014
45.66,3.326657
45.665,3.327271
45.67,3.327838
45.675,3.328338
45.68,3.328775
45.685,3.329174
45.69,3.329534
45.695,3.329866
45.7,3.330161
45.705,3.330435
45.71,3.330681
45.715,3.330914
45.72,3.331135
45.725,3.331343
45.73,3.331554
45.735,3.331752
45.74,3.33195
45.745,3.33215
45.75,3.332359
45.755,3.332579
45.76,3.332793
45.765,3.333015
45.77,3.333231
45.775,3.333457
45.78,3.333681
45.785,3.333914
45.79,3.33415
45.795,3.3344
45.8,3.334655
45.805,3.334919
45.81,3.335176
45.815,3.335436
45.82,3.335675
45.825,3.335863
45.83,3.335985
45.835,3.336045
45.84,3.33606
45.845,3.336069
45.85,3.336125
45.855,3.336223
45.86,3.336334
45.865,3.336429
45.87,3.336495
45.875,3.336528
45.88,3.336536
45.885,3.336529
45.89,3.336517
45.895,3.336505
45.9,3.336497
45.905,3.336469
45.91,3.336387
45.915,3.336269
45.92,3.336122
45.925,3.335933
45.93,3.33569
45.935,3.335397
45.94,3.335081
45.945,3.334795
45.95,3.334541
45.955,3.334296
45.96,3.334032
45.965,3.333732
45.97,3.333381
45.975,3.332973
45.98,3.332515
45.985,3.332018
45.99,3.331494
45.995,3.330956
46,3.330422
46.005,3.32991
46.01,3.329441
46.015,3.328996
46.02,3.328571
46.025,3.328171
46.03,3.3278
46.035,3.327445
46.04,3.327095
46.045,3.326747
46.05,3.326403
46.055,3.326066
46.06,3.325739
46.065,3.325418
46.07,3.325095
46.075,3.32476
46.08,3.32441
46.085,3.324049
46.09,3.323678
46.095,3.323299
46.1,3.322921
46.105,3.322563
46.11,3.322268
46.115,3.322064
46.12,3.321953
46.125,3.321916
46.13,3.321924
46.135,3.321942
46.14,3.321908
46.145,3.321818
46.15,3.321704
46.155,3.321597
46.16,3.321531
46.165,3.321552
46.17,3.32165
46.175,3.321779
46.18,3.3219
46.185,3.321986
46.19,3.322033
46.195,3.322075
46.2,3.322159
46.205,3.322327
46.21,3.322594
46.215,3.322934
46.22,3.323309
46.225,3.323691
46.23,3.324093
46.235,3.324543
46.24,3.325057
46.245,3.325642
46.25,3.326281
46.255,3.326951
46.26,3.327613
46.265,3.328239
46.27,3.32881
46.275,3.32931
46.28,3.329739
46.285,3.330108
46.29,3.330443
46.295,3.330766
46.3,3.331072
46.305,3.331368
46.31,3.331643
46.315,3.331908
46.32,3.332163
46.325,3.332421
46.33,3.332663
46.335,3.332896
46.34,3.333119
46.345,3.333329
46.35,3.333542
46.355,3.333755
46.36,3.333981
46.365,3.334216
46.37,3.334465
46.375,3.334719
46.38,3.334981
46.385,3.335246
46.39,3.335514
46.395,3.335785
46.4,3.336051
46.405,3.336307
46.41,3.336556
46.415,3.336769
46.42,3.336924
46.425,3.337016
46.43,3.337053
46.435,3.337054
46.44,3.337038
46.445,3.337025
46.45,3.337066
46.455,3.337165
46.46,3.337288
46.465,3.3374
46.47,3.337482
46.475,3.337527
46.48,3.337541
46.485,3.337536
46.49,3.337522
46.495,3.337509
46.5,3.337499
46.505,3.337472
46.51,3.337393
46.515,3.337276
46.52,3.337142
46.525,3.336974
46.53,3.336757
46.535,3.33648
46.54,3.336162
46.545,3.335859
46.55,3.335586
46.555,3.335316
46.56,3.335014
46.565,3.33467
46.57,3.334266
46.575,3.333795
46.58,3.333263
46.585,3.332693
46.59,3.332112
46.595,3.331536
46.6,3.330984
46.605,3.330469
46.61,3.329995
46.615,3.329569
46.62,3.329187
46.625,3.328842
46.63,3.328518
46.635,3.328195
46.64,3.327867
46.645,3.327542
46.65,3.32722
46.655,3.326909
46.66,3.326606
46.665,3.326316
46.67,3.326035
46.675,3.32576
46.68,3.325487
46.685,3.325208
46.69,3.324913
46.695,3.324603
46.7,3.324292
46.705,3.323992
46.71,3.323717
46.715,3.32346
46.72,3.323242
46.725,3.323084
46.73,3.322989
46.735,3.32295
46.74,3.322947
46.745,3.322962
46.75,3.322983
46.755,3.322999
46.76,3.323008
46.765,3.323011
46.77,3.32301
46.775,3.323006
46.78,3.323002
46.785,3.323
46.79,3.323
46.795,3.323033
46.8,3.323125
46.805,3.32326
46.81,3.323447
46.815,3.323693
46.82,3.324006
46.825,3.324356
46.83,3.324719
46.835,3.325092
46.84,3.325461
46.845,3.325851
46.85,3.326291
46.855,3.326803
46.86,3.327379
46.865,3.327994
46.87,3.328607
46.875,3.329183
46.88,3.329705
46.885,3.330171
46.89,3.330577
46.895,3.330932
46.9,3.331247
46.905,3.331539
46.91,3.331829
46.915,3.332136
46.92,3.33245
46.925,3.332758
46.93,3.333047
46.935,3.333313
46.94,3.333563
46.945,3.333796
46.95,3.334029
46.955,3.334274
46.96,3.334528
46.965,3.334776
46.97,3.335023
46.975,3.335257
46.98,3.335491
46.985,3.335723
46.99,3.335964
46.995,3.336208
47,3.336463
47.005,3.336698
47.01,3.336914
47.015,3.337121
47.02,3.337299
47.025,3.33743
47.03,3.337508
47.035,3.337542
47.04,3.337544
47.045,3.337532
47.05,3.337515
47.055,3.337501
47.06,3.337497
47.065,3.33754
47.07,3.337641
47.075,3.337769
47.08,3.337867
47.085,3.337881
47.09,3.337816
47.095,3.33771
47.1,3.337604
47.105,3.337523
47.11,3.337477
47.115,3.33746
47.12,3.337448
47.125,3.33739
47.13,3.337245
47.135,3.336989
47.14,3.336664
47.145,3.336352
47.15,3.336086
47.155,3.335855
47.16,3.335627
47.165,3.335356
47.17,3.335018
47.175,3.334601
47.18,3.334112
47.185,3.333565
47.19,3.332993
47.195,3.332418
47.2,3.331862
47.205,3.331334
47.21,3.330838
47.215,3.330384
47.22,3.329989
47.225,3.329644
47.23,3.329333
47.235,3.329037
47.24,3.328741
47.245,3.328449
47.25,3.328159
47.255,3.327879
47.26,3.327601
47.265,3.327335
47.27,3.32707
47.275,3.326809
47.28,3.326546
47.285,3.326289
47.29,3.326031
47.295,3.325779
47.3,3.325523
47.305,3.325278
47.31,3.325032
47.315,3.324803
47.32,3.32458
47.325,3.324365
47.33,3.324183
47.335,3.324053
47.34,3.32398
47.345,3.323952
47.35,3.323953
47.355,3.323969
47.36,3.323987
47.365,3.324001
47.37,3.324008
47.375,3.32401
47.38,3.324008
47.385,3.324007
47.39,3.324044
47.395,3.324137
47.4,3.324262
47.405,3.324416
47.41,3.324606
47.415,3.32484
47.42,3.325123
47.425,3.325436
47.43,3.325769
47.435,3.326109
47.44,3.32645
47.445,3.326808
47.45,3.327213
47.455,3.327684
47.46,3.32822
47.465,3.328797
47.47,3.329385
47.475,3.329945
47.48,3.330461
47.485,3.33093
47.49,3.331352
47.495,3.331732
47.5,3.332071
47.505,3.332384
47.51,3.332677
47.515,3.332961
47.52,3.333247
47.525,3.333538
47.53,3.33384
47.535,3.33415
47.54,3.334458
47.545,3.334757
47.55,3.33504
47.555,3.335297
47.56,3.335539
47.565,3.335753
47.57,3.335956
47.575,3.336155
47.58,3.336364
47.585,3.336582
47.59,3.33681
47.595,3.337048
47.6,3.337297
47.605,3.337549
47.61,3.337782
47.615,3.338009
47.62,3.338215
47.625,3.338378
47.63,3.338484
47.635,3.338537
47.64,3.33855
47.645,3.338546
47.65,3.338578
47.655,3.338665
47.66,3.338779
47.665,3.338889
47.67,3.338971
47.675,3.339019
47.68,3.339037
47.685,3.339035
47.69,3.339023
47.695,3.339004
47.7,3.338941
47.705,3.338831
47.71,3.338704
47.715,3.338592
47.72,3.338488
47.725,3.338358
47.73,3.338174
47.735,3.337932
47.74,3.337644
47.745,3.337363
47.75,3.337111
47.755,3.336871
47.76,3.336619
47.765,3.336344
47.77,3.33602
47.775,3.335644
47.78,3.335207
47.785,3.334723
47.79,3.334197
47.795,3.333644
47.8,3.333078
47.805,3.332519
47.81,3.331988
47.815,3.331516
47.82,3.331097
47.825,3.330713
47.83,3.330368
47.835,3.330052
47.84,3.329772
47.845,3.329512
47.85,3.329271
47.855,3.32903
47.86,3.328788
47.865,3.328535
47.87,3.328282
47.875,3.328024
47.88,3.327764
47.885,3.327501
47.89,3.327241
47.895,3.326981
47.9,3.326723
47.905,3.326466
47.91,3.326242
47.915,3.326046
47.92,3.325859
47.925,3.325697
47.93,3.325563
47.935,3.325422
47.94,3.325275
47.945,3.325144
47.95,3.325047
47.955,3.32499
47.96,3.324966
47.965,3.324965
47.97,3.324975
47.975,3.324989
47.98,3.325
47.985,3.325033
47.99,3.32512
47.995,3.32524
48,3.325361
48.005,3.325489
48.01,3.325643
48.015,3.325841
48.02,3.32609
48.025,3.326382
48.03,3.326703
48.035,3.327031
48.04,3.327361
48.045,3.327703
48.05,3.328077
48.055,3.328502
48.06,3.32899
48.065,3.32952
48.07,3.33006
48.075,3.330586
48.08,3.331071
48.085,3.331507
48.09,3.331907
48.095,3.332285
48.1,3.332638
48.105,3.332965
48.11,3.333268
48.115,3.333551
48.12,3.333827
48.125,3.334107
48.13,3.334402
48.135,3.334709
48.14,3.335015
48.145,3.335317
48.15,3.335598
48.155,3.335858
48.16,3.336101
48.165,3.336319
48.17,3.336534
48.175,3.336731
48.18,3.33691
48.185,3.337094
48.19,3.337274
48.195,3.337472
48.2,3.337671
48.205,3.337859
48.21,3.338052
48.215,3.338236
48.22,3.338383
48.225,3.338482
48.23,3.338532
48.235,3.338546
48.24,3.338539
48.245,3.338522
48.25,3.338507
48.255,3.338518
48.26,3.338592
48.265,3.33871
48.27,3.338836
48.275,3.338939
48.28,3.339006
48.285,3.339037
48.29,3.339041
48.295,3.339019
48.3,3.338938
48.305,3.338813
48.31,3.33868
48.315,3.33857
48.32,3.338497
48.325,3.338449
48.33,3.338373
48.335,3.338258
48.34,3.338086
48.345,3.337864
48.35,3.337601
48.355,3.337343
48.36,3.337123
48.365,3.33692
48.37,3.336735
48.375,3.336543
48.38,3.336309
48.385,3.336016
48.39,3.335648
48.395,3.335212
48.4,3.334712
48.405,3.33417
48.41,3.333615
48.415,3.333067
48.42,3.332561
48.425,3.332112
48.43,3.331715
48.435,3.331367
48.44,3.331052
48.445,3.330773
48.45,3.330511
48.455,3.330282
48.46,3.330074
48.465,3.329874
48.47,3.329685
48.475,3.329485
48.48,3.329287
48.485,3.329079
48.49,3.328867
48.495,3.328648
48.5,3.328424
48.505,3.328225
48.51,3.328075
48.515,3.327949
48.52,3.327819
48.525,3.327693
48.53,3.327589
48.535,3.32751
48.54,3.327413
48.545,3.327293
48.55,3.327171
48.555,3.327071
48.56,3.327005
48.565,3.326972
48.57,3.326965
48.575,3.326972
48.58,3.326984
48.585,3.327002
48.59,3.327065
48.595,3.327175
48.6,3.3273
48.605,3.327411
48.61,3.327488
48.615,3.327545
48.62,3.327628
48.625,3.327763
48.63,3.327984
48.635,3.328281
48.64,3.328627
48.645,3.328974
48.65,3.329288
48.655,3.329566
48.66,3.329803
48.665,3.330034
48.67,3.330295
48.675,3.330605
48.68,3.330968
48.685,3.331372
48.69,3.331813
48.695,3.332266
48.7,3.332705
48.705,3.333124
48.71,3.333518
48.715,3.333884
48.72,3.334214
48.725,3.334518
48.73,3.334811
48.735,3.335095
48.74,3.335382
48.745,3.335655
48.75,3.33592
48.755,3.336163
48.76,3.336386
48.765,3.3366
48.77,3.336786
48.775,3.336934
48.78,3.337081
48.785,3.337228
48.79,3.337363
48.795,3.33751
48.8,3.337671
48.805,3.337827
48.81,3.337998
48.815,3.338176
48.82,3.338334
48.825,3.338449
48.83,3.338517
48.835,3.338544
48.84,3.338543
48.845,3.338529
48.85,3.338513
48.855,3.3385
48.86,3.338493
48.865,3.338491
48.87,3.338493
48.875,3.338495
48.88,3.338498
48.885,3.3385
48.89,3.338501
48.895,3.338501
48.9,3.338501
48.905,3.338501
48.91,3.3385
48.915,3.3385
48.92,3.3385
48.925,3.3385
48.93,3.3385
48.935,3.338493
48.94,3.338438
48.945,3.33833
48.95,3.338168
48.955,3.337943
48.96,3.337663
48.965,3.337383
48.97,3.337156
48.975,3.336991
48.98,3.336848
48.985,3.336707
48.99,3.33653
48.995,3.33629
49,3.335991
49.005,3.335623
49.01,3.335188
49.015,3.334711
49.02,3.334199
49.025,3.333673
49.03,3.333158
49.035,3.332675
49.04,3.332234
49.045,3.331842
49.05,3.3315
49.055,3.331211
49.06,3.330956
49.065,3.330738
49.07,3.330534
49.075,3.330338
49.08,3.330157
49.085,3.329968
49.09,3.329784
49.095,3.329606
49.1,3.329419
49.105,3.329243
49.11,3.329103
49.115,3.329011
49.12,3.328965
49.125,3.328929
49.13,3.328857
49.135,3.328753
49.14,3.328645
49.145,3.328557
49.15,3.328499
49.155,3.328472
49.16,3.328466
49.165,3.328474
49.17,3.328486
49.175,3.328496
49.18,3.328503
49.185,3.328506
49.19,3.328506
49.195,3.328508
49.2,3.328553
49.205,3.328652
49.21,3.328776
49.215,3.328899
49.22,3.329042
49.225,3.329232
49.23,3.329485
49.235,3.329791
49.24,3.330099
49.245,3.330392
49.25,3.330655
49.255,3.330892
49.26,3.331125
49.265,3.33138
49.27,3.331688
49.275,3.33206
49.28,3.332466
49.285,3.332896
49.29,3.33332
49.295,3.333718
49.3,3.33409
49.305,3.334443
49.31,3.334784
49.315,3.335112
49.32,3.335431
49.325,3.335744
49.33,3.336039
49.335,3.336293
49.34,3.336526
49.345,3.336729
49.35,3.336887
49.355,3.337024
49.36,3.337167
49.365,3.337303
49.37,3.337427
49.375,3.33757
49.38,3.337723
49.385,3.337888
49.39,3.338074
49.395,3.338259
49.4,3.338454
49.405,3.338652
49.41,3.338824
49.415,3.33898
49.42,3.339141
49.425,3.339291
49.43,3.339411
49.435,3.339489
49.44,3.339528
49.445,3.339538
49.45,3.339531
49.455,3.339518
49.46,3.339505
49.465,3.339497
49.47,3.339493
49.475,3.339493
49.48,3.339495
49.485,3.339497
49.49,3.339499
49.495,3.339501
49.5,3.339501
49.505,3.339501
49.51,3.339501
49.515,3.3395
49.52,3.3395
49.525,3.3395
49.53,3.3395
49.535,3.3395
49.54,3.3395
49.545,3.339485
49.55,3.339414
49.555,3.339295
49.56,3.339118
49.565,3.33887
49.57,3.338579
49.575,3.338306
49.58,3.338091
49.585,3.337908
49.59,3.337743
49.595,3.337566
49.6,3.337346
49.605,3.337072
49.61,3.336744
49.615,3.336364
49.62,3.335942
49.625,3.335499
49.63,3.335033
49.635,3.334558
49.64,3.33408
49.645,3.33361
49.65,3.33316
49.655,3.332738
49.66,3.332378
49.665,3.332074
49.67,3.331819
49.675,3.331589
49.68,3.331374
49.685,3.331182
49.69,3.330988
49.695,3.330801
49.7,3.330642
49.705,3.33049
49.71,3.330332
49.715,3.330186
49.72,3.330073
49.725,3.330002
49.73,3.329967
49.735,3.32993
49.74,3.329851
49.745,3.329743
49.75,3.329634
49.755,3.329548
49.76,3.329493
49.765,3.329469
49.77,3.329485
49.775,3.329565
49.78,3.329691
49.785,3.329825
49.79,3.329934
49.795,3.330006
49.8,3.330039
49.805,3.330045
49.81,3.330072
49.815,3.330154
49.82,3.330312
49.825,3.330554
49.83,3.330854
49.835,3.331172
49.84,3.331484
49.845,3.331761
49.85,3.332015
49.855,3.332245
49.86,3.332481
49.865,3.332754
49.87,3.333064
49.875,3.333424
49.88,3.333828
49.885,3.334268
49.89,3.334734
49.895,3.335203
49.9,3.335649
49.905,3.336052
49.91,3.33641
49.915,3.336711
49.92,3.336974
49.925,3.337199
49.93,3.337384
49.935,3.337562
49.94,3.33773
49.945,3.337873
49.95,3.338015
49.955,3.338169
49.96,3.338318
49.965,3.338481
49.97,3.338657
49.975,3.338829
49.98,3.339015
49.985,3.339201
49.99,3.339381
49.995,3.339571
50,3.339759
50.005,3.339959
50.01,3.340171
50.015,3.340405
50.02,3.340637
50.025,3.340832
50.03,3.340966
50.035,3.341038
50.04,3.341074
50.045,3.341133
50.05,3.341226
50.055,3.34133
50.06,3.341422
50.065,3.341486
50.07,3.341521
50.075,3.341532
50.08,3.341528
50.085,3.341517
50.09,3.341506
50.095,3.341499
50.1,3.341495
50.105,3.341494
50.11,3.341496
50.115,3.34149
50.12,3.341434
50.125,3.341326
50.13,3.341164
50.135,3.340953
50.14,3.34069
50.145,3.34037
50.15,3.340038
50.155,3.339753
50.16,3.339545
50.165,3.339377
50.17,3.339194
50.175,3.338971
50.18,3.338695
50.185,3.338366
50.19,3.337991
50.195,3.337583
50.2,3.337156
50.205,3.336716
50.21,3.336275
50.215,3.335845
50.22,3.335428
50.225,3.33502
50.23,3.334624
50.235,3.334238
50.24,3.333852
50.245,3.333484
50.25,3.333137
50.255,3.332814
50.26,3.332512
50.265,3.332245
50.27,3.331994
50.275,3.331775
50.28,3.331595
50.285,3.331422
50.29,3.331259
50.295,3.331109
50.3,3.330944
50.305,3.330777
50.31,3.330635
50.315,3.330534
50.32,3.330463
50.325,3.330374
50.33,3.330263
50.335,3.330152
50.34,3.330062
50.345,3.330003
50.35,3.329974
50.355,3.329968
50.36,3.329975
50.365,3.329986
50.37,3.329996
50.375,3.330003
50.38,3.330006
50.385,3.330006
50.39,3.330004
50.395,3.330002
50.4,3.33
50.405,3.329999
50.41,3.330005
50.415,3.330058
50.42,3.330165
50.425,3.330331
50.43,3.330548
50.435,3.330812
50.44,3.331112
50.445,3.331425
50.45,3.331706
50.455,3.331953
50.46,3.332187
50.465,3.332432
50.47,3.332695
50.475,3.333007
50.48,3.333374
50.485,3.333805
50.49,3.334285
50.495,3.334779
50.5,3.335254
50.505,3.335696
50.51,3.336114
50.515,3.336491
50.52,3.336829
50.525,3.337124
50.53,3.337393
50.535,3.337655
50.54,3.337923
50.545,3.33818
50.55,3.338434
50.555,3.338669
50.56,3.338876
50.565,3.339078
50.57,3.339259
50.575,3.339408
50.58,3.339559
50.585,3.339712
50.59,3.339875
50.595,3.340059
50.6,3.340251
50.605,3.340461
50.61,3.340683
50.615,3.340925
50.62,3.34116
50.625,3.341351
50.63,3.341479
50.635,3.341544
50.64,3.341578
50.645,3.341639
50.65,3.341733
50.655,3.341837
50.66,3.341927
50.665,3.34199
50.67,3.342023
50.675,3.342032
50.68,3.342027
50.685,3.342016
50.69,3.342006
50.695,3.341998
50.7,3.341995
50.705,3.341994
50.71,3.341996
50.715,3.341979
50.72,3.341906
50.725,3.341786
50.73,3.341614
50.735,3.341377
50.74,3.341085
50.745,3.340753
50.75,3.340434
50.755,3.340178
50.76,3.340008
50.765,3.339882
50.77,3.339752
50.775,3.339571
50.78,3.339311
50.785,3.338968
50.79,3.338556
50.795,3.338092
50.8,3.337611
50.805,3.337115
50.81,3.336635
50.815,3.336181
50.82,3.335755
50.825,3.335365
50.83,3.334996
50.835,3.334639
50.84,3.334287
50.845,3.333957
50.85,3.333648
50.855,3.33335
50.86,3.333055
50.865,3.332757
50.87,3.33247
50.875,3.332213
50.88,3.331972
50.885,3.331763
50.89,3.331604
50.895,3.331485
50.9,3.331361
50.905,3.331234
50.91,3.331122
50.915,3.33104
50.92,3.330979
50.925,3.330894
50.93,3.330782
50.935,3.330665
50.94,3.330569
50.945,3.330505
50.95,3.330473
50.955,3.330465
50.96,3.330472
50.965,3.330484
50.97,3.330495
50.975,3.330503
50.98,3.330506
50.985,3.330506
50.99,3.330504
50.995,3.330502
51,3.3305
51.005,3.3305
51.01,3.330533
51.015,3.330624
51.02,3.330781
51.025,3.330997
51.03,3.331261
51.035,3.331543
51.04,3.331831
51.045,3.332104
51.05,3.332353
51.055,3.332591
51.06,3.33284
51.065,3.333139
51.07,3.333508
51.075,3.333955
51.08,3.334464
51.085,3.335
51.09,3.335534
51.095,3.336027
51.1,3.336469
51.105,3.336868
51.11,3.337242
51.115,3.337586
51.12,3.337913
51.125,3.338242
51.13,3.338558
51.135,3.338866
51.14,3.339141
51.145,3.33938
51.15,3.339599
51.155,3.339786
51.16,3.339959
51.165,3.340134
51.17,3.340304
51.175,3.340492
51.18,3.340685
51.185,3.340892
51.19,3.341109
51.195,3.341339
51.2,3.341581
51.205,3.341844
51.21,3.342102
51.215,3.342316
51.22,3.342464
51.225,3.342569
51.23,3.342677
51.235,3.342789
51.24,3.342889
51.245,3.342981
51.25,3.343101
51.255,3.343237
51.26,3.343362
51.265,3.343456
51.27,3.343513
51.275,3.343536
51.28,3.343536
51.285,3.343525
51.29,3.343512
51.295,3.343478
51.3,3.343393
51.305,3.343272
51.31,3.34315
51.315,3.343038
51.32,3.342909
51.325,3.342744
51.33,3.342525
51.335,3.342245
51.34,3.341953
51.345,3.341689
51.35,3.341447
51.355,3.341235
51.36,3.341029
51.365,3.34079
51.37,3.340489
51.375,3.340119
51.38,3.33969
51.385,3.339207
51.39,3.3387
51.395,3.338181
51.4,3.337677
51.405,3.337187
51.41,3.336721
51.415,3.336291
51.42,3.335903
51.425,3.335544
51.43,3.3352
51.435,3.334873
51.44,3.33456
51.445,3.334272
51.45,3.333998
51.455,3.333736
51.46,3.333479
51.465,3.333234
51.47,3.332991
51.475,3.33277
51.48,3.332558
51.485,3.332353
51.49,3.332154
51.495,3.331946
51.5,3.331753
51.505,3.331569
51.51,3.331381
51.515,3.331211
51.52,3.331081
51.525,3.331
51.53,3.330962
51.535,3.330956
51.54,3.330963
51.545,3.330931
51.55,3.330843
51.555,3.330726
51.56,3.330614
51.565,3.33053
51.57,3.330481
51.575,3.330462
51.58,3.330464
51.585,3.33048
51.59,3.330542
51.595,3.330654
51.6,3.330785
51.605,3.330901
51.61,3.330984
51.615,3.331054
51.62,3.331152
51.625,3.331302
51.63,3.331515
51.635,3.331785
51.64,3.33207
51.645,3.332349
51.65,3.332611
51.655,3.332861
51.66,3.333132
51.665,3.33345
51.67,3.333844
51.675,3.334311
51.68,3.334836
51.685,3.335373
51.69,3.335892
51.695,3.336368
51.7,3.336797
51.705,3.33719
51.71,3.337578
51.715,3.337961
51.72,3.338342
51.725,3.338723
51.73,3.339081
51.735,3.339414
51.74,3.339713
51.745,3.33999
51.75,3.340236
51.755,3.340473
51.76,3.340694
51.765,3.340914
51.77,3.341135
51.775,3.341371
51.78,3.341607
51.785,3.341839
51.79,3.342071
51.795,3.342313
51.8,3.342565
51.805,3.342836
51.81,3.3431
51.815,3.343317
51.82,3.343465
51.825,3.343545
51.83,3.343603
51.835,3.343684
51.84,3.343784
51.845,3.343881
51.85,3.343957
51.855,3.344005
51.86,3.344026
51.865,3.344029
51.87,3.344021
51.875,3.344011
51.88,3.344002
51.885,3.343997
51.89,3.343995
51.895,3.343995
51.9,3.343997
51.905,3.343998
51.91,3.343999
51.915,3.343968
51.92,3.343873
51.925,3.343696
51.93,3.343453
51.935,3.343161
51.94,3.342865
51.945,3.342574
51.95,3.342316
51.955,3.342085
51.96,3.341871
51.965,3.34166
51.97,3.341418
51.975,3.341108
51.98,3.340705
51.985,3.34022
51.99,3.339676
51.995,3.339108
52,3.338551
52.005,3.338026
52.01,3.33754
52.015,3.337104
52.02,3.336716
52.025,3.336364
52.03,3.336037
52.035,3.335727
52.04,3.335438
52.045,3.335161
52.05,3.334899
52.055,3.334643
52.06,3.334395
52.065,3.334148
52.07,3.333905
52.075,3.333663
52.08,3.333421
52.085,3.333169
52.09,3.33292
52.095,3.332693
52.1,3.332474
52.105,3.332275
52.11,3.332119
52.115,3.331989
52.12,3.331853
52.125,3.331718
52.13,3.331605
52.135,3.331526
52.14,3.331482
52.145,3.331467
52.15,3.331456
52.155,3.331399
52.16,3.331297
52.165,3.33118
52.17,3.331093
52.175,3.331091
52.18,3.331168
52.185,3.331283
52.19,3.331395
52.195,3.331479
52.2,3.331527
52.205,3.331557
52.21,3.331622
52.215,3.331744
52.22,3.331935
52.225,3.332193
52.23,3.332489
52.235,3.332806
52.24,3.333109
52.245,3.333397
52.25,3.333668
52.255,3.333966
52.26,3.334322
52.265,3.334753
52.27,3.335243
52.275,3.335768
52.28,3.336275
52.285,3.336744
52.29,3.337187
52.295,3.337614
52.3,3.338043
52.305,3.338471
52.31,3.338878
52.315,3.339252
52.32,3.339598
52.325,3.339924
52.33,3.340236
52.335,3.340533
52.34,3.340819
52.345,3.341093
52.35,3.341365
52.355,3.341622
52.36,3.34187
52.365,3.342106
52.37,3.342328
52.375,3.34255
52.38,3.34277
52.385,3.343001
52.39,3.343225
52.395,3.343453
52.4,3.343686
52.405,3.343935
52.41,3.344171
52.415,3.34436
52.42,3.344484
52.425,3.344546
52.43,3.344576
52.435,3.344632
52.44,3.344724
52.445,3.344829
52.45,3.344921
52.455,3.344986
52.46,3.345022
52.465,3.345032
52.47,3.345028
52.475,3.345017
52.48,3.345006
52.485,3.344999
52.49,3.344995
52.495,3.344994
52.5,3.344995
52.505,3.344997
52.51,3.344988
52.515,3.344923
52.52,3.344777
52.525,3.344554
52.53,3.344268
52.535,3.343957
52.54,3.343637
52.545,3.343348
52.55,3.343101
52.555,3.34288
52.56,3.342674
52.565,3.342446
52.57,3.34216
52.575,3.341786
52.58,3.34133
52.585,3.340806
52.59,3.340253
52.595,3.339694
52.6,3.339157
52.605,3.338655
52.61,3.338201
52.615,3.337804
52.62,3.337451
52.625,3.33712
52.63,3.336789
52.635,3.33647
52.64,3.336162
52.645,3.335881
52.65,3.335623
52.655,3.335384
52.66,3.335157
52.665,3.334931
52.67,3.334702
52.675,3.334465
52.68,3.334234
52.685,3.333998
52.69,3.33377
52.695,3.333537
52.7,3.333318
52.705,3.333131
52.71,3.332949
52.715,3.332777
52.72,3.332634
52.725,3.332535
52.73,3.33247
52.735,3.33239
52.74,3.332283
52.745,3.33217
52.75,3.332075
52.755,3.33201
52.76,3.331977
52.765,3.331967
52.77,3.331973
52.775,3.332008
52.78,3.332095
52.785,3.332218
52.79,3.332344
52.795,3.332445
52.8,3.332508
52.805,3.332541
52.81,3.332592
52.815,3.332694
52.82,3.332871
52.825,3.333125
52.83,3.333422
52.835,3.333729
52.84,3.334024
52.845,3.334295
52.85,3.334558
52.855,3.334842
52.86,3.335179
52.865,3.335581
52.87,3.336045
52.875,3.336552
52.88,3.33708
52.885,3.3376
52.89,3.338071
52.895,3.338479
52.9,3.338838
52.905,3.339164
52.91,3.33947
52.915,3.339768
52.92,3.340057
52.925,3.340345
52.93,3.340638
52.935,3.340948
52.94,3.341279
52.945,3.341604
52.95,3.341917
52.955,3.342197
52.96,3.342455
52.965,3.342687
52.97,3.342907
52.975,3.34312
52.98,3.343309
52.985,3.343495
52.99,3.343678
52.995,3.343857
53,3.344049
53.005,3.344234
53.01,3.344383
53.015,3.344483
53.02,3.344534
53.025,3.344548
53.03,3.34454
53.035,3.344525
53.04,3.344549
53.045,3.344634
53.05,3.344753
53.055,3.344871
53.06,3.344962
53.065,3.345017
53.07,3.345039
53.075,3.345038
53.08,3.345026
53.085,3.345012
53.09,3.345001
53.095,3.344995
53.1,3.344993
53.105,3.344994
53.11,3.344991
53.115,3.344945
53.12,3.344844
53.125,3.344702
53.13,3.344511
53.135,3.344262
53.14,3.343961
53.145,3.343632
53.15,3.343332
53.155,3.343108
53.16,3.342955
53.165,3.342824
53.17,3.342695
53.175,3.342525
53.18,3.342283
53.185,3.341948
53.19,3.341506
53.195,3.340987
53.2,3.340417
53.205,3.339843
53.21,3.33929
53.215,3.338779
53.22,3.338333
53.225,3.33794
53.23,3.337586
53.235,3.337263
53.24,3.336968
53.245,3.336704
53.25,3.336457
53.255,3.336233
53.26,3.336013
53.265,3.335804
53.27,3.335596
53.275,3.335388
53.28,3.335184
53.285,3.334973
53.29,3.334768
53.295,3.334558
53.3,3.334349
53.305,3.334172
53.31,3.334043
53.315,3.333925
53.32,3.333798
53.325,3.333676
53.33,3.333577
53.335,3.333511
53.34,3.333475
53.345,3.333428
53.35,3.333338
53.355,3.333226
53.36,3.333118
53.365,3.333036
53.37,3.332987
53.375,3.332988
53.38,3.333062
53.385,3.333188
53.39,3.333323
53.395,3.333435
53.4,3.333507
53.405,3.333541
53.41,3.333573
53.415,3.333651
53.42,3.333803
53.425,3.334042
53.43,3.334341
53.435,3.334648
53.44,3.334947
53.445,3.33521
53.45,3.335449
53.455,3.335694
53.46,3.335965
53.465,3.336294
53.47,3.336694
53.475,3.337168
53.48,3.3377
53.485,3.33825
53.49,3.338768
53.495,3.339226
53.5,3.339636
53.505,3.340002
53.51,3.340338
53.515,3.340644
53.52,3.340947
53.525,3.341266
53.53,3.341591
53.535,3.341913
53.54,3.342197
53.545,3.342447
53.55,3.342669
53.555,3.34288
53.56,3.343091
53.565,3.343281
53.57,3.343462
53.575,3.343645
53.58,3.343819
53.585,3.344004
53.59,3.344195
53.595,3.344402
53.6,3.344619
53.605,3.344851
53.61,3.345087
53.615,3.345292
53.62,3.34544
53.625,3.345525
53.63,3.345557
53.635,3.345555
53.64,3.345556
53.645,3.345609
53.65,3.34571
53.655,3.345826
53.66,3.345926
53.665,3.345994
53.67,3.346029
53.675,3.346038
53.68,3.346031
53.685,3.346018
53.69,3.346006
53.695,3.345997
53.7,3.345994
53.705,3.345993
53.71,3.345993
53.715,3.345954
53.72,3.345858
53.725,3.345697
53.73,3.345474
53.735,3.345181
53.74,3.344828
53.745,3.344478
53.75,3.344195
53.755,3.344003
53.76,3.343857
53.765,3.34373
53.77,3.343586
53.775,3.343386
53.78,3.343112
53.785,3.342744
53.79,3.342292
53.795,3.341774
53.8,3.341213
53.805,3.340658
53.81,3.340123
53.815,3.339636
53.82,3.339204
53.825,3.338807
53.83,3.338449
53.835,3.338117
53.84,3.337826
53.845,3.337558
53.85,3.337318
53.855,3.337087
53.86,3.336859
53.865,3.336615
53.87,3.336376
53.875,3.336148
53.88,3.335924
53.885,3.335727
53.89,3.335548
53.895,3.335369
53.9,3.335201
53.905,3.33502
53.91,3.334833
53.915,3.33467
53.92,3.334551
53.925,3.334481
53.93,3.33442
53.935,3.33433
53.94,3.334221
53.945,3.334118
53.95,3.334039
53.955,3.333991
53.96,3.33397
53.965,3.333969
53.97,3.333978
53.975,3.33399
53.98,3.333999
53.985,3.334004
53.99,3.334006
53.995,3.334005
54,3.334025
54.005,3.334101
54.01,3.334219
54.015,3.334357
54.02,3.334534
54.025,3.334765
54.03,3.33504
54.035,3.335348
54.04,3.335637
54.045,3.335866
54.05,3.336051
54.055,3.336236
54.06,3.336453
54.065,3.336722
54.07,3.337057
54.075,3.337471
54.08,3.337952
54.085,3.338463
54.09,3.338981
54.095,3.339468
54.1,3.339912
54.105,3.340322
54.11,3.340708
54.115,3.341082
54.12,3.341463
54.125,3.341842
54.13,3.342203
54.135,3.342533
54.14,3.342833
54.145,3.343101
54.15,3.343332
54.155,3.34355
54.16,3.343744
54.165,3.34393
54.17,3.34412
54.175,3.344298
54.18,3.344486
54.185,3.344675
54.19,3.344839
54.195,3.344992
54.2,3.345151
54.205,3.3453
54.21,3.345419
54.215,3.345538
54.22,3.345672
54.225,3.345805
54.23,3.345914
54.235,3.345988
54.24,3.346026
54.245,3.346036
54.25,3.34603
54.255,3.346017
54.26,3.346005
54.265,3.345997
54.27,3.345994
54.275,3.345993
54.28,3.345995
54.285,3.345997
54.29,3.345999
54.295,3.346001
54.3,3.346001
54.305,3.346001
54.31,3.346001
54.315,3.346
54.32,3.346
54.325,3.345998
54.33,3.345959
54.335,3.345861
54.34,3.345691
54.345,3.345436
54.35,3.345128
54.355,3.344811
54.36,3.344505
54.365,3.344248
54.37,3.344067
54.375,3.343948
54.38,3.343837
54.385,3.343703
54.39,3.343522
54.395,3.343281
54.4,3.342958
54.405,3.342553
54.41,3.342077
54.415,3.341556
54.42,3.341023
54.425,3.340497
54.43,3.340016
54.435,3.339585
54.44,3.339194
54.445,3.338856
54.45,3.338558
54.455,3.338306
54.46,3.338083
54.465,3.337874
54.47,3.337687
54.475,3.337494
54.48,3.337301
54.485,3.33709
54.49,3.336874
54.495,3.336682
54.5,3.336497
54.505,3.336317
54.51,3.336162
54.515,3.336037
54.52,3.335904
54.525,3.335764
54.53,3.335639
54.535,3.335546
54.54,3.33549
54.545,3.335467
54.55,3.335466
54.555,3.335455
54.56,3.335391
54.565,3.335283
54.57,3.335165
54.575,3.335066
54.58,3.335001
54.585,3.335001
54.59,3.335083
54.595,3.335214
54.6,3.335348
54.605,3.335454
54.61,3.335518
54.615,3.335545
54.62,3.335563
54.625,3.335624
54.63,3.335737
54.635,3.335917
54.64,3.336158
54.645,3.336437
54.65,3.336718
54.655,3.336994
54.66,3.337237
54.665,3.33746
54.67,3.33767
54.675,3.33789
54.68,3.338161
54.685,3.338482
54.69,3.338864
54.695,3.339286
54.7,3.339736
54.705,3.340199
54.71,3.340669
54.715,3.341142
54.72,3.341607
54.725,3.342054
54.73,3.342461
54.735,3.342824
54.74,3.34313
54.745,3.343373
54.75,3.343586
54.755,3.343768
54.76,3.343941
54.765,3.34412
54.77,3.344287
54.775,3.344453
54.78,3.344629
54.785,3.344792
54.79,3.344942
54.795,3.345103
54.8,3.345262
54.805,3.345433
54.81,3.345618
54.815,3.34579
54.82,3.345922
54.825,3.346004
54.83,3.346042
54.835,3.346047
54.84,3.346035
54.845,3.346018
54.85,3.346003
54.855,3.345994
54.86,3.345991
54.865,3.345992
54.87,3.345994
54.875,3.345997
54.88,3.346
54.885,3.346001
54.89,3.346001
54.895,3.346001
54.9,3.346001
54.905,3.346
54.91,3.346
54.915,3.346
54.92,3.346
54.925,3.346
54.93,3.345976
54.935,3.345896
54.94,3.345776
54.945,3.345644
54.95,3.345484
54.955,3.345304
54.96,3.345093
54.965,3.344852
54.97,3.344583
54.975,3.344328
54.98,3.344128
54.985,3.344
54.99,3.343935
54.995,3.343874
55,3.343786
55.005,3.343653
55.01,3.343462
55.015,3.343206
55.02,3.342891
55.025,3.342539
55.03,3.342145
55.035,3.341724
55.04,3.341292
55.045,3.34086
55.05,3.340435
55.055,3.340043
55.06,3.339693
55.065,3.339393
55.07,3.339142
55.075,3.338916
55.08,3.338713
55.085,3.338507
55.09,3.338309
55.095,3.338123
55.1,3.337931
55.105,3.337751
55.11,3.337601
55.115,3.337453
55.12,3.3373
55.125,3.337162
55.13,3.337058
55.135,3.336995
55.14,3.336967
55.145,3.336963
55.15,3.336973
55.155,3.336987
55.16,3.336998
55.165,3.337005
55.17,3.337007
55.175,3.337006
55.18,3.337004
55.185,3.337004
55.19,3.337043
55.195,3.337139
55.2,3.337263
55.205,3.337388
55.21,3.337531
55.215,3.337694
55.22,3.337891
55.225,3.338112
55.23,3.338361
55.235,3.33861
55.24,3.338837
55.245,3.339055
55.25,3.339265
55.255,3.339484
55.26,3.339723
55.265,3.339982
55.27,3.340274
55.275,3.340635
55.28,3.341068
55.285,3.341558
55.29,3.342075
55.295,3.342583
55.3,3.343031
55.305,3.343412
55.31,3.343711
55.315,3.34392
55.32,3.344086
55.325,3.344232
55.33,3.344355
55.335,3.344444
55.34,3.344512
55.345,3.344604
55.35,3.344721
55.355,3.344847
55.36,3.345002
55.365,3.345175
55.37,3.345364
55.375,3.345571
55.38,3.345763
55.385,3.34593
55.39,3.346098
55.395,3.346258
55.4,3.346399
55.405,3.346553
55.41,3.346712
55.415,3.346853
55.42,3.346988
55.425,3.347137
55.43,3.347283
55.435,3.347403
55.44,3.347484
55.445,3.347527
55.45,3.347539
55.455,3.347533
55.46,3.347519
55.465,3.347506
55.47,3.347497
55.475,3.347493
55.48,3.347493
55.485,3.347495
55.49,3.347497
55.495,3.347499
55.5,3.347501
55.505,3.347501
55.51,3.347501
55.515,3.347501
55.52,3.3475
55.525,3.3475
55.53,3.3475
55.535,3.347484
55.54,3.347414
55.545,3.347281
55.55,3.347071
55.555,3.346785
55.56,3.346475
55.565,3.346167
55.57,3.345884
55.575,3.345662
55.58,3.345493
55.585,3.345339
55.59,3.345187
55.595,3.345008
55.6,3.344792
55.605,3.344521
55.61,3.344186
55.615,3.343784
55.62,3.343321
55.625,3.342827
55.63,3.342314
55.635,3.341798
55.64,3.341296
55.645,3.340822
55.65,3.340408
55.655,3.340052
55.66,3.339755
55.665,3.33949
55.67,3.339262
55.675,3.339045
55.68,3.33884
55.685,3.338658
55.69,3.338475
55.695,3.338296
55.7,3.338146
55.705,3.338038
55.71,3.337943
55.715,3.337829
55.72,3.337709
55.725,3.337603
55.73,3.337527
55.735,3.337484
55.74,3.337458
55.745,3.337398
55.75,3.337297
55.755,3.337183
55.76,3.337083
55.765,3.33702
55.77,3.337037
55.775,3.337133
55.78,3.337264
55.785,3.337388
55.79,3.337479
55.795,3.33753
55.8,3.337547
55.805,3.337557
55.81,3.337615
55.815,3.337746
55.82,3.337956
55.825,3.338234
55.83,3.338533
55.835,3.338831
55.84,3.339106
55.845,3.339346
55.85,3.339569
55.855,3.339773
55.86,3.33999
55.865,3.340254
55.87,3.340588
55.875,3.341026
55.88,3.341546
55.885,3.342115
55.89,3.342673
55.895,3.343176
55.9,3.343607
55.905,3.343972
55.91,3.344256
55.915,3.344486
55.92,3.344682
55.925,3.344839
55.93,3.344964
55.935,3.345098
55.94,3.345247
55.945,3.345432
55.95,3.345634
55.955,3.345814
55.96,3.345964
55.965,3.346114
55.97,3.346259
55.975,3.346386
55.98,3.346518
55.985,3.346666
55.99,3.346819
55.995,3.346997
56,3.347185
56.005,3.347391
56.01,3.347605
56.015,3.347804
56.02,3.348003
56.025,3.348195
56.03,3.348354
56.035,3.348464
56.04,3.348525
56.045,3.348553
56.05,3.348607
56.055,3.348699
56.06,3.348809
56.065,3.348908
56.07,3.34898
56.075,3.34902
56.08,3.349034
56.085,3.34903
56.09,3.349019
56.095,3.349008
56.1,3.348999
56.105,3.348995
56.11,3.348977
56.115,3.348905
56.12,3.348791
56.125,3.348669
56.13,3.348558
56.135,3.348425
56.14,3.348233
56.145,3.347993
56.15,3.347719
56.155,3.347441
56.16,3.347204
56.165,3.347
56.17,3.346811
56.175,3.34661
56.18,3.346398
56.185,3.346172
56.19,3.34593
56.195,3.345653
56.2,3.345319
56.205,3.344928
56.21,3.344488
56.215,3.344015
56.22,3.343529
56.225,3.343034
56.23,3.342554
56.235,3.342084
56.24,3.341642
56.245,3.341235
56.25,3.340855
56.255,3.340505
56.26,3.340177
56.265,3.339874
56.27,3.339583
56.275,3.339324
56.28,3.339088
56.285,3.33887
56.29,3.338687
56.295,3.338535
56.3,3.338382
56.305,3.338234
56.31,3.338111
56.315,3.338026
56.32,3.33797
56.325,3.337893
56.33,3.337787
56.335,3.337674
56.34,3.337577
56.345,3.337511
56.35,3.337476
56.355,3.337466
56.36,3.337472
56.365,3.337483
56.37,3.337494
56.375,3.337502
56.38,3.337506
56.385,3.337506
56.39,3.337505
56.395,3.337502
56.4,3.337501
56.405,3.337523
56.41,3.337604
56.415,3.337751
56.42,3.337962
56.425,3.338225
56.43,3.338513
56.435,3.338812
56.44,3.339094
56.445,3.339345
56.45,3.339581
56.455,3.339827
56.46,3.34011
56.465,3.34045
56.47,3.340862
56.475,3.34137
56.48,3.341943
56.485,3.342541
56.49,3.343117
56.495,3.343628
56.5,3.344076
56.505,3.34446
56.51,3.344768
56.515,3.345027
56.52,3.345247
56.525,3.345461
56.53,3.345666
56.535,3.345872
56.54,3.346084
56.545,3.346274
56.55,3.346418
56.555,3.346537
56.56,3.346663
56.565,3.34679
56.57,3.346928
56.575,3.347093
56.58,3.347268
56.585,3.347468
56.59,3.347679
56.595,3.347908
56.6,3.348137
56.605,3.348359
56.61,3.348581
56.615,3.348776
56.62,3.348921
56.625,3.349008
56.63,3.349047
56.635,3.34905
56.64,3.349039
56.645,3.349065
56.65,3.349149
56.655,3.349265
56.66,3.349378
56.665,3.349465
56.67,3.349517
56.675,3.349538
56.68,3.349537
56.685,3.349525
56.69,3.349512
56.695,3.349501
56.7,3.349495
56.705,3.349493
56.71,3.349494
56.715,3.349494
56.72,3.349458
56.725,3.349365
56.73,3.349242
56.735,3.349115
56.74,3.348963
56.745,3.348756
56.75,3.348498
56.755,3.348198
56.76,3.347905
56.765,3.347666
56.77,3.347472
56.775,3.347298
56.78,3.347117
56.785,3.346914
56.79,3.346676
56.795,3.346398
56.8,3.346064
56.805,3.345669
56.81,3.345223
56.815,3.344735
56.82,3.344235
56.825,3.343726
56.83,3.343223
56.835,3.342732
56.84,3.342269
56.845,3.341859
56.85,3.341493
56.855,3.34115
56.86,3.340812
56.865,3.340485
56.87,3.340165
56.875,3.339857
56.88,3.339558
56.885,3.339298
56.89,3.339103
56.895,3.338942
56.9,3.338793
56.905,3.338663
56.91,3.338565
56.915,3.338504
56.92,3.338454
56.925,3.338371
56.93,3.338261
56.935,3.338148
56.94,3.338057
56.945,3.337998
56.95,3.33797
56.955,3.337966
56.96,3.337974
56.965,3.337986
56.97,3.337997
56.975,3.338016
56.98,3.338079
56.985,3.338187
56.99,3.33831
56.995,3.338416
57,3.33849
57.005,3.338536
57.01,3.338604
57.015,3.33871
57.02,3.338873
57.025,3.339101
57.03,3.33938
57.035,3.339666
57.04,3.339951
57.045,3.340214
57.05,3.340469
57.055,3.340719
57.06,3.340986
57.065,3.341297
57.07,3.341689
57.075,3.342163
57.08,3.342697
57.085,3.343262
57.09,3.343809
57.095,3.3443
57.1,3.344715
57.105,3.345065
57.11,3.345379
57.115,3.345657
57.12,3.34592
57.125,3.346159
57.13,3.346347
57.135,3.346486
57.14,3.346619
57.145,3.346751
57.15,3.346886
57.155,3.347048
57.16,3.347219
57.165,3.347405
57.17,3.347605
57.175,3.347804
57.18,3.348015
57.185,3.348224
57.19,3.348446
57.195,3.348664
57.2,3.348885
57.205,3.349108
57.21,3.349339
57.215,3.349574
57.22,3.349779
57.225,3.34993
57.23,3.350019
57.235,3.350055
57.24,3.350055
57.245,3.350058
57.25,3.350113
57.255,3.350214
57.26,3.350329
57.265,3.350428
57.27,3.350495
57.275,3.350529
57.28,3.350538
57.285,3.350531
57.29,3.350518
57.295,3.350505
57.3,3.350496
57.305,3.350458
57.31,3.350367
57.315,3.350246
57.32,3.350129
57.325,3.350018
57.33,3.349885
57.335,3.349708
57.34,3.34946
57.345,3.349158
57.35,3.348865
57.355,3.34863
57.36,3.348434
57.365,3.348245
57.37,3.348036
57.375,3.3478
57.38,3.347538
57.385,3.347239
57.39,3.346885
57.395,3.346478
57.4,3.346025
57.405,3.345549
57.41,3.345064
57.415,3.344587
57.42,3.344125
57.425,3.343674
57.43,3.343236
57.435,3.342814
57.44,3.342415
57.445,3.342039
57.45,3.341674
57.455,3.341307
57.46,3.340927
57.465,3.340561
57.47,3.340248
57.475,3.339979
57.48,3.339758
57.485,3.339596
57.49,3.339458
57.495,3.339319
57.5,3.339188
57.505,3.339074
57.51,3.338946
57.515,3.338801
57.52,3.338666
57.525,3.338561
57.53,3.338495
57.535,3.338466
57.54,3.338462
57.545,3.338472
57.55,3.338486
57.555,3.338498
57.56,3.338505
57.565,3.338507
57.57,3.338507
57.575,3.338504
57.58,3.338503
57.585,3.338535
57.59,3.338625
57.595,3.338748
57.6,3.338868
57.605,3.338983
57.61,3.339119
57.615,3.339288
57.62,3.339503
57.625,3.33977
57.63,3.340061
57.635,3.340365
57.64,3.340651
57.645,3.340921
57.65,3.341175
57.655,3.34143
57.66,3.341715
57.665,3.342066
57.67,3.342499
57.675,3.343003
57.68,3.34356
57.685,3.344119
57.69,3.344635
57.695,3.34508
57.7,3.34546
57.705,3.345795
57.71,3.346087
57.715,3.346314
57.72,3.346472
57.725,3.34661
57.73,3.346743
57.735,3.346888
57.74,3.347062
57.745,3.347263
57.75,3.347491
57.755,3.347725
57.76,3.347969
57.765,3.348205
57.77,3.348443
57.775,3.348668
57.78,3.348879
57.785,3.349087
57.79,3.349275
57.795,3.349454
57.8,3.349637
57.805,3.349832
57.81,3.350046
57.815,3.350246
57.82,3.350402
57.825,3.350501
57.83,3.350547
57.835,3.350555
57.84,3.350566
57.845,3.350628
57.85,3.350731
57.855,3.350843
57.86,3.350937
57.865,3.351
57.87,3.35103
57.875,3.351036
57.88,3.351029
57.885,3.351016
57.89,3.351004
57.895,3.350997
57.9,3.350994
57.905,3.350994
57.91,3.350996
57.915,3.350986
57.92,3.350923
57.925,3.350806
57.93,3.350629
57.935,3.350394
57.94,3.350104
57.945,3.349768
57.95,3.349441
57.955,3.349179
57.96,3.348996
57.965,3.348843
57.97,3.348669
57.975,3.348456
57.98,3.348195
57.985,3.347894
57.99,3.347536
57.995,3.347123
58,3.346667
58.005,3.346186
58.01,3.345706
58.015,3.345241
58.02,3.344793
58.025,3.344365
58.03,3.343942
58.035,3.343522
58.04,3.343106
58.045,3.342692
58.05,3.342278
58.055,3.341864
58.06,3.341471
58.065,3.341107
58.07,3.340803
58.075,3.340549
58.08,3.340331
58.085,3.34016
58.09,3.340043
58.095,3.339946
58.1,3.339833
58.105,3.339713
58.11,3.339607
58.115,3.33953
58.12,3.339471
58.125,3.339385
58.13,3.339272
58.135,3.339157
58.14,3.339063
58.145,3.339002
58.15,3.338972
58.155,3.338966
58.16,3.338973
58.165,3.338985
58.17,3.338996
58.175,3.339003
58.18,3.339015
58.185,3.339075
58.19,3.339183
58.195,3.339306
58.2,3.339414
58.205,3.339508
58.21,3.339623
58.215,3.339779
58.22,3.33999
58.225,3.34026
58.23,3.340568
58.235,3.340893
58.24,3.341202
58.245,3.341495
58.25,3.341773
58.255,3.342058
58.26,3.342383
58.265,3.342783
58.27,3.34326
58.275,3.343797
58.28,3.344352
58.285,3.34488
58.29,3.345349
58.295,3.345727
58.3,3.346031
58.305,3.346267
58.31,3.346464
58.315,3.346648
58.32,3.346837
58.325,3.347051
58.33,3.347303
58.335,3.34758
58.34,3.347877
58.345,3.348162
58.35,3.348439
58.355,3.348686
58.36,3.348899
58.365,3.349099
58.37,3.349276
58.375,3.349423
58.38,3.349576
58.385,3.34973
58.39,3.349884
58.395,3.350059
58.4,3.350248
58.405,3.350462
58.41,3.350676
58.415,3.350854
58.42,3.350975
58.425,3.351038
58.43,3.351057
58.435,3.351049
58.44,3.351029
58.445,3.351017
58.45,3.35106
58.455,3.351161
58.46,3.351286
58.465,3.3514
58.47,3.351482
58.475,3.351527
58.48,3.351542
58.485,3.351536
58.49,3.351523
58.495,3.351509
58.5,3.351499
58.505,3.351488
58.51,3.351434
58.515,3.351331
58.52,3.351208
58.525,3.351093
58.53,3.350968
58.535,3.350795
58.54,3.350563
58.545,3.350278
58.55,3.34998
58.555,3.349724
58.56,3.349529
58.565,3.349359
58.57,3.349189
58.575,3.348995
58.58,3.348784
58.585,3.348546
58.59,3.348273
58.595,3.347955
58.6,3.347582
58.605,3.347169
58.61,3.346712
58.615,3.346244
58.62,3.34579
58.625,3.345353
58.63,3.344959
58.635,3.344599
58.64,3.344252
58.645,3.343921
58.65,3.343604
58.655,3.34332
58.66,3.343057
58.665,3.342786
58.67,3.342473
58.675,3.3421
58.68,3.341702
58.685,3.341328
58.69,3.340993
58.695,3.340728
58.7,3.340536
58.705,3.340374
58.71,3.340231
58.715,3.340115
58.72,3.340035
58.725,3.339989
58.73,3.339972
58.735,3.339973
58.74,3.339982
58.745,3.339993
58.75,3.340001
58.755,3.340005
58.76,3.340006
58.765,3.340005
58.77,3.340003
58.775,3.340001
58.78,3.34
58.785,3.340011
58.79,3.340077
58.795,3.34019
58.8,3.340324
58.805,3.34049
58.81,3.340692
58.815,3.340945
58.82,3.341252
58.825,3.341595
58.83,3.341944
58.835,3.342285
58.84,3.342596
58.845,3.342885
58.85,3.343188
58.855,3.343531
58.86,3.343937
58.865,3.344395
58.87,3.344873
58.875,3.345336
58.88,3.345764
58.885,3.346126
58.89,3.346426
58.895,3.346682
58.9,3.346925
58.905,3.347156
58.91,3.347393
58.915,3.347658
58.92,3.347945
58.925,3.348242
58.93,3.348532
58.935,3.348786
58.94,3.34902
58.945,3.349225
58.95,3.349388
58.955,3.34954
58.96,3.349694
58.965,3.349832
58.97,3.34996
58.975,3.350105
58.98,3.350256
58.985,3.350416
58.99,3.350596
58.995,3.350774
59,3.350964
59.005,3.351158
59.01,3.351327
59.015,3.351449
59.02,3.35152
59.025,3.351547
59.03,3.351546
59.035,3.351531
59.04,3.351513
59.045,3.351501
59.05,3.351529
59.055,3.351619
59.06,3.351744
59.065,3.351866
59.07,3.351961
59.075,3.352018
59.08,3.35204
59.085,3.35204
59.09,3.352027
59.095,3.352013
59.1,3.352001
59.105,3.351994
59.11,3.351992
59.115,3.351993
59.12,3.351993
59.125,3.351954
59.13,3.351858
59.135,3.351734
59.14,3.351612
59.145,3.351473
59.15,3.351293
59.155,3.351067
59.16,3.350816
59.165,3.350547
59.17,3.3503
59.175,3.350105
59.18,3.349934
59.185,3.349772
59.19,3.349593
59.195,3.349396
59.2,3.349187
59.205,3.348934
59.21,3.348634
59.215,3.348284
59.22,3.347877
59.225,3.347428
59.23,3.346952
59.235,3.346472
59.24,3.346014
59.245,3.345601
59.25,3.345242
59.255,3.34491
59.26,3.344591
59.265,3.344289
59.27,3.344002
59.275,3.343721
59.28,3.343432
59.285,3.343118
59.29,3.342774
59.295,3.342406
59.3,3.342048
59.305,3.341752
59.31,3.34155
59.315,3.341442
59.32,3.341409
59.325,3.341421
59.33,3.341452
59.335,3.341483
59.34,3.341505
59.345,3.341516
59.35,3.341517
59.355,3.341513
59.36,3.341507
59.365,3.341502
59.37,3.341499
59.375,3.341497
59.38,3.341497
59.385,3.341498
59.39,3.34151
59.395,3.341574
59.4,3.341702
59.405,3.341904
59.41,3.342182
59.415,3.342532
59.42,3.342906
59.425,3.343273
59.43,3.343624
59.435,3.343956
59.44,3.344282
59.445,3.344634
59.45,3.345025
59.455,3.345434
59.46,3.345846
59.465,3.346248
59.47,3.346612
59.475,3.346942
59.48,3.34725
59.485,3.347552
59.49,3.347861
59.495,3.348178
59.5,3.34849
59.505,3.348795
59.51,3.349077
59.515,3.349309
59.52,3.34951
59.525,3.349693
59.53,3.349843
59.535,3.34997
59.54,3.350107
59.545,3.350249
59.55,3.350376
59.555,3.350511
59.56,3.350662
59.565,3.350807
59.57,3.35094
59.575,3.351088
59.58,3.351241
59.585,3.35139
59.59,3.351557
59.595,3.35175
59.6,3.351975
59.605,3.352196
59.61,3.352374
59.615,3.352491
59.62,3.352549
59.625,3.352562
59.63,3.35255
59.635,3.352564
59.64,3.352636
59.645,3.352746
59.65,3.35286
59.655,3.352952
59.66,3.353009
59.665,3.353035
59.67,3.353037
59.675,3.353027
59.68,3.353014
59.685,3.353002
59.69,3.352996
59.695,3.352993
59.7,3.352994
59.705,3.352996
59.71,3.352998
59.715,3.353
59.72,3.352985
59.725,3.352915
59.73,3.352789
59.735,3.352594
59.74,3.352326
59.745,3.352
59.75,3.351648
59.755,3.351333
59.76,3.351099
59.765,3.350926
59.77,3.350766
59.775,3.350575
59.78,3.350353
59.785,3.350092
59.79,3.349786
59.795,3.349423
59.8,3.349008
59.805,3.348558
59.81,3.348081
59.815,3.347603
59.82,3.347126
59.825,3.346668
59.83,3.346241
59.835,3.345848
59.84,3.345487
59.845,3.345151
59.85,3.344847
59.855,3.344562
59.86,3.344306
59.865,3.344058
59.87,3.343791
59.875,3.343506
59.88,3.343203
59.885,3.3429
59.89,3.342597
59.895,3.342304
59.9,3.342019
59.905,3.341746
59.91,3.341482
59.915,3.341254
59.92,3.341087
59.925,3.340987
59.93,3.340945
59.935,3.340942
59.94,3.340959
59.945,3.340981
59.95,3.340999
59.955,3.341009
59.96,3.341012
59.965,3.34101
59.97,3.341007
59.975,3.341003
59.98,3.341
59.985,3.340998
59.99,3.340998
59.995,3.341
60,3.34104
60.005,3.341135
60.01,3.341262
60.015,3.341421
60.02,3.341624
60.025,3.341889
60.03,3.342214
60.035,3.342571
60.04,3.342928
60.045,3.343258
60.05,3.343557
60.055,3.343838
60.06,3.344142
60.065,3.344486
60.07,3.34489
60.075,3.345337
60.08,3.345808
60.085,3.346269
60.09,3.346693
60.095,3.347066
60.1,3.347408
60.105,3.34775
60.11,3.348101
60.115,3.348476
60.12,3.348859
60.125,3.349234
60.13,3.349574
60.135,3.34988
60.14,3.350145
60.145,3.350372
60.15,3.350584
60.155,3.35077
60.16,3.350949
60.165,3.351132
60.17,3.351302
60.175,3.351477
60.18,3.351658
60.185,3.35184
60.19,3.352037
60.195,3.352237
60.2,3.352454
60.205,3.35268
60.21,3.352925
60.215,3.353161
60.22,3.353352
60.225,3.353479
60.23,3.353545
60.235,3.353562
60.24,3.353558
60.245,3.353593
60.25,3.35368
60.255,3.353792
60.26,3.353897
60.265,3.353975
60.27,3.35402
60.275,3.354036
60.28,3.354034
60.285,3.354022
60.29,3.354009
60.295,3.353998
60.3,3.353955
60.305,3.35386
60.31,3.353738
60.315,3.353618
60.32,3.353487
60.325,3.353327
60.33,3.353109
60.335,3.352816
60.34,3.352503
60.345,3.352233
60.35,3.352024
60.355,3.351845
60.36,3.351668
60.365,3.351455
60.37,3.35119
60.375,3.350876
60.38,3.350502
60.385,3.350083
60.39,3.349621
60.395,3.349136
60.4,3.348644
60.405,3.348172
60.41,3.347726
60.415,3.347304
60.42,3.346915
60.425,3.346546
60.43,3.346188
60.435,3.345855
60.44,3.345544
60.445,3.345271
60.45,3.345019
60.455,3.344791
60.46,3.344568
60.465,3.344351
60.47,3.344135
60.475,3.343896
60.48,3.343626
60.485,3.343341
60.49,3.34305
60.495,3.342771
60.5,3.342502
60.505,3.342259
60.51,3.342025
60.515,3.34181
60.52,3.341639
60.525,3.341526
60.53,3.341467
60.535,3.341449
60.54,3.341457
60.545,3.341475
60.55,3.341492
60.555,3.341504
60.56,3.341509
60.565,3.34151
60.57,3.341507
60.575,3.341504
60.58,3.341501
60.585,3.3415
60.59,3.341528
60.595,3.341613
60.6,3.341735
60.605,3.341868
60.61,3.342028
60.615,3.342226
60.62,3.342487
60.625,3.342808
60.63,3.343172
60.635,3.343522
60.64,3.343803
60.645,3.344005
60.65,3.34417
60.655,3.344307
60.66,3.344413
60.665,3.344517
60.67,3.344645
60.675,3.34478
60.68,3.344913
60.685,3.345067
60.69,3.345228
60.695,3.345371