Time (s),Position (mm)
0,1.73E-11
0.005,1.73E-11
0.01,1.73E-11
0.015,1.73E-11
0.02,1.73E-11
0.025,1.73E-11
0.03,1.73E-11
0.035,1.73E-11
0.04,1.73E-11
0.045,1.73E-11
0.05,1.73E-11
0.055,1.73E-11
0.06,1.73E-11
0.065,1.73E-11
0.07,1.73E-11
0.075,1.73E-11
0.08,1.73E-11
0.085,1.73E-11
0.09,1.73E-11
0.095,1.73E-11
0.1,1.73E-11
0.105,1.73E-11
0.11,1.73E-11
0.115,1.73E-11
0.12,1.73E-11
0.125,1.73E-11
0.13,1.73E-11
0.135,1.73E-11
0.14,1.73E-11
0.145,1.73E-11
0.15,1.73E-11
0.155,1.73E-11
0.16,1.73E-11
0.165,1.73E-11
0.17,1.73E-11
0.175,1.73E-11
0.18,1.73E-11
0.185,1.73E-11
0.19,1.73E-11
0.195,1.73E-11
0.2,1.73E-11
0.205,1.73E-11
0.21,1.73E-11
0.215,1.73E-11
0.22,1.73E-11
0.225,1.73E-11
0.23,1.73E-11
0.235,1.73E-11
0.24,1.73E-11
0.245,1.73E-11
0.25,1.73E-11
0.255,1.73E-11
0.26,1.73E-11
0.265,1.73E-11
0.27,3.00E-07
0.275,6.75E-05
0.28,0.000762
0.285,0.003321
0.29,0.009005
0.295,0.018689
0.3,0.032794
0.305,0.051147
0.31,0.073042
0.315,0.097391
0.32,0.123062
0.325,0.149225
0.33,0.175324
0.335,0.201079
0.34,0.226458
0.345,0.251581
0.35,0.276561
0.355,0.301446
0.36,0.326305
0.365,0.351222
0.37,0.376217
0.375,0.401317
0.38,0.426503
0.385,0.4517
0.39,0.476858
0.395,0.501944
0.4,0.526933
0.405,0.551937
0.41,0.577044
0.415,0.602157
0.42,0.627224
0.425,0.652315
0.43,0.677436
0.435,0.702523
0.44,0.727557
0.445,0.752551
0.45,0.77752
0.455,0.802496
0.46,0.827566
0.465,0.852712
0.47,0.877815
0.475,0.902773
0.48,0.927638
0.485,0.952492
0.49,0.97734
0.495,1.002172
0.5,1.027
0.505,1.05188
0.51,1.076872
0.515,1.102024
0.52,1.127287
0.525,1.152612
0.53,1.177885
0.535,1.202921
0.54,1.227813
0.545,1.252752
0.55,1.277711
0.555,1.302608
0.56,1.327434
0.565,1.352238
0.57,1.377103
0.575,1.402153
0.58,1.427329
0.585,1.452421
0.59,1.477411
0.595,1.502322
0.6,1.52719
0.605,1.55206
0.61,1.576993
0.615,1.602
0.62,1.62702
0.625,1.652023
0.63,1.677007
0.635,1.701901
0.64,1.726215
0.645,1.74914
0.65,1.770102
0.655,1.788788
0.66,1.804922
0.665,1.818396
0.67,1.829267
0.675,1.837843
0.68,1.844715
0.685,1.850578
0.69,1.856081
0.695,1.861647
0.7,1.867482
0.705,1.8736
0.71,1.87992
0.715,1.886347
0.72,1.892773
0.725,1.899088
0.73,1.905216
0.735,1.911211
0.74,1.917212
0.745,1.923327
0.75,1.929575
0.755,1.935655
0.76,1.941084
0.765,1.945623
0.77,1.94932
0.775,1.952415
0.78,1.955234
0.785,1.958062
0.79,1.961033
0.795,1.964139
0.8,1.967325
0.805,1.970522
0.81,1.973694
0.815,1.976879
0.82,1.980094
0.825,1.983297
0.83,1.986449
0.835,1.98963
0.84,1.993087
0.845,1.996992
0.85,2.001386
0.855,2.006218
0.86,2.011325
0.865,2.01649
0.87,2.021548
0.875,2.026418
0.88,2.031117
0.885,2.035746
0.89,2.040393
0.895,2.045116
0.9,2.049974
0.905,2.054951
0.91,2.059939
0.915,2.064831
0.92,2.069591
0.925,2.074283
0.93,2.079008
0.935,2.083835
0.94,2.088749
0.945,2.093686
0.95,2.098588
0.955,2.103422
0.96,2.108174
0.965,2.112822
0.97,2.117338
0.975,2.121808
0.98,2.126346
0.985,2.130983
0.99,2.135701
0.995,2.140446
1,2.145173
1.005,2.149889
1.01,2.154614
1.015,2.15937
1.02,2.164204
1.025,2.169142
1.03,2.174143
1.035,2.179132
1.04,2.184051
1.045,2.188874
1.05,2.193625
1.055,2.198327
1.06,2.20301
1.065,2.207699
1.07,2.212355
1.075,2.216951
1.08,2.221532
1.085,2.226124
1.09,2.230687
1.095,2.235119
1.1,2.239377
1.105,2.243501
1.11,2.247558
1.115,2.25158
1.12,2.255568
1.125,2.259546
1.13,2.263508
1.135,2.267373
1.14,2.270989
1.145,2.274267
1.15,2.277247
1.155,2.280042
1.16,2.282743
1.165,2.285386
1.17,2.287972
1.175,2.290556
1.18,2.293208
1.185,2.295956
1.19,2.298842
1.195,2.301845
1.2,2.304856
1.205,2.307788
1.21,2.310587
1.215,2.31326
1.22,2.315907
1.225,2.318637
1.23,2.321482
1.235,2.324322
1.24,2.327021
1.245,2.329615
1.25,2.332228
1.255,2.334917
1.26,2.337668
1.265,2.340458
1.27,2.343271
1.275,2.346094
1.28,2.348923
1.285,2.351784
1.29,2.354679
1.295,2.357546
1.3,2.360311
1.305,2.363002
1.31,2.365658
1.315,2.368304
1.32,2.370998
1.325,2.373764
1.33,2.376615
1.335,2.37953
1.34,2.38245
1.345,2.385292
1.35,2.388021
1.355,2.390719
1.36,2.393467
1.365,2.396278
1.37,2.39908
1.375,2.401798
1.38,2.404454
1.385,2.407108
1.39,2.409811
1.395,2.412571
1.4,2.415329
1.405,2.418035
1.41,2.420671
1.415,2.423229
1.42,2.425707
1.425,2.428151
1.43,2.430622
1.435,2.433095
1.44,2.435476
1.445,2.437726
1.45,2.439875
1.455,2.44197
1.46,2.444036
1.465,2.446096
1.47,2.448158
1.475,2.450214
1.48,2.452266
1.485,2.454324
1.49,2.456361
1.495,2.458368
1.5,2.460348
1.505,2.462272
1.51,2.464145
1.515,2.46602
1.52,2.467953
1.525,2.469977
1.53,2.472106
1.535,2.474325
1.54,2.476562
1.545,2.478742
1.55,2.480824
1.555,2.482808
1.56,2.484694
1.565,2.486471
1.57,2.488173
1.575,2.489876
1.58,2.491634
1.585,2.493463
1.59,2.495364
1.595,2.497346
1.6,2.499405
1.605,2.501514
1.61,2.503628
1.615,2.505713
1.62,2.507745
1.625,2.509699
1.63,2.511525
1.635,2.513243
1.64,2.51494
1.645,2.516676
1.65,2.518492
1.655,2.520379
1.66,2.522323
1.665,2.524314
1.67,2.526315
1.675,2.528277
1.68,2.530194
1.685,2.532087
1.69,2.533966
1.695,2.535842
1.7,2.537717
1.705,2.539565
1.71,2.541371
1.715,2.543153
1.72,2.544939
1.725,2.546756
1.73,2.548586
1.735,2.550399
1.74,2.552193
1.745,2.553961
1.75,2.555691
1.755,2.557357
1.76,2.558945
1.765,2.560465
1.77,2.561955
1.775,2.563454
1.78,2.56496
1.785,2.566447
1.79,2.567933
1.795,2.569448
1.8,2.570983
1.805,2.572513
1.81,2.574034
1.815,2.575552
1.82,2.577102
1.825,2.578719
1.83,2.580411
1.835,2.582134
1.84,2.583818
1.845,2.585415
1.85,2.586899
1.855,2.588277
1.86,2.58959
1.865,2.59087
1.87,2.592135
1.875,2.59339
1.88,2.594656
1.885,2.595969
1.89,2.597358
1.895,2.598797
1.9,2.600224
1.905,2.601582
1.91,2.60287
1.915,2.604137
1.92,2.605426
1.925,2.606762
1.93,2.608185
1.935,2.609728
1.94,2.611348
1.945,2.612951
1.95,2.614454
1.955,2.615809
1.96,2.617036
1.965,2.618217
1.97,2.619424
1.975,2.620698
1.98,2.622051
1.985,2.623473
1.99,2.624932
1.995,2.626402
2,2.627866
2.005,2.629325
2.01,2.630767
2.015,2.632175
2.02,2.633527
2.025,2.634811
2.03,2.636017
2.035,2.637166
2.04,2.638303
2.045,2.639451
2.05,2.640611
2.055,2.641776
2.06,2.642948
2.065,2.644136
2.07,2.645325
2.075,2.646484
2.08,2.647615
2.085,2.648731
2.09,2.64985
2.095,2.65099
2.1,2.652158
2.105,2.653346
2.11,2.65453
2.115,2.655692
2.12,2.656839
2.125,2.657983
2.13,2.659125
2.135,2.660261
2.14,2.661389
2.145,2.662511
2.15,2.663625
2.155,2.664728
2.16,2.66582
2.165,2.666914
2.17,2.668015
2.175,2.669144
2.18,2.670352
2.185,2.671639
2.19,2.672949
2.195,2.674227
2.2,2.675439
2.205,2.676574
2.21,2.677651
2.215,2.678705
2.22,2.679755
2.225,2.680807
2.23,2.681862
2.235,2.68291
2.24,2.683952
2.245,2.684988
2.25,2.686022
2.255,2.687061
2.26,2.68811
2.265,2.689172
2.27,2.690245
2.275,2.691314
2.28,2.692367
2.285,2.69341
2.29,2.694459
2.295,2.695516
2.3,2.696579
2.305,2.697638
2.31,2.698671
2.315,2.699663
2.32,2.700624
2.325,2.701584
2.33,2.702569
2.335,2.703594
2.34,2.704657
2.345,2.705731
2.35,2.706773
2.355,2.707742
2.36,2.708611
2.365,2.709392
2.37,2.710143
2.375,2.710922
2.38,2.711737
2.385,2.712596
2.39,2.71352
2.395,2.714502
2.4,2.715498
2.405,2.71647
2.41,2.717409
2.415,2.718326
2.42,2.719233
2.425,2.720142
2.43,2.721063
2.435,2.72199
2.44,2.722925
2.445,2.723878
2.45,2.724861
2.455,2.725872
2.46,2.726894
2.465,2.727905
2.47,2.728873
2.475,2.729775
2.48,2.730596
2.485,2.731347
2.49,2.732072
2.495,2.732821
2.5,2.733616
2.505,2.734463
2.51,2.735348
2.515,2.736258
2.52,2.737177
2.525,2.738088
2.53,2.738985
2.535,2.739872
2.54,2.740763
2.545,2.74166
2.55,2.742569
2.555,2.743501
2.56,2.744475
2.565,2.745501
2.57,2.74656
2.575,2.747609
2.58,2.748622
2.585,2.749586
2.59,2.750499
2.595,2.751369
2.6,2.75221
2.605,2.753039
2.61,2.753864
2.615,2.754682
2.62,2.755496
2.625,2.756315
2.63,2.757146
2.635,2.757979
2.64,2.758798
2.645,2.759581
2.65,2.760322
2.655,2.761024
2.66,2.761686
2.665,2.762299
2.67,2.762857
2.675,2.76338
2.68,2.763904
2.685,2.764465
2.69,2.765078
2.695,2.765736
2.7,2.766429
2.705,2.767144
2.71,2.767871
2.715,2.768603
2.72,2.769339
2.725,2.770073
2.73,2.770801
2.735,2.771523
2.74,2.772239
2.745,2.77296
2.75,2.7737
2.755,2.774468
2.76,2.775259
2.765,2.776055
2.77,2.776851
2.775,2.77766
2.78,2.7785
2.785,2.779379
2.79,2.780278
2.795,2.781156
2.8,2.781964
2.805,2.782661
2.81,2.78326
2.815,2.783812
2.82,2.784366
2.825,2.784956
2.83,2.785595
2.835,2.786284
2.84,2.787018
2.845,2.787789
2.85,2.788592
2.855,2.789413
2.86,2.790239
2.865,2.791059
2.87,2.791862
2.875,2.792641
2.88,2.793401
2.885,2.794151
2.89,2.794904
2.895,2.795668
2.9,2.796441
2.905,2.797227
2.91,2.798029
2.915,2.798832
2.92,2.799618
2.925,2.800374
2.93,2.801085
2.935,2.801748
2.94,2.802363
2.945,2.802945
2.95,2.803506
2.955,2.804062
2.96,2.80461
2.965,2.805147
2.97,2.805669
2.975,2.806174
2.98,2.806658
2.985,2.807119
2.99,2.807575
2.995,2.80805
3,2.80856
3.005,2.809107
3.01,2.809688
3.015,2.810303
3.02,2.810967
3.025,2.81169
3.03,2.812451
3.035,2.813213
3.04,2.81395
3.045,2.814647
3.05,2.81531
3.055,2.815952
3.06,2.816586
3.065,2.817218
3.07,2.81786
3.075,2.81852
3.08,2.819185
3.085,2.819838
3.09,2.820468
3.095,2.821076
3.1,2.821668
3.105,2.82226
3.11,2.822862
3.115,2.823479
3.12,2.824106
3.125,2.824742
3.13,2.825388
3.135,2.82603
3.14,2.826662
3.145,2.827289
3.15,2.827911
3.155,2.828521
3.16,2.829109
3.165,2.829668
3.17,2.8302
3.175,2.830711
3.18,2.83122
3.185,2.831744
3.19,2.832289
3.195,2.832847
3.2,2.83341
3.205,2.833975
3.21,2.834541
3.215,2.835106
3.22,2.835666
3.225,2.836216
3.23,2.836747
3.235,2.837263
3.24,2.837768
3.245,2.838265
3.25,2.838769
3.255,2.839287
3.26,2.839822
3.265,2.840371
3.27,2.840928
3.275,2.841489
3.28,2.84205
3.285,2.842609
3.29,2.843162
3.295,2.843708
3.3,2.844252
3.305,2.844804
3.31,2.845373
3.315,2.845954
3.32,2.846541
3.325,2.847137
3.33,2.847748
3.335,2.848381
3.34,2.849031
3.345,2.849673
3.35,2.850285
3.355,2.850858
3.36,2.851402
3.365,2.851927
3.37,2.852434
3.375,2.852928
3.38,2.853415
3.385,2.853895
3.39,2.854365
3.395,2.854831
3.4,2.855305
3.405,2.855785
3.41,2.856272
3.415,2.856762
3.42,2.857252
3.425,2.857737
3.43,2.858222
3.435,2.85871
3.44,2.859208
3.445,2.859713
3.45,2.860219
3.455,2.860721
3.46,2.861217
3.465,2.861703
3.47,2.862173
3.475,2.862624
3.48,2.863039
3.485,2.863418
3.49,2.863767
3.495,2.864112
3.5,2.864473
3.505,2.864867
3.51,2.865302
3.515,2.865783
3.52,2.866302
3.525,2.866848
3.53,2.867411
3.535,2.867965
3.54,2.86849
3.545,2.86896
3.55,2.869378
3.555,2.869764
3.56,2.87015
3.565,2.870557
3.57,2.871002
3.575,2.871489
3.58,2.871999
3.585,2.872515
3.59,2.873028
3.595,2.873535
3.6,2.874029
3.605,2.874504
3.61,2.874965
3.615,2.875424
3.62,2.875893
3.625,2.876373
3.63,2.876869
3.635,2.877383
3.64,2.877907
3.645,2.878423
3.65,2.878911
3.655,2.879362
3.66,2.879782
3.665,2.880179
3.67,2.880572
3.675,2.880975
3.68,2.881404
3.685,2.881852
3.69,2.882302
3.695,2.882745
3.7,2.883184
3.705,2.883623
3.71,2.884066
3.715,2.884514
3.72,2.884961
3.725,2.885409
3.73,2.885854
3.735,2.886297
3.74,2.886741
3.745,2.88719
3.75,2.887645
3.755,2.888101
3.76,2.888554
3.765,2.889008
3.77,2.889457
3.775,2.8899
3.78,2.890339
3.785,2.890773
3.79,2.891205
3.795,2.891637
3.8,2.892071
3.805,2.892508
3.81,2.892951
3.815,2.893406
3.82,2.89387
3.825,2.894336
3.83,2.894801
3.835,2.895267
3.84,2.89574
3.845,2.896219
3.85,2.896705
3.855,2.897204
3.86,2.897705
3.865,2.898193
3.87,2.898653
3.875,2.89908
3.88,2.89948
3.885,2.899858
3.89,2.90022
3.895,2.900564
3.9,2.900893
3.905,2.901185
3.91,2.901453
3.915,2.901704
3.92,2.901963
3.925,2.902251
3.93,2.902579
3.935,2.902944
3.94,2.903338
3.945,2.903743
3.95,2.904143
3.955,2.904543
3.96,2.904943
3.965,2.905342
3.97,2.905736
3.975,2.906123
3.98,2.906494
3.985,2.906849
3.99,2.907189
3.995,2.907513
4,2.907834
4.005,2.90817
4.01,2.908516
4.015,2.908871
4.02,2.909237
4.025,2.90961
4.03,2.909983
4.035,2.910355
4.04,2.910726
4.045,2.911098
4.05,2.911474
4.055,2.911853
4.06,2.912236
4.065,2.912615
4.07,2.912986
4.075,2.91335
4.08,2.913707
4.085,2.914055
4.09,2.914396
4.095,2.914735
4.1,2.915078
4.105,2.915439
4.11,2.915816
4.115,2.916199
4.12,2.916587
4.125,2.91698
4.13,2.917379
4.135,2.91778
4.14,2.918177
4.145,2.918566
4.15,2.918949
4.155,2.919328
4.16,2.919704
4.165,2.920079
4.17,2.920453
4.175,2.920831
4.18,2.921214
4.185,2.921601
4.19,2.921981
4.195,2.922353
4.2,2.922721
4.205,2.92309
4.21,2.923464
4.215,2.923847
4.22,2.924236
4.225,2.924625
4.23,2.925016
4.235,2.925402
4.24,2.925779
4.245,2.926147
4.25,2.926499
4.255,2.92684
4.26,2.927173
4.265,2.927512
4.27,2.927857
4.275,2.928204
4.28,2.928545
4.285,2.928884
4.29,2.929231
4.295,2.929581
4.3,2.929928
4.305,2.930269
4.31,2.930603
4.315,2.930943
4.32,2.931302
4.325,2.931682
4.33,2.932076
4.335,2.932477
4.34,2.932879
4.345,2.933282
4.35,2.933685
4.355,2.934088
4.36,2.934486
4.365,2.934879
4.37,2.93527
4.375,2.935662
4.38,2.936038
4.385,2.936394
4.39,2.936727
4.395,2.937047
4.4,2.937364
4.405,2.937682
4.41,2.937999
4.415,2.938317
4.42,2.938631
4.425,2.938937
4.43,2.939215
4.435,2.939475
4.44,2.939709
4.445,2.939934
4.45,2.940149
4.455,2.940362
4.46,2.940591
4.465,2.940852
4.47,2.941123
4.475,2.941404
4.48,2.941692
4.485,2.941983
4.49,2.942273
4.495,2.94256
4.5,2.942849
4.505,2.943137
4.51,2.943426
4.515,2.943714
4.52,2.944
4.525,2.944288
4.53,2.944574
4.535,2.944867
4.54,2.945173
4.545,2.945488
4.55,2.945814
4.555,2.946146
4.56,2.946478
4.565,2.946812
4.57,2.947149
4.575,2.94749
4.58,2.947833
4.585,2.948163
4.59,2.948481
4.595,2.948794
4.6,2.949104
4.605,2.949417
4.61,2.949738
4.615,2.950066
4.62,2.950401
4.625,2.950744
4.63,2.951087
4.635,2.951431
4.64,2.951779
4.645,2.952117
4.65,2.952445
4.655,2.952771
4.66,2.953088
4.665,2.953409
4.67,2.953748
4.675,2.954104
4.68,2.954467
4.685,2.95483
4.69,2.955189
4.695,2.955529
4.7,2.955852
4.705,2.956141
4.71,2.956407
4.715,2.956661
4.72,2.956921
4.725,2.957193
4.73,2.957479
4.735,2.957781
4.74,2.958091
4.745,2.958405
4.75,2.958719
4.755,2.959023
4.76,2.959321
4.765,2.959609
4.77,2.959897
4.775,2.960186
4.78,2.960477
4.785,2.960773
4.79,2.961058
4.795,2.961332
4.8,2.961591
4.805,2.961842
4.81,2.962083
4.815,2.96231
4.82,2.962535
4.825,2.962747
4.83,2.962962
4.835,2.963202
4.84,2.963471
4.845,2.963766
4.85,2.964077
4.855,2.964396
4.86,2.964717
4.865,2.965035
4.87,2.965353
4.875,2.965671
4.88,2.965992
4.885,2.96632
4.89,2.966639
4.895,2.966947
4.9,2.967229
4.905,2.967496
4.91,2.967747
4.915,2.967995
4.92,2.96823
4.925,2.968465
4.93,2.96869
4.935,2.968916
4.94,2.969151
4.945,2.969407
4.95,2.969688
4.955,2.96998
4.96,2.970262
4.965,2.970533
4.97,2.970785
4.975,2.971029
4.98,2.971269
4.985,2.971514
4.99,2.971764
4.995,2.972018
5,2.97227
5.005,2.972527
5.01,2.972798
5.015,2.97307
5.02,2.973343
5.025,2.973611
5.03,2.973882
5.035,2.974146
5.04,2.97441
5.045,2.974661
5.05,2.974909
5.055,2.975144
5.06,2.975371
5.065,2.975594
5.07,2.975799
5.075,2.976005
5.08,2.976201
5.085,2.976381
5.09,2.976567
5.095,2.976744
5.1,2.976924
5.105,2.977114
5.11,2.977313
5.115,2.977531
5.12,2.977762
5.125,2.978007
5.13,2.978261
5.135,2.978522
5.14,2.978795
5.145,2.979076
5.15,2.979368
5.155,2.979662
5.16,2.979957
5.165,2.980248
5.17,2.980532
5.175,2.980815
5.18,2.981092
5.185,2.98137
5.19,2.981645
5.195,2.981923
5.2,2.982205
5.205,2.982488
5.21,2.982765
5.215,2.983035
5.22,2.983303
5.225,2.983568
5.23,2.98384
5.235,2.984111
5.24,2.984388
5.245,2.984663
5.25,2.98494
5.255,2.985204
5.26,2.985465
5.265,2.985712
5.27,2.985958
5.275,2.986196
5.28,2.986439
5.285,2.986676
5.29,2.986919
5.295,2.987158
5.3,2.987403
5.305,2.987643
5.31,2.987888
5.315,2.988129
5.32,2.988374
5.325,2.988615
5.33,2.988858
5.335,2.989097
5.34,2.989332
5.345,2.989567
5.35,2.989796
5.355,2.990029
5.36,2.990253
5.365,2.990483
5.37,2.990705
5.375,2.99093
5.38,2.991151
5.385,2.99137
5.39,2.991592
5.395,2.99181
5.4,2.992034
5.405,2.992252
5.41,2.992476
5.415,2.992695
5.42,2.992921
5.425,2.993148
5.43,2.993383
5.435,2.993621
5.44,2.993867
5.445,2.99411
5.45,2.99435
5.455,2.994586
5.46,2.994818
5.465,2.995053
5.47,2.995298
5.475,2.99555
5.48,2.995809
5.485,2.996079
5.49,2.996369
5.495,2.996673
5.5,2.996978
5.505,2.997277
5.51,2.997563
5.515,2.997843
5.52,2.998105
5.525,2.998355
5.53,2.998592
5.535,2.998797
5.54,2.998987
5.545,2.999171
5.55,2.999335
5.555,2.999503
5.56,2.99968
5.565,2.999878
5.57,3.000093
5.575,3.000324
5.58,3.000566
5.585,3.000817
5.59,3.001071
5.595,3.001328
5.6,3.001579
5.605,3.001802
5.61,3.002016
5.615,3.002213
5.62,3.002398
5.625,3.002588
5.63,3.002781
5.635,3.002992
5.64,3.003198
5.645,3.003397
5.65,3.003598
5.655,3.00379
5.66,3.003991
5.665,3.004189
5.67,3.004391
5.675,3.004599
5.68,3.004803
5.685,3.005016
5.69,3.005223
5.695,3.005434
5.7,3.005644
5.705,3.005853
5.71,3.006067
5.715,3.006275
5.72,3.00649
5.725,3.006698
5.73,3.006906
5.735,3.007116
5.74,3.007319
5.745,3.007529
5.75,3.007733
5.755,3.007943
5.76,3.008151
5.765,3.008358
5.77,3.008571
5.775,3.008799
5.78,3.009038
5.785,3.00927
5.79,3.009505
5.795,3.009722
5.8,3.009935
5.805,3.010141
5.81,3.010328
5.815,3.010517
5.82,3.010701
5.825,3.010879
5.83,3.011067
5.835,3.011264
5.84,3.011482
5.845,3.011695
5.85,3.011902
5.855,3.012108
5.86,3.012306
5.865,3.012513
5.87,3.012714
5.875,3.012916
5.88,3.013121
5.885,3.013321
5.89,3.01353
5.895,3.013747
5.9,3.013981
5.905,3.014209
5.91,3.014438
5.915,3.014658
5.92,3.014863
5.925,3.015069
5.93,3.015269
5.935,3.01548
5.94,3.015693
5.945,3.015922
5.95,3.016149
5.955,3.016379
5.96,3.016607
5.965,3.016833
5.97,3.017062
5.975,3.017277
5.98,3.017493
5.985,3.017698
5.99,3.017892
5.995,3.018089
6,3.018269
6.005,3.018427
6.01,3.01859
6.015,3.018749
6.02,3.018897
6.025,3.019059
6.03,3.019223
6.035,3.019375
6.04,3.019538
6.045,3.019705
6.05,3.019873
6.055,3.020058
6.06,3.020242
6.065,3.020436
6.07,3.020635
6.075,3.020817
6.08,3.021
6.085,3.021182
6.09,3.021348
6.095,3.021522
6.1,3.021707
6.105,3.021918
6.11,3.022135
6.115,3.022328
6.12,3.022513
6.125,3.022692
6.13,3.022852
6.135,3.023021
6.14,3.023195
6.145,3.023381
6.15,3.023583
6.155,3.02378
6.16,3.023985
6.165,3.024185
6.17,3.024376
6.175,3.024573
6.18,3.024756
6.185,3.024934
6.19,3.025118
6.195,3.025315
6.2,3.025531
6.205,3.025756
6.21,3.025995
6.215,3.026231
6.22,3.026472
6.225,3.026702
6.23,3.026931
6.235,3.027152
6.24,3.027367
6.245,3.027583
6.25,3.02778
6.255,3.027974
6.26,3.028166
6.265,3.028331
6.27,3.028486
6.275,3.028647
6.28,3.028797
6.285,3.028923
6.29,3.029055
6.295,3.029199
6.3,3.029333
6.305,3.029438
6.31,3.02954
6.315,3.029663
6.32,3.029791
6.325,3.029927
6.33,3.030087
6.335,3.03025
6.34,3.030417
6.345,3.030599
6.35,3.030772
6.355,3.030939
6.36,3.031116
6.365,3.031284
6.37,3.031458
6.375,3.031641
6.38,3.031814
6.385,3.031997
6.39,3.032181
6.395,3.032364
6.4,3.032559
6.405,3.032744
6.41,3.032905
6.415,3.03307
6.42,3.033232
6.425,3.033389
6.43,3.033562
6.435,3.033733
6.44,3.033901
6.445,3.034081
6.45,3.034254
6.455,3.034421
6.46,3.034599
6.465,3.034768
6.47,3.034934
6.475,3.035111
6.48,3.035279
6.485,3.03545
6.49,3.035631
6.495,3.035801
6.5,3.035976
6.505,3.036157
6.51,3.036341
6.515,3.036541
6.52,3.036732
6.525,3.036907
6.53,3.037087
6.535,3.037257
6.54,3.037409
6.545,3.037571
6.55,3.037745
6.555,3.037949
6.56,3.038158
6.565,3.038354
6.57,3.038553
6.575,3.038739
6.58,3.038921
6.585,3.03911
6.59,3.039283
6.595,3.039449
6.6,3.039623
6.605,3.039788
6.61,3.03996
6.615,3.040141
6.62,3.040308
6.625,3.040474
6.63,3.040647
6.635,3.040807
6.64,3.040965
6.645,3.041137
6.65,3.041335
6.655,3.041559
6.66,3.041813
6.665,3.042097
6.67,3.042401
6.675,3.042678
6.68,3.042916
6.685,3.04313
6.69,3.043307
6.695,3.043436
6.7,3.043552
6.705,3.043679
6.71,3.043805
6.715,3.043922
6.72,3.044059
6.725,3.044209
6.73,3.044347
6.735,3.044461
6.74,3.044588
6.745,3.044726
6.75,3.044852
6.755,3.044954
6.76,3.045066
6.765,3.045196
6.77,3.045324
6.775,3.045427
6.78,3.045498
6.785,3.045573
6.79,3.045678
6.795,3.045795
6.8,3.0459
6.805,3.045975
6.81,3.046031
6.815,3.046113
6.82,3.046224
6.825,3.046338
6.83,3.046455
6.835,3.046596
6.84,3.046746
6.845,3.046883
6.85,3.04703
6.855,3.047188
6.86,3.047345
6.865,3.047521
6.87,3.047702
6.875,3.047891
6.88,3.04809
6.885,3.04828
6.89,3.048474
6.895,3.048667
6.9,3.048844
6.905,3.049028
6.91,3.049209
6.915,3.049396
6.92,3.049593
6.925,3.049778
6.93,3.04996
6.935,3.050145
6.94,3.050309
6.945,3.050442
6.95,3.050578
6.955,3.050721
6.96,3.050855
6.965,3.051004
6.97,3.051167
6.975,3.051321
6.98,3.051475
6.985,3.051642
6.99,3.051798
6.995,3.051944
7,3.052104
7.005,3.052261
7.01,3.052405
7.015,3.052563
7.02,3.052725
7.025,3.05287
7.03,3.053024
7.035,3.053186
7.04,3.053333
7.045,3.053477
7.05,3.053635
7.055,3.053787
7.06,3.053943
7.065,3.054113
7.07,3.054277
7.075,3.054433
7.08,3.054601
7.085,3.054765
7.09,3.054938
7.095,3.055124
7.1,3.055294
7.105,3.055432
7.11,3.055572
7.115,3.055717
7.12,3.055862
7.125,3.05603
7.13,3.056204
7.135,3.056358
7.14,3.056508
7.145,3.056666
7.15,3.056812
7.155,3.056951
7.16,3.057105
7.165,3.057258
7.17,3.057393
7.175,3.057534
7.18,3.057686
7.185,3.057828
7.19,3.057968
7.195,3.058125
7.2,3.058278
7.205,3.058428
7.21,3.058593
7.215,3.058756
7.22,3.058896
7.225,3.05904
7.23,3.059192
7.235,3.059332
7.24,3.059439
7.245,3.059529
7.25,3.05964
7.255,3.059764
7.26,3.059877
7.265,3.059972
7.27,3.060086
7.275,3.060218
7.28,3.060354
7.285,3.060516
7.29,3.060689
7.295,3.060846
7.3,3.061
7.305,3.061162
7.31,3.061312
7.315,3.061437
7.32,3.061573
7.325,3.061717
7.33,3.061848
7.335,3.061962
7.34,3.062092
7.345,3.062232
7.35,3.06236
7.355,3.062481
7.36,3.062622
7.365,3.062766
7.37,3.062895
7.375,3.063036
7.38,3.063189
7.385,3.06333
7.39,3.06346
7.395,3.063605
7.4,3.063754
7.405,3.063898
7.41,3.064061
7.415,3.064227
7.42,3.064373
7.425,3.064521
7.43,3.064678
7.435,3.064822
7.44,3.06494
7.445,3.065065
7.45,3.065203
7.455,3.065333
7.46,3.065446
7.465,3.065575
7.47,3.065716
7.475,3.065847
7.48,3.065971
7.485,3.066114
7.49,3.06626
7.495,3.066406
7.5,3.066571
7.505,3.066739
7.51,3.066908
7.515,3.067092
7.52,3.067277
7.525,3.067479
7.53,3.067685
7.535,3.067905
7.54,3.068127
7.545,3.06834
7.55,3.068556
7.555,3.068751
7.56,3.068903
7.565,3.069036
7.57,3.069174
7.575,3.069307
7.58,3.069414
7.585,3.069511
7.59,3.069631
7.595,3.069762
7.6,3.069879
7.605,3.069979
7.61,3.070097
7.615,3.07023
7.62,3.070354
7.625,3.07045
7.63,3.070538
7.635,3.07065
7.64,3.070774
7.645,3.070886
7.65,3.070968
7.655,3.071028
7.66,3.071113
7.665,3.071225
7.67,3.07134
7.675,3.071434
7.68,3.071504
7.685,3.071591
7.69,3.071705
7.695,3.071824
7.7,3.071933
7.705,3.072061
7.71,3.072206
7.715,3.072341
7.72,3.072453
7.725,3.072577
7.73,3.072714
7.735,3.072842
7.74,3.072947
7.745,3.073061
7.75,3.073193
7.755,3.073323
7.76,3.073451
7.765,3.073601
7.77,3.073755
7.775,3.073907
7.78,3.074076
7.785,3.074246
7.79,3.074425
7.795,3.074616
7.8,3.074793
7.805,3.07497
7.81,3.075151
7.815,3.075312
7.82,3.075442
7.825,3.075574
7.83,3.075715
7.835,3.075844
7.84,3.075964
7.845,3.076104
7.85,3.07625
7.855,3.076377
7.86,3.076484
7.865,3.076607
7.87,3.076741
7.875,3.076863
7.88,3.076962
7.885,3.077072
7.89,3.077202
7.895,3.077328
7.9,3.077431
7.905,3.077529
7.91,3.07765
7.915,3.07778
7.92,3.077893
7.925,3.077991
7.93,3.078109
7.935,3.078241
7.94,3.078363
7.945,3.078479
7.95,3.078616
7.955,3.07876
7.96,3.078884
7.965,3.078972
7.97,3.079026
7.975,3.079093
7.98,3.079193
7.985,3.079306
7.99,3.079407
7.995,3.079479
8,3.079535
8.005,3.079619
8.01,3.079731
8.015,3.079845
8.02,3.079938
8.025,3.079999
8.03,3.080033
8.035,3.080087
8.04,3.080181
8.045,3.080294
8.05,3.080398
8.055,3.080475
8.06,3.080519
8.065,3.080559
8.07,3.080638
8.075,3.080747
8.08,3.080858
8.085,3.080962
8.09,3.08109
8.095,3.081231
8.1,3.08136
8.105,3.081468
8.11,3.081591
8.115,3.081727
8.12,3.081855
8.125,3.081993
8.13,3.082149
8.135,3.082299
8.14,3.082424
8.145,3.082554
8.15,3.082695
8.155,3.082829
8.16,3.082961
8.165,3.083112
8.17,3.083268
8.175,3.08344
8.18,3.083627
8.185,3.083816
8.19,3.084021
8.195,3.084236
8.2,3.084471
8.205,3.084701
8.21,3.084936
8.215,3.08516
8.22,3.085343
8.225,3.085479
8.23,3.08561
8.235,3.085743
8.24,3.085861
8.245,3.085961
8.25,3.086077
8.255,3.086212
8.26,3.08634
8.265,3.08644
8.27,3.086516
8.275,3.086612
8.28,3.08673
8.285,3.086846
8.29,3.086939
8.295,3.087
8.3,3.087056
8.305,3.087146
8.31,3.08726
8.315,3.08737
8.32,3.087455
8.325,3.087508
8.33,3.087555
8.335,3.087637
8.34,3.087748
8.345,3.087858
8.35,3.087947
8.355,3.088004
8.36,3.08803
8.365,3.088035
8.37,3.088055
8.375,3.088128
8.38,3.088239
8.385,3.088354
8.39,3.088447
8.395,3.088507
8.4,3.088548
8.405,3.088621
8.41,3.088726
8.415,3.088838
8.42,3.088931
8.425,3.089006
8.43,3.089101
8.435,3.08922
8.44,3.089339
8.445,3.089435
8.45,3.089522
8.455,3.089633
8.46,3.089758
8.465,3.089885
8.47,3.090037
8.475,3.0902
8.48,3.090349
8.485,3.090499
8.49,3.09066
8.495,3.090811
8.5,3.090967
8.505,3.091137
8.51,3.091296
8.515,3.091448
8.52,3.091612
8.525,3.091772
8.53,3.091938
8.535,3.092118
8.54,3.09229
8.545,3.092467
8.55,3.092651
8.555,3.09282
8.56,3.092993
8.565,3.09317
8.57,3.093333
8.575,3.093504
8.58,3.09368
8.585,3.093852
8.59,3.094038
8.595,3.09422
8.6,3.094376
8.605,3.094528
8.61,3.094684
8.615,3.094826
8.62,3.094935
8.625,3.095019
8.63,3.095123
8.635,3.095243
8.64,3.095358
8.645,3.095448
8.65,3.095505
8.655,3.095562
8.66,3.095655
8.665,3.095768
8.67,3.095877
8.675,3.09596
8.68,3.096011
8.685,3.096032
8.69,3.096033
8.695,3.096023
8.7,3.096011
8.705,3.096001
8.71,3.095995
8.715,3.095994
8.72,3.095994
8.725,3.095996
8.73,3.095998
8.735,3.096
8.74,3.096001
8.745,3.096001
8.75,3.096001
8.755,3.096007
8.76,3.096062
8.765,3.096168
8.77,3.096294
8.775,3.096406
8.78,3.096485
8.785,3.096528
8.79,3.096541
8.795,3.096535
8.8,3.096522
8.805,3.09654
8.81,3.09662
8.815,3.096737
8.82,3.096857
8.825,3.096958
8.83,3.097069
8.835,3.097199
8.84,3.097326
8.845,3.097428
8.85,3.097506
8.855,3.097601
8.86,3.097719
8.865,3.097837
8.87,3.097936
8.875,3.098041
8.88,3.09817
8.885,3.098301
8.89,3.098414
8.895,3.098534
8.9,3.098672
8.905,3.098815
8.91,3.098979
8.915,3.099159
8.92,3.099347
8.925,3.099552
8.93,3.099754
8.935,3.099965
8.94,3.100172
8.945,3.100346
8.95,3.100503
8.955,3.100662
8.96,3.100808
8.965,3.100932
8.97,3.101069
8.975,3.101215
8.98,3.101355
8.985,3.10151
8.99,3.101678
8.995,3.101852
9,3.102045
9.005,3.102233
9.01,3.102406
9.015,3.102586
9.02,3.102756
9.025,3.102897
9.03,3.103037
9.035,3.103186
9.04,3.103325
9.045,3.103434
9.05,3.103542
9.055,3.103669
9.06,3.103799
9.065,3.10391
9.07,3.104024
9.075,3.104158
9.08,3.104294
9.085,3.104408
9.09,3.104485
9.095,3.104527
9.1,3.104575
9.105,3.104662
9.11,3.104773
9.115,3.104879
9.12,3.104962
9.125,3.105011
9.13,3.105032
9.135,3.105033
9.14,3.105023
9.145,3.105021
9.15,3.105072
9.155,3.105176
9.16,3.1053
9.165,3.10541
9.17,3.105488
9.175,3.105529
9.18,3.105541
9.185,3.105536
9.19,3.105556
9.195,3.105633
9.2,3.105747
9.205,3.105862
9.21,3.105954
9.215,3.106011
9.22,3.106036
9.225,3.106057
9.23,3.106123
9.235,3.106227
9.24,3.106339
9.245,3.106434
9.25,3.106498
9.255,3.106529
9.26,3.10655
9.265,3.106611
9.27,3.106712
9.275,3.106825
9.28,3.106924
9.285,3.106991
9.29,3.107027
9.295,3.107041
9.3,3.107084
9.305,3.107174
9.31,3.107288
9.315,3.107394
9.32,3.107474
9.325,3.107557
9.33,3.107666
9.335,3.107787
9.34,3.107896
9.345,3.108
9.35,3.108128
9.355,3.108265
9.36,3.108385
9.365,3.108494
9.37,3.108624
9.375,3.10876
9.38,3.108881
9.385,3.10899
9.39,3.109119
9.395,3.109257
9.4,3.109379
9.405,3.109498
9.41,3.109636
9.415,3.109781
9.42,3.109949
9.425,3.110133
9.43,3.110304
9.435,3.110469
9.44,3.110639
9.445,3.110803
9.45,3.110981
9.455,3.111165
9.46,3.111352
9.465,3.111551
9.47,3.111741
9.475,3.111913
9.48,3.11209
9.485,3.112257
9.49,3.112392
9.495,3.112482
9.5,3.11253
9.505,3.112581
9.51,3.112668
9.515,3.112777
9.52,3.112882
9.525,3.112962
9.53,3.113011
9.535,3.113031
9.54,3.113032
9.545,3.113027
9.55,3.113065
9.555,3.113158
9.56,3.113277
9.565,3.11339
9.57,3.113474
9.575,3.113522
9.58,3.113539
9.585,3.113536
9.59,3.113524
9.595,3.11351
9.6,3.1135
9.605,3.113494
9.61,3.113493
9.615,3.113494
9.62,3.113496
9.625,3.113499
9.63,3.1135
9.635,3.113501
9.64,3.113501
9.645,3.113501
9.65,3.1135
9.655,3.1135
9.66,3.1135
9.665,3.1135
9.67,3.1135
9.675,3.1135
9.68,3.1135
9.685,3.11353
9.69,3.113617
9.695,3.113739
9.7,3.11386
9.705,3.113955
9.71,3.114014
9.715,3.114061
9.72,3.114141
9.725,3.114251
9.73,3.114401
9.735,3.114585
9.74,3.114766
9.745,3.114921
9.75,3.115076
9.755,3.115229
9.76,3.115362
9.765,3.115462
9.77,3.115566
9.775,3.115689
9.78,3.115814
9.785,3.115918
9.79,3.11601
9.795,3.116124
9.8,3.116253
9.805,3.116372
9.81,3.116494
9.815,3.116638
9.82,3.116783
9.825,3.116911
9.83,3.11705
9.835,3.117201
9.84,3.117339
9.845,3.117446
9.85,3.117554
9.855,3.11768
9.86,3.117807
9.865,3.117913
9.87,3.117997
9.875,3.118098
9.88,3.118221
9.885,3.118341
9.89,3.118437
9.895,3.11852
9.9,3.118627
9.905,3.118751
9.91,3.118866
9.915,3.118955
9.92,3.119034
9.925,3.119138
9.93,3.11926
9.935,3.119373
9.94,3.119459
9.945,3.119512
9.95,3.119571
9.955,3.119666
9.96,3.11978
9.965,3.119886
9.97,3.119967
9.975,3.120014
9.98,3.120035
9.985,3.120077
9.99,3.120164
9.995,3.120277
10,3.120384
10.005,3.120466
10.01,3.120515
10.015,3.12054
10.02,3.120589
10.025,3.120682
10.03,3.120795
10.035,3.120899
10.04,3.120975
10.045,3.121019
10.05,3.121035
10.055,3.121063
10.06,3.121138
10.065,3.121248
10.07,3.12136
10.075,3.12145
10.08,3.121507
10.085,3.121561
10.09,3.121649
10.095,3.12176
10.1,3.121869
10.105,3.121955
10.11,3.122008
10.115,3.122033
10.12,3.122075
10.125,3.122162
10.13,3.122274
10.135,3.122382
10.14,3.122464
10.145,3.122514
10.15,3.122534
10.155,3.122563
10.16,3.122638
10.165,3.122747
10.17,3.122859
10.175,3.122949
10.18,3.123009
10.185,3.123078
10.19,3.12318
10.195,3.123296
10.2,3.1234
10.205,3.123475
10.21,3.123525
10.215,3.123597
10.22,3.123702
10.225,3.123817
10.23,3.123916
10.235,3.123986
10.24,3.124052
10.245,3.124149
10.25,3.124266
10.255,3.124376
10.26,3.12446
10.265,3.124514
10.27,3.124578
10.275,3.124677
10.28,3.124792
10.285,3.124897
10.29,3.124974
10.295,3.125028
10.3,3.125108
10.305,3.125217
10.31,3.125332
10.315,3.125428
10.32,3.125493
10.325,3.125553
10.33,3.125645
10.335,3.125759
10.34,3.12587
10.345,3.125955
10.35,3.126015
10.355,3.126093
10.36,3.126202
10.365,3.126318
10.37,3.126418
10.375,3.126487
10.38,3.126524
10.385,3.126535
10.39,3.126556
10.395,3.126628
10.4,3.126737
10.405,3.126851
10.41,3.126945
10.415,3.127005
10.42,3.127053
10.425,3.127135
10.43,3.127244
10.435,3.127354
10.44,3.127444
10.445,3.127502
10.45,3.127529
10.455,3.127534
10.46,3.12755
10.465,3.12762
10.47,3.127729
10.475,3.127845
10.48,3.127941
10.485,3.128003
10.49,3.128033
10.495,3.128048
10.5,3.128101
10.505,3.128199
10.51,3.128312
10.515,3.128414
10.52,3.128486
10.525,3.128524
10.53,3.128547
10.535,3.128604
10.54,3.128702
10.545,3.128816
10.55,3.128916
10.555,3.128986
10.56,3.129037
10.565,3.129116
10.57,3.129224
10.575,3.129337
10.58,3.129432
10.585,3.129496
10.59,3.129563
10.595,3.129663
10.6,3.129779
10.605,3.129887
10.61,3.129967
10.615,3.130026
10.62,3.130109
10.625,3.13022
10.63,3.130335
10.635,3.130448
10.64,3.130585
10.645,3.130733
10.65,3.130865
10.655,3.130962
10.66,3.131042
10.665,3.131145
10.67,3.131264
10.675,3.131374
10.68,3.131458
10.685,3.131509
10.69,3.131548
10.695,3.131622
10.7,3.131729
10.705,3.131841
10.71,3.131935
10.715,3.131998
10.72,3.13206
10.725,3.132154
10.73,3.132269
10.735,3.132378
10.74,3.132461
10.745,3.132511
10.75,3.132545
10.755,3.132613
10.76,3.132716
10.765,3.132829
10.77,3.132926
10.775,3.132992
10.78,3.133026
10.785,3.133037
10.79,3.133072
10.795,3.133157
10.8,3.13327
10.805,3.133379
10.81,3.133464
10.815,3.133515
10.82,3.133535
10.825,3.133535
10.83,3.133524
10.835,3.133511
10.84,3.133501
10.845,3.133495
10.85,3.133493
10.855,3.133494
10.86,3.133496
10.865,3.133498
10.87,3.1335
10.875,3.133501
10.88,3.133501
10.885,3.133501
10.89,3.133501
10.895,3.133508
10.9,3.133564
10.905,3.133671
10.91,3.133796
10.915,3.133908
10.92,3.133986
10.925,3.134028
10.93,3.134041
10.935,3.134035
10.94,3.134021
10.945,3.134033
10.95,3.134106
10.955,3.134222
10.96,3.134344
10.965,3.134443
10.97,3.134507
10.975,3.134539
10.98,3.134585
10.985,3.134672
10.99,3.134782
10.995,3.134887
11,3.134967
11.005,3.135035
11.01,3.135131
11.015,3.135248
11.02,3.135362
11.025,3.135456
11.03,3.135562
11.035,3.13569
11.04,3.135818
11.045,3.13593
11.05,3.136055
11.055,3.136196
11.06,3.13633
11.065,3.136436
11.07,3.13653
11.075,3.136645
11.08,3.136771
11.085,3.136884
11.09,3.136972
11.095,3.13707
11.1,3.137192
11.105,3.137316
11.11,3.13742
11.115,3.137499
11.12,3.137595
11.125,3.137714
11.13,3.137833
11.135,3.137931
11.14,3.137996
11.145,3.138051
11.15,3.138139
11.155,3.138251
11.16,3.138362
11.165,3.13845
11.17,3.138505
11.175,3.13853
11.18,3.138534
11.185,3.138533
11.19,3.138578
11.195,3.138676
11.2,3.138795
11.205,3.138904
11.21,3.138982
11.215,3.139025
11.22,3.139039
11.225,3.139034
11.23,3.139021
11.235,3.139008
11.24,3.139008
11.245,3.139065
11.25,3.139174
11.255,3.139301
11.26,3.139413
11.265,3.13949
11.27,3.139531
11.275,3.139542
11.28,3.139535
11.285,3.139521
11.29,3.13951
11.295,3.139542
11.3,3.139635
11.305,3.139759
11.31,3.139878
11.315,3.139968
11.32,3.140021
11.325,3.14004
11.33,3.140038
11.335,3.140026
11.34,3.140011
11.345,3.14
11.35,3.139994
11.355,3.139993
11.36,3.139994
11.365,3.139996
11.37,3.139999
11.375,3.14
11.38,3.140001
11.385,3.140001
11.39,3.140001
11.395,3.140008
11.4,3.140064
11.405,3.140171
11.41,3.140296
11.415,3.140408
11.42,3.140486
11.425,3.140528
11.43,3.140543
11.435,3.140579
11.44,3.140663
11.445,3.140774
11.45,3.140893
11.455,3.141041
11.46,3.141202
11.465,3.141368
11.47,3.141551
11.475,3.141732
11.48,3.141894
11.485,3.142062
11.49,3.142229
11.495,3.142369
11.5,3.142491
11.505,3.142626
11.51,3.142764
11.515,3.142896
11.52,3.143047
11.525,3.143208
11.53,3.143351
11.535,3.143468
11.54,3.143595
11.545,3.143732
11.55,3.143856
11.555,3.143977
11.56,3.144118
11.565,3.144263
11.57,3.14439
11.575,3.14452
11.58,3.144665
11.585,3.144805
11.59,3.144919
11.595,3.144993
11.6,3.14503
11.605,3.145038
11.61,3.145031
11.615,3.145017
11.62,3.145005
11.625,3.145015
11.63,3.145087
11.635,3.145204
11.64,3.14533
11.645,3.145435
11.65,3.145503
11.655,3.145536
11.66,3.145541
11.665,3.145532
11.67,3.145517
11.675,3.145504
11.68,3.145496
11.685,3.145493
11.69,3.145493
11.695,3.145495
11.7,3.145498
11.705,3.1455
11.71,3.145501
11.715,3.145501
11.72,3.145501
11.725,3.145501
11.73,3.1455
11.735,3.1455
11.74,3.1455
11.745,3.1455
11.75,3.1455
11.755,3.1455
11.76,3.1455
11.765,3.1455
11.77,3.1455
11.775,3.1455
11.78,3.1455
11.785,3.1455
11.79,3.1455
11.795,3.145507
11.8,3.145564
11.805,3.145671
11.81,3.145797
11.815,3.145908
11.82,3.145987
11.825,3.146028
11.83,3.146041
11.835,3.146059
11.84,3.146127
11.845,3.146234
11.85,3.146347
11.855,3.146441
11.86,3.146502
11.865,3.146557
11.87,3.146645
11.875,3.146757
11.88,3.146866
11.885,3.146953
11.89,3.147007
11.895,3.14704
11.9,3.147104
11.905,3.147205
11.91,3.147319
11.915,3.147418
11.92,3.147501
11.925,3.147606
11.93,3.147731
11.935,3.147851
11.94,3.147959
11.945,3.148086
11.95,3.148227
11.955,3.148356
11.96,3.148453
11.965,3.148529
11.97,3.148627
11.975,3.148745
11.98,3.148858
11.985,3.148958
11.99,3.149076
11.995,3.149213
12,3.149342
12.005,3.149449
12.01,3.149565
12.015,3.149699
12.02,3.149829
12.025,3.149949
12.03,3.15009
12.035,3.150238
12.04,3.150369
12.045,3.150494
12.05,3.150635
12.055,3.150777
12.06,3.150897
12.065,3.150979
12.07,3.151024
12.075,3.151038
12.08,3.151033
12.085,3.15102
12.09,3.151007
12.095,3.150998
12.1,3.150994
12.105,3.151001
12.11,3.151062
12.115,3.151173
12.12,3.151301
12.125,3.151412
12.13,3.15149
12.135,3.151531
12.14,3.151542
12.145,3.151535
12.15,3.15152
12.155,3.151507
12.16,3.151497
12.165,3.151493
12.17,3.151493
12.175,3.151495
12.18,3.151497
12.185,3.151499
12.19,3.151501
12.195,3.151501
12.2,3.151501
12.205,3.151501
12.21,3.1515
12.215,3.1515
12.22,3.1515
12.225,3.1515
12.23,3.1515
12.235,3.1515
12.24,3.1515
12.245,3.1515
12.25,3.1515
12.255,3.1515
12.26,3.1515
12.265,3.1515
12.27,3.1515
12.275,3.1515
12.28,3.1515
12.285,3.1515
12.29,3.15152
12.295,3.151596
12.3,3.151713
12.305,3.151837
12.31,3.151939
12.315,3.152035
12.32,3.152152
12.325,3.152279
12.33,3.152394
12.335,3.152522
12.34,3.152669
12.345,3.152811
12.35,3.152936
12.355,3.153075
12.36,3.153223
12.365,3.153356
12.37,3.153472
12.375,3.153604
12.38,3.153745
12.385,3.153869
12.39,3.153969
12.395,3.154082
12.4,3.154211
12.405,3.154336
12.41,3.154436
12.415,3.154521
12.42,3.15463
12.425,3.154754
12.43,3.154869
12.435,3.154971
12.44,3.155094
12.445,3.155231
12.45,3.155357
12.455,3.155454
12.46,3.15555
12.465,3.15567
12.47,3.155795
12.475,3.155903
12.48,3.156
12.485,3.156119
12.49,3.15625
12.495,3.15637
12.5,3.15646
12.505,3.156513
12.51,3.156534
12.515,3.156534
12.52,3.156524
12.525,3.156515
12.53,3.156551
12.535,3.156646
12.54,3.15677
12.545,3.156886
12.55,3.156973
12.555,3.157022
12.56,3.15704
12.565,3.157037
12.57,3.157024
12.575,3.15701
12.58,3.157
12.585,3.156994
12.59,3.156993
12.595,3.156994
12.6,3.156996
12.605,3.156999
12.61,3.157
12.615,3.157001
12.62,3.157001
12.625,3.157001
12.63,3.157
12.635,3.157
12.64,3.157
12.645,3.157
12.65,3.157
12.655,3.157
12.66,3.157
12.665,3.157
12.67,3.157
12.675,3.157
12.68,3.157
12.685,3.157
12.69,3.157
12.695,3.157
12.7,3.157
12.705,3.157
12.71,3.157
12.715,3.157
12.72,3.157
12.725,3.157
12.73,3.157
12.735,3.157
12.74,3.157
12.745,3.157
12.75,3.157
12.755,3.157001
12.76,3.157036
12.765,3.157128
12.77,3.157252
12.775,3.157371
12.78,3.157463
12.785,3.157517
12.79,3.157539
12.795,3.157538
12.8,3.157526
12.805,3.157512
12.81,3.157501
12.815,3.157494
12.82,3.157493
12.825,3.157494
12.83,3.157525
12.835,3.157613
12.84,3.157736
12.845,3.157859
12.85,3.15797
12.855,3.158099
12.86,3.158239
12.865,3.158372
12.87,3.15852
12.875,3.158682
12.88,3.15883
12.885,3.158963
12.89,3.15911
12.895,3.159257
12.9,3.159383
12.905,3.159492
12.91,3.159619
12.915,3.159754
12.92,3.159874
12.925,3.159983
12.93,3.160112
12.935,3.16025
12.94,3.160373
12.945,3.160463
12.95,3.160529
12.955,3.160618
12.96,3.16073
12.965,3.160844
12.97,3.160938
12.975,3.161037
12.98,3.16116
12.985,3.16129
12.99,3.161402
12.995,3.16148
13,3.161523
13.005,3.161536
13.01,3.161532
13.015,3.161539
13.02,3.161601
13.025,3.161709
13.03,3.161829
13.035,3.16193
13.04,3.161998
13.045,3.162032
13.05,3.162039
13.055,3.162031
13.06,3.162017
13.065,3.162005
13.07,3.161997
13.075,3.161993
13.08,3.161993
13.085,3.161995
13.09,3.161998
13.095,3.161999
13.1,3.162001
13.105,3.162001
13.11,3.162001
13.115,3.162001
13.12,3.162
13.125,3.162
13.13,3.162
13.135,3.162
13.14,3.162
13.145,3.162
13.15,3.162
13.155,3.162
13.16,3.162
13.165,3.162
13.17,3.162
13.175,3.162
13.18,3.162007
13.185,3.162062
13.19,3.162168
13.195,3.162294
13.2,3.162406
13.205,3.162485
13.21,3.162528
13.215,3.162541
13.22,3.162535
13.225,3.162521
13.23,3.162508
13.235,3.162504
13.24,3.162554
13.245,3.162659
13.25,3.162786
13.255,3.162902
13.26,3.163021
13.265,3.163158
13.27,3.163296
13.275,3.163409
13.28,3.163497
13.285,3.163601
13.29,3.163723
13.295,3.163843
13.3,3.163941
13.305,3.164049
13.31,3.164178
13.315,3.164308
13.32,3.164416
13.325,3.164491
13.33,3.164567
13.335,3.164672
13.34,3.164789
13.345,3.164895
13.35,3.164975
13.355,3.165061
13.36,3.165175
13.365,3.165298
13.37,3.165404
13.375,3.16548
13.38,3.165531
13.385,3.165606
13.39,3.165712
13.395,3.165826
13.4,3.165923
13.405,3.16599
13.41,3.166056
13.415,3.166154
13.42,3.16627
13.425,3.166379
13.43,3.166462
13.435,3.166512
13.44,3.166532
13.445,3.166533
13.45,3.166523
13.455,3.166511
13.46,3.166501
13.465,3.166495
13.47,3.166494
13.475,3.166494
13.48,3.166497
13.485,3.166499
13.49,3.1665
13.495,3.166501
13.5,3.166501
13.505,3.166501
13.51,3.1665
13.515,3.1665
13.52,3.1665
13.525,3.1665
13.53,3.1665
13.535,3.166502
13.54,3.166545
13.545,3.166642
13.55,3.166767
13.555,3.166884
13.56,3.166971
13.565,3.167021
13.57,3.16704
13.575,3.167037
13.58,3.167024
13.585,3.16701
13.59,3.167
13.595,3.166994
13.6,3.166993
13.605,3.166994
13.61,3.166996
13.615,3.166999
13.62,3.167
13.625,3.167001
13.63,3.167001
13.635,3.167001
13.64,3.167001
13.645,3.167
13.65,3.167
13.655,3.167
13.66,3.167
13.665,3.167
13.67,3.167
13.675,3.167
13.68,3.167
13.685,3.167021
13.69,3.167098
13.695,3.167216
13.7,3.16734
13.705,3.167441
13.71,3.167506
13.715,3.167536
13.72,3.16754
13.725,3.16753
13.73,3.167516
13.735,3.167503
13.74,3.167496
13.745,3.167494
13.75,3.167528
13.755,3.167621
13.76,3.167747
13.765,3.167869
13.77,3.167962
13.775,3.168041
13.78,3.168144
13.785,3.168263
13.79,3.168373
13.795,3.168461
13.8,3.168557
13.805,3.168678
13.81,3.168804
13.815,3.168911
13.82,3.169015
13.825,3.169141
13.83,3.169274
13.835,3.169391
13.84,3.169474
13.845,3.169544
13.85,3.169642
13.855,3.169759
13.86,3.16987
13.865,3.16997
13.87,3.170092
13.875,3.170229
13.88,3.170356
13.885,3.170469
13.89,3.1706
13.895,3.170741
13.9,3.170872
13.905,3.171015
13.91,3.171173
13.915,3.17132
13.92,3.171433
13.925,3.171509
13.93,3.171592
13.935,3.1717
13.94,3.171814
13.945,3.171914
13.95,3.171983
13.955,3.172021
13.96,3.172033
13.965,3.172029
13.97,3.172024
13.975,3.172067
13.98,3.172165
13.985,3.172286
13.99,3.172398
13.995,3.172479
14,3.172525
14.005,3.17254
14.01,3.172535
14.015,3.172522
14.02,3.172509
14.025,3.172499
14.03,3.172505
14.035,3.172569
14.04,3.172683
14.045,3.17281
14.05,3.17292
14.055,3.172995
14.06,3.173033
14.065,3.173042
14.07,3.173034
14.075,3.173019
14.08,3.173006
14.085,3.172997
14.09,3.172993
14.095,3.172993
14.1,3.172995
14.105,3.172997
14.11,3.172999
14.115,3.173001
14.12,3.173001
14.125,3.173001
14.13,3.173001
14.135,3.173
14.14,3.173
14.145,3.173
14.15,3.173
14.155,3.173
14.16,3.173
14.165,3.173
14.17,3.173
14.175,3.173
14.18,3.173
14.185,3.173
14.19,3.173
14.195,3.173
14.2,3.173
14.205,3.173
14.21,3.173
14.215,3.173
14.22,3.173
14.225,3.173
14.23,3.173019
14.235,3.173094
14.24,3.173211
14.245,3.173335
14.25,3.173437
14.255,3.173504
14.26,3.173535
14.265,3.17354
14.27,3.173531
14.275,3.173516
14.28,3.173504
14.285,3.173496
14.29,3.173493
14.295,3.173493
14.3,3.173495
14.305,3.173498
14.31,3.1735
14.315,3.173516
14.32,3.173587
14.325,3.173702
14.33,3.173826
14.335,3.173931
14.34,3.174
14.345,3.174034
14.35,3.174061
14.355,3.174129
14.36,3.174233
14.365,3.174344
14.37,3.174437
14.375,3.174512
14.38,3.174611
14.385,3.174731
14.39,3.174848
14.395,3.174944
14.4,3.175044
14.405,3.175167
14.41,3.175296
14.415,3.175406
14.42,3.175498
14.425,3.175611
14.43,3.175739
14.435,3.175859
14.44,3.175951
14.445,3.176008
14.45,3.176042
14.455,3.176105
14.46,3.176206
14.465,3.176319
14.47,3.176417
14.475,3.176487
14.48,3.176524
14.485,3.176536
14.49,3.176565
14.495,3.176644
14.5,3.176755
14.505,3.176867
14.51,3.176955
14.515,3.17701
14.52,3.177036
14.525,3.177076
14.53,3.177161
14.535,3.177272
14.54,3.177379
14.545,3.177462
14.55,3.177513
14.555,3.177533
14.56,3.177534
14.565,3.177524
14.57,3.177511
14.575,3.177501
14.58,3.177495
14.585,3.177494
14.59,3.177494
14.595,3.177496
14.6,3.177498
14.605,3.1775
14.61,3.177514
14.615,3.177581
14.62,3.177694
14.625,3.177819
14.63,3.177925
14.635,3.177997
14.64,3.178032
14.645,3.17804
14.65,3.178032
14.655,3.178018
14.66,3.178005
14.665,3.177997
14.67,3.177993
14.675,3.177993
14.68,3.177995
14.685,3.177997
14.69,3.177999
14.695,3.178001
14.7,3.178001
14.705,3.178001
14.71,3.178001
14.715,3.178
14.72,3.178
14.725,3.178
14.73,3.178
14.735,3.178
14.74,3.178
14.745,3.178
14.75,3.178
14.755,3.178
14.76,3.178
14.765,3.178
14.77,3.178
14.775,3.178
14.78,3.178
14.785,3.178
14.79,3.178
14.795,3.178
14.8,3.178008
14.805,3.178065
14.81,3.178173
14.815,3.178299
14.82,3.17841
14.825,3.178488
14.83,3.178529
14.835,3.178541
14.84,3.178534
14.845,3.178521
14.85,3.178507
14.855,3.178498
14.86,3.178493
14.865,3.178493
14.87,3.178495
14.875,3.178497
14.88,3.178499
14.885,3.178501
14.89,3.178501
14.895,3.178501
14.9,3.178501
14.905,3.178509
14.91,3.178567
14.915,3.178676
14.92,3.178801
14.925,3.178912
14.93,3.178989
14.935,3.179029
14.94,3.179041
14.945,3.179047
14.95,3.179099
14.955,3.179198
14.96,3.179314
14.965,3.179417
14.97,3.179514
14.975,3.179635
14.98,3.179766
14.985,3.179883
14.99,3.179983
14.995,3.180101
15,3.180233
15.005,3.180357
15.01,3.180451
15.015,3.180537
15.02,3.180648
15.025,3.180771
15.03,3.180883
15.035,3.180966
15.04,3.181023
15.045,3.181102
15.05,3.181211
15.055,3.181326
15.06,3.181424
15.065,3.181511
15.07,3.181623
15.075,3.18175
15.08,3.181872
15.085,3.182007
15.09,3.18216
15.095,3.182308
15.1,3.182424
15.105,3.182499
15.11,3.182535
15.115,3.182541
15.12,3.182532
15.125,3.182517
15.13,3.182504
15.135,3.182496
15.14,3.182492
15.145,3.182493
15.15,3.182495
15.155,3.182498
15.16,3.182532
15.165,3.182622
15.17,3.182745
15.175,3.182866
15.18,3.182959
15.185,3.183015
15.19,3.183038
15.195,3.183039
15.2,3.183027
15.205,3.183013
15.21,3.183001
15.215,3.182995
15.22,3.182993
15.225,3.182994
15.23,3.182996
15.235,3.182998
15.24,3.183
15.245,3.183001
15.25,3.183001
15.255,3.183001
15.26,3.183001
15.265,3.183
15.27,3.183
15.275,3.183
15.28,3.183
15.285,3.183
15.29,3.183
15.295,3.183
15.3,3.183
15.305,3.183
15.31,3.183
15.315,3.183
15.32,3.183
15.325,3.183
15.33,3.183
15.335,3.183
15.34,3.183
15.345,3.183
15.35,3.183
15.355,3.183
15.36,3.183
15.365,3.183
15.37,3.183
15.375,3.183
15.38,3.183
15.385,3.183
15.39,3.183
15.395,3.183
15.4,3.183
15.405,3.183
15.41,3.183
15.415,3.183
15.42,3.183
15.425,3.183025
15.43,3.183106
15.435,3.183226
15.44,3.183349
15.445,3.183447
15.45,3.183517
15.455,3.183601
15.46,3.183711
15.465,3.183826
15.47,3.183923
15.475,3.183989
15.48,3.184043
15.485,3.184129
15.49,3.184241
15.495,3.184355
15.5,3.184477
15.505,3.184624
15.51,3.184774
15.515,3.184911
15.52,3.185062
15.525,3.185219
15.53,3.185358
15.535,3.185458
15.54,3.185516
15.545,3.185539
15.55,3.185539
15.555,3.185563
15.56,3.185642
15.565,3.185754
15.57,3.185867
15.575,3.185956
15.58,3.186012
15.585,3.186035
15.59,3.186037
15.595,3.186038
15.6,3.186091
15.605,3.186193
15.61,3.186311
15.615,3.186416
15.62,3.186489
15.625,3.186528
15.63,3.186539
15.635,3.186533
15.64,3.186532
15.645,3.186585
15.65,3.186689
15.655,3.18681
15.66,3.186916
15.665,3.18699
15.67,3.187029
15.675,3.18704
15.68,3.187033
15.685,3.18702
15.69,3.187007
15.695,3.187008
15.7,3.187066
15.705,3.187176
15.71,3.187304
15.715,3.187415
15.72,3.187492
15.725,3.187531
15.73,3.187542
15.735,3.187535
15.74,3.18752
15.745,3.187507
15.75,3.187497
15.755,3.187493
15.76,3.187493
15.765,3.187495
15.77,3.187497
15.775,3.187499
15.78,3.187501
15.785,3.187501
15.79,3.187501
15.795,3.187501
15.8,3.1875
15.805,3.187522
15.81,3.1876
15.815,3.187718
15.82,3.187842
15.825,3.187942
15.83,3.188006
15.835,3.188036
15.84,3.18804
15.845,3.18803
15.85,3.188016
15.855,3.188003
15.86,3.187996
15.865,3.187993
15.87,3.187993
15.875,3.187995
15.88,3.187998
15.885,3.188
15.89,3.188001
15.895,3.188001
15.9,3.188001
15.905,3.188001
15.91,3.188021
15.915,3.188098
15.92,3.188216
15.925,3.188339
15.93,3.18844
15.935,3.188506
15.94,3.188536
15.945,3.18854
15.95,3.18853
15.955,3.188516
15.96,3.188503
15.965,3.188496
15.97,3.188493
15.975,3.188493
15.98,3.188495
15.985,3.188498
15.99,3.1885
15.995,3.188501
16,3.188501
16.005,3.188501
16.01,3.188501
16.015,3.1885
16.02,3.1885
16.025,3.1885
16.03,3.188501
16.035,3.188533
16.04,3.188621
16.045,3.188744
16.05,3.188865
16.055,3.188958
16.06,3.189015
16.065,3.189038
16.07,3.189039
16.075,3.189027
16.08,3.189013
16.085,3.189001
16.09,3.188995
16.095,3.188993
16.1,3.188994
16.105,3.188996
16.11,3.188998
16.115,3.189
16.12,3.189001
16.125,3.189001
16.13,3.189004
16.135,3.18905
16.14,3.189149
16.145,3.189274
16.15,3.18939
16.155,3.189475
16.16,3.189523
16.165,3.18954
16.17,3.189537
16.175,3.189528
16.18,3.189562
16.185,3.189653
16.19,3.189773
16.195,3.189887
16.2,3.189972
16.205,3.190021
16.21,3.190059
16.215,3.190132
16.22,3.190238
16.225,3.190348
16.23,3.190439
16.235,3.190499
16.24,3.190528
16.245,3.190546
16.25,3.190603
16.255,3.190703
16.26,3.190818
16.265,3.190918
16.27,3.190988
16.275,3.191026
16.28,3.191037
16.285,3.191052
16.29,3.191116
16.295,3.191222
16.3,3.191338
16.305,3.191435
16.31,3.191504
16.315,3.191586
16.32,3.191696
16.325,3.191814
16.33,3.191915
16.335,3.191993
16.34,3.192088
16.345,3.192207
16.35,3.192328
16.355,3.192428
16.36,3.192494
16.365,3.192527
16.37,3.192535
16.375,3.192528
16.38,3.192516
16.385,3.192505
16.39,3.192497
16.395,3.192494
16.4,3.192494
16.405,3.192495
16.41,3.192498
16.415,3.192499
16.42,3.192501
16.425,3.192501
16.43,3.192501
16.435,3.192501
16.44,3.1925
16.445,3.192501
16.45,3.192534
16.455,3.192624
16.46,3.192746
16.465,3.192867
16.47,3.19296
16.475,3.193016
16.48,3.193039
16.485,3.193039
16.49,3.193027
16.495,3.193013
16.5,3.193001
16.505,3.192995
16.51,3.192993
16.515,3.192994
16.52,3.192996
16.525,3.192998
16.53,3.193
16.535,3.193001
16.54,3.193001
16.545,3.193001
16.55,3.193001
16.555,3.193
16.56,3.193
16.565,3.193
16.57,3.193
16.575,3.193
16.58,3.193
16.585,3.193
16.59,3.193
16.595,3.193
16.6,3.193
16.605,3.193
16.61,3.193
16.615,3.193
16.62,3.193
16.625,3.193
16.63,3.193
16.635,3.193
16.64,3.193
16.645,3.193
16.65,3.193
16.655,3.193
16.66,3.19302
16.665,3.193096
16.67,3.193213
16.675,3.193337
16.68,3.193439
16.685,3.193505
16.69,3.193535
16.695,3.19354
16.7,3.19353
16.705,3.193516
16.71,3.193504
16.715,3.193496
16.72,3.193493
16.725,3.193493
16.73,3.193495
16.735,3.193498
16.74,3.1935
16.745,3.193509
16.75,3.193568
16.755,3.193677
16.76,3.193802
16.765,3.193912
16.77,3.193989
16.775,3.194029
16.78,3.194054
16.785,3.194116
16.79,3.194216
16.795,3.194328
16.8,3.194424
16.805,3.194491
16.81,3.194545
16.815,3.194629
16.82,3.19474
16.825,3.194852
16.83,3.194943
16.835,3.195002
16.84,3.195029
16.845,3.195049
16.85,3.195112
16.855,3.195215
16.86,3.195329
16.865,3.195427
16.87,3.195494
16.875,3.195528
16.88,3.195536
16.885,3.19553
16.89,3.195521
16.895,3.195556
16.9,3.195649
16.905,3.195771
16.91,3.195886
16.915,3.195972
16.92,3.196021
16.925,3.19604
16.93,3.196037
16.935,3.196026
16.94,3.196047
16.945,3.196128
16.95,3.196246
16.955,3.196364
16.96,3.196457
16.965,3.196514
16.97,3.196538
16.975,3.196538
16.98,3.19653
16.985,3.196561
16.99,3.196649
16.995,3.196767
17,3.196881
17.005,3.196967
17.01,3.197019
17.015,3.197038
17.02,3.197037
17.025,3.197025
17.03,3.197011
17.035,3.197
17.04,3.196995
17.045,3.196993
17.05,3.196994
17.055,3.196996
17.06,3.196999
17.065,3.197
17.07,3.197001
17.075,3.197001
17.08,3.197001
17.085,3.197024
17.09,3.197104
17.095,3.197224
17.1,3.197346
17.105,3.197445
17.11,3.197508
17.115,3.197536
17.12,3.19754
17.125,3.197529
17.13,3.197515
17.135,3.197503
17.14,3.197495
17.145,3.197493
17.15,3.197493
17.155,3.197495
17.16,3.197498
17.165,3.1975
17.17,3.197501
17.175,3.197501
17.18,3.197501
17.185,3.197501
17.19,3.1975
17.195,3.1975
17.2,3.1975
17.205,3.1975
17.21,3.197506
17.215,3.197559
17.22,3.197664
17.225,3.197789
17.23,3.197902
17.235,3.197983
17.24,3.198027
17.245,3.198041
17.25,3.198035
17.255,3.198022
17.26,3.198008
17.265,3.197998
17.27,3.197994
17.275,3.197993
17.28,3.197994
17.285,3.197997
17.29,3.197999
17.295,3.198
17.3,3.198001
17.305,3.198001
17.31,3.198001
17.315,3.198
17.32,3.198
17.325,3.198
17.33,3.198
17.335,3.198
17.34,3.198009
17.345,3.198069
17.35,3.198178
17.355,3.198304
17.36,3.198414
17.365,3.19849
17.37,3.19853
17.375,3.198541
17.38,3.198534
17.385,3.19852
17.39,3.198507
17.395,3.198498
17.4,3.198493
17.405,3.198493
17.41,3.198495
17.415,3.198497
17.42,3.198499
17.425,3.198501
17.43,3.198518
17.435,3.198591
17.44,3.198707
17.445,3.198831
17.45,3.198934
17.455,3.199002
17.46,3.199034
17.465,3.19904
17.47,3.199031
17.475,3.199017
17.48,3.199004
17.485,3.198996
17.49,3.198993
17.495,3.198993
17.5,3.198997
17.505,3.199035
17.51,3.19913
17.515,3.199255
17.52,3.199374
17.525,3.199465
17.53,3.199519
17.535,3.199539
17.54,3.199538
17.545,3.199526
17.55,3.199512
17.555,3.1995
17.56,3.199494
17.565,3.199493
17.57,3.199494
17.575,3.199496
17.58,3.199526
17.585,3.199613
17.59,3.199735
17.595,3.199857
17.6,3.199953
17.605,3.200012
17.61,3.200038
17.615,3.200039
17.62,3.200028
17.625,3.200014
17.63,3.200002
17.635,3.199998
17.64,3.20004
17.645,3.20014
17.65,3.200267
17.655,3.200386
17.66,3.200474
17.665,3.200524
17.67,3.200541
17.675,3.200538
17.68,3.200525
17.685,3.20051
17.69,3.200499
17.695,3.200494
17.7,3.200494
17.705,3.200532
17.71,3.200627
17.715,3.200753
17.72,3.200874
17.725,3.200965
17.73,3.201019
17.735,3.20104
17.74,3.201039
17.745,3.201026
17.75,3.201012
17.755,3.201
17.76,3.200994
17.765,3.200993
17.77,3.200997
17.775,3.201045
17.78,3.201148
17.785,3.201274
17.79,3.201391
17.795,3.201476
17.8,3.201524
17.805,3.201541
17.81,3.201537
17.815,3.201524
17.82,3.201509
17.825,3.201499
17.83,3.201494
17.835,3.201493
17.84,3.201494
17.845,3.201497
17.85,3.201499
17.855,3.201517
17.86,3.201591
17.865,3.201707
17.87,3.201831
17.875,3.201934
17.88,3.202002
17.885,3.202034
17.89,3.20204
17.895,3.202031
17.9,3.202017
17.905,3.202004
17.91,3.201996
17.915,3.201993
17.92,3.201993
17.925,3.201995
17.93,3.201998
17.935,3.202006
17.94,3.202063
17.945,3.20217
17.95,3.202295
17.955,3.202407
17.96,3.202486
17.965,3.202528
17.97,3.202541
17.975,3.202535
17.98,3.202521
17.985,3.202508
17.99,3.202498
17.995,3.202493
18,3.202493
18.005,3.202494
18.01,3.202497
18.015,3.202499
18.02,3.202501
18.025,3.202502
18.03,3.202536
18.035,3.202627
18.04,3.202749
18.045,3.202869
18.05,3.202961
18.055,3.203016
18.06,3.203039
18.065,3.203038
18.07,3.203026
18.075,3.203012
18.08,3.203001
18.085,3.202995
18.09,3.202993
18.095,3.202994
18.1,3.202996
18.105,3.202998
18.11,3.203
18.115,3.203001
18.12,3.203001
18.125,3.203002
18.13,3.203037
18.135,3.203128
18.14,3.203251
18.145,3.203371
18.15,3.203462
18.155,3.203517
18.16,3.203539
18.165,3.203538
18.17,3.203526
18.175,3.203512
18.18,3.203501
18.185,3.203495
18.19,3.203493
18.195,3.203494
18.2,3.203496
18.205,3.203498
18.21,3.2035
18.215,3.203501
18.22,3.203501
18.225,3.203501
18.23,3.203501
18.235,3.20352
18.24,3.203596
18.245,3.203713
18.25,3.203837
18.255,3.203939
18.26,3.204005
18.265,3.204035
18.27,3.20404
18.275,3.20403
18.28,3.204016
18.285,3.204004
18.29,3.203996
18.295,3.203993
18.3,3.203993
18.305,3.203995
18.31,3.203998
18.315,3.204006
18.32,3.20406
18.325,3.204165
18.33,3.20429
18.335,3.204403
18.34,3.204483
18.345,3.204527
18.35,3.20454
18.355,3.204535
18.36,3.204522
18.365,3.204508
18.37,3.204498
18.375,3.204494
18.38,3.204493
18.385,3.204494
18.39,3.204497
18.395,3.2045
18.4,3.204536
18.405,3.204627
18.41,3.20475
18.415,3.20487
18.42,3.204962
18.425,3.205017
18.43,3.205039
18.435,3.205038
18.44,3.205026
18.445,3.205012
18.45,3.205001
18.455,3.204995
18.46,3.204993
18.465,3.204994
18.47,3.204996
18.475,3.20502
18.48,3.2051
18.485,3.205219
18.49,3.205343
18.495,3.205443
18.5,3.205507
18.505,3.205536
18.51,3.20554
18.515,3.20553
18.52,3.205515
18.525,3.205503
18.53,3.205496
18.535,3.205493
18.54,3.205493
18.545,3.205495
18.55,3.205498
18.555,3.205529
18.56,3.205616
18.565,3.205737
18.57,3.205859
18.575,3.205954
18.58,3.206013
18.585,3.206038
18.59,3.206039
18.595,3.206028
18.6,3.206013
18.605,3.206002
18.61,3.205995
18.615,3.205993
18.62,3.206006
18.625,3.206074
18.63,3.206189
18.635,3.206316
18.64,3.206424
18.645,3.206497
18.65,3.206533
18.655,3.206541
18.66,3.206533
18.665,3.206519
18.67,3.206505
18.675,3.206497
18.68,3.206493
18.685,3.206493
18.69,3.206495
18.695,3.20651
18.7,3.206578
18.705,3.206691
18.71,3.206817
18.715,3.206924
18.72,3.206996
18.725,3.207032
18.73,3.207041
18.735,3.207033
18.74,3.207018
18.745,3.207005
18.75,3.206997
18.755,3.206993
18.76,3.206993
18.765,3.206995
18.77,3.206997
18.775,3.207
18.78,3.207023
18.785,3.207103
18.79,3.207222
18.795,3.207345
18.8,3.207444
18.805,3.207507
18.81,3.207536
18.815,3.20754
18.82,3.207529
18.825,3.207515
18.83,3.207503
18.835,3.207496
18.84,3.207493
18.845,3.207493
18.85,3.207495
18.855,3.207498
18.86,3.2075
18.865,3.207501
18.87,3.207501
18.875,3.207501
18.88,3.20753
18.885,3.207615
18.89,3.207736
18.895,3.207858
18.9,3.207953
18.905,3.208012
18.91,3.208038
18.915,3.208039
18.92,3.208028
18.925,3.208014
18.93,3.208002
18.935,3.207995
18.94,3.207993
18.945,3.207993
18.95,3.207996
18.955,3.207998
18.96,3.208
18.965,3.208008
18.97,3.208063
18.975,3.208169
18.98,3.208295
18.985,3.208406
18.99,3.208485
18.995,3.208528
19,3.20854
19.005,3.208535
19.01,3.208521
19.015,3.208508
19.02,3.208498
19.025,3.208493
19.03,3.208493
19.035,3.208494
19.04,3.208497
19.045,3.208499
19.05,3.208501
19.055,3.208523
19.06,3.208601
19.065,3.208719
19.07,3.208842
19.075,3.208942
19.08,3.209006
19.085,3.209036
19.09,3.20904
19.095,3.20903
19.1,3.209015
19.105,3.209003
19.11,3.208996
19.115,3.208993
19.12,3.208993
19.125,3.208995
19.13,3.208998
19.135,3.209002
19.14,3.209043
19.145,3.209139
19.15,3.209263
19.155,3.20938
19.16,3.209469
19.165,3.20952
19.17,3.209539
19.175,3.209537
19.18,3.209525
19.185,3.209511
19.19,3.2095
19.195,3.209494
19.2,3.209493
19.205,3.209494
19.21,3.209496
19.215,3.209499
19.22,3.209532
19.225,3.20962
19.23,3.209743
19.235,3.209863
19.24,3.209957
19.245,3.210014
19.25,3.210038
19.255,3.210039
19.26,3.210027
19.265,3.210013
19.27,3.210001
19.275,3.209995
19.28,3.209993
19.285,3.209994
19.29,3.209996
19.295,3.210002
19.3,3.210051
19.305,3.210153
19.31,3.210278
19.315,3.210393
19.32,3.210477
19.325,3.210524
19.33,3.21054
19.335,3.210536
19.34,3.210523
19.345,3.210509
19.35,3.210499
19.355,3.210494
19.36,3.210493
19.365,3.210494
19.37,3.210497
19.375,3.210519
19.38,3.210598
19.385,3.210717
19.39,3.210841
19.395,3.210941
19.4,3.211006
19.405,3.211036
19.41,3.21104
19.415,3.21103
19.42,3.211016
19.425,3.211003
19.43,3.210996
19.435,3.210993
19.44,3.210993
19.445,3.210995
19.45,3.211009
19.455,3.211074
19.46,3.211187
19.465,3.211312
19.47,3.21142
19.475,3.211494
19.48,3.211532
19.485,3.211541
19.49,3.211533
19.495,3.211519
19.5,3.211506
19.505,3.211497
19.51,3.211493
19.515,3.211493
19.52,3.211495
19.525,3.211497
19.53,3.211499
19.535,3.211501
19.54,3.21151
19.545,3.211568
19.55,3.211677
19.555,3.211802
19.56,3.211912
19.565,3.211989
19.57,3.212029
19.575,3.212041
19.58,3.212034
19.585,3.21202
19.59,3.212007
19.595,3.211998
19.6,3.211993
19.605,3.211993
19.61,3.211995
19.615,3.211997
19.62,3.211999
19.625,3.212001
19.63,3.212027
19.635,3.21211
19.64,3.212229
19.645,3.212352
19.65,3.212449
19.655,3.21251
19.66,3.212537
19.665,3.212539
19.67,3.212529
19.675,3.212514
19.68,3.212502
19.685,3.212495
19.69,3.212493
19.695,3.212493
19.7,3.212496
19.705,3.212498
19.71,3.2125
19.715,3.212513
19.72,3.212579
19.725,3.212692
19.73,3.212817
19.735,3.212923
19.74,3.212996
19.745,3.213032
19.75,3.21304
19.755,3.213033
19.76,3.213019
19.765,3.213006
19.77,3.212997
19.775,3.212993
19.78,3.212993
19.785,3.212995
19.79,3.212997
19.795,3.213003
19.8,3.213048
19.805,3.213148
19.81,3.213273
19.815,3.213389
19.82,3.213474
19.825,3.213523
19.83,3.21354
19.835,3.213537
19.84,3.213524
19.845,3.21351
19.85,3.213499
19.855,3.213494
19.86,3.213493
19.865,3.213494
19.87,3.213497
19.875,3.213522
19.88,3.213604
19.885,3.213725
19.89,3.213848
19.895,3.213946
19.9,3.214009
19.905,3.214037
19.91,3.21404
19.915,3.214029
19.92,3.214015
19.925,3.214003
19.93,3.213995
19.935,3.214008
19.94,3.214079
19.945,3.214196
19.95,3.214324
19.955,3.21443
19.96,3.214501
19.965,3.214535
19.97,3.214541
19.975,3.214532
19.98,3.214518
19.985,3.214507
19.99,3.21454
19.995,3.214633
20,3.214757
20.005,3.214877
20.01,3.214967
20.015,3.21502
20.02,3.215041
20.025,3.215039
20.03,3.215026
20.035,3.215019
20.04,3.215064
20.045,3.215165
20.05,3.215289
20.055,3.215402
20.06,3.215483
20.065,3.215527
20.07,3.215541
20.075,3.215536
20.08,3.215522
20.085,3.215526
20.09,3.21559
20.095,3.215702
20.1,3.215825
20.105,3.21593
20.11,3.215999
20.115,3.216034
20.12,3.216041
20.125,3.216032
20.13,3.216018
20.135,3.216005
20.14,3.215997
20.145,3.215993
20.15,3.215993
20.155,3.215995
20.16,3.215997
20.165,3.215999
20.17,3.216001
20.175,3.216001
20.18,3.216001
20.185,3.216001
20.19,3.216
20.195,3.216
20.2,3.216
20.205,3.216
20.21,3.216
20.215,3.216
20.22,3.216
20.225,3.216
20.23,3.216
20.235,3.216
20.24,3.216
20.245,3.216
20.25,3.216
20.255,3.216028
20.26,3.216113
20.265,3.216234
20.27,3.216356
20.275,3.216452
20.28,3.216512
20.285,3.216538
20.29,3.216539
20.295,3.216528
20.3,3.216514
20.305,3.216502
20.31,3.216495
20.315,3.216493
20.32,3.216493
20.325,3.216496
20.33,3.216498
20.335,3.2165
20.34,3.216501
20.345,3.216501
20.35,3.216501
20.355,3.216501
20.36,3.2165
20.365,3.2165
20.37,3.2165
20.375,3.2165
20.38,3.21652
20.385,3.216596
20.39,3.216713
20.395,3.216837
20.4,3.216939
20.405,3.217005
20.41,3.217035
20.415,3.21704
20.42,3.21703
20.425,3.217016
20.43,3.217004
20.435,3.216996
20.44,3.216993
20.445,3.216993
20.45,3.216995
20.455,3.217002
20.46,3.217052
20.465,3.217155
20.47,3.21728
20.475,3.217395
20.48,3.217478
20.485,3.217525
20.49,3.21754
20.495,3.217536
20.5,3.217523
20.505,3.217509
20.51,3.217499
20.515,3.217494
20.52,3.217493
20.525,3.217494
20.53,3.2175
20.535,3.217548
20.54,3.21765
20.545,3.217775
20.55,3.217891
20.555,3.217976
20.56,3.218024
20.565,3.21804
20.57,3.218036
20.575,3.218023
20.58,3.218009
20.585,3.217999
20.59,3.217994
20.595,3.217993
20.6,3.217994
20.605,3.217997
20.61,3.218003
20.615,3.218051
20.62,3.218153
20.625,3.218278
20.63,3.218393
20.635,3.218477
20.64,3.218524
20.645,3.21854
20.65,3.218536
20.655,3.218523
20.66,3.218509
20.665,3.218499
20.67,3.218494
20.675,3.218493
20.68,3.218494
20.685,3.218497
20.69,3.218499
20.695,3.218501
20.7,3.218529
20.705,3.218614
20.71,3.218735
20.715,3.218856
20.72,3.218952
20.725,3.219012
20.73,3.219037
20.735,3.219039
20.74,3.219028
20.745,3.219014
20.75,3.219002
20.755,3.218995
20.76,3.218993
20.765,3.218993
20.77,3.218996
20.775,3.218998
20.78,3.219026
20.785,3.219109
20.79,3.21923
20.795,3.219352
20.8,3.219449
20.805,3.21951
20.81,3.219537
20.815,3.219539
20.82,3.219529
20.825,3.219514
20.83,3.219502
20.835,3.219495
20.84,3.219493
20.845,3.219493
20.85,3.219496
20.855,3.219498
20.86,3.219517
20.865,3.219591
20.87,3.219707
20.875,3.219831
20.88,3.219934
20.885,3.220002
20.89,3.220034
20.895,3.22004
20.9,3.220031
20.905,3.220017
20.91,3.220004
20.915,3.219996
20.92,3.219993
20.925,3.219993
20.93,3.219995
20.935,3.219998
20.94,3.220019
20.945,3.220097
20.95,3.220215
20.955,3.220338
20.96,3.22044
20.965,3.220505
20.97,3.220535
20.975,3.22054
20.98,3.22053
20.985,3.220516
20.99,3.220504
20.995,3.220496
21,3.220495
21.005,3.220537
21.01,3.220635
21.015,3.220762
21.02,3.220881
21.025,3.220971
21.03,3.221022
21.035,3.221041
21.04,3.221038
21.045,3.221025
21.05,3.221011
21.055,3.221
21.06,3.220994
21.065,3.220992
21.07,3.220994
21.075,3.221006
21.08,3.221069
21.085,3.221181
21.09,3.221307
21.095,3.221417
21.1,3.221492
21.105,3.221531
21.11,3.221541
21.115,3.221534
21.12,3.22152
21.125,3.221506
21.13,3.221497
21.135,3.221493
21.14,3.221493
21.145,3.221495
21.15,3.221497
21.155,3.221499
21.16,3.221505
21.165,3.221555
21.17,3.221657
21.175,3.221782
21.18,3.221897
21.185,3.221979
21.19,3.222025
21.195,3.22204
21.2,3.222036
21.205,3.222023
21.21,3.222009
21.215,3.221999
21.22,3.221994
21.225,3.221993
21.23,3.221994
21.235,3.221997
21.24,3.221999
21.245,3.222014
21.25,3.222083
21.255,3.222197
21.26,3.222322
21.265,3.222427
21.27,3.222498
21.275,3.222533
21.28,3.22254
21.285,3.222532
21.29,3.222518
21.295,3.222505
21.3,3.222497
21.305,3.222493
21.31,3.222493
21.315,3.222495
21.32,3.222497
21.325,3.222499
21.33,3.222501
21.335,3.222501
21.34,3.222523
21.345,3.222601
21.35,3.222719
21.355,3.222842
21.36,3.222942
21.365,3.223006
21.37,3.223036
21.375,3.22304
21.38,3.22303
21.385,3.223016
21.39,3.223003
21.395,3.222996
21.4,3.222993
21.405,3.222993
21.41,3.222995
21.415,3.222998
21.42,3.223
21.425,3.223001
21.43,3.223008
21.435,3.223061
21.44,3.223167
21.445,3.223292
21.45,3.223404
21.455,3.223484
21.46,3.223527
21.465,3.22354
21.47,3.223535
21.475,3.223522
21.48,3.223508
21.485,3.223498
21.49,3.223494
21.495,3.223493
21.5,3.223494
21.505,3.223497
21.51,3.2235
21.515,3.223531
21.52,3.223618
21.525,3.22374
21.53,3.223861
21.535,3.223955
21.54,3.224013
21.545,3.224038
21.55,3.224039
21.555,3.224027
21.56,3.224013
21.565,3.224002
21.57,3.223995
21.575,3.223993
21.58,3.223994
21.585,3.223996
21.59,3.223998
21.595,3.224
21.6,3.224003
21.605,3.224043
21.61,3.224138
21.615,3.224262
21.62,3.22438
21.625,3.224468
21.63,3.22452
21.635,3.224539
21.64,3.224537
21.645,3.224525
21.65,3.224511
21.655,3.2245
21.66,3.224494
21.665,3.224493
21.67,3.224494
21.675,3.224496
21.68,3.224509
21.685,3.224573
21.69,3.224684
21.695,3.22481
21.7,3.224918
21.705,3.224993
21.71,3.225031
21.715,3.225041
21.72,3.225033
21.725,3.225019
21.73,3.225006
21.735,3.224997
21.74,3.224993
21.745,3.224993
21.75,3.224995
21.755,3.225002
21.76,3.225053
21.765,3.225157
21.77,3.225283
21.775,3.225397
21.78,3.22548
21.785,3.225526
21.79,3.22554
21.795,3.225536
21.8,3.225523
21.805,3.225509
21.81,3.225499
21.815,3.225494
21.82,3.225495
21.825,3.225536
21.83,3.225634
21.835,3.225761
21.84,3.22588
21.845,3.225969
21.85,3.226021
21.855,3.22604
21.86,3.226038
21.865,3.226025
21.87,3.226011
21.875,3.226
21.88,3.225994
21.885,3.225993
21.89,3.226023
21.895,3.226111
21.9,3.226235
21.905,3.226358
21.91,3.226455
21.915,3.226514
21.92,3.226539
21.925,3.22654
21.93,3.226528
21.935,3.226514
21.94,3.226502
21.945,3.226495
21.95,3.226493
21.955,3.226493
21.96,3.226496
21.965,3.226498
21.97,3.2265
21.975,3.226501
21.98,3.226501
21.985,3.226501
21.99,3.226501
21.995,3.2265
22,3.2265
22.005,3.2265
22.01,3.2265
22.015,3.2265
22.02,3.2265
22.025,3.2265
22.03,3.2265
22.035,3.2265
22.04,3.2265
22.045,3.2265
22.05,3.2265
22.055,3.2265
22.06,3.2265
22.065,3.2265
22.07,3.2265
22.075,3.226492
22.08,3.226433
22.085,3.226324
22.09,3.226199
22.095,3.226088
22.1,3.226011
22.105,3.225971
22.11,3.225959
22.115,3.225966
22.12,3.22598
22.125,3.225993
22.13,3.226002
22.135,3.226007
22.14,3.226007
22.145,3.226005
22.15,3.226003
22.155,3.226001
22.16,3.225999
22.165,3.225999
22.17,3.225999
22.175,3.225999
22.18,3.226
22.185,3.226
22.19,3.226
22.195,3.226
22.2,3.226
22.205,3.226
22.21,3.225991
22.215,3.225931
22.22,3.225822
22.225,3.225696
22.23,3.225586
22.235,3.22551
22.24,3.22547
22.245,3.225459
22.25,3.225466
22.255,3.22548
22.26,3.225493
22.265,3.225502
22.27,3.225507
22.275,3.225507
22.28,3.225505
22.285,3.225503
22.29,3.225501
22.295,3.225499
22.3,3.225499
22.305,3.225499
22.31,3.225499
22.315,3.2255
22.32,3.2255
22.325,3.2255
22.33,3.2255
22.335,3.2255
22.34,3.2255
22.345,3.2255
22.35,3.2255
22.355,3.2255
22.36,3.2255
22.365,3.2255
22.37,3.2255
22.375,3.2255
22.38,3.2255
22.385,3.225511
22.39,3.225568
22.395,3.225674
22.4,3.225798
22.405,3.225908
22.41,3.225986
22.415,3.226027
22.42,3.22604
22.425,3.226034
22.43,3.226021
22.435,3.226007
22.44,3.225998
22.445,3.225994
22.45,3.225993
22.455,3.225995
22.46,3.225997
22.465,3.225999
22.47,3.226
22.475,3.226001
22.48,3.226001
22.485,3.226011
22.49,3.226073
22.495,3.226183
22.5,3.226309
22.505,3.226417
22.51,3.226492
22.515,3.226531
22.52,3.226541
22.525,3.226535
22.53,3.226559
22.535,3.226639
22.54,3.226765
22.545,3.226943
22.55,3.227144
22.555,3.227328
22.56,3.227505
22.565,3.22768
22.57,3.227832
22.575,3.227945
22.58,3.228049
22.585,3.228171
22.59,3.228296
22.595,3.228403
22.6,3.228478
22.605,3.228521
22.61,3.228574
22.615,3.228665
22.62,3.228778
22.625,3.228885
22.63,3.228966
22.635,3.229014
22.64,3.229033
22.645,3.22904
22.65,3.229086
22.655,3.229181
22.66,3.229297
22.665,3.229403
22.67,3.22948
22.675,3.229523
22.68,3.229537
22.685,3.229533
22.69,3.229545
22.695,3.229612
22.7,3.229723
22.705,3.229841
22.71,3.229939
22.715,3.230003
22.72,3.230033
22.725,3.230039
22.73,3.23003
22.735,3.230016
22.74,3.23001
22.745,3.230055
22.75,3.230157
22.755,3.230283
22.76,3.230398
22.765,3.230481
22.77,3.230526
22.775,3.230541
22.78,3.230536
22.785,3.230523
22.79,3.230509
22.795,3.230499
22.8,3.230494
22.805,3.230493
22.81,3.230494
22.815,3.230497
22.82,3.230499
22.825,3.2305
22.83,3.230501
22.835,3.230501
22.84,3.230501
22.845,3.2305
22.85,3.230495
22.855,3.230443
22.86,3.230339
22.865,3.230213
22.87,3.2301
22.875,3.230018
22.88,3.229974
22.885,3.229959
22.89,3.229965
22.895,3.229978
22.9,3.229992
22.905,3.230001
22.91,3.230006
22.915,3.230007
22.92,3.230003
22.925,3.229959
22.93,3.229859
22.935,3.229733
22.94,3.229615
22.945,3.229528
22.95,3.229478
22.955,3.22946
22.96,3.229462
22.965,3.229449
22.97,3.229379
22.975,3.229269
22.98,3.229153
22.985,3.229057
22.99,3.228995
22.995,3.228966
23,3.228962
23.005,3.228971
23.01,3.228985
23.015,3.228997
23.02,3.229004
23.025,3.229007
23.03,3.228987
23.035,3.228909
23.04,3.228789
23.045,3.228663
23.05,3.22856
23.055,3.228494
23.06,3.228464
23.065,3.228459
23.07,3.228469
23.075,3.228484
23.08,3.228496
23.085,3.228504
23.09,3.228507
23.095,3.228507
23.1,3.228505
23.105,3.228502
23.11,3.2285
23.115,3.228499
23.12,3.228499
23.125,3.228499
23.13,3.228499
23.135,3.2285
23.14,3.2285
23.145,3.2285
23.15,3.2285
23.155,3.2285
23.16,3.228507
23.165,3.228564
23.17,3.228671
23.175,3.228797
23.18,3.228908
23.185,3.228986
23.19,3.229028
23.195,3.229041
23.2,3.229035
23.205,3.229021
23.21,3.229007
23.215,3.228998
23.22,3.229009
23.225,3.229079
23.23,3.229195
23.235,3.229323
23.24,3.229429
23.245,3.229504
23.25,3.229584
23.255,3.229691
23.26,3.229807
23.265,3.229908
23.27,3.229981
23.275,3.230057
23.28,3.230163
23.285,3.230283
23.29,3.230392
23.295,3.230471
23.3,3.230517
23.305,3.230544
23.31,3.230604
23.315,3.230704
23.32,3.230837
23.325,3.231011
23.33,3.231198
23.335,3.231363
23.34,3.231523
23.345,3.231687
23.35,3.231868
23.355,3.232069
23.36,3.23226
23.365,3.232438
23.37,3.232619
23.375,3.232784
23.38,3.232913
23.385,3.232995
23.39,3.233034
23.395,3.233042
23.4,3.233033
23.405,3.233018
23.41,3.23302
23.415,3.233083
23.42,3.233195
23.425,3.23332
23.43,3.233427
23.435,3.233498
23.44,3.233534
23.445,3.233541
23.45,3.233534
23.455,3.233552
23.46,3.233629
23.465,3.233743
23.47,3.23386
23.475,3.233952
23.48,3.234011
23.485,3.234036
23.49,3.234038
23.495,3.234027
23.5,3.234014
23.505,3.234002
23.51,3.233995
23.515,3.233993
23.52,3.233994
23.525,3.233996
23.53,3.233998
23.535,3.234
23.54,3.234001
23.545,3.234001
23.55,3.234001
23.555,3.234
23.56,3.233974
23.565,3.233892
23.57,3.233771
23.575,3.233649
23.58,3.233551
23.585,3.23349
23.59,3.233463
23.595,3.233461
23.6,3.233471
23.605,3.233486
23.61,3.233498
23.615,3.233505
23.62,3.233504
23.625,3.233457
23.63,3.233355
23.635,3.233228
23.64,3.23311
23.645,3.233024
23.65,3.232953
23.655,3.232857
23.66,3.232742
23.665,3.232632
23.67,3.232546
23.675,3.232493
23.68,3.23247
23.685,3.232455
23.69,3.232398
23.695,3.232298
23.7,3.232182
23.705,3.232081
23.71,3.232011
23.715,3.231973
23.72,3.231963
23.725,3.231969
23.73,3.231981
23.735,3.231994
23.74,3.232002
23.745,3.232006
23.75,3.232007
23.755,3.232005
23.76,3.232003
23.765,3.232001
23.77,3.231999
23.775,3.231999
23.78,3.231999
23.785,3.231999
23.79,3.232
23.795,3.232
23.8,3.232
23.805,3.232
23.81,3.232
23.815,3.232
23.82,3.232
23.825,3.232
23.83,3.232
23.835,3.232
23.84,3.232
23.845,3.232
23.85,3.232
23.855,3.232
23.86,3.232
23.865,3.232
23.87,3.232
23.875,3.232
23.88,3.232
23.885,3.232
23.89,3.232
23.895,3.232
23.9,3.232
23.905,3.232
23.91,3.232
23.915,3.232
23.92,3.232
23.925,3.232
23.93,3.232
23.935,3.232
23.94,3.232
23.945,3.232
23.95,3.232
23.955,3.232
23.96,3.232
23.965,3.232
23.97,3.232
23.975,3.232023
23.98,3.232102
23.985,3.232221
23.99,3.232344
23.995,3.23245
24,3.232566
24.005,3.2327
24.01,3.23283
24.015,3.232966
24.02,3.233122
24.025,3.233276
24.03,3.233403
24.035,3.233496
24.04,3.233596
24.045,3.233716
24.05,3.233834
24.055,3.23393
24.06,3.233994
24.065,3.234037
24.07,3.234109
24.075,3.234215
24.08,3.234329
24.085,3.234425
24.09,3.234502
24.095,3.234598
24.1,3.234718
24.105,3.234837
24.11,3.234936
24.115,3.23504
24.12,3.235166
24.125,3.235301
24.13,3.235461
24.135,3.23564
24.14,3.235806
24.145,3.235932
24.15,3.23601
24.155,3.236044
24.16,3.236047
24.165,3.236034
24.17,3.236017
24.175,3.236002
24.18,3.236013
24.185,3.236087
24.19,3.236205
24.195,3.236332
24.2,3.236437
24.205,3.236505
24.21,3.236537
24.215,3.236542
24.22,3.236532
24.225,3.236517
24.23,3.236504
24.235,3.236511
24.24,3.236578
24.245,3.236694
24.25,3.236821
24.255,3.236928
24.26,3.236999
24.265,3.237034
24.27,3.237042
24.275,3.237033
24.28,3.237018
24.285,3.237005
24.29,3.236996
24.295,3.236993
24.3,3.236993
24.305,3.236995
24.31,3.236997
24.315,3.236999
24.32,3.237001
24.325,3.237001
24.33,3.237001
24.335,3.237001
24.34,3.237
24.345,3.236999
24.35,3.236967
24.355,3.236878
24.36,3.236756
24.365,3.236635
24.37,3.236542
24.375,3.236485
24.38,3.236462
24.385,3.236461
24.39,3.236473
24.395,3.236487
24.4,3.236499
24.405,3.236505
24.41,3.236507
24.415,3.236503
24.42,3.236455
24.425,3.236353
24.43,3.236223
24.435,3.236061
24.44,3.235877
24.445,3.235704
24.45,3.235571
24.455,3.235489
24.46,3.235454
24.465,3.23545
24.47,3.235464
24.475,3.235481
24.48,3.235462
24.485,3.23538
24.49,3.235261
24.495,3.23514
24.5,3.235045
24.505,3.234986
24.51,3.234961
24.515,3.23496
24.52,3.234972
24.525,3.234986
24.53,3.234998
24.535,3.235
24.54,3.23495
24.545,3.234845
24.55,3.234718
24.555,3.234602
24.56,3.234518
24.565,3.234473
24.57,3.234458
24.575,3.234463
24.58,3.234477
24.585,3.234491
24.59,3.234502
24.595,3.234507
24.6,3.234507
24.605,3.234506
24.61,3.234503
24.615,3.234501
24.62,3.2345
24.625,3.234499
24.63,3.234499
24.635,3.234499
24.64,3.2345
24.645,3.2345
24.65,3.2345
24.655,3.2345
24.66,3.2345
24.665,3.2345
24.67,3.2345
24.675,3.2345
24.68,3.2345
24.685,3.2345
24.69,3.2345
24.695,3.2345
24.7,3.2345
24.705,3.234503
24.71,3.234545
24.715,3.234642
24.72,3.234767
24.725,3.234884
24.73,3.234971
24.735,3.235021
24.74,3.23504
24.745,3.235037
24.75,3.235024
24.755,3.23501
24.76,3.235001
24.765,3.235028
24.77,3.235116
24.775,3.23524
24.78,3.235383
24.785,3.235554
24.79,3.235729
24.795,3.235892
24.8,3.236064
24.805,3.236233
24.81,3.236374
24.815,3.236472
24.82,3.236528
24.825,3.236588
24.83,3.236682
24.835,3.236793
24.84,3.236895
24.845,3.23697
24.85,3.237027
24.855,3.23711
24.86,3.237221
24.865,3.237337
24.87,3.237459
24.875,3.237606
24.88,3.237759
24.885,3.237888
24.89,3.238007
24.895,3.238141
24.9,3.238283
24.905,3.238451
24.91,3.238637
24.915,3.238807
24.92,3.238936
24.925,3.239014
24.93,3.239046
24.935,3.239058
24.94,3.239107
24.945,3.239199
24.95,3.23931
24.955,3.239411
24.96,3.239502
24.965,3.239616
24.97,3.239746
24.975,3.239866
24.98,3.239957
24.985,3.240011
24.99,3.240034
24.995,3.240035
25,3.240024
25.005,3.240011
25.01,3.240001
25.015,3.239995
25.02,3.239993
25.025,3.239994
25.03,3.239996
25.035,3.239998
25.04,3.24
25.045,3.240001
25.05,3.240001
25.055,3.240001
25.06,3.239991
25.065,3.239931
25.07,3.239822
25.075,3.239696
25.08,3.239586
25.085,3.23951
25.09,3.23947
25.095,3.239459
25.1,3.239466
25.105,3.23948
25.11,3.239493
25.115,3.239502
25.12,3.239473
25.125,3.239383
25.13,3.239259
25.135,3.239136
25.14,3.239041
25.145,3.238963
25.15,3.238862
25.155,3.238744
25.16,3.238633
25.165,3.238541
25.17,3.238438
25.175,3.238311
25.18,3.238183
25.185,3.238078
25.19,3.238008
25.195,3.237973
25.2,3.237964
25.205,3.23797
25.21,3.237983
25.215,3.237995
25.22,3.238003
25.225,3.238006
25.23,3.238006
25.235,3.237978
25.24,3.237892
25.245,3.237769
25.25,3.237646
25.255,3.237549
25.26,3.237488
25.265,3.237462
25.27,3.23746
25.275,3.237471
25.28,3.237486
25.285,3.237498
25.29,3.237505
25.295,3.237507
25.3,3.237507
25.305,3.237504
25.31,3.237502
25.315,3.2375
25.32,3.237499
25.325,3.237499
25.33,3.237499
25.335,3.237499
25.34,3.2375
25.345,3.2375
25.35,3.2375
25.355,3.2375
25.36,3.2375
25.365,3.2375
25.37,3.2375
25.375,3.2375
25.38,3.2375
25.385,3.2375
25.39,3.2375
25.395,3.2375
25.4,3.2375
25.405,3.2375
25.41,3.2375
25.415,3.2375
25.42,3.2375
25.425,3.2375
25.43,3.23751
25.435,3.237571
25.44,3.237681
25.445,3.237806
25.45,3.237916
25.455,3.237991
25.46,3.23803
25.465,3.238041
25.47,3.238034
25.475,3.23802
25.48,3.238029
25.485,3.238099
25.49,3.238214
25.495,3.238337
25.5,3.238439
25.505,3.238518
25.51,3.238617
25.515,3.238736
25.52,3.238852
25.525,3.238943
25.53,3.239008
25.535,3.239091
25.54,3.239202
25.545,3.239319
25.55,3.239419
25.555,3.239488
25.56,3.239548
25.565,3.239639
25.57,3.239753
25.575,3.239864
25.58,3.239951
25.585,3.240006
25.59,3.240042
25.595,3.240108
25.6,3.24021
25.605,3.240324
25.61,3.240422
25.615,3.240489
25.62,3.240525
25.625,3.240547
25.63,3.240608
25.635,3.240708
25.64,3.240829
25.645,3.240983
25.65,3.241158
25.655,3.24132
25.66,3.241442
25.665,3.241515
25.67,3.241546
25.675,3.24156
25.68,3.241613
25.685,3.241709
25.69,3.24182
25.695,3.241918
25.7,3.241987
25.705,3.242025
25.71,3.242057
25.715,3.24213
25.72,3.242237
25.725,3.242349
25.73,3.24244
25.735,3.242501
25.74,3.24253
25.745,3.242535
25.75,3.242527
25.755,3.242515
25.76,3.242504
25.765,3.242497
25.77,3.242494
25.775,3.242494
25.78,3.242496
25.785,3.242498
25.79,3.2425
25.795,3.242501
25.8,3.242501
25.805,3.242498
25.81,3.242456
25.815,3.242358
25.82,3.242233
25.825,3.242116
25.83,3.242029
25.835,3.241978
25.84,3.24196
25.845,3.241963
25.85,3.241976
25.855,3.24199
25.86,3.242
25.865,3.242006
25.87,3.242006
25.875,3.24197
25.88,3.241875
25.885,3.24175
25.89,3.241629
25.895,3.241536
25.9,3.241462
25.905,3.241364
25.91,3.241248
25.915,3.241136
25.92,3.241049
25.925,3.240995
25.93,3.24097
25.935,3.240963
25.94,3.240924
25.945,3.240834
25.95,3.240719
25.955,3.24061
25.96,3.240528
25.965,3.240481
25.97,3.240463
25.975,3.240466
25.98,3.240477
25.985,3.24049
25.99,3.2405
25.995,3.240505
26,3.24048
26.005,3.240395
26.01,3.240272
26.015,3.240148
26.02,3.240049
26.025,3.239988
26.03,3.239962
26.035,3.23996
26.04,3.239971
26.045,3.239986
26.05,3.239998
26.055,3.240005
26.06,3.240007
26.065,3.240007
26.07,3.240004
26.075,3.240002
26.08,3.24
26.085,3.239999
26.09,3.239999
26.095,3.239999
26.1,3.239999
26.105,3.24
26.11,3.24
26.115,3.24
26.12,3.24
26.125,3.239985
26.13,3.239914
26.135,3.239799
26.14,3.239674
26.145,3.23957
26.15,3.2395
26.155,3.23947
26.16,3.239507
26.165,3.239615
26.17,3.239754
26.175,3.239883
26.18,3.239977
26.185,3.24003
26.19,3.240047
26.195,3.240042
26.2,3.240026
26.205,3.24001
26.21,3.239999
26.215,3.239993
26.22,3.239992
26.225,3.239993
26.23,3.239996
26.235,3.239999
26.24,3.24
26.245,3.240014
26.25,3.240081
26.255,3.240194
26.26,3.240319
26.265,3.240429
26.27,3.240546
26.275,3.240682
26.28,3.240836
26.285,3.241022
26.29,3.241212
26.295,3.241371
26.3,3.241507
26.305,3.241649
26.31,3.241802
26.315,3.241986
26.32,3.24218
26.325,3.242375
26.33,3.24259
26.335,3.242839
26.34,3.243117
26.345,3.243414
26.35,3.243685
26.355,3.243929
26.36,3.244149
26.365,3.244327
26.37,3.244451
26.375,3.24452
26.38,3.244545
26.385,3.244543
26.39,3.244534
26.395,3.24457
26.4,3.244662
26.405,3.244781
26.41,3.244893
26.415,3.244975
26.42,3.245022
26.425,3.245039
26.43,3.245036
26.435,3.245027
26.44,3.24506
26.445,3.245151
26.45,3.245271
26.455,3.245385
26.46,3.245471
26.465,3.245521
26.47,3.245539
26.475,3.245537
26.48,3.245524
26.485,3.245511
26.49,3.2455
26.495,3.245494
26.5,3.245493
26.505,3.245494
26.51,3.245496
26.515,3.245499
26.52,3.2455
26.525,3.245501
26.53,3.245501
26.535,3.245501
26.54,3.2455
26.545,3.2455
26.55,3.2455
26.555,3.2455
26.56,3.2455
26.565,3.2455
26.57,3.2455
26.575,3.245497
26.58,3.245452
26.585,3.245353
26.59,3.245228
26.595,3.245112
26.6,3.245019
26.605,3.244915
26.61,3.244791
26.615,3.244662
26.62,3.244506
26.625,3.244334
26.63,3.244176
26.635,3.244057
26.64,3.243986
26.645,3.243933
26.65,3.243851
26.655,3.243745
26.66,3.243639
26.665,3.243553
26.67,3.243498
26.675,3.243472
26.68,3.243468
26.685,3.243476
26.69,3.243487
26.695,3.243497
26.7,3.243503
26.705,3.243506
26.71,3.243506
26.715,3.243495
26.72,3.243433
26.725,3.243322
26.73,3.243195
26.735,3.243085
26.74,3.243009
26.745,3.242948
26.75,3.242859
26.755,3.242748
26.76,3.242638
26.765,3.242551
26.77,3.242496
26.775,3.242471
26.78,3.242467
26.785,3.242476
26.79,3.242487
26.795,3.242497
26.8,3.242504
26.805,3.242506
26.81,3.242506
26.815,3.242504
26.82,3.242502
26.825,3.2425
26.83,3.242499
26.835,3.242499
26.84,3.242499
26.845,3.242499
26.85,3.2425
26.855,3.2425
26.86,3.2425
26.865,3.2425
26.87,3.2425
26.875,3.2425
26.88,3.2425
26.885,3.2425
26.89,3.2425
26.895,3.2425
26.9,3.2425
26.905,3.2425
26.91,3.2425
26.915,3.2425
26.92,3.2425
26.925,3.2425
26.93,3.2425
26.935,3.2425
26.94,3.2425
26.945,3.2425
26.95,3.2425
26.955,3.2425
26.96,3.2425
26.965,3.2425
26.97,3.2425
26.975,3.2425
26.98,3.2425
26.985,3.2425
26.99,3.2425
26.995,3.2425
27,3.2425
27.005,3.242502
27.01,3.242542
27.015,3.242637
27.02,3.242762
27.025,3.24288
27.03,3.242968
27.035,3.24302
27.04,3.243053
27.045,3.243119
27.05,3.243221
27.055,3.243332
27.06,3.24343
27.065,3.243538
27.07,3.24367
27.075,3.243815
27.08,3.243991
27.085,3.244177
27.09,3.244341
27.095,3.244459
27.1,3.244541
27.105,3.244636
27.11,3.244747
27.115,3.244869
27.12,3.245023
27.125,3.245193
27.13,3.245381
27.135,3.245584
27.14,3.245775
27.145,3.245964
27.15,3.246153
27.155,3.246341
27.16,3.246542
27.165,3.246736
27.17,3.246934
27.175,3.247134
27.18,3.247309
27.185,3.247462
27.19,3.247619
27.195,3.247769
27.2,3.247893
27.205,3.247978
27.21,3.248023
27.215,3.248066
27.22,3.248147
27.225,3.248256
27.23,3.248365
27.235,3.248452
27.24,3.248533
27.245,3.248641
27.25,3.248765
27.255,3.248878
27.26,3.248963
27.265,3.249013
27.27,3.249033
27.275,3.249033
27.28,3.249023
27.285,3.24901
27.29,3.249001
27.295,3.248995
27.3,3.248993
27.305,3.248994
27.31,3.248997
27.315,3.248999
27.32,3.248993
27.325,3.248939
27.33,3.248833
27.335,3.248707
27.34,3.248594
27.345,3.248515
27.35,3.248472
27.355,3.248459
27.36,3.248462
27.365,3.248431
27.37,3.248345
27.375,3.248228
27.38,3.248075
27.385,3.247894
27.39,3.247711
27.395,3.247518
27.4,3.247324
27.405,3.247158
27.41,3.247041
27.415,3.246976
27.42,3.246937
27.425,3.24687
27.43,3.246771
27.435,3.246661
27.44,3.246528
27.445,3.246368
27.45,3.246212
27.455,3.246085
27.46,3.245983
27.465,3.245867
27.47,3.245722
27.475,3.245532
27.48,3.245327
27.485,3.245117
27.49,3.244902
27.495,3.244708
27.5,3.244522
27.505,3.244338
27.51,3.244177
27.515,3.244056
27.52,3.243939
27.525,3.243808
27.53,3.243682
27.535,3.243579
27.54,3.24351
27.545,3.243475
27.55,3.243466
27.555,3.243472
27.56,3.243484
27.565,3.243495
27.57,3.243503
27.575,3.243506
27.58,3.243506
27.585,3.243505
27.59,3.243502
27.595,3.243501
27.6,3.243499
27.605,3.243499
27.61,3.243499
27.615,3.243499
27.62,3.2435
27.625,3.2435
27.63,3.2435
27.635,3.2435
27.64,3.2435
27.645,3.2435
27.65,3.2435
27.655,3.2435
27.66,3.2435
27.665,3.243501
27.67,3.24353
27.675,3.243617
27.68,3.243739
27.685,3.243875
27.69,3.244039
27.695,3.244218
27.7,3.244422
27.705,3.244633
27.71,3.24483
27.715,3.245029
27.72,3.245217
27.725,3.245377
27.73,3.245536
27.735,3.245733
27.74,3.245971
27.745,3.246242
27.75,3.246555
27.755,3.246889
27.76,3.247223
27.765,3.24756
27.77,3.247895
27.775,3.248215
27.78,3.248525
27.785,3.248837
27.79,3.249131
27.795,3.249411
27.8,3.249663
27.805,3.24988
27.81,3.250084
27.815,3.250264
27.82,3.250409
27.825,3.250551
27.83,3.250699
27.835,3.250834
27.84,3.250938
27.845,3.251002
27.85,3.251032
27.855,3.251036
27.86,3.251039
27.865,3.251092
27.87,3.251193
27.875,3.251312
27.88,3.251416
27.885,3.251489
27.89,3.251528
27.895,3.251539
27.9,3.251533
27.905,3.25152
27.91,3.251507
27.915,3.251498
27.92,3.251494
27.925,3.251493
27.93,3.251466
27.935,3.251382
27.94,3.251263
27.945,3.251143
27.95,3.251048
27.955,3.250988
27.96,3.250963
27.965,3.250961
27.97,3.25096
27.975,3.250908
27.98,3.250787
27.985,3.250593
27.99,3.250368
27.995,3.250127
28,3.249889
28.005,3.249687
28.01,3.249546
28.015,3.249442
28.02,3.249332
28.025,3.249217
28.03,3.249111
28.035,3.248989
28.04,3.248839
28.045,3.24865
28.05,3.248433
28.055,3.248205
28.06,3.247948
28.065,3.247657
28.07,3.247372
28.075,3.247098
28.08,3.246845
28.085,3.246599
28.09,3.246368
28.095,3.246172
28.1,3.245989
28.105,3.245813
28.11,3.245656
28.115,3.245493
28.12,3.245323
28.125,3.245171
28.13,3.245058
28.135,3.24499
28.14,3.244961
28.145,3.244959
28.15,3.244971
28.155,3.244986
28.16,3.244999
28.165,3.245006
28.17,3.245008
28.175,3.245007
28.18,3.245005
28.185,3.245002
28.19,3.245
28.195,3.244999
28.2,3.244999
28.205,3.244999
28.21,3.244999
28.215,3.245
28.22,3.245
28.225,3.245
28.23,3.245
28.235,3.245
28.24,3.245
28.245,3.245
28.25,3.245013
28.255,3.24508
28.26,3.245194
28.265,3.245348
28.27,3.245545
28.275,3.24579
28.28,3.246054
28.285,3.246324
28.29,3.246585
28.295,3.246808
28.3,3.247011
28.305,3.247213
28.31,3.247442
28.315,3.247719
28.32,3.24805
28.325,3.248421
28.33,3.248806
28.335,3.249188
28.34,3.249544
28.345,3.249874
28.35,3.250159
28.355,3.250401
28.36,3.250619
28.365,3.250832
28.37,3.251059
28.375,3.251315
28.38,3.25158
28.385,3.251851
28.39,3.25211
28.395,3.252357
28.4,3.252592
28.405,3.252792
28.41,3.252936
28.415,3.253056
28.42,3.253181
28.425,3.253304
28.43,3.253407
28.435,3.253479
28.44,3.253518
28.445,3.253531
28.45,3.253527
28.455,3.253522
28.46,3.25356
28.465,3.253655
28.47,3.253776
28.475,3.25389
28.48,3.253974
28.485,3.254023
28.49,3.25404
28.495,3.254036
28.5,3.254024
28.505,3.25399
28.51,3.253904
28.515,3.253781
28.52,3.253655
28.525,3.253555
28.53,3.253492
28.535,3.253463
28.54,3.253459
28.545,3.253432
28.55,3.253352
28.555,3.253221
28.56,3.253033
28.565,3.252817
28.57,3.252576
28.575,3.252341
28.58,3.252148
28.585,3.251998
28.59,3.251854
28.595,3.251717
28.6,3.251572
28.605,3.251404
28.61,3.251225
28.615,3.25102
28.62,3.250774
28.625,3.250499
28.63,3.250198
28.635,3.24987
28.64,3.249541
28.645,3.249243
28.65,3.248956
28.655,3.24866
28.66,3.248382
28.665,3.248126
28.67,3.247888
28.675,3.247663
28.68,3.247439
28.685,3.247238
28.69,3.247048
28.695,3.246859
28.7,3.246693
28.705,3.246569
28.71,3.246494
28.715,3.246461
28.72,3.246457
28.725,3.246469
28.73,3.246485
28.735,3.246498
28.74,3.246505
28.745,3.246472
28.75,3.246379
28.755,3.246253
28.76,3.246131
28.765,3.246038
28.77,3.245982
28.775,3.24596
28.78,3.245961
28.785,3.245973
28.79,3.245988
28.795,3.245999
28.8,3.246006
28.805,3.246014
28.81,3.246069
28.815,3.246173
28.82,3.246296
28.825,3.246406
28.83,3.246484
28.835,3.246527
28.84,3.246557
28.845,3.246624
28.85,3.246729
28.855,3.246882
28.86,3.247094
28.865,3.247362
28.87,3.247648
28.875,3.247941
28.88,3.248213
28.885,3.248475
28.89,3.248735
28.895,3.249024
28.9,3.249352
28.905,3.249716
28.91,3.250103
28.915,3.250483
28.92,3.250846
28.925,3.251202
28.93,3.251536
28.935,3.251851
28.94,3.252134
28.945,3.252394
28.95,3.252638
28.955,3.252881
28.96,3.253125
28.965,3.25338
28.97,3.253635
28.975,3.253899
28.98,3.254152
28.985,3.254401
28.99,3.254644
28.995,3.254893
29,3.255132
29.005,3.255329
29.01,3.255464
29.015,3.255562
29.02,3.255667
29.025,3.25578
29.03,3.255883
29.035,3.255964
29.04,3.256057
29.045,3.256178
29.05,3.256305
29.055,3.256412
29.06,3.256486
29.065,3.256525
29.07,3.256536
29.075,3.256531
29.08,3.256518
29.085,3.256506
29.09,3.256498
29.095,3.256494
29.1,3.256493
29.105,3.256479
29.11,3.256409
29.115,3.256296
29.12,3.256173
29.125,3.256068
29.13,3.25597
29.135,3.255837
29.14,3.255641
29.145,3.255408
29.15,3.255147
29.155,3.254889
29.16,3.254674
29.165,3.2545
29.17,3.254338
29.175,3.254193
29.18,3.254046
29.185,3.253878
29.19,3.253674
29.195,3.253429
29.2,3.253135
29.205,3.252798
29.21,3.252451
29.215,3.252101
29.22,3.251746
29.225,3.25141
29.23,3.25108
29.235,3.250738
29.24,3.250413
29.245,3.250107
29.25,3.249827
29.255,3.249558
29.26,3.24931
29.265,3.249066
29.27,3.24884
29.275,3.248647
29.28,3.248463
29.285,3.248288
29.29,3.248141
29.295,3.248007
29.3,3.24786
29.305,3.247717
29.31,3.247598
29.315,3.247518
29.32,3.247475
29.325,3.247463
29.33,3.247468
29.335,3.247466
29.34,3.247408
29.345,3.247302
29.35,3.247181
29.355,3.247077
29.36,3.247006
29.365,3.246969
29.37,3.24696
29.375,3.246968
29.38,3.246981
29.385,3.246994
29.39,3.247003
29.395,3.247007
29.4,3.247007
29.405,3.247006
29.41,3.247037
29.415,3.247124
29.42,3.247246
29.425,3.247366
29.43,3.247476
29.435,3.247607
29.44,3.247755
29.445,3.247937
29.45,3.248162
29.455,3.248423
29.46,3.248694
29.465,3.24897
29.47,3.24924
29.475,3.249511
29.48,3.249797
29.485,3.250119
29.49,3.250485
29.495,3.250906
29.5,3.251354
29.505,3.251817
29.51,3.252269
29.515,3.252683
29.52,3.253044
29.525,3.253358
29.53,3.253648
29.535,3.253934
29.54,3.254221
29.545,3.254504
29.55,3.254767
29.555,3.255019
29.56,3.255247
29.565,3.255472
29.57,3.255688
29.575,3.255909
29.58,3.25613
29.585,3.25635
29.59,3.256579
29.595,3.256827
29.6,3.257084
29.605,3.257353
29.61,3.257611
29.615,3.257823
29.62,3.257967
29.625,3.258042
29.63,3.258081
29.635,3.258144
29.64,3.258237
29.645,3.258339
29.65,3.258428
29.655,3.258489
29.66,3.258522
29.665,3.258531
29.67,3.258526
29.675,3.258516
29.68,3.258505
29.685,3.258498
29.69,3.258495
29.695,3.258494
29.7,3.258496
29.705,3.258498
29.71,3.258499
29.715,3.2585
29.72,3.258501
29.725,3.2585
29.73,3.258467
29.735,3.258377
29.74,3.258247
29.745,3.258069
29.75,3.257823
29.755,3.257539
29.76,3.25724
29.765,3.25695
29.77,3.25671
29.775,3.256514
29.78,3.256337
29.785,3.256171
29.79,3.255975
29.795,3.255722
29.8,3.255428
29.805,3.255092
29.81,3.254728
29.815,3.254365
29.82,3.254007
29.825,3.253657
29.83,3.253329
29.835,3.253021
29.84,3.252723
29.845,3.252433
29.85,3.252138
29.855,3.251864
29.86,3.25161
29.865,3.251358
29.87,3.251091
29.875,3.25083
29.88,3.250568
29.885,3.250327
29.89,3.250106
29.895,3.249894
29.9,3.249711
29.905,3.249575
29.91,3.249467
29.915,3.249348
29.92,3.249223
29.925,3.249114
29.93,3.249033
29.935,3.248951
29.94,3.248841
29.945,3.248718
29.95,3.248609
29.955,3.248529
29.96,3.248485
29.965,3.2485
29.97,3.248589
29.975,3.24872
29.98,3.248852
29.985,3.248955
29.99,3.249018
29.995,3.249044
30,3.249049
30.005,3.249087
30.01,3.24918
30.015,3.24934
30.02,3.249563
30.025,3.249837
30.03,3.250135
30.035,3.250441
30.04,3.250732
30.045,3.251021
30.05,3.251325
30.055,3.251655
30.06,3.252035
30.065,3.252456
30.07,3.252916
30.075,3.253399
30.08,3.253883
30.085,3.254334
30.09,3.254723
30.095,3.255052
30.1,3.255341
30.105,3.255611
30.11,3.255885
30.115,3.25615
30.12,3.256413
30.125,3.256662
30.13,3.256907
30.135,3.25714
30.14,3.257364
30.145,3.257586
30.15,3.257801
30.155,3.258021
30.16,3.258236
30.165,3.258459
30.17,3.258678
30.175,3.258904
30.18,3.259157
30.185,3.259438
30.19,3.259744
30.195,3.260044
30.2,3.260293
30.205,3.260462
30.21,3.260553
30.215,3.260621
30.22,3.260707
30.225,3.260804
30.23,3.260895
30.235,3.260965
30.24,3.261021
30.245,3.261107
30.25,3.261222
30.255,3.26134
30.26,3.261436
30.265,3.261499
30.27,3.261529
30.275,3.261535
30.28,3.261528
30.285,3.261497
30.29,3.261412
30.295,3.261288
30.3,3.261161
30.305,3.261058
30.31,3.26097
30.315,3.260855
30.32,3.26068
30.325,3.260443
30.33,3.260158
30.335,3.259868
30.34,3.259585
30.345,3.259329
30.35,3.259096
30.355,3.258843
30.36,3.258545
30.365,3.258182
30.37,3.257766
30.375,3.257321
30.38,3.256869
30.385,3.256424
30.39,3.256
30.395,3.255609
30.4,3.255256
30.405,3.254928
30.41,3.254614
30.415,3.254324
30.42,3.254048
30.425,3.253802
30.43,3.253573
30.435,3.253356
30.44,3.253133
30.445,3.252902
30.45,3.252652
30.455,3.252398
30.46,3.252139
30.465,3.25189
30.47,3.251659
30.475,3.251434
30.48,3.251231
30.485,3.251032
30.49,3.250836
30.495,3.25067
30.5,3.25055
30.505,3.250482
30.51,3.250435
30.515,3.250359
30.52,3.250255
30.525,3.250148
30.53,3.25006
30.535,3.250002
30.54,3.249973
30.545,3.249959
30.55,3.249907
30.555,3.249813
30.56,3.249735
30.565,3.249723
30.57,3.249771
30.575,3.249848
30.58,3.249926
30.585,3.249984
30.59,3.250018
30.595,3.25003
30.6,3.250029
30.605,3.250056
30.61,3.250138
30.615,3.25028
30.62,3.250483
30.625,3.250746
30.63,3.251052
30.635,3.251379
30.64,3.251685
30.645,3.251971
30.65,3.252248
30.655,3.252553
30.66,3.252909
30.665,3.253334
30.67,3.253827
30.675,3.25435
30.68,3.254871
30.685,3.255366
30.69,3.255816
30.695,3.256216
30.7,3.25658
30.705,3.256917
30.71,3.257227
30.715,3.257515
30.72,3.257786
30.725,3.258045
30.73,3.258288
30.735,3.258528
30.74,3.258759
30.745,3.258995
30.75,3.259229
30.755,3.259471
30.76,3.259708
30.765,3.259949
30.77,3.260181
30.775,3.260417
30.78,3.260658
30.785,3.260915
30.79,3.261185
30.795,3.261463
30.8,3.261712
30.805,3.261899
30.81,3.262013
30.815,3.262078
30.82,3.262154
30.825,3.262251
30.83,3.262351
30.835,3.262435
30.84,3.262492
30.845,3.262532
30.85,3.262603
30.855,3.26271
30.86,3.262825
30.865,3.262924
30.87,3.262991
30.875,3.263022
30.88,3.262985
30.885,3.262878
30.89,3.26274
30.895,3.262613
30.9,3.262521
30.905,3.26247
30.91,3.262442
30.915,3.262381
30.92,3.262245
30.925,3.262033
30.93,3.261754
30.935,3.261459
30.94,3.261176
30.945,3.260913
30.95,3.260686
30.955,3.260458
30.96,3.260198
30.965,3.259902
30.97,3.259552
30.975,3.25916
30.98,3.258726
30.985,3.258264
30.99,3.257801
30.995,3.257354
31,3.256943
31.005,3.25656
31.01,3.256196
31.015,3.255873
31.02,3.255582
31.025,3.255312
31.03,3.255045
31.035,3.254791
31.04,3.254539
31.045,3.254299
31.05,3.254057
31.055,3.25383
31.06,3.25363
31.065,3.253436
31.07,3.253251
31.075,3.253057
31.08,3.252858
31.085,3.252665
31.09,3.252463
31.095,3.252271
31.1,3.252118
31.105,3.252016
31.11,3.251944
31.115,3.251853
31.12,3.251744
31.125,3.251637
31.13,3.251553
31.135,3.251499
31.14,3.251473
31.145,3.251469
31.15,3.251477
31.155,3.251488
31.16,3.251497
31.165,3.251503
31.17,3.251506
31.175,3.251505
31.18,3.251504
31.185,3.251502
31.19,3.2515
31.195,3.251499
31.2,3.251507
31.205,3.251565
31.21,3.251678
31.215,3.251856
31.22,3.252092
31.225,3.252376
31.23,3.252696
31.235,3.253016
31.24,3.253321
31.245,3.25361
31.25,3.253912
31.255,3.25425
31.26,3.254644
31.265,3.255102
31.27,3.255614
31.275,3.256156
31.28,3.256703
31.285,3.257218
31.29,3.257678
31.295,3.258086
31.3,3.258453
31.305,3.258793
31.31,3.259105
31.315,3.259402
31.32,3.25968
31.325,3.259952
31.33,3.260208
31.335,3.260461
31.34,3.260705
31.345,3.260954
31.35,3.261205
31.355,3.261463
31.36,3.261723
31.365,3.261992
31.37,3.262281
31.375,3.26258
31.38,3.262889
31.385,3.263206
31.39,3.26352
31.395,3.263829
31.4,3.264111
31.405,3.264334
31.41,3.264508
31.415,3.264666
31.42,3.264806
31.425,3.264914
31.43,3.265013
31.435,3.265134
31.44,3.265265
31.445,3.265382
31.45,3.265467
31.455,3.265516
31.46,3.265535
31.465,3.265533
31.47,3.265522
31.475,3.265499
31.48,3.265425
31.485,3.265309
31.49,3.265182
31.495,3.265067
31.5,3.264937
31.505,3.264767
31.51,3.264543
31.515,3.264263
31.52,3.26397
31.525,3.263693
31.53,3.263409
31.535,3.26311
31.54,3.262791
31.545,3.262428
31.55,3.262019
31.555,3.261566
31.56,3.261088
31.565,3.260604
31.57,3.260138
31.575,3.259697
31.58,3.259282
31.585,3.258903
31.59,3.258537
31.595,3.258177
31.6,3.257834
31.605,3.257514
31.61,3.257212
31.615,3.256923
31.62,3.256632
31.625,3.256345
31.63,3.256058
31.635,3.255795
31.64,3.255543
31.645,3.255313
31.65,3.255094
31.655,3.254881
31.66,3.254676
31.665,3.254465
31.67,3.254263
31.675,3.254057
31.68,3.253852
31.685,3.253655
31.69,3.253451
31.695,3.253261
31.7,3.25311
31.705,3.253011
31.71,3.252962
31.715,3.252917
31.72,3.252837
31.725,3.252732
31.73,3.252627
31.735,3.252545
31.74,3.252493
31.745,3.25247
31.75,3.252468
31.755,3.252476
31.76,3.252488
31.765,3.252498
31.77,3.252504
31.775,3.252506
31.78,3.252505
31.785,3.252504
31.79,3.252502
31.795,3.252504
31.8,3.25255
31.805,3.252651
31.81,3.252809
31.815,3.253025
31.82,3.2533
31.825,3.253624
31.83,3.253962
31.835,3.254292
31.84,3.254596
31.845,3.254882
31.85,3.255179
31.855,3.255532
31.86,3.255965
31.865,3.25648
31.87,3.257039
31.875,3.257597
31.88,3.258125
31.885,3.258603
31.89,3.25903
31.895,3.259427
31.9,3.259805
31.905,3.260151
31.91,3.26047
31.915,3.260765
31.92,3.261043
31.925,3.261314
31.93,3.261601
31.935,3.261906
31.94,3.262225
31.945,3.262538
31.95,3.262841
31.955,3.263121
31.96,3.263387
31.965,3.263638
31.97,3.263889
31.975,3.264129
31.98,3.264354
31.985,3.264575
31.99,3.264789
31.995,3.265011
32,3.265218
32.005,3.265381
32.01,3.265488
32.015,3.265541
32.02,3.265554
32.025,3.265572
32.03,3.265639
32.035,3.265743
32.04,3.265853
32.045,3.265944
32.05,3.266003
32.055,3.266031
32.06,3.266036
32.065,3.266027
32.07,3.266015
32.075,3.266004
32.08,3.265996
32.085,3.265994
32.09,3.265994
32.095,3.265996
32.1,3.265998
32.105,3.265988
32.11,3.265924
32.115,3.265805
32.12,3.265622
32.125,3.265388
32.13,3.265115
32.135,3.264842
32.14,3.264573
32.145,3.264329
32.15,3.264116
32.155,3.263904
32.16,3.263665
32.165,3.263386
32.17,3.263047
32.175,3.262663
32.18,3.262238
32.185,3.261793
32.19,3.261344
32.195,3.260896
32.2,3.26046
32.205,3.260047
32.21,3.259662
32.215,3.259329
32.22,3.259035
32.225,3.258772
32.23,3.258517
32.235,3.258248
32.24,3.257975
32.245,3.257707
32.25,3.257448
32.255,3.257216
32.26,3.256994
32.265,3.256789
32.27,3.256596
32.275,3.256401
32.28,3.256205
32.285,3.255994
32.29,3.255789
32.295,3.255587
32.3,3.255384
32.305,3.255203
32.31,3.25503
32.315,3.254853
32.32,3.254694
32.325,3.254573
32.33,3.254498
32.335,3.254464
32.34,3.254459
32.345,3.254469
32.35,3.254484
32.355,3.254497
32.36,3.254505
32.365,3.254508
32.37,3.254508
32.375,3.25453
32.38,3.254609
32.385,3.254726
32.39,3.254848
32.395,3.254946
32.4,3.255016
32.405,3.255102
32.41,3.255226
32.415,3.255414
32.42,3.255677
32.425,3.255998
32.43,3.25635
32.435,3.256706
32.44,3.257044
32.445,3.257363
32.45,3.257674
32.455,3.258019
32.46,3.258417
32.465,3.258879
32.47,3.259386
32.475,3.259906
32.48,3.260406
32.485,3.260871
32.49,3.261295
32.495,3.261675
32.5,3.262017
32.505,3.262338
32.51,3.26264
32.515,3.262933
32.52,3.263212
32.525,3.263482
32.53,3.263729
32.535,3.263966
32.54,3.264183
32.545,3.264369
32.55,3.26455
32.555,3.264722
32.56,3.264893
32.565,3.265078
32.57,3.265267
32.575,3.265476
32.58,3.2657
32.585,3.265946
32.59,3.266199
32.595,3.266461
32.6,3.2667
32.605,3.266884
32.61,3.267
32.615,3.267054
32.62,3.267063
32.625,3.267072
32.63,3.267131
32.635,3.267231
32.64,3.267341
32.645,3.267435
32.65,3.267498
32.655,3.267529
32.66,3.267536
32.665,3.267529
32.67,3.267516
32.675,3.267505
32.68,3.267497
32.685,3.267494
32.69,3.267494
32.695,3.267496
32.7,3.267498
32.705,3.2675
32.71,3.2675
32.715,3.267474
32.72,3.26739
32.725,3.26724
32.73,3.267031
32.735,3.266782
32.74,3.266512
32.745,3.266259
32.75,3.266017
32.755,3.265794
32.76,3.265574
32.765,3.265332
32.77,3.265064
32.775,3.26477
32.78,3.264429
32.785,3.264053
32.79,3.263641
32.795,3.263205
32.8,3.262761
32.805,3.262322
32.81,3.261905
32.815,3.261512
32.82,3.261145
32.825,3.260816
32.83,3.260515
32.835,3.260222
32.84,3.259939
32.845,3.259659
32.85,3.259395
32.855,3.259151
32.86,3.258918
32.865,3.258709
32.87,3.2585
32.875,3.258293
32.88,3.258071
32.885,3.257846
32.89,3.257612
32.895,3.25738
32.9,3.257156
32.905,3.256933
32.91,3.256735
32.915,3.256586
32.92,3.256495
32.925,3.256454
32.93,3.256449
32.935,3.256463
32.94,3.256482
32.945,3.256497
32.95,3.256507
32.955,3.25651
32.96,3.256509
32.965,3.256506
32.97,3.256503
32.975,3.2565
32.98,3.256499
32.985,3.256518
32.99,3.256594
32.995,3.256713
33,3.256838
33.005,3.256974
33.01,3.257134
33.015,3.257334
33.02,3.257582
33.025,3.25787
33.03,3.258166
33.035,3.258469
33.04,3.258786
33.045,3.259113
33.05,3.259457
33.055,3.259832
33.06,3.260256
33.065,3.260725
33.07,3.261237
33.075,3.261763
33.08,3.262275
33.085,3.262751
33.09,3.263174
33.095,3.263538
33.1,3.263857
33.105,3.26413
33.11,3.264364
33.115,3.264581
33.12,3.264772
33.125,3.264957
33.13,3.265144
33.135,3.265317
33.14,3.2655
33.145,3.265683
33.15,3.265866
33.155,3.266061
33.16,3.266255
33.165,3.266462
33.17,3.266671
33.175,3.266887
33.18,3.267117
33.185,3.267369
33.19,3.267641
33.195,3.267927
33.2,3.268188
33.205,3.268387
33.21,3.268509
33.215,3.268572
33.22,3.268637
33.225,3.268727
33.23,3.268827
33.235,3.268916
33.24,3.268982
33.245,3.269059
33.25,3.269168
33.255,3.26929
33.26,3.269399
33.265,3.269476
33.27,3.26952
33.275,3.269535
33.28,3.269532
33.285,3.269518
33.29,3.269463
33.295,3.269357
33.3,3.269228
33.305,3.26911
33.31,3.269006
33.315,3.268884
33.32,3.268727
33.325,3.268521
33.33,3.26826
33.335,3.26798
33.34,3.267728
33.345,3.267499
33.35,3.267279
33.355,3.267044
33.36,3.266779
33.365,3.266479
33.37,3.26614
33.375,3.265767
33.38,3.26537
33.385,3.264965
33.39,3.264555
33.395,3.264153
33.4,3.263766
33.405,3.263397
33.41,3.263043
33.415,3.262698
33.42,3.262376
33.425,3.262071
33.43,3.261772
33.435,3.261481
33.44,3.261199
33.445,3.260931
33.45,3.260682
33.455,3.260444
33.46,3.260215
33.465,3.259983
33.47,3.259766
33.475,3.25955
33.48,3.259341
33.485,3.259139
33.49,3.258933
33.495,3.25874
33.5,3.258547
33.505,3.258353
33.51,3.258163
33.515,3.257961
33.52,3.25777
33.525,3.257616
33.53,3.257515
33.535,3.257463
33.54,3.25745
33.545,3.257459
33.55,3.257477
33.555,3.257493
33.56,3.257504
33.565,3.257509
33.57,3.257509
33.575,3.257507
33.58,3.257503
33.585,3.257501
33.59,3.257499
33.595,3.257523
33.6,3.257605
33.605,3.257725
33.61,3.257851
33.615,3.257993
33.62,3.258159
33.625,3.258364
33.63,3.258613
33.635,3.258897
33.64,3.259189
33.645,3.259495
33.65,3.259817
33.655,3.260141
33.66,3.260475
33.665,3.260845
33.67,3.261283
33.675,3.261788
33.68,3.262344
33.685,3.262919
33.69,3.263471
33.695,3.263954
33.7,3.264357
33.705,3.264676
33.71,3.264937
33.715,3.265161
33.72,3.265375
33.725,3.265589
33.73,3.265816
33.735,3.266051
33.74,3.26628
33.745,3.266511
33.75,3.266728
33.755,3.266946
33.76,3.267159
33.765,3.26738
33.77,3.267607
33.775,3.267847
33.78,3.268091
33.785,3.268334
33.79,3.268579
33.795,3.268833
33.8,3.269091
33.805,3.269359
33.81,3.269615
33.815,3.269825
33.82,3.269967
33.825,3.270047
33.83,3.27012
33.835,3.270214
33.84,3.270317
33.845,3.270409
33.85,3.270476
33.855,3.270514
33.86,3.270528
33.865,3.270527
33.87,3.270517
33.875,3.270507
33.88,3.2705
33.885,3.270496
33.89,3.270495
33.895,3.270496
33.9,3.270497
33.905,3.270499
33.91,3.2705
33.915,3.270501
33.92,3.270485
33.925,3.270413
33.93,3.270262
33.935,3.270042
33.94,3.269774
33.945,3.269489
33.95,3.269223
33.955,3.26897
33.96,3.268741
33.965,3.26851
33.97,3.26825
33.975,3.267956
33.98,3.267613
33.985,3.267229
33.99,3.266801
33.995,3.266348
34,3.265895
34.005,3.265442
34.01,3.265018
34.015,3.264619
34.02,3.264238
34.025,3.263879
34.03,3.263545
34.035,3.263243
34.04,3.262949
34.045,3.262646
34.05,3.262331
34.055,3.26202
34.06,3.261728
34.065,3.261455
34.07,3.261212
34.075,3.260979
34.08,3.260737
34.085,3.260481
34.09,3.260206
34.095,3.259932
34.1,3.259664
34.105,3.25941
34.11,3.25919
34.115,3.258983
34.12,3.258792
34.125,3.258638
34.13,3.258532
34.135,3.258476
34.14,3.258457
34.145,3.258461
34.15,3.258476
34.155,3.258492
34.16,3.258502
34.165,3.258508
34.17,3.258509
34.175,3.258507
34.18,3.258504
34.185,3.258516
34.19,3.258585
34.195,3.2587
34.2,3.258825
34.205,3.258961
34.21,3.25912
34.215,3.259316
34.22,3.259568
34.225,3.259872
34.23,3.26021
34.235,3.260557
34.24,3.2609
34.245,3.261241
34.25,3.261624
34.255,3.262074
34.26,3.262618
34.265,3.263236
34.27,3.263876
34.275,3.264486
34.28,3.265031
34.285,3.265489
34.29,3.265868
34.295,3.266175
34.3,3.266443
34.305,3.266681
34.31,3.266916
34.315,3.267147
34.32,3.267389
34.325,3.267635
34.33,3.267894
34.335,3.268147
34.34,3.268398
34.345,3.268638
34.35,3.268878
34.355,3.269114
34.36,3.269354
34.365,3.269595
34.37,3.269844
34.375,3.270112
34.38,3.270401
34.385,3.270704
34.39,3.271004
34.395,3.271278
34.4,3.271534
34.405,3.271752
34.41,3.271912
34.415,3.272008
34.42,3.272049
34.425,3.272053
34.43,3.272038
34.435,3.272021
34.44,3.272049
34.445,3.272139
34.45,3.272261
34.455,3.272378
34.46,3.272468
34.465,3.27252
34.47,3.27254
34.475,3.272538
34.48,3.272526
34.485,3.272511
34.49,3.2725
34.495,3.272494
34.5,3.272466
34.505,3.272383
34.51,3.272261
34.515,3.272096
34.52,3.271878
34.525,3.27161
34.53,3.271304
34.535,3.270993
34.54,3.270714
34.545,3.270459
34.55,3.270225
34.555,3.269981
34.56,3.269703
34.565,3.269401
34.57,3.269055
34.575,3.268663
34.58,3.268234
34.585,3.267789
34.59,3.267348
34.595,3.266924
34.6,3.266531
34.605,3.266165
34.61,3.265818
34.615,3.265496
34.62,3.265201
34.625,3.264929
34.63,3.26467
34.635,3.264416
34.64,3.264157
34.645,3.263901
34.65,3.263645
34.655,3.263397
34.66,3.26316
34.665,3.262927
34.67,3.26271
34.675,3.26249
34.68,3.262249
34.685,3.261988
34.69,3.261708
34.695,3.261422
34.7,3.26113
34.705,3.26086
34.71,3.260649
34.715,3.260512
34.72,3.260446
34.725,3.260431
34.73,3.260446
34.735,3.26047
34.74,3.260493
34.745,3.260507
34.75,3.260513
34.755,3.260513
34.76,3.260509
34.765,3.260504
34.77,3.260501
34.775,3.260499
34.78,3.260498
34.785,3.2605
34.79,3.260541
34.795,3.260637
34.8,3.260779
34.805,3.260979
34.81,3.261241
34.815,3.261565
34.82,3.261917
34.825,3.262281
34.83,3.262662
34.835,3.263067
34.84,3.263503
34.845,3.263973
34.85,3.264472
34.855,3.264984
34.86,3.265499
34.865,3.265986
34.87,3.26643
34.875,3.266833
34.88,3.267208
34.885,3.26755
34.89,3.267869
34.895,3.26815
34.9,3.268405
34.905,3.268638
34.91,3.268861
34.915,3.269082
34.92,3.269306
34.925,3.269538
34.93,3.269767
34.935,3.270002
34.94,3.270231
34.945,3.270465
34.95,3.270695
34.955,3.270932
34.96,3.271162
34.965,3.271387
34.97,3.271609
34.975,3.271829
34.98,3.272055
34.985,3.272292
34.99,3.272546
34.995,3.272823
35,3.273094
35.005,3.273317
35.01,3.273468
35.015,3.273548
35.02,3.273571
35.025,3.27356
35.03,3.273547
35.035,3.273586
35.04,3.273681
35.045,3.273799
35.05,3.273906
35.055,3.273983
35.06,3.274026
35.065,3.274039
35.07,3.274034
35.075,3.274021
35.08,3.274008
35.085,3.273999
35.09,3.273994
35.095,3.273993
35.1,3.273995
35.105,3.273997
35.11,3.273999
35.115,3.274
35.12,3.274001
35.125,3.273998
35.13,3.273953
35.135,3.273843
35.14,3.273643
35.145,3.27335
35.15,3.273013
35.155,3.272662
35.16,3.272345
35.165,3.272065
35.17,3.271814
35.175,3.27155
35.18,3.271242
35.185,3.270873
35.19,3.270439
35.195,3.269955
35.2,3.269446
35.205,3.268937
35.21,3.268443
35.215,3.26799
35.22,3.267578
35.225,3.267196
35.23,3.266842
35.235,3.266517
35.24,3.266216
35.245,3.265925
35.25,3.26563
35.255,3.265321
35.26,3.265012
35.265,3.264708
35.27,3.264422
35.275,3.264151
35.28,3.263896
35.285,3.263651
35.29,3.263413
35.295,3.26318
35.3,3.262943
35.305,3.262692
35.31,3.262438
35.315,3.262185
35.32,3.261937
35.325,3.261724
35.33,3.26157
35.335,3.26148
35.34,3.261444
35.345,3.261445
35.35,3.261462
35.355,3.261484
35.36,3.2615
35.365,3.261509
35.37,3.261511
35.375,3.26151
35.38,3.261506
35.385,3.261502
35.39,3.261513
35.395,3.261578
35.4,3.261691
35.405,3.261819
35.41,3.261963
35.415,3.262142
35.42,3.262377
35.425,3.262673
35.43,3.26299
35.435,3.263304
35.44,3.263617
35.445,3.263934
35.45,3.264258
35.455,3.264604
35.46,3.265005
35.465,3.265473
35.47,3.265994
35.475,3.26654
35.48,3.267083
35.485,3.267596
35.49,3.268064
35.495,3.268472
35.5,3.268829
35.505,3.269137
35.51,3.269418
35.515,3.26968
35.52,3.269941
35.525,3.270197
35.53,3.270458
35.535,3.270728
35.54,3.271002
35.545,3.271256
35.55,3.271501
35.555,3.27173
35.56,3.271962
35.565,3.272189
35.57,3.272425
35.575,3.272661
35.58,3.272905
35.585,3.27315
35.59,3.273404
35.595,3.273673
35.6,3.273954
35.605,3.274206
35.61,3.274397
35.615,3.274513
35.62,3.274563
35.625,3.274568
35.63,3.274549
35.635,3.274524
35.64,3.274503
35.645,3.274493
35.65,3.27453
35.655,3.274628
35.66,3.274756
35.665,3.274878
35.67,3.27497
35.675,3.275022
35.68,3.275041
35.685,3.27501
35.69,3.274911
35.695,3.274775
35.7,3.274642
35.705,3.27454
35.71,3.27448
35.715,3.274455
35.72,3.274422
35.725,3.274325
35.73,3.274142
35.735,3.27389
35.74,3.273597
35.745,3.273318
35.75,3.273062
35.755,3.272833
35.76,3.272625
35.765,3.272387
35.77,3.272109
35.775,3.271785
35.78,3.271409
35.785,3.270995
35.79,3.270546
35.795,3.270077
35.8,3.269615
35.805,3.26917
35.81,3.268747
35.815,3.268353
35.82,3.268
35.825,3.267682
35.83,3.267391
35.835,3.26711
35.84,3.266849
35.845,3.266596
35.85,3.266359
35.855,3.266132
35.86,3.26591
35.865,3.265706
35.87,3.265501
35.875,3.265304
35.88,3.265106
35.885,3.264902
35.89,3.264708
35.895,3.264505
35.9,3.264303
35.905,3.264088
35.91,3.263871
35.915,3.263684
35.92,3.263518
35.925,3.263354
35.93,3.263203
35.935,3.263085
35.94,3.263009
35.945,3.262971
35.95,3.262963
35.955,3.26297
35.96,3.262983
35.965,3.262998
35.97,3.263047
35.975,3.263147
35.98,3.263271
35.985,3.263387
35.99,3.263472
35.995,3.263534
36,3.263618
36.005,3.263755
36.01,3.263963
36.015,3.264241
36.02,3.264546
36.025,3.264861
36.03,3.265179
36.035,3.265504
36.04,3.265842
36.045,3.266208
36.05,3.266618
36.055,3.267087
36.06,3.267602
36.065,3.268137
36.07,3.268658
36.075,3.269136
36.08,3.269571
36.085,3.269958
36.09,3.270305
36.095,3.270612
36.1,3.270896
36.105,3.271151
36.11,3.27139
36.115,3.271617
36.12,3.271837
36.125,3.272059
36.13,3.272274
36.135,3.272497
36.14,3.272715
36.145,3.272942
36.15,3.273166
36.155,3.273397
36.16,3.273627
36.165,3.273863
36.17,3.274099
36.175,3.274333
36.18,3.274566
36.185,3.274797
36.19,3.275044
36.195,3.275325
36.2,3.275634
36.205,3.275951
36.21,3.276226
36.215,3.276424
36.22,3.276542
36.225,3.276636
36.23,3.276736
36.235,3.276836
36.24,3.276921
36.245,3.27698
36.25,3.277014
36.255,3.277025
36.26,3.277023
36.265,3.277015
36.27,3.277006
36.275,3.276999
36.28,3.276996
36.285,3.276995
36.29,3.276996
36.295,3.276998
36.3,3.276999
36.305,3.277
36.31,3.277001
36.315,3.277001
36.32,3.276998
36.325,3.276958
36.33,3.276854
36.335,3.276668
36.34,3.276403
36.345,3.276095
36.35,3.275795
36.355,3.275507
36.36,3.275216
36.365,3.274908
36.37,3.274555
36.375,3.274155
36.38,3.273704
36.385,3.273222
36.39,3.272724
36.395,3.272234
36.4,3.271761
36.405,3.271311
36.41,3.270889
36.415,3.270481
36.42,3.270086
36.425,3.269705
36.43,3.269353
36.435,3.269017
36.44,3.268682
36.445,3.268347
36.45,3.268023
36.455,3.267716
36.46,3.267433
36.465,3.267173
36.47,3.266926
36.475,3.266682
36.48,3.266438
36.485,3.266193
36.49,3.265948
36.495,3.265723
36.5,3.265501
36.505,3.265296
36.51,3.26512
36.515,3.264946
36.52,3.264778
36.525,3.264637
36.53,3.264537
36.535,3.264481
36.54,3.264461
36.545,3.264463
36.55,3.264476
36.555,3.26449
36.56,3.264501
36.565,3.264507
36.57,3.264508
36.575,3.264508
36.58,3.26454
36.585,3.26463
36.59,3.264751
36.595,3.264877
36.6,3.265024
36.605,3.265208
36.61,3.265446
36.615,3.265739
36.62,3.266049
36.625,3.266363
36.63,3.266669
36.635,3.266979
36.64,3.267309
36.645,3.267685
36.65,3.268116
36.655,3.268601
36.66,3.269125
36.665,3.269661
36.67,3.270176
36.675,3.270647
36.68,3.271061
36.685,3.271426
36.69,3.271755
36.695,3.27205
36.7,3.272323
36.705,3.272578
36.71,3.272827
36.715,3.273072
36.72,3.273316
36.725,3.273559
36.73,3.273798
36.735,3.274038
36.74,3.274275
36.745,3.274516
36.75,3.274752
36.755,3.274993
36.76,3.275228
36.765,3.27547
36.77,3.2757
36.775,3.27593
36.78,3.276152
36.785,3.276368
36.79,3.276586
36.795,3.276807
36.8,3.277036
36.805,3.277245
36.81,3.277404
36.815,3.277503
36.82,3.277549
36.825,3.277555
36.83,3.277541
36.835,3.277545
36.84,3.277608
36.845,3.277717
36.85,3.277836
36.855,3.277936
36.86,3.278002
36.865,3.278034
36.87,3.278039
36.875,3.278031
36.88,3.278017
36.885,3.278004
36.89,3.277996
36.895,3.277993
36.9,3.277993
36.905,3.277995
36.91,3.277971
36.915,3.277889
36.92,3.277768
36.925,3.277607
36.93,3.277384
36.935,3.277101
36.94,3.276771
36.945,3.276448
36.95,3.276176
36.955,3.27594
36.96,3.275723
36.965,3.275476
36.97,3.275175
36.975,3.274798
36.98,3.274355
36.985,3.273866
36.99,3.273355
36.995,3.272846
37,3.27236
37.005,3.271905
37.01,3.271492
37.015,3.27112
37.02,3.270795
37.025,3.270499
37.03,3.270207
37.035,3.269915
37.04,3.269617
37.045,3.269327
37.05,3.269044
37.055,3.268783
37.06,3.268532
37.065,3.268297
37.07,3.268061
37.075,3.267835
37.08,3.267609
37.085,3.267387
37.09,3.267182
37.095,3.266976
37.1,3.266782
37.105,3.266617
37.11,3.266453
37.115,3.266289
37.12,3.266148
37.125,3.266029
37.13,3.265897
37.135,3.265757
37.14,3.265633
37.145,3.265541
37.15,3.265487
37.155,3.265466
37.16,3.265466
37.165,3.265489
37.17,3.265568
37.175,3.26569
37.18,3.265821
37.185,3.26593
37.19,3.266007
37.195,3.266093
37.2,3.266217
37.205,3.266403
37.21,3.266654
37.215,3.266946
37.22,3.267259
37.225,3.267572
37.23,3.267881
37.235,3.268186
37.24,3.268527
37.245,3.268927
37.25,3.2694
37.255,3.269928
37.26,3.270476
37.265,3.271014
37.27,3.271511
37.275,3.27195
37.28,3.272339
37.285,3.272696
37.29,3.273027
37.295,3.273341
37.3,3.273631
37.305,3.273908
37.31,3.274162
37.315,3.274409
37.32,3.274643
37.325,3.274877
37.33,3.275112
37.335,3.27536
37.34,3.275609
37.345,3.275862
37.35,3.276106
37.355,3.276319
37.36,3.27652
37.365,3.27671
37.37,3.276906
37.375,3.277111
37.38,3.277327
37.385,3.277557
37.39,3.277805
37.395,3.27808
37.4,3.278379
37.405,3.278656
37.41,3.278871
37.415,3.279007
37.42,3.279106
37.425,3.279209
37.43,3.279313
37.435,3.279404
37.44,3.279471
37.445,3.279509
37.45,3.279525
37.455,3.279524
37.46,3.279517
37.465,3.279507
37.47,3.2795
37.475,3.279496
37.48,3.279495
37.485,3.279496
37.49,3.279497
37.495,3.279499
37.5,3.2795
37.505,3.279494
37.51,3.27944
37.515,3.279318
37.52,3.279104
37.525,3.278803
37.53,3.278456
37.535,3.278102
37.54,3.277794
37.545,3.277534
37.55,3.277267
37.555,3.276963
37.56,3.276593
37.565,3.276163
37.57,3.275684
37.575,3.275169
37.58,3.274646
37.585,3.274128
37.59,3.273635
37.595,3.273169
37.6,3.272727
37.605,3.272308
37.61,3.271919
37.615,3.271555
37.62,3.271206
37.625,3.270881
37.63,3.270573
37.635,3.270289
37.64,3.270018
37.645,3.269764
37.65,3.269514
37.655,3.269276
37.66,3.269034
37.665,3.268777
37.67,3.268509
37.675,3.268238
37.68,3.267971
37.685,3.267735
37.69,3.267517
37.695,3.267316
37.7,3.267153
37.705,3.267031
37.71,3.266909
37.715,3.266778
37.72,3.266656
37.725,3.266561
37.73,3.266498
37.735,3.26643
37.74,3.26633
37.745,3.266213
37.75,3.266107
37.755,3.26603
37.76,3.266014
37.765,3.266079
37.77,3.2662
37.775,3.266331
37.78,3.266439
37.785,3.266509
37.79,3.26655
37.795,3.266612
37.8,3.266726
37.805,3.26691
37.81,3.267168
37.815,3.267471
37.82,3.267798
37.825,3.268119
37.83,3.268431
37.835,3.26875
37.84,3.269107
37.845,3.269533
37.85,3.270029
37.855,3.270579
37.86,3.271139
37.865,3.271688
37.87,3.272205
37.875,3.272681
37.88,3.273122
37.885,3.273539
37.89,3.273925
37.895,3.274283
37.9,3.274606
37.905,3.274906
37.91,3.275188
37.915,3.275463
37.92,3.27573
37.925,3.275993
37.93,3.276228
37.935,3.276445
37.94,3.276651
37.945,3.276862
37.95,3.277082
37.955,3.277311
37.96,3.277551
37.965,3.277805
37.97,3.278062
37.975,3.278321
37.98,3.278578
37.985,3.278842
37.99,3.27911
37.995,3.279386
38,3.279645
38.005,3.27985
38.01,3.279984
38.015,3.280051
38.02,3.280097
38.025,3.28017
38.03,3.280269
38.035,3.280368
38.04,3.280449
38.045,3.280501
38.05,3.280526
38.055,3.28053
38.06,3.280523
38.065,3.280512
38.07,3.280503
38.075,3.280497
38.08,3.280495
38.085,3.280495
38.09,3.280496
38.095,3.280498
38.1,3.2805
38.105,3.280498
38.11,3.280456
38.115,3.280345
38.12,3.280143
38.125,3.279852
38.13,3.279527
38.135,3.2792
38.14,3.278901
38.145,3.278634
38.15,3.27836
38.155,3.27805
38.16,3.277668
38.165,3.277214
38.17,3.276701
38.175,3.27616
38.18,3.275614
38.185,3.275075
38.19,3.27456
38.195,3.274078
38.2,3.273629
38.205,3.273214
38.21,3.272835
38.215,3.272469
38.22,3.272116
38.225,3.271784
38.23,3.271476
38.235,3.271194
38.24,3.270933
38.245,3.270686
38.25,3.270444
38.255,3.270195
38.26,3.269944
38.265,3.26969
38.27,3.269436
38.275,3.269182
38.28,3.268931
38.285,3.268689
38.29,3.26845
38.295,3.268236
38.3,3.268034
38.305,3.267839
38.31,3.267673
38.315,3.267554
38.32,3.267455
38.325,3.26734
38.33,3.267219
38.335,3.267111
38.34,3.267032
38.345,3.266987
38.35,3.266969
38.355,3.26697
38.36,3.26698
38.365,3.267007
38.37,3.267086
38.375,3.267206
38.38,3.267332
38.385,3.267435
38.39,3.267523
38.395,3.267632
38.4,3.267792
38.405,3.268016
38.41,3.268302
38.415,3.268634
38.42,3.268978
38.425,3.26932
38.43,3.269656
38.435,3.269993
38.44,3.270368
38.445,3.270803
38.45,3.271303
38.455,3.271848
38.46,3.272416
38.465,3.272985
38.47,3.273532
38.475,3.274045
38.48,3.274515
38.485,3.274933
38.49,3.275305
38.495,3.275641
38.5,3.275956
38.505,3.276259
38.51,3.276544
38.515,3.276799
38.52,3.277039
38.525,3.277259
38.53,3.277481
38.535,3.277713
38.54,3.277963
38.545,3.278214
38.55,3.278469
38.555,3.278708
38.56,3.278941
38.565,3.279161
38.57,3.279373
38.575,3.27959
38.58,3.279826
38.585,3.280086
38.59,3.28037
38.595,3.280658
38.6,3.280947
38.605,3.281203
38.61,3.281394
38.615,3.281511
38.62,3.281596
38.625,3.281692
38.63,3.281797
38.635,3.281892
38.64,3.281964
38.645,3.282036
38.65,3.282141
38.655,3.282263
38.66,3.282364
38.665,3.282399
38.67,3.282353
38.675,3.282254
38.68,3.282143
38.685,3.282051
38.69,3.281991
38.695,3.281964
38.7,3.281959
38.705,3.281932
38.71,3.281843
38.715,3.281665
38.72,3.281387
38.725,3.281065
38.73,3.280736
38.735,3.28043
38.74,3.280156
38.745,3.279884
38.75,3.279578
38.755,3.279199
38.76,3.278744
38.765,3.278223
38.77,3.277662
38.775,3.277093
38.78,3.276538
38.785,3.276023
38.79,3.275551
38.795,3.275116
38.8,3.274713
38.805,3.274352
38.81,3.274021
38.815,3.273702
38.82,3.273381
38.825,3.273064
38.83,3.272758
38.835,3.27247
38.84,3.272197
38.845,3.271937
38.85,3.271686
38.855,3.271441
38.86,3.271209
38.865,3.270977
38.87,3.270737
38.875,3.270482
38.88,3.270205
38.885,3.269923
38.89,3.269636
38.895,3.269365
38.9,3.269104
38.905,3.268863
38.91,3.268649
38.915,3.268441
38.92,3.268253
38.925,3.268107
38.93,3.268012
38.935,3.267966
38.94,3.267954
38.945,3.267963
38.95,3.26798
38.955,3.267995
38.96,3.268005
38.965,3.268009
38.97,3.268009
38.975,3.268006
38.98,3.268003
38.985,3.268011
38.99,3.268072
38.995,3.268182
39,3.268309
39.005,3.268454
39.01,3.268636
39.015,3.268871
39.02,3.269161
39.025,3.269485
39.03,3.269826
39.035,3.270165
39.04,3.27049
39.045,3.270804
39.05,3.271135
39.055,3.271516
39.06,3.271966
39.065,3.272488
39.07,3.273061
39.075,3.27366
39.08,3.274242
39.085,3.274795
39.09,3.275307
39.095,3.275772
39.1,3.276189
39.105,3.276562
39.11,3.276902
39.115,3.277207
39.12,3.277489
39.125,3.277763
39.13,3.278034
39.135,3.278312
39.14,3.278584
39.145,3.278855
39.15,3.279111
39.155,3.279346
39.16,3.279576
39.165,3.279821
39.17,3.280072
39.175,3.280332
39.18,3.280592
39.185,3.280855
39.19,3.281118
39.195,3.281389
39.2,3.281644
39.205,3.281847
39.21,3.28198
39.215,3.282048
39.22,3.282065
39.225,3.282064
39.23,3.282104
39.235,3.282194
39.24,3.282305
39.245,3.282407
39.25,3.282481
39.255,3.282523
39.26,3.282536
39.265,3.282532
39.27,3.28252
39.275,3.282508
39.28,3.282499
39.285,3.282494
39.29,3.282493
39.295,3.282495
39.3,3.282487
39.305,3.282428
39.31,3.28232
39.315,3.282177
39.32,3.281987
39.325,3.281739
39.33,3.281442
39.335,3.281119
39.34,3.280826
39.345,3.280602
39.35,3.28042
39.355,3.280234
39.36,3.280017
39.365,3.279743
39.37,3.279383
39.375,3.278941
39.38,3.278433
39.385,3.277889
39.39,3.277335
39.395,3.276794
39.4,3.276288
39.405,3.275827
39.41,3.275432
39.415,3.275087
39.42,3.274766
39.425,3.274459
39.43,3.274154
39.435,3.273871
39.44,3.273603
39.445,3.273356
39.45,3.273124
39.455,3.2729
39.46,3.272683
39.465,3.27246
39.47,3.272217
39.475,3.271961
39.48,3.271695
39.485,3.271432
39.49,3.271175
39.495,3.270927
39.5,3.270697
39.505,3.27047
39.51,3.270265
39.515,3.270108
39.52,3.270007
39.525,3.269959
39.53,3.269949
39.535,3.26996
39.54,3.269979
39.545,3.269995
39.55,3.270006
39.555,3.27001
39.56,3.270009
39.565,3.270006
39.57,3.270003
39.575,3.27
39.58,3.269999
39.585,3.270015
39.59,3.270086
39.595,3.270214
39.6,3.270406
39.605,3.270661
39.61,3.270968
39.615,3.271307
39.62,3.271651
39.625,3.271988
39.63,3.272317
39.635,3.272641
39.64,3.272994
39.645,3.273406
39.65,3.273886
39.655,3.274419
39.66,3.274984
39.665,3.275554
39.67,3.276101
39.675,3.276612
39.68,3.277058
39.685,3.27744
39.69,3.277764
39.695,3.278052
39.7,3.27833
39.705,3.278596
39.71,3.278862
39.715,3.279114
39.72,3.279334
39.725,3.279544
39.73,3.27975
39.735,3.279969
39.74,3.280185
39.745,3.280402
39.75,3.280617
39.755,3.280817
39.76,3.281021
39.765,3.281216
39.77,3.281416
39.775,3.281624
39.78,3.281851
39.785,3.282088
39.79,3.282336
39.795,3.282597
39.8,3.282876
39.805,3.283139
39.81,3.283349
39.815,3.283486
39.82,3.283554
39.825,3.283573
39.83,3.283606
39.835,3.283682
39.84,3.283785
39.845,3.283885
39.85,3.283964
39.855,3.284011
39.86,3.284031
39.865,3.284032
39.87,3.284022
39.875,3.284011
39.88,3.284001
39.885,3.283996
39.89,3.283994
39.895,3.283995
39.9,3.283997
39.905,3.283999
39.91,3.283999
39.915,3.283966
39.92,3.283874
39.925,3.283721
39.93,3.283489
39.935,3.28318
39.94,3.282817
39.945,3.282464
39.95,3.282182
39.955,3.281967
39.96,3.281763
39.965,3.281535
39.97,3.281252
39.975,3.28089
39.98,3.280449
39.985,3.279937
39.99,3.279383
39.995,3.278804
40,3.278243
40.005,3.27771
40.01,3.277217
40.015,3.276771
40.02,3.276358
40.025,3.275984
40.03,3.275639
40.035,3.275329
40.04,3.27504
40.045,3.274775
40.05,3.274519
40.055,3.27427
40.06,3.274019
40.065,3.273784
40.07,3.273553
40.075,3.27332
40.08,3.273071
40.085,3.272822
40.09,3.272566
40.095,3.272317
40.1,3.272064
40.105,3.271828
40.11,3.271609
40.115,3.271396
40.12,3.27121
40.125,3.271041
40.13,3.270869
40.135,3.27071
40.14,3.270587
40.145,3.270507
40.15,3.270468
40.155,3.27046
40.16,3.270468
40.165,3.270483
40.17,3.270496
40.175,3.270504
40.18,3.270508
40.185,3.270536
40.19,3.27062
40.195,3.270739
40.2,3.270859
40.205,3.270983
40.21,3.271143
40.215,3.271364
40.22,3.271651
40.225,3.271971
40.23,3.272305
40.235,3.272641
40.24,3.272971
40.245,3.273309
40.25,3.273687
40.255,3.27414
40.26,3.27467
40.265,3.27527
40.27,3.275904
40.275,3.276533
40.28,3.277127
40.285,3.277662
40.29,3.27812
40.295,3.278502
40.3,3.278824
40.305,3.279105
40.31,3.279373
40.315,3.279651
40.32,3.279941
40.325,3.280238
40.33,3.28053
40.335,3.280813
40.34,3.281081
40.345,3.281337
40.35,3.281584
40.355,3.281831
40.36,3.282074
40.365,3.282303
40.37,3.282531
40.375,3.282753
40.38,3.282983
40.385,3.28322
40.39,3.283474
40.395,3.28375
40.4,3.284029
40.405,3.284269
40.41,3.284439
40.415,3.284535
40.42,3.28457
40.425,3.284565
40.43,3.284568
40.435,3.284625
40.44,3.284727
40.445,3.28484
40.45,3.284935
40.455,3.284999
40.46,3.285031
40.465,3.285037
40.47,3.285029
40.475,3.285016
40.48,3.285005
40.485,3.284997
40.49,3.284994
40.495,3.284994
40.5,3.284988
40.505,3.284932
40.51,3.284826
40.515,3.284691
40.52,3.28451
40.525,3.284267
40.53,3.283971
40.535,3.283644
40.54,3.283345
40.545,3.283115
40.55,3.282938
40.555,3.282764
40.56,3.282554
40.565,3.282283
40.57,3.281936
40.575,3.281525
40.58,3.281065
40.585,3.280571
40.59,3.280062
40.595,3.279542
40.6,3.279027
40.605,3.278523
40.61,3.278061
40.615,3.277651
40.62,3.27728
40.625,3.276946
40.63,3.276635
40.635,3.276354
40.64,3.276089
40.645,3.275847
40.65,3.275623
40.655,3.275406
40.66,3.2752
40.665,3.274986
40.67,3.274762
40.675,3.274522
40.68,3.274273
40.685,3.274017
40.69,3.27377
40.695,3.273524
40.7,3.27329
40.705,3.273052
40.71,3.272829
40.715,3.272648
40.72,3.272526
40.725,3.272463
40.73,3.272445
40.735,3.272453
40.74,3.272472
40.745,3.272491
40.75,3.272504
40.755,3.27251
40.76,3.27251
40.765,3.272508
40.77,3.272504
40.775,3.272501
40.78,3.272499
40.785,3.2725
40.79,3.272539
40.795,3.272634
40.8,3.272776
40.805,3.272974
40.81,3.27323
40.815,3.273538
40.82,3.273874
40.825,3.274216
40.83,3.274551
40.835,3.274889
40.84,3.275249
40.845,3.275659
40.85,3.276134
40.855,3.276661
40.86,3.277224
40.865,3.277784
40.87,3.278309
40.875,3.278783
40.88,3.279202
40.885,3.279562
40.89,3.279882
40.895,3.280168
40.9,3.280442
40.905,3.280715
40.91,3.280992
40.915,3.281275
40.92,3.281551
40.925,3.281818
40.93,3.282072
40.935,3.282291
40.94,3.282494
40.945,3.282685
40.95,3.282861
40.955,3.283046
40.96,3.283229
40.965,3.28342
40.97,3.28362
40.975,3.283824
40.98,3.28404
40.985,3.284257
40.99,3.284487
40.995,3.284733
41,3.284992
41.005,3.285226
41.01,3.285403
41.015,3.285511
41.02,3.285559
41.025,3.285563
41.03,3.285557
41.035,3.285599
41.04,3.285691
41.045,3.285805
41.05,3.285909
41.055,3.285983
41.06,3.286024
41.065,3.286038
41.07,3.286033
41.075,3.286021
41.08,3.286008
41.085,3.285999
41.09,3.285994
41.095,3.285993
41.1,3.285994
41.105,3.285964
41.11,3.285877
41.115,3.285743
41.12,3.285554
41.125,3.285321
41.13,3.285054
41.135,3.284763
41.14,3.284473
41.145,3.284225
41.15,3.284015
41.155,3.283826
41.16,3.283636
41.165,3.28342
41.17,3.28315
41.175,3.282806
41.18,3.282395
41.185,3.281939
41.19,3.281458
41.195,3.280981
41.2,3.280505
41.205,3.280043
41.21,3.279585
41.215,3.279138
41.22,3.278704
41.225,3.278284
41.23,3.277906
41.235,3.277568
41.24,3.277284
41.245,3.277029
41.25,3.276791
41.255,3.276548
41.26,3.276305
41.265,3.276052
41.27,3.275811
41.275,3.275574
41.28,3.275349
41.285,3.275133
41.29,3.274917
41.295,3.27472
41.3,3.274524
41.305,3.274331
41.31,3.27416
41.315,3.273987
41.32,3.273813
41.325,3.273661
41.33,3.273551
41.335,3.273486
41.34,3.27346
41.345,3.27346
41.35,3.273473
41.355,3.273488
41.36,3.2735
41.365,3.273506
41.37,3.273508
41.375,3.273517
41.38,3.273577
41.385,3.273685
41.39,3.273809
41.395,3.273932
41.4,3.274077
41.405,3.274261
41.41,3.274491
41.415,3.27477
41.42,3.275061
41.425,3.275355
41.43,3.275661
41.435,3.275975
41.44,3.276319
41.445,3.276731
41.45,3.277224
41.455,3.277789
41.46,3.278386
41.465,3.278976
41.47,3.279527
41.475,3.280032
41.48,3.280472
41.485,3.280851
41.49,3.281176
41.495,3.281473
41.5,3.281767
41.505,3.282049
41.51,3.282313
41.515,3.282564
41.52,3.282787
41.525,3.283004
41.53,3.283205
41.535,3.283392
41.54,3.283583
41.545,3.283767
41.55,3.283963
41.555,3.284161
41.56,3.28436
41.565,3.284568
41.57,3.284777
41.575,3.284998
41.58,3.285215
41.585,3.285438
41.59,3.285655
41.595,3.285864
41.6,3.286076
41.605,3.286266
41.61,3.286411
41.615,3.286501
41.62,3.286543
41.625,3.286549
41.63,3.286537
41.635,3.286519
41.64,3.286503
41.645,3.286498
41.65,3.286543
41.655,3.286645
41.66,3.286773
41.665,3.286891
41.67,3.286978
41.675,3.287026
41.68,3.287042
41.685,3.287036
41.69,3.286986
41.695,3.286879
41.7,3.286745
41.705,3.28662
41.71,3.286528
41.715,3.286476
41.72,3.286432
41.725,3.286351
41.73,3.286209
41.735,3.286007
41.74,3.285756
41.745,3.285483
41.75,3.285231
41.755,3.284993
41.76,3.284779
41.765,3.284574
41.77,3.284355
41.775,3.284097
41.78,3.283788
41.785,3.283432
41.79,3.28303
41.795,3.282587
41.8,3.282118
41.805,3.281636
41.81,3.281166
41.815,3.280716
41.82,3.280287
41.825,3.279881
41.83,3.279484
41.835,3.279098
41.84,3.278724
41.845,3.278384
41.85,3.278073
41.855,3.277782
41.86,3.277503
41.865,3.277233
41.87,3.276967
41.875,3.276697
41.88,3.276429
41.885,3.276156
41.89,3.275896
41.895,3.275661
41.9,3.275438
41.905,3.275242
41.91,3.275094
41.915,3.275002
41.92,3.27496
41.925,3.274952
41.93,3.274964
41.935,3.274982
41.94,3.274997
41.945,3.275006
41.95,3.275009
41.955,3.275009
41.96,3.275006
41.965,3.275003
41.97,3.275
41.975,3.274999
41.98,3.274998
41.985,3.275003
41.99,3.275053
41.995,3.275156
42,3.275306
42.005,3.275512
42.01,3.275777
42.015,3.276097
42.02,3.276436
42.025,3.276772
42.03,3.277114
42.035,3.277472
42.04,3.277869
42.045,3.278326
42.05,3.27883
42.055,3.279373
42.06,3.279929
42.065,3.280466
42.07,3.280971
42.075,3.281429
42.08,3.281837
42.085,3.282176
42.09,3.282466
42.095,3.282717
42.1,3.282955
42.105,3.28319
42.11,3.283438
42.115,3.283675
42.12,3.283907
42.125,3.28413
42.13,3.284324
42.135,3.284512
42.14,3.284694
42.145,3.28487
42.15,3.285058
42.155,3.285239
42.16,3.285413
42.165,3.285596
42.17,3.285777
42.175,3.285975
42.18,3.286176
42.185,3.286385
42.19,3.2866
42.195,3.286808
42.2,3.287024
42.205,3.287225
42.21,3.287384
42.215,3.287488
42.22,3.287539
42.225,3.287552
42.23,3.287541
42.235,3.287523
42.24,3.287506
42.245,3.287505
42.25,3.287561
42.255,3.287671
42.26,3.2878
42.265,3.287912
42.27,3.28799
42.275,3.288031
42.28,3.288042
42.285,3.288028
42.29,3.287959
42.295,3.287838
42.3,3.287703
42.305,3.287587
42.31,3.287507
42.315,3.287463
42.32,3.287406
42.325,3.287306
42.33,3.287142
42.335,3.286924
42.34,3.28666
42.345,3.286394
42.35,3.286157
42.355,3.285937
42.36,3.285744
42.365,3.285564
42.37,3.285369
42.375,3.285132
42.38,3.284836
42.385,3.284474
42.39,3.284077
42.395,3.283655
42.4,3.283228
42.405,3.282799
42.41,3.282361
42.415,3.281925
42.42,3.281496
42.425,3.281096
42.43,3.280743
42.435,3.28042
42.44,3.280108
42.445,3.279806
42.45,3.279514
42.455,3.279238
42.46,3.278971
42.465,3.278702
42.47,3.278424
42.475,3.278133
42.48,3.27784
42.485,3.277546
42.49,3.277252
42.495,3.276968
42.5,3.27673
42.505,3.276562
42.51,3.276468
42.515,3.276434
42.52,3.276438
42.525,3.27646
42.53,3.276484
42.535,3.276502
42.54,3.276511
42.545,3.276513
42.55,3.276511
42.555,3.276506
42.56,3.276502
42.565,3.276499
42.57,3.276498
42.575,3.276498
42.58,3.276498
42.585,3.276499
42.59,3.276504
42.595,3.276552
42.6,3.276654
42.605,3.276803
42.61,3.277011
42.615,3.277285
42.62,3.277617
42.625,3.277973
42.63,3.278332
42.635,3.278688
42.64,3.279055
42.645,3.279446
42.65,3.279879
42.655,3.280361
42.66,3.280883
42.665,3.281424
42.67,3.281946
42.675,3.282434
42.68,3.282872
42.685,3.283245
42.69,3.28356
42.695,3.283821
42.7,3.284056
42.705,3.284281
42.71,3.284512
42.715,3.284731
42.72,3.284953
42.725,3.285165
42.73,3.28535
42.735,3.28553
42.74,3.285705
42.745,3.285877
42.75,3.286064
42.755,3.286249
42.76,3.286444
42.765,3.286645
42.77,3.286855
42.775,3.287074
42.78,3.287291
42.785,3.287517
42.79,3.287737
42.795,3.287966
42.8,3.288213
42.805,3.288477
42.81,3.288717
42.815,3.288899
42.82,3.289011
42.825,3.289081
42.83,3.289163
42.835,3.289263
42.84,3.289363
42.845,3.289444
42.85,3.289497
42.855,3.289523
42.86,3.289529
42.865,3.289523
42.87,3.289513
42.875,3.289503
42.88,3.289497
42.885,3.289495
42.89,3.289495
42.895,3.289496
42.9,3.28948
42.905,3.289408
42.91,3.289286
42.915,3.289109
42.92,3.288886
42.925,3.28862
42.93,3.288324
42.935,3.288021
42.94,3.287755
42.945,3.287523
42.95,3.287305
42.955,3.287076
42.96,3.286816
42.965,3.286496
42.97,3.286123
42.975,3.285698
42.98,3.285235
42.985,3.284746
42.99,3.284256
42.995,3.283779
43,3.283323
43.005,3.2829
43.01,3.282492
43.015,3.2821
43.02,3.281726
43.025,3.281373
43.03,3.281038
43.035,3.28071
43.04,3.280394
43.045,3.280085
43.05,3.279798
43.055,3.279522
43.06,3.279256
43.065,3.278992
43.07,3.278729
43.075,3.278467
43.08,3.278209
43.085,3.277954
43.09,3.27773
43.095,3.27752
43.1,3.277323
43.105,3.277154
43.11,3.276988
43.115,3.276819
43.12,3.27667
43.125,3.276559
43.13,3.276492
43.135,3.276463
43.14,3.276461
43.145,3.276472
43.15,3.276487
43.155,3.276499
43.16,3.276506
43.165,3.276508
43.17,3.276507
43.175,3.276504
43.18,3.276502
43.185,3.276516
43.19,3.276587
43.195,3.276702
43.2,3.276841
43.205,3.277017
43.21,3.277248
43.215,3.277544
43.22,3.277882
43.225,3.278241
43.23,3.278607
43.235,3.278967
43.24,3.27933
43.245,3.279726
43.25,3.280174
43.255,3.280687
43.26,3.281244
43.265,3.281819
43.27,3.282369
43.275,3.282878
43.28,3.283335
43.285,3.283735
43.29,3.284075
43.295,3.284371
43.3,3.284639
43.305,3.284904
43.31,3.28515
43.315,3.28538
43.32,3.2856
43.325,3.285804
43.33,3.28601
43.335,3.286211
43.34,3.28642
43.345,3.286632
43.35,3.286851
43.355,3.287075
43.36,3.287298
43.365,3.287527
43.37,3.287752
43.375,3.287983
43.38,3.288213
43.385,3.288452
43.39,3.2887
43.395,3.28896
43.4,3.289199
43.405,3.289383
43.41,3.2895
43.415,3.289554
43.42,3.289563
43.425,3.289555
43.43,3.289589
43.435,3.289676
43.44,3.289789
43.445,3.289896
43.45,3.289975
43.455,3.290021
43.46,3.290037
43.465,3.290034
43.47,3.290022
43.475,3.290009
43.48,3.29
43.485,3.289994
43.49,3.289993
43.495,3.289994
43.5,3.289995
43.505,3.28996
43.51,3.289867
43.515,3.289719
43.52,3.289515
43.525,3.289262
43.53,3.28898
43.535,3.288678
43.54,3.288392
43.545,3.288163
43.55,3.287975
43.555,3.287794
43.56,3.287587
43.565,3.287341
43.57,3.287027
43.575,3.286639
43.58,3.286197
43.585,3.285716
43.59,3.285226
43.595,3.284731
43.6,3.284251
43.605,3.283806
43.61,3.283391
43.615,3.283007
43.62,3.28265
43.625,3.282321
43.63,3.282008
43.635,3.281695
43.64,3.281393
43.645,3.281098
43.65,3.280827
43.655,3.28057
43.66,3.280333
43.665,3.280104
43.67,3.279881
43.675,3.279665
43.68,3.279444
43.685,3.27921
43.69,3.278966
43.695,3.278734
43.7,3.278503
43.705,3.27829
43.71,3.278105
43.715,3.277923
43.72,3.277752
43.725,3.277615
43.73,3.277522
43.735,3.277473
43.74,3.277459
43.745,3.277465
43.75,3.277479
43.755,3.277493
43.76,3.277503
43.765,3.277507
43.77,3.277508
43.775,3.277507
43.78,3.27754
43.785,3.277629
43.79,3.277751
43.795,3.277871
43.8,3.277995
43.805,3.278145
43.81,3.278339
43.815,3.278584
43.82,3.278875
43.825,3.279201
43.83,3.279548
43.835,3.279906
43.84,3.280279
43.845,3.280691
43.85,3.281154
43.855,3.281668
43.86,3.282215
43.865,3.28277
43.87,3.283301
43.875,3.283792
43.88,3.284238
43.885,3.284623
43.89,3.284955
43.895,3.285235
43.9,3.285488
43.905,3.285714
43.91,3.285937
43.915,3.286154
43.92,3.286376
43.925,3.286601
43.93,3.286829
43.935,3.287062
43.94,3.287292
43.945,3.287527
43.95,3.287753
43.955,3.287984
43.96,3.288207
43.965,3.288433
43.97,3.288659
43.975,3.288898
43.98,3.289135
43.985,3.289375
43.99,3.289624
43.995,3.28989
44,3.290144
44.005,3.290348
44.01,3.290482
44.015,3.29055
44.02,3.290567
44.025,3.290554
44.03,3.290531
44.035,3.290538
44.04,3.290609
44.045,3.290724
44.05,3.290846
44.055,3.290945
44.06,3.291008
44.065,3.291037
44.07,3.29104
44.075,3.29103
44.08,3.291015
44.085,3.291003
44.09,3.290996
44.095,3.290993
44.1,3.290975
44.105,3.290904
44.11,3.290781
44.115,3.2906
44.12,3.29037
44.125,3.2901
44.13,3.289806
44.135,3.289508
44.14,3.289252
44.145,3.28904
44.15,3.288848
44.155,3.28865
44.16,3.288421
44.165,3.288136
44.17,3.28779
44.175,3.287388
44.18,3.286933
44.185,3.286446
44.19,3.285954
44.195,3.285468
44.2,3.285001
44.205,3.284541
44.21,3.284108
44.215,3.28371
44.22,3.283365
44.225,3.283056
44.23,3.282759
44.235,3.282472
44.24,3.282189
44.245,3.28192
44.25,3.281664
44.255,3.28142
44.26,3.281195
44.265,3.280972
44.27,3.280763
44.275,3.28055
44.28,3.280341
44.285,3.280129
44.29,3.279913
44.295,3.279721
44.3,3.279556
44.305,3.279392
44.31,3.279236
44.315,3.279106
44.32,3.278975
44.325,3.27883
44.33,3.278691
44.335,3.278579
44.34,3.278506
44.345,3.27847
44.35,3.278462
44.355,3.27847
44.36,3.278483
44.365,3.278496
44.37,3.278504
44.375,3.278507
44.38,3.278509
44.385,3.278548
44.39,3.278642
44.395,3.278765
44.4,3.278883
44.405,3.279012
44.41,3.279165
44.415,3.27936
44.42,3.279604
44.425,3.279887
44.43,3.280196
44.435,3.280519
44.44,3.280858
44.445,3.281215
44.45,3.281594
44.455,3.282012
44.46,3.282473
44.465,3.282973
44.47,3.283495
44.475,3.284007
44.48,3.284486
44.485,3.284921
44.49,3.285314
44.495,3.285657
44.5,3.285962
44.505,3.28623
44.51,3.28648
44.515,3.286713
44.52,3.286945
44.525,3.287174
44.53,3.287411
44.535,3.28765
44.54,3.287901
44.545,3.288156
44.55,3.28842
44.555,3.288669
44.56,3.288903
44.565,3.289125
44.57,3.289324
44.575,3.289522
44.58,3.289712
44.585,3.289909
44.59,3.290112
44.595,3.290318
44.6,3.290535
44.605,3.290737
44.61,3.290895
44.615,3.290996
44.62,3.291044
44.625,3.291053
44.63,3.291041
44.635,3.291022
44.64,3.291005
44.645,3.290995
44.65,3.291024
44.655,3.291114
44.66,3.29124
44.665,3.291363
44.67,3.291459
44.675,3.291517
44.68,3.29154
44.685,3.29154
44.69,3.291508
44.695,3.291417
44.7,3.291288
44.705,3.291157
44.71,3.291053
44.715,3.290989
44.72,3.290951
44.725,3.290887
44.73,3.290782
44.735,3.290615
44.74,3.290377
44.745,3.290092
44.75,3.28982
44.755,3.289608
44.76,3.28944
44.765,3.289289
44.77,3.28913
44.775,3.28892
44.78,3.28864
44.785,3.28829
44.79,3.287876
44.795,3.287422
44.8,3.286949
44.805,3.286466
44.81,3.286012
44.815,3.285583
44.82,3.285179
44.825,3.284807
44.83,3.284451
44.835,3.284108
44.84,3.283789
44.845,3.283494
44.85,3.28324
44.855,3.283005
44.86,3.282795
44.865,3.282597
44.87,3.282398
44.875,3.282207
44.88,3.282004
44.885,3.281804
44.89,3.281604
44.895,3.281399
44.9,3.281213
44.905,3.281035
44.91,3.280855
44.915,3.280694
44.92,3.280572
44.925,3.280479
44.93,3.280371
44.935,3.28025
44.94,3.280136
44.945,3.280049
44.95,3.279995
44.955,3.279971
44.96,3.279968
44.965,3.279977
44.97,3.279996
44.975,3.280062
44.98,3.280175
44.985,3.280303
44.99,3.280414
44.995,3.28049
45,3.280539
45.005,3.280608
45.01,3.280721
45.015,3.280899
45.02,3.281143
45.025,3.281432
45.03,3.281747
45.035,3.282086
45.04,3.282429
45.045,3.282767
45.05,3.28311
45.055,3.283478
45.06,3.283891
45.065,3.284333
45.07,3.284798
45.075,3.285259
45.08,3.285698
45.085,3.286115
45.09,3.286501
45.095,3.286858
45.1,3.287169
45.105,3.287449
45.11,3.2877
45.115,3.287944
45.12,3.288188
45.125,3.288444
45.13,3.288688
45.135,3.288925
45.14,3.28915
45.145,3.289337
45.15,3.28951
45.155,3.289678
45.16,3.289836
45.165,3.290008
45.17,3.290186
45.175,3.290373
45.18,3.290575
45.185,3.290775
45.19,3.290988
45.195,3.291195
45.2,3.291396
45.205,3.291599
45.21,3.291782
45.215,3.291919
45.22,3.292004
45.225,3.292042
45.23,3.292051
45.235,3.292083
45.24,3.292164
45.245,3.292274
45.25,3.292382
45.255,3.292464
45.26,3.292514
45.265,3.292534
45.27,3.292534
45.275,3.292524
45.28,3.292511
45.285,3.292501
45.29,3.292495
45.295,3.292493
45.3,3.292494
45.305,3.292496
45.31,3.292497
45.315,3.292464
45.32,3.292372
45.325,3.292225
45.33,3.292023
45.335,3.291787
45.34,3.291527
45.345,3.291251
45.35,3.290975
45.355,3.290738
45.36,3.290544
45.365,3.290363
45.37,3.290157
45.375,3.289894
45.38,3.289575
45.385,3.289194
45.39,3.288757
45.395,3.288285
45.4,3.2878
45.405,3.287318
45.41,3.286848
45.415,3.286388
45.42,3.285961
45.425,3.285575
45.43,3.285229
45.435,3.284897
45.44,3.284573
45.445,3.284257
45.45,3.283961
45.455,3.283695
45.46,3.283447
45.465,3.283227
45.47,3.283014
45.475,3.282812
45.48,3.282611
45.485,3.282405
45.49,3.282204
45.495,3.281992
45.5,3.281791
45.505,3.281625
45.51,3.281475
45.515,3.281321
45.52,3.281182
45.525,3.281073
45.53,3.281004
45.535,3.280945
45.54,3.280856
45.545,3.280744
45.55,3.280634
45.555,3.280548
45.56,3.280494
45.565,3.28047
45.57,3.280467
45.575,3.280476
45.58,3.280488
45.585,3.280524
45.59,3.280612
45.595,3.280735
45.6,3.280857
45.605,3.280953
45.61,3.281016
45.615,3.281088
45.62,3.281199
45.625,3.281372
45.63,3.28161
45.635,3.281894
45.64,3.282201
45.645,3.282518
45.65,3.282841
45.655,3.283158
45.66,3.283478
45.665,3.28383
45.67,3.284227
45.675,3.284667
45.68,3.28514
45.685,3.285629
45.69,3.286111
45.695,3.286571
45.7,3.287003
45.705,3.287399
45.71,3.287757
45.715,3.288074
45.72,3.288362
45.725,3.28863
45.73,3.288897
45.735,3.289159
45.74,3.289426
45.745,3.289677
45.75,3.28992
45.755,3.290148
45.76,3.290339
45.765,3.29052
45.77,3.290694
45.775,3.290867
45.78,3.291056
45.785,3.291251
45.79,3.291466
45.795,3.291681
45.8,3.291901
45.805,3.29212
45.81,3.292308
45.815,3.292443
45.82,3.292521
45.825,3.292551
45.83,3.29255
45.835,3.292533
45.84,3.292514
45.845,3.292505
45.85,3.29255
45.855,3.292653
45.86,3.292781
45.865,3.292897
45.87,3.292981
45.875,3.293023
45.88,3.292988
45.885,3.292881
45.89,3.292741
45.895,3.292613
45.9,3.29252
45.905,3.292468
45.91,3.292452
45.915,3.292458
45.92,3.292444
45.925,3.292372
45.93,3.29223
45.935,3.29202
45.94,3.291752
45.945,3.291468
45.95,3.291221
45.955,3.291042
45.96,3.290895
45.965,3.290758
45.97,3.290607
45.975,3.290399
45.98,3.29013
45.985,3.289806
45.99,3.289431
45.995,3.289014
46,3.288569
46.005,3.288099
46.01,3.287623
46.015,3.287166
46.02,3.286741
46.025,3.28635
46.03,3.285996
46.035,3.285666
46.04,3.285376
46.045,3.285126
46.05,3.284898
46.055,3.2847
46.06,3.284503
46.065,3.284312
46.07,3.28412
46.075,3.283918
46.08,3.283732
46.085,3.283565
46.09,3.283395
46.095,3.283234
46.1,3.283104
46.105,3.283003
46.11,3.282889
46.115,3.282761
46.12,3.282643
46.125,3.282552
46.13,3.282492
46.135,3.282422
46.14,3.28232
46.145,3.282204
46.15,3.2821
46.155,3.282024
46.16,3.281981
46.165,3.281966
46.17,3.281969
46.175,3.282
46.18,3.282088
46.185,3.282214
46.19,3.282343
46.195,3.282445
46.2,3.28251
46.205,3.282549
46.21,3.282616
46.215,3.282727
46.22,3.282908
46.225,3.283172
46.23,3.283496
46.235,3.283848
46.24,3.284169
46.245,3.284453
46.25,3.284695
46.255,3.284911
46.26,3.285139
46.265,3.285412
46.27,3.285758
46.275,3.286176
46.28,3.286648
46.285,3.28715
46.29,3.287651
46.295,3.288119
46.3,3.288539
46.305,3.288913
46.31,3.289235
46.315,3.289521
46.32,3.28976
46.325,3.289979
46.33,3.29018
46.335,3.290346
46.34,3.290498
46.345,3.290656
46.35,3.290802
46.355,3.290929
46.36,3.291069
46.365,3.291218
46.37,3.291366
46.375,3.291535
46.38,3.29171
46.385,3.291892
46.39,3.292087
46.395,3.29227
46.4,3.292445
46.405,3.292626
46.41,3.29279
46.415,3.292918
46.42,3.292998
46.425,3.293036
46.43,3.293043
46.435,3.293033
46.44,3.293017
46.445,3.293004
46.45,3.292995
46.455,3.292992
46.46,3.292992
46.465,3.292995
46.47,3.292997
46.475,3.293
46.48,3.293001
46.485,3.293001
46.49,3.293001
46.495,3.293001
46.5,3.293
46.505,3.293
46.51,3.293
46.515,3.293
46.52,3.293
46.525,3.293
46.53,3.292996
46.535,3.292951
46.54,3.292844
46.545,3.292665
46.55,3.292421
46.555,3.292131
46.56,3.291851
46.565,3.291631
46.57,3.291463
46.575,3.291313
46.58,3.291183
46.585,3.291057
46.59,3.290902
46.595,3.290693
46.6,3.290424
46.605,3.290102
46.61,3.28973
46.615,3.289321
46.62,3.288889
46.625,3.288428
46.63,3.287952
46.635,3.287485
46.64,3.28703
46.645,3.286609
46.65,3.286232
46.655,3.285909
46.66,3.285632
46.665,3.285387
46.67,3.285175
46.675,3.28497
46.68,3.284777
46.685,3.284583
46.69,3.284384
46.695,3.284206
46.7,3.284045
46.705,3.283879
46.71,3.283723
46.715,3.283597
46.72,3.283514
46.725,3.28346
46.73,3.283384
46.735,3.283279
46.74,3.283168
46.745,3.283073
46.75,3.283009
46.755,3.282976
46.76,3.282967
46.765,3.282972
46.77,3.283005
46.775,3.283093
46.78,3.283218
46.785,3.283345
46.79,3.283447
46.795,3.283511
46.8,3.283568
46.805,3.283659
46.81,3.283806
46.815,3.284025
46.82,3.284308
46.825,3.284622
46.83,3.284942
46.835,3.28523
46.84,3.285493
46.845,3.285758
46.85,3.286034
46.855,3.286344
46.86,3.28671
46.865,3.287134
46.87,3.287614
46.875,3.288138
46.88,3.288668
46.885,3.289169
46.89,3.28961
46.895,3.289984
46.9,3.290288
46.905,3.290547
46.91,3.290758
46.915,3.290927
46.92,3.291092
46.925,3.291248
46.93,3.291383
46.935,3.291524
46.94,3.291677
46.945,3.291835
46.95,3.292015
46.955,3.2922
46.96,3.292379
46.965,3.292568
46.97,3.292749
46.975,3.292931
46.98,3.293121
46.985,3.293309
46.99,3.293512
46.995,3.293717
47,3.293938
47.005,3.294178
47.01,3.294438
47.015,3.294683
47.02,3.294875
47.025,3.294998
47.03,3.295067
47.035,3.295143
47.04,3.295239
47.045,3.295341
47.05,3.295427
47.055,3.295487
47.06,3.295519
47.065,3.295529
47.07,3.295525
47.075,3.295515
47.08,3.295505
47.085,3.295498
47.09,3.295495
47.095,3.295495
47.1,3.295496
47.105,3.295498
47.11,3.295499
47.115,3.2955
47.12,3.295501
47.125,3.2955
47.13,3.295471
47.135,3.295365
47.14,3.295165
47.145,3.294893
47.15,3.294585
47.155,3.294296
47.16,3.294032
47.165,3.293799
47.17,3.293582
47.175,3.29336
47.18,3.293093
47.185,3.292757
47.19,3.29234
47.195,3.291859
47.2,3.291337
47.205,3.290804
47.21,3.290284
47.215,3.289796
47.22,3.289355
47.225,3.288945
47.23,3.288562
47.235,3.288198
47.24,3.287842
47.245,3.287484
47.25,3.287129
47.255,3.286785
47.26,3.28646
47.265,3.286147
47.27,3.285866
47.275,3.285613
47.28,3.285381
47.285,3.28518
47.29,3.284984
47.295,3.284794
47.3,3.284593
47.305,3.284385
47.31,3.2842
47.315,3.284051
47.32,3.283902
47.325,3.283755
47.33,3.283629
47.335,3.283539
47.34,3.283487
47.345,3.28346
47.35,3.283407
47.355,3.283312
47.36,3.283199
47.365,3.283096
47.37,3.283029
47.375,3.283039
47.38,3.283127
47.385,3.283254
47.39,3.283378
47.395,3.283472
47.4,3.283526
47.405,3.283547
47.41,3.283582
47.415,3.283667
47.42,3.283823
47.425,3.284046
47.43,3.284323
47.435,3.284623
47.44,3.28493
47.445,3.285214
47.45,3.285482
47.455,3.285737
47.46,3.286019
47.465,3.286366
47.47,3.286814
47.475,3.287357
47.48,3.287972
47.485,3.288605
47.49,3.289216
47.495,3.289763
47.5,3.290228
47.505,3.290602
47.51,3.29091
47.515,3.291166
47.52,3.291403
47.525,3.29163
47.53,3.291865
47.535,3.292104
47.54,3.292354
47.545,3.292602
47.55,3.292846
47.555,3.293086
47.56,3.293324
47.565,3.293563
47.57,3.293802
47.575,3.294045
47.58,3.294294
47.585,3.294545
47.59,3.294793
47.595,3.295043
47.6,3.295304
47.605,3.295564
47.61,3.295786
47.615,3.295943
47.62,3.296031
47.625,3.296071
47.63,3.296123
47.635,3.296209
47.64,3.296312
47.645,3.296406
47.65,3.296476
47.655,3.296516
47.66,3.296531
47.665,3.296529
47.67,3.296519
47.675,3.296508
47.68,3.2965
47.685,3.296495
47.69,3.296494
47.695,3.296495
47.7,3.296497
47.705,3.296499
47.71,3.2965
47.715,3.29647
47.72,3.296363
47.725,3.296159
47.73,3.29587
47.735,3.295548
47.74,3.295234
47.745,3.294943
47.75,3.294707
47.755,3.294519
47.76,3.294321
47.765,3.294079
47.77,3.293762
47.775,3.293357
47.78,3.292873
47.785,3.292327
47.79,3.291758
47.795,3.29119
47.8,3.290656
47.805,3.290166
47.81,3.289721
47.815,3.289319
47.82,3.288962
47.825,3.288633
47.83,3.288307
47.835,3.287987
47.84,3.287668
47.845,3.287365
47.85,3.287071
47.855,3.286801
47.86,3.286541
47.865,3.28628
47.87,3.286016
47.875,3.285777
47.88,3.285558
47.885,3.285352
47.89,3.285157
47.895,3.284954
47.9,3.284764
47.905,3.284613
47.91,3.284498
47.915,3.284378
47.92,3.28425
47.925,3.284135
47.93,3.284047
47.935,3.283994
47.94,3.283955
47.945,3.283881
47.95,3.283774
47.955,3.283661
47.96,3.283567
47.965,3.283504
47.97,3.283472
47.975,3.283474
47.98,3.283533
47.985,3.283649
47.99,3.283784
47.995,3.283903
48,3.283987
48.005,3.284032
48.01,3.284061
48.015,3.284127
48.02,3.284253
48.025,3.284448
48.03,3.284705
48.035,3.284996
48.04,3.285303
48.045,3.285597
48.05,3.285876
48.055,3.286137
48.06,3.286406
48.065,3.286729
48.07,3.287141
48.075,3.287655
48.08,3.288248
48.085,3.288873
48.09,3.289473
48.095,3.290025
48.1,3.29051
48.105,3.290924
48.11,3.291272
48.115,3.291572
48.12,3.291847
48.125,3.292114
48.13,3.292389
48.135,3.292659
48.14,3.292932
48.145,3.293199
48.15,3.293465
48.155,3.293719
48.16,3.29397
48.165,3.294204
48.17,3.294433
48.175,3.294652
48.18,3.294867
48.185,3.295083
48.19,3.2953
48.195,3.295526
48.2,3.295754
48.205,3.295993
48.21,3.296213
48.215,3.296385
48.22,3.296495
48.225,3.296547
48.23,3.296558
48.235,3.296545
48.24,3.296549
48.245,3.296612
48.25,3.29672
48.255,3.296838
48.26,3.296937
48.265,3.297002
48.27,3.297033
48.275,3.297039
48.28,3.29703
48.285,3.297016
48.29,3.297004
48.295,3.296996
48.3,3.296993
48.305,3.296993
48.31,3.296995
48.315,3.296981
48.32,3.296912
48.325,3.296786
48.33,3.296597
48.335,3.296365
48.34,3.296098
48.345,3.295799
48.35,3.295497
48.355,3.29524
48.36,3.295046
48.365,3.294879
48.37,3.294727
48.375,3.294556
48.38,3.294323
48.385,3.294018
48.39,3.293627
48.395,3.293161
48.4,3.292632
48.405,3.292071
48.41,3.291515
48.415,3.290979
48.42,3.290496
48.425,3.290077
48.43,3.289711
48.435,3.289388
48.44,3.289089
48.445,3.288817
48.45,3.288556
48.455,3.288312
48.46,3.288068
48.465,3.287836
48.47,3.287608
48.475,3.287385
48.48,3.287167
48.485,3.286945
48.49,3.286715
48.495,3.286475
48.5,3.286251
48.505,3.286032
48.51,3.285826
48.515,3.285655
48.52,3.285538
48.525,3.285455
48.53,3.285358
48.535,3.285245
48.54,3.285138
48.545,3.285053
48.55,3.284999
48.555,3.284973
48.56,3.284969
48.565,3.28498
48.57,3.285034
48.575,3.285142
48.58,3.285273
48.585,3.285392
48.59,3.285478
48.595,3.285537
48.6,3.285616
48.605,3.285742
48.61,3.285931
48.615,3.286186
48.62,3.286478
48.625,3.28679
48.63,3.287093
48.635,3.287384
48.64,3.287669
48.645,3.287976
48.65,3.288347
48.655,3.288787
48.66,3.28929
48.665,3.289824
48.67,3.290352
48.675,3.290851
48.68,3.291312
48.685,3.291733
48.69,3.292096
48.695,3.292412
48.7,3.292693
48.705,3.292962
48.71,3.293223
48.715,3.293485
48.72,3.293731
48.725,3.293973
48.73,3.294195
48.735,3.294391
48.74,3.294583
48.745,3.29476
48.75,3.294936
48.755,3.295119
48.76,3.295291
48.765,3.295464
48.77,3.295645
48.775,3.295818
48.78,3.296003
48.785,3.296196
48.79,3.296409
48.795,3.29663
48.8,3.29686
48.805,3.297093
48.81,3.297294
48.815,3.297439
48.82,3.297523
48.825,3.297555
48.83,3.297554
48.835,3.297537
48.84,3.297548
48.845,3.297621
48.85,3.297735
48.855,3.297853
48.86,3.297949
48.865,3.298009
48.87,3.298036
48.875,3.298039
48.88,3.298029
48.885,3.298015
48.89,3.297992
48.895,3.297921
48.9,3.297807
48.905,3.297682
48.91,3.297569
48.915,3.297441
48.92,3.297282
48.925,3.297073
48.93,3.296804
48.935,3.296511
48.94,3.296245
48.945,3.296004
48.95,3.295792
48.955,3.295603
48.96,3.295413
48.965,3.295196
48.97,3.294913
48.975,3.294549
48.98,3.294114
48.985,3.293622
48.99,3.293106
48.995,3.292578
49,3.292056
49.005,3.291549
49.01,3.291077
49.015,3.290645
49.02,3.290244
49.025,3.289895
49.03,3.289587
49.035,3.289322
49.04,3.289084
49.045,3.288864
49.05,3.288657
49.055,3.288448
49.06,3.288245
49.065,3.288033
49.07,3.287823
49.075,3.287613
49.08,3.287401
49.085,3.287197
49.09,3.286987
49.095,3.286788
49.1,3.286627
49.105,3.286504
49.11,3.286377
49.115,3.286246
49.12,3.28613
49.125,3.286044
49.13,3.285982
49.135,3.285899
49.14,3.285788
49.145,3.285672
49.15,3.285574
49.155,3.285508
49.16,3.285475
49.165,3.285489
49.17,3.28557
49.175,3.285697
49.18,3.285831
49.185,3.285939
49.19,3.286009
49.195,3.28604
49.2,3.28606
49.205,3.28612
49.21,3.286242
49.215,3.286435
49.22,3.286695
49.225,3.28699
49.23,3.287302
49.235,3.2876
49.24,3.287882
49.245,3.288148
49.25,3.28843
49.255,3.288767
49.26,3.289173
49.265,3.289656
49.27,3.290189
49.275,3.290751
49.28,3.291311
49.285,3.291844
49.29,3.292324
49.295,3.292732
49.3,3.293071
49.305,3.293361
49.31,3.293623
49.315,3.293883
49.32,3.294146
49.325,3.29442
49.33,3.294682
49.335,3.29494
49.34,3.295177
49.345,3.295402
49.35,3.295619
49.355,3.295811
49.36,3.295999
49.365,3.296184
49.37,3.296363
49.375,3.296555
49.38,3.296744
49.385,3.296945
49.39,3.297151
49.395,3.297367
49.4,3.29759
49.405,3.297786
49.41,3.297931
49.415,3.298017
49.42,3.298052
49.425,3.298053
49.43,3.298037
49.435,3.298036
49.44,3.298097
49.445,3.298205
49.45,3.298327
49.455,3.29843
49.46,3.298499
49.465,3.298533
49.47,3.29854
49.475,3.298532
49.48,3.298518
49.485,3.298505
49.49,3.298497
49.495,3.298493
49.5,3.298469
49.505,3.298391
49.51,3.298274
49.515,3.298146
49.52,3.297991
49.525,3.297806
49.53,3.29757
49.535,3.297277
49.54,3.296973
49.545,3.296716
49.55,3.296518
49.555,3.296348
49.56,3.296198
49.565,3.296041
49.57,3.295835
49.575,3.295568
49.58,3.295226
49.585,3.29481
49.59,3.294335
49.595,3.293821
49.6,3.293307
49.605,3.292811
49.61,3.292338
49.615,3.291913
49.62,3.291524
49.625,3.291161
49.63,3.290823
49.635,3.29051
49.64,3.290239
49.645,3.289991
49.65,3.289772
49.655,3.289565
49.66,3.289363
49.665,3.289181
49.67,3.288997
49.675,3.288814
49.68,3.288633
49.685,3.288439
49.69,3.288254
49.695,3.288073
49.7,3.287885
49.705,3.287714
49.71,3.287583
49.715,3.2875
49.72,3.287453
49.725,3.287388
49.73,3.28729
49.735,3.287181
49.74,3.287085
49.745,3.287017
49.75,3.286979
49.755,3.286967
49.76,3.286971
49.765,3.286982
49.77,3.286993
49.775,3.287003
49.78,3.287043
49.785,3.287137
49.79,3.287259
49.795,3.287376
49.8,3.287465
49.805,3.287539
49.81,3.287641
49.815,3.287802
49.82,3.288027
49.825,3.288309
49.83,3.288595
49.835,3.288866
49.84,3.289116
49.845,3.289339
49.85,3.289556
49.855,3.289767
49.86,3.289998
49.865,3.290279
49.87,3.290644
49.875,3.291098
49.88,3.291612
49.885,3.292142
49.89,3.292648
49.895,3.293102
49.9,3.293491
49.905,3.293806
49.91,3.294076
49.915,3.294335
49.92,3.294588
49.925,3.294846
49.93,3.295096
49.935,3.295326
49.94,3.29555
49.945,3.295749
49.95,3.295935
49.955,3.296122
49.96,3.296289
49.965,3.29644
49.97,3.296599
49.975,3.296755
49.98,3.29689
49.985,3.29703
49.99,3.297182
49.995,3.297331
50,3.297497
50.005,3.297676
50.01,3.297879
50.015,3.298096
50.02,3.29829
50.025,3.298433
50.03,3.298519
50.035,3.298553
50.04,3.298554
50.045,3.298537
50.05,3.298517
50.055,3.298501
50.06,3.298492
50.065,3.298489
50.07,3.298491
50.075,3.298494
50.08,3.298498
50.085,3.2985
50.09,3.298501
50.095,3.298502
50.1,3.298501
50.105,3.298501
50.11,3.2985
50.115,3.2985
50.12,3.2985
50.125,3.2985
50.13,3.298486
50.135,3.298418
50.14,3.298296
50.145,3.29811
50.15,3.297854
50.155,3.297561
50.16,3.297291
50.165,3.297068
50.17,3.296871
50.175,3.296704
50.18,3.296572
50.185,3.296431
50.19,3.296237
50.195,3.295974
50.2,3.295615
50.205,3.295171
50.21,3.294668
50.215,3.294134
50.22,3.293611
50.225,3.293107
50.23,3.292646
50.235,3.292237
50.24,3.291868
50.245,3.291531
50.25,3.291217
50.255,3.29093
50.26,3.290664
50.265,3.290416
50.27,3.290192
50.275,3.289973
50.28,3.289774
50.285,3.289603
50.29,3.289433
50.295,3.289268
50.3,3.289103
50.305,3.288921
50.31,3.288746
50.315,3.288605
50.32,3.288512
50.325,3.28846
50.33,3.288398
50.335,3.288303
50.34,3.288194
50.345,3.288096
50.35,3.288024
50.355,3.287983
50.36,3.287968
50.365,3.28797
50.37,3.287981
50.375,3.287992
50.38,3.288001
50.385,3.288005
50.39,3.288006
50.395,3.288005
50.4,3.288003
50.405,3.288002
50.41,3.288034
50.415,3.288123
50.42,3.288249
50.425,3.288417
50.43,3.288625
50.435,3.288877
50.44,3.28917
50.445,3.289476
50.45,3.289743
50.455,3.289965
50.46,3.290162
50.465,3.29035
50.47,3.290558
50.475,3.290823
50.48,3.291176
50.485,3.291625
50.49,3.292151
50.495,3.292699
50.5,3.293232
50.505,3.293726
50.51,3.294166
50.515,3.294552
50.52,3.294898
50.525,3.295222
50.53,3.295523
50.535,3.295801
50.54,3.29606
50.545,3.296281
50.55,3.296483
50.555,3.296673
50.56,3.296834
50.565,3.296983
50.57,3.29714
50.575,3.297289
50.58,3.297432
50.585,3.297592
50.59,3.297759
50.595,3.297949
50.6,3.298148
50.605,3.298329
50.61,3.29851
50.615,3.298689
50.62,3.298842
50.625,3.298953
50.63,3.299016
50.635,3.299041
50.64,3.29904
50.645,3.299027
50.65,3.299012
50.655,3.299
50.66,3.29901
50.665,3.299081
50.67,3.299199
50.675,3.299326
50.68,3.299432
50.685,3.299502
50.69,3.299536
50.695,3.299542
50.7,3.299526
50.705,3.299457
50.71,3.299338
50.715,3.299204
50.72,3.299089
50.725,3.299009
50.73,3.298967
50.735,3.298931
50.74,3.298841
50.745,3.298665
50.75,3.298427
50.755,3.298145
50.76,3.297869
50.765,3.297644
50.77,3.297456
50.775,3.297288
50.78,3.297148
50.785,3.297013
50.79,3.296852
50.795,3.296641
50.8,3.296374
50.805,3.296029
50.81,3.295605
50.815,3.295127
50.82,3.294613
50.825,3.294092
50.83,3.293585
50.835,3.293113
50.84,3.292684
50.845,3.292294
50.85,3.291954
50.855,3.29166
50.86,3.2914
50.865,3.291155
50.87,3.290917
50.875,3.290683
50.88,3.290448
50.885,3.290237
50.89,3.290036
50.895,3.289841
50.9,3.289676
50.905,3.289555
50.91,3.289457
50.915,3.289343
50.92,3.289221
50.925,3.289113
50.93,3.289034
50.935,3.288987
50.94,3.288969
50.945,3.288954
50.95,3.288894
50.955,3.28879
50.96,3.288674
50.965,3.288575
50.97,3.288506
50.975,3.288489
50.98,3.288554
50.985,3.288678
50.99,3.288815
50.995,3.28893
51,3.289005
51.005,3.289041
51.01,3.289048
51.015,3.28907
51.02,3.289144
51.025,3.289288
51.03,3.289506
51.035,3.289789
51.04,3.290086
51.045,3.290382
51.05,3.290657
51.055,3.290922
51.06,3.291167
51.065,3.291407
51.07,3.29167
51.075,3.291999
51.08,3.292406
51.085,3.292878
51.09,3.293392
51.095,3.293903
51.1,3.294404
51.105,3.294869
51.11,3.295293
51.115,3.295688
51.12,3.296042
51.125,3.296365
51.13,3.296644
51.135,3.29688
51.14,3.297095
51.145,3.297279
51.15,3.297424
51.155,3.297569
51.16,3.297717
51.165,3.297856
51.17,3.298011
51.175,3.298178
51.18,3.298354
51.185,3.298549
51.19,3.298746
51.195,3.298956
51.2,3.299165
51.205,3.299359
51.21,3.299557
51.215,3.299741
51.22,3.299887
51.225,3.299984
51.23,3.300033
51.235,3.300046
51.24,3.300038
51.245,3.300023
51.25,3.300044
51.255,3.300127
51.26,3.300245
51.265,3.300365
51.27,3.300458
51.275,3.300515
51.28,3.300538
51.285,3.300539
51.29,3.300527
51.295,3.300513
51.3,3.300502
51.305,3.300495
51.31,3.300493
51.315,3.300493
51.32,3.300471
51.325,3.300392
51.33,3.300274
51.335,3.300145
51.34,3.299989
51.345,3.299779
51.35,3.299517
51.355,3.299215
51.36,3.298918
51.365,3.298677
51.37,3.298493
51.375,3.298331
51.38,3.298185
51.385,3.298023
51.39,3.297828
51.395,3.297585
51.4,3.297288
51.405,3.296932
51.41,3.296515
51.415,3.296049
51.42,3.295546
51.425,3.295031
51.43,3.294533
51.435,3.294068
51.44,3.293643
51.445,3.293255
51.45,3.292921
51.455,3.292638
51.46,3.292388
51.465,3.292144
51.47,3.291907
51.475,3.291672
51.48,3.291438
51.485,3.29122
51.49,3.291002
51.495,3.290798
51.5,3.290627
51.505,3.290463
51.51,3.2903
51.515,3.290158
51.52,3.290054
51.525,3.289983
51.53,3.289899
51.535,3.28979
51.54,3.289675
51.545,3.289578
51.55,3.289511
51.555,3.289477
51.56,3.289467
51.565,3.289472
51.57,3.289483
51.575,3.289494
51.58,3.289502
51.585,3.289529
51.59,3.28961
51.595,3.289728
51.6,3.289849
51.605,3.289946
51.61,3.290018
51.615,3.290107
51.62,3.290243
51.625,3.290444
51.63,3.290709
51.635,3.291
51.64,3.29129
51.645,3.291565
51.65,3.291822
51.655,3.292067
51.66,3.292281
51.665,3.292483
51.67,3.292705
51.675,3.292992
51.68,3.29337
51.685,3.293817
51.69,3.294319
51.695,3.294848
51.7,3.295371
51.705,3.295863
51.71,3.29631
51.715,3.296696
51.72,3.297025
51.725,3.297284
51.73,3.297497
51.735,3.297684
51.74,3.297844
51.745,3.298006
51.75,3.298174
51.755,3.298325
51.76,3.298446
51.765,3.298572
51.77,3.298709
51.775,3.298845
51.78,3.299003
51.785,3.299174
51.79,3.299347
51.795,3.299537
51.8,3.299725
51.805,3.299919
51.81,3.300119
51.815,3.300297
51.82,3.300431
51.825,3.300511
51.83,3.300545
51.835,3.300548
51.84,3.300534
51.845,3.300529
51.85,3.300582
51.855,3.300686
51.86,3.300809
51.865,3.300917
51.87,3.300991
51.875,3.30103
51.88,3.301041
51.885,3.301034
51.89,3.30102
51.895,3.301007
51.9,3.300998
51.905,3.300993
51.91,3.300981
51.915,3.300918
51.92,3.300809
51.925,3.300686
51.93,3.300572
51.935,3.300444
51.94,3.300274
51.945,3.300055
51.95,3.29982
51.955,3.29957
51.96,3.299332
51.965,3.299139
51.97,3.298969
51.975,3.298807
51.98,3.298661
51.985,3.298503
51.99,3.298333
51.995,3.298144
52,3.297897
52.005,3.297587
52.01,3.297213
52.015,3.296784
52.02,3.296325
52.025,3.29585
52.03,3.29537
52.035,3.294903
52.04,3.294456
52.045,3.294054
52.05,3.293712
52.055,3.293421
52.06,3.293162
52.065,3.29292
52.07,3.292683
52.075,3.292445
52.08,3.292211
52.085,3.291975
52.09,3.291762
52.095,3.291571
52.1,3.291384
52.105,3.291216
52.11,3.291087
52.115,3.291005
52.12,3.290966
52.125,3.290958
52.13,3.290968
52.135,3.290983
52.14,3.290996
52.145,3.291005
52.15,3.291008
52.155,3.291008
52.16,3.291005
52.165,3.291003
52.17,3.291
52.175,3.290999
52.18,3.290999
52.185,3.291002
52.19,3.291047
52.195,3.291147
52.2,3.291275
52.205,3.291437
52.21,3.291637
52.215,3.29188
52.22,3.292158
52.225,3.292452
52.23,3.292728
52.235,3.29299
52.24,3.293228
52.245,3.293462
52.25,3.293678
52.255,3.293873
52.26,3.294092
52.265,3.29437
52.27,3.294734
52.275,3.295198
52.28,3.295733
52.285,3.296281
52.29,3.296789
52.295,3.297228
52.3,3.297589
52.305,3.297893
52.31,3.298148
52.315,3.298341
52.32,3.298479
52.325,3.29861
52.33,3.298741
52.335,3.298859
52.34,3.298976
52.345,3.299116
52.35,3.299261
52.355,3.299399
52.36,3.299554
52.365,3.299716
52.37,3.299872
52.375,3.300044
52.38,3.300219
52.385,3.300403
52.39,3.300601
52.395,3.300813
52.4,3.301039
52.405,3.301247
52.41,3.301406
52.415,3.301506
52.42,3.301551
52.425,3.301583
52.43,3.301652
52.435,3.301752
52.44,3.301857
52.445,3.301943
52.45,3.302
52.455,3.302027
52.46,3.302033
52.465,3.302025
52.47,3.302014
52.475,3.302004
52.48,3.301997
52.485,3.301994
52.49,3.301994
52.495,3.301996
52.5,3.301998
52.505,3.302
52.51,3.302
52.515,3.301971
52.52,3.301883
52.525,3.301727
52.53,3.301496
52.535,3.301204
52.54,3.300909
52.545,3.300654
52.55,3.300427
52.555,3.300228
52.56,3.300029
52.565,3.299824
52.57,3.299595
52.575,3.299341
52.58,3.299049
52.585,3.298714
52.59,3.298333
52.595,3.29791
52.6,3.297457
52.605,3.296982
52.61,3.2965
52.615,3.296022
52.62,3.295543
52.625,3.29509
52.63,3.294676
52.635,3.2943
52.64,3.293967
52.645,3.293664
52.65,3.293392
52.655,3.293138
52.66,3.292898
52.665,3.292689
52.67,3.292487
52.675,3.292297
52.68,3.29214
52.685,3.291998
52.69,3.291848
52.695,3.291705
52.7,3.291589
52.705,3.291508
52.71,3.291421
52.715,3.291309
52.72,3.29119
52.725,3.291088
52.73,3.291017
52.735,3.290978
52.74,3.290951
52.745,3.29089
52.75,3.290791
52.755,3.290678
52.76,3.29058
52.765,3.290512
52.77,3.290495
52.775,3.290561
52.78,3.290684
52.785,3.290819
52.79,3.290933
52.795,3.291007
52.8,3.29107
52.805,3.291162
52.81,3.291305
52.815,3.291517
52.82,3.291794
52.825,3.292084
52.83,3.292367
52.835,3.292633
52.84,3.29289
52.845,3.293135
52.85,3.29338
52.855,3.293652
52.86,3.293972
52.865,3.294357
52.87,3.294831
52.875,3.295378
52.88,3.295974
52.885,3.296566
52.89,3.297105
52.895,3.297587
52.9,3.297996
52.905,3.298328
52.91,3.298602
52.915,3.29882
52.92,3.29902
52.925,3.299204
52.93,3.299367
52.935,3.299538
52.94,3.299709
52.945,3.299868
52.95,3.300038
52.955,3.30021
52.96,3.300375
52.965,3.300552
52.97,3.300735
52.975,3.300939
52.98,3.301157
52.985,3.301399
52.99,3.301663
52.995,3.301942
53,3.302197
53.005,3.30239
53.01,3.30251
53.015,3.30259
53.02,3.30268
53.025,3.302782
53.03,3.302878
53.035,3.302954
53.04,3.303004
53.045,3.303069
53.05,3.303169
53.055,3.303287
53.06,3.303394
53.065,3.303473
53.07,3.303518
53.075,3.303535
53.08,3.303532
53.085,3.303495
53.09,3.303401
53.095,3.303271
53.1,3.303144
53.105,3.303045
53.11,3.302985
53.115,3.302948
53.12,3.302882
53.125,3.302749
53.13,3.302526
53.135,3.302229
53.14,3.301923
53.145,3.301651
53.15,3.301406
53.155,3.301198
53.16,3.300999
53.165,3.300783
53.17,3.300521
53.175,3.300196
53.18,3.299813
53.185,3.299385
53.19,3.298927
53.195,3.298456
53.2,3.297978
53.205,3.297513
53.21,3.297051
53.215,3.296611
53.22,3.296181
53.225,3.295759
53.23,3.295357
53.235,3.294973
53.24,3.294603
53.245,3.29424
53.25,3.293885
53.255,3.293544
53.26,3.293219
53.265,3.292923
53.27,3.292686
53.275,3.292489
53.28,3.292311
53.285,3.292164
53.29,3.29205
53.295,3.291929
53.3,3.291795
53.305,3.291667
53.31,3.291566
53.315,3.291501
53.32,3.29147
53.325,3.291456
53.33,3.291406
53.335,3.29131
53.34,3.291195
53.345,3.291092
53.35,3.291018
53.355,3.290977
53.36,3.290964
53.365,3.290968
53.37,3.290996
53.375,3.29108
53.38,3.291205
53.385,3.291334
53.39,3.291439
53.395,3.291511
53.4,3.291591
53.405,3.291705
53.41,3.291878
53.415,3.292119
53.42,3.292405
53.425,3.292695
53.43,3.292978
53.435,3.293238
53.44,3.293489
53.445,3.293749
53.45,3.294039
53.455,3.294372
53.46,3.294756
53.465,3.295212
53.47,3.295738
53.475,3.296307
53.48,3.296884
53.485,3.297424
53.49,3.2979
53.495,3.298311
53.5,3.298659
53.505,3.298963
53.51,3.299219
53.515,3.29945
53.52,3.29966
53.525,3.299855
53.53,3.300054
53.535,3.300244
53.54,3.300439
53.545,3.300637
53.55,3.300822
53.555,3.301014
53.56,3.301202
53.565,3.301391
53.57,3.30159
53.575,3.301803
53.58,3.302032
53.585,3.30225
53.59,3.302468
53.595,3.302676
53.6,3.302847
53.605,3.302965
53.61,3.303029
53.615,3.30305
53.62,3.303044
53.625,3.303028
53.63,3.303017
53.635,3.303059
53.64,3.30316
53.645,3.303284
53.65,3.303399
53.655,3.303481
53.66,3.303527
53.665,3.303541
53.67,3.303536
53.675,3.303523
53.68,3.303509
53.685,3.303499
53.69,3.303494
53.695,3.303493
53.7,3.303485
53.705,3.303426
53.71,3.303318
53.715,3.303194
53.72,3.303074
53.725,3.302932
53.73,3.30274
53.735,3.302479
53.74,3.302169
53.745,3.30187
53.75,3.301635
53.755,3.301479
53.76,3.301352
53.765,3.301218
53.77,3.301041
53.775,3.300803
53.78,3.3005
53.785,3.300135
53.79,3.299709
53.795,3.299256
53.8,3.298789
53.805,3.298319
53.81,3.297858
53.815,3.297405
53.82,3.296979
53.825,3.296582
53.83,3.296208
53.835,3.295866
53.84,3.295545
53.845,3.295224
53.85,3.294896
53.855,3.294554
53.86,3.294202
53.865,3.293871
53.87,3.293561
53.875,3.293297
53.88,3.293096
53.885,3.292922
53.89,3.292765
53.895,3.292634
53.9,3.292542
53.905,3.292465
53.91,3.292363
53.915,3.292243
53.92,3.29213
53.925,3.292044
53.93,3.291991
53.935,3.291969
53.94,3.291967
53.945,3.291976
53.95,3.291989
53.955,3.291999
53.96,3.292004
53.965,3.292006
53.97,3.292018
53.975,3.292082
53.98,3.292192
53.985,3.292316
53.99,3.292422
53.995,3.292504
54,3.292602
54.005,3.292744
54.01,3.292954
54.015,3.293235
54.02,3.293539
54.025,3.293845
54.03,3.294135
54.035,3.294415
54.04,3.29469
54.045,3.294973
54.05,3.295288
54.055,3.295665
54.06,3.296096
54.065,3.296556
54.07,3.297039
54.075,3.297525
54.08,3.297992
54.085,3.298412
54.09,3.298767
54.095,3.299074
54.1,3.29936
54.105,3.299628
54.11,3.29989
54.115,3.300136
54.12,3.300356
54.125,3.300569
54.13,3.30076
54.135,3.300942
54.14,3.301127
54.145,3.301297
54.15,3.301466
54.155,3.301643
54.16,3.301824
54.165,3.302023
54.17,3.302217
54.175,3.302386
54.18,3.302556
54.185,3.302722
54.19,3.30287
54.195,3.303026
54.2,3.303189
54.205,3.303336
54.21,3.303445
54.215,3.303511
54.22,3.303538
54.225,3.30354
54.23,3.303528
54.235,3.303513
54.24,3.303501
54.245,3.303494
54.25,3.303516
54.255,3.303597
54.26,3.303719
54.265,3.303845
54.27,3.303946
54.275,3.304009
54.28,3.304029
54.285,3.303974
54.29,3.303854
54.295,3.303714
54.3,3.303591
54.305,3.303506
54.31,3.303463
54.315,3.303452
54.32,3.303461
54.325,3.30345
54.33,3.303372
54.335,3.303204
54.34,3.302963
54.345,3.302669
54.35,3.302381
54.355,3.302148
54.36,3.30196
54.365,3.301794
54.37,3.301648
54.375,3.301487
54.38,3.301314
54.385,3.301116
54.39,3.300869
54.395,3.30057
54.4,3.300198
54.405,3.299766
54.41,3.299305
54.415,3.298838
54.42,3.298379
54.425,3.297953
54.43,3.297556
54.435,3.297183
54.44,3.296842
54.445,3.296529
54.45,3.296255
54.455,3.295996
54.46,3.295728
54.465,3.295435
54.47,3.295108
54.475,3.294755
54.48,3.294424
54.485,3.294137
54.49,3.293887
54.495,3.293688
54.5,3.293553
54.505,3.293478
54.51,3.293451
54.515,3.293454
54.52,3.293471
54.525,3.293489
54.53,3.293502
54.535,3.293509
54.54,3.29351
54.545,3.293508
54.55,3.293505
54.555,3.293502
54.56,3.293499
54.565,3.293499
54.57,3.293498
54.575,3.293499
54.58,3.293499
54.585,3.293521
54.59,3.2936
54.595,3.293719
54.6,3.29386
54.605,3.294038
54.61,3.294265
54.615,3.294552
54.62,3.294874
54.625,3.295202
54.63,3.295519
54.635,3.295827
54.64,3.296111
54.645,3.296385
54.65,3.296694
54.655,3.29706
54.66,3.297483
54.665,3.297952
54.67,3.298407
54.675,3.298819
54.68,3.299186
54.685,3.299511
54.69,3.299806
54.695,3.300076
54.7,3.300335
54.705,3.300586
54.71,3.300841
54.715,3.30109
54.72,3.301308
54.725,3.301516
54.73,3.301708
54.735,3.301886
54.74,3.302071
54.745,3.302247
54.75,3.30239
54.755,3.302525
54.76,3.302669
54.765,3.302806
54.77,3.302918
54.775,3.303028
54.78,3.303157
54.785,3.303295
54.79,3.303456
54.795,3.303639
54.8,3.303846
54.805,3.30407
54.81,3.304272
54.815,3.304424
54.82,3.304516
54.825,3.304554
54.83,3.304556
54.835,3.304548
54.84,3.304586
54.845,3.304678
54.85,3.304793
54.855,3.304901
54.86,3.304979
54.865,3.305023
54.87,3.305038
54.875,3.305034
54.88,3.305022
54.885,3.305009
54.89,3.304999
54.895,3.304994
54.9,3.304993
54.905,3.304994
54.91,3.304997
54.915,3.304997
54.92,3.304957
54.925,3.304861
54.93,3.304705
54.935,3.304459
54.94,3.304149
54.945,3.303806
54.95,3.303474
54.955,3.303205
54.96,3.303015
54.965,3.302861
54.97,3.302717
54.975,3.302549
54.98,3.302354
54.985,3.30212
54.99,3.301835
54.995,3.301504
55,3.301121
55.005,3.300698
55.01,3.30024
55.015,3.299766
55.02,3.299297
55.025,3.298847
55.03,3.298434
55.035,3.298051
55.04,3.297689
55.045,3.297365
55.05,3.297068
55.055,3.296808
55.06,3.296564
55.065,3.296336
55.07,3.296107
55.075,3.295863
55.08,3.295595
55.085,3.295308
55.09,3.295011
55.095,3.294706
55.1,3.294415
55.105,3.294143
55.11,3.293893
55.115,3.293689
55.12,3.293548
55.125,3.293471
55.13,3.293445
55.135,3.293449
55.14,3.293468
55.145,3.293488
55.15,3.293503
55.155,3.29351
55.16,3.293511
55.165,3.293509
55.17,3.293505
55.175,3.293502
55.18,3.293499
55.185,3.293498
55.19,3.293507
55.195,3.293568
55.2,3.293678
55.205,3.293807
55.21,3.29396
55.215,3.294154
55.22,3.294408
55.225,3.29472
55.23,3.295046
55.235,3.295367
55.24,3.295671
55.245,3.295962
55.25,3.296232
55.255,3.296515
55.26,3.296838
55.265,3.29723
55.27,3.297698
55.275,3.298202
55.28,3.298694
55.285,3.299129
55.29,3.299508
55.295,3.299851
55.3,3.300169
55.305,3.300471
55.31,3.300763
55.315,3.301063
55.32,3.301376
55.325,3.301695
55.33,3.302003
55.335,3.302277
55.34,3.302528
55.345,3.302742
55.35,3.302914
55.355,3.303079
55.36,3.303237
55.365,3.303376
55.37,3.303526
55.375,3.303687
55.38,3.303859
55.385,3.304052
55.39,3.304252
55.395,3.304469
55.4,3.304681
55.405,3.304856
55.41,3.304974
55.415,3.305037
55.42,3.305055
55.425,3.305047
55.43,3.305028
55.435,3.305015
55.44,3.305055
55.445,3.305154
55.45,3.305279
55.455,3.305394
55.46,3.305479
55.465,3.305526
55.47,3.305541
55.475,3.305537
55.48,3.305523
55.485,3.305509
55.49,3.305499
55.495,3.305494
55.5,3.305493
55.505,3.305494
55.51,3.305496
55.515,3.305476
55.52,3.305398
55.525,3.30528
55.53,3.305131
55.535,3.304925
55.54,3.304659
55.545,3.30435
55.55,3.304032
55.555,3.303758
55.56,3.303562
55.565,3.303416
55.57,3.303282
55.575,3.303124
55.58,3.302932
55.585,3.302696
55.59,3.3024
55.595,3.302054
55.6,3.301652
55.605,3.301212
55.61,3.300737
55.615,3.300249
55.62,3.299771
55.625,3.299319
55.63,3.298922
55.635,3.298569
55.64,3.298232
55.645,3.29792
55.65,3.297626
55.655,3.297361
55.66,3.297113
55.665,3.296882
55.67,3.296681
55.675,3.296486
55.68,3.296297
55.685,3.296098
55.69,3.295888
55.695,3.295659
55.7,3.295422
55.705,3.295199
55.71,3.294976
55.715,3.294773
55.72,3.294593
55.725,3.294414
55.73,3.294245
55.735,3.29411
55.74,3.294019
55.745,3.293972
55.75,3.293959
55.755,3.293965
55.76,3.293979
55.765,3.293994
55.77,3.294003
55.775,3.294008
55.78,3.294008
55.785,3.294006
55.79,3.294018
55.795,3.294087
55.8,3.2942
55.805,3.294325
55.81,3.294463
55.815,3.294629
55.82,3.294842
55.825,3.295114
55.83,3.295423
55.835,3.295751
55.84,3.296063
55.845,3.29635
55.85,3.296609
55.855,3.296846
55.86,3.297107
55.865,3.297425
55.87,3.297821
55.875,3.298262
55.88,3.298718
55.885,3.299167
55.89,3.299577
55.895,3.299958
55.9,3.300322
55.905,3.300677
55.91,3.301032
55.915,3.301393
55.92,3.301759
55.925,3.302095
55.93,3.302403
55.935,3.302668
55.94,3.30289
55.945,3.303095
55.95,3.303274
55.955,3.30344
55.96,3.303614
55.965,3.303777
55.97,3.303927
55.975,3.304088
55.98,3.304248
55.985,3.304405
55.99,3.304578
55.995,3.304757
56,3.304956
56.005,3.30516
56.01,3.305335
56.015,3.305458
56.02,3.305528
56.025,3.305552
56.03,3.305548
56.035,3.305531
56.04,3.305512
56.045,3.305498
56.05,3.305492
56.055,3.305511
56.06,3.305586
56.065,3.305704
56.07,3.30583
56.075,3.305934
56.08,3.306002
56.085,3.306033
56.09,3.306
56.095,3.305896
56.1,3.305758
56.105,3.305627
56.11,3.305529
56.115,3.305473
56.12,3.305437
56.125,3.305361
56.13,3.305206
56.135,3.304968
56.14,3.304671
56.145,3.304377
56.15,3.304137
56.155,3.303933
56.16,3.303758
56.165,3.303607
56.17,3.303446
56.175,3.303275
56.18,3.303072
56.185,3.302813
56.19,3.302499
56.195,3.302121
56.2,3.301692
56.205,3.301235
56.21,3.300759
56.215,3.30029
56.22,3.299861
56.225,3.299467
56.23,3.299106
56.235,3.29879
56.24,3.298505
56.245,3.298265
56.25,3.298047
56.255,3.297845
56.26,3.297653
56.265,3.297453
56.27,3.29726
56.275,3.29706
56.28,3.296858
56.285,3.296681
56.29,3.296515
56.295,3.296346
56.3,3.296193
56.305,3.296065
56.31,3.295929
56.315,3.295783
56.32,3.295647
56.325,3.295499
56.33,3.295336
56.335,3.295184
56.34,3.295068
56.345,3.294995
56.35,3.294962
56.355,3.294958
56.36,3.294969
56.365,3.294984
56.37,3.294999
56.375,3.295047
56.38,3.295146
56.385,3.295269
56.39,3.295385
56.395,3.295471
56.4,3.295527
56.405,3.295599
56.41,3.295718
56.415,3.295904
56.42,3.296153
56.425,3.296446
56.43,3.296768
56.435,3.297077
56.44,3.297356
56.445,3.297607
56.45,3.297838
56.455,3.29809
56.46,3.298377
56.465,3.298696
56.47,3.299053
56.475,3.299433
56.48,3.299841
56.485,3.300276
56.49,3.300724
56.495,3.301181
56.5,3.301637
56.505,3.302064
56.51,3.302446
56.515,3.302756
56.52,3.303017
56.525,3.303231
56.53,3.303408
56.535,3.303581
56.54,3.303744
56.545,3.30389
56.55,3.304048
56.555,3.30421
56.56,3.304352
56.565,3.304475
56.57,3.304612
56.575,3.304753
56.58,3.304897
56.585,3.305063
56.59,3.305234
56.595,3.305416
56.6,3.30561
56.605,3.305787
56.61,3.305923
56.615,3.306007
56.62,3.306044
56.625,3.306048
56.63,3.306035
56.635,3.306018
56.64,3.306003
56.645,3.305994
56.65,3.305991
56.655,3.305992
56.66,3.305994
56.665,3.305997
56.67,3.306
56.675,3.306001
56.68,3.306002
56.685,3.306001
56.69,3.306001
56.695,3.306
56.7,3.306
56.705,3.306
56.71,3.306
56.715,3.306
56.72,3.306
56.725,3.305985
56.73,3.305914
56.735,3.305773
56.74,3.305551
56.745,3.305257
56.75,3.304951
56.755,3.304694
56.76,3.304492
56.765,3.304318
56.77,3.304168
56.775,3.304009
56.78,3.303835
56.785,3.303631
56.79,3.30339
56.795,3.303102
56.8,3.302749
56.805,3.302338
56.81,3.301884
56.815,3.301402
56.82,3.300915
56.825,3.300453
56.83,3.300021
56.835,3.299625
56.84,3.299278
56.845,3.298973
56.85,3.298726
56.855,3.298512
56.86,3.298318
56.865,3.298149
56.87,3.297973
56.875,3.297798
56.88,3.297625
56.885,3.297437
56.89,3.297257
56.895,3.297087
56.9,3.296908
56.905,3.296739
56.91,3.296604
56.915,3.296512
56.92,3.296428
56.925,3.296321
56.93,3.296205
56.935,3.296102
56.94,3.296027
56.945,3.295984
56.95,3.295945
56.955,3.295866
56.96,3.295757
56.965,3.295645
56.97,3.295555
56.975,3.295503
56.98,3.295522
56.985,3.295616
56.99,3.295747
56.995,3.295875
57,3.29597
57.005,3.296025
57.01,3.296046
57.015,3.296065
57.02,3.29613
57.025,3.29625
57.03,3.296439
57.035,3.296697
57.04,3.296993
57.045,3.297309
57.05,3.297605
57.055,3.297862
57.06,3.298093
57.065,3.2983
57.07,3.298513
57.075,3.298761
57.08,3.29906
57.085,3.299417
57.09,3.299825
57.095,3.300289
57.1,3.300793
57.105,3.301326
57.11,3.301867
57.115,3.302376
57.12,3.30283
57.125,3.303201
57.13,3.303508
57.135,3.303749
57.14,3.30395
57.145,3.304135
57.15,3.304297
57.155,3.304444
57.16,3.304603
57.165,3.30476
57.17,3.304902
57.175,3.305058
57.18,3.305219
57.185,3.305372
57.19,3.305542
57.195,3.305717
57.2,3.305911
57.205,3.306117
57.21,3.3063
57.215,3.306436
57.22,3.306517
57.225,3.30655
57.23,3.30655
57.235,3.306535
57.24,3.306516
57.245,3.306501
57.25,3.306492
57.255,3.30649
57.26,3.306491
57.265,3.306495
57.27,3.306498
57.275,3.3065
57.28,3.306501
57.285,3.306502
57.29,3.306501
57.295,3.306501
57.3,3.3065
57.305,3.3065
57.31,3.3065
57.315,3.3065
57.32,3.306496
57.325,3.306449
57.33,3.306325
57.335,3.306115
57.34,3.30583
57.345,3.305521
57.35,3.305248
57.355,3.30502
57.36,3.304822
57.365,3.304662
57.37,3.304522
57.375,3.304371
57.38,3.304191
57.385,3.303974
57.39,3.303712
57.395,3.303394
57.4,3.303014
57.405,3.302582
57.41,3.302108
57.415,3.301612
57.42,3.301132
57.425,3.300677
57.43,3.300251
57.435,3.299873
57.44,3.29954
57.445,3.299269
57.45,3.29904
57.455,3.298838
57.46,3.298665
57.465,3.298491
57.47,3.298316
57.475,3.298158
57.48,3.297996
57.485,3.297828
57.49,3.29767
57.495,3.297503
57.5,3.297328
57.505,3.297173
57.51,3.297044
57.515,3.296908
57.52,3.296766
57.525,3.296639
57.53,3.296545
57.535,3.29649
57.54,3.296463
57.545,3.296415
57.55,3.296324
57.555,3.296212
57.56,3.296114
57.565,3.296091
57.57,3.296151
57.575,3.29626
57.58,3.296373
57.585,3.296464
57.59,3.296518
57.595,3.296541
57.6,3.296542
57.605,3.29657
57.61,3.296653
57.615,3.296808
57.62,3.297033
57.625,3.297323
57.63,3.297666
57.635,3.298008
57.64,3.298314
57.645,3.298584
57.65,3.298816
57.655,3.299037
57.66,3.299269
57.665,3.299544
57.67,3.299882
57.675,3.300278
57.68,3.300738
57.685,3.301254
57.69,3.301786
57.695,3.302307
57.7,3.302787
57.705,3.303207
57.71,3.303557
57.715,3.30383
57.72,3.304058
57.725,3.304248
57.73,3.304408
57.735,3.304571
57.74,3.304732
57.745,3.304879
57.75,3.305038
57.755,3.305202
57.76,3.305348
57.765,3.30547
57.77,3.305603
57.775,3.305743
57.78,3.305878
57.785,3.306032
57.79,3.306196
57.795,3.306359
57.8,3.306539
57.805,3.306719
57.81,3.306869
57.815,3.306973
57.82,3.307029
57.825,3.307047
57.83,3.307041
57.835,3.307025
57.84,3.307009
57.845,3.306998
57.85,3.306992
57.855,3.306997
57.86,3.30705
57.865,3.307157
57.87,3.307286
57.875,3.307401
57.88,3.307483
57.885,3.307505
57.89,3.307439
57.895,3.307315
57.9,3.307178
57.905,3.307064
57.91,3.306991
57.915,3.306957
57.92,3.306953
57.925,3.306956
57.93,3.306914
57.935,3.306804
57.94,3.306616
57.945,3.306385
57.95,3.306124
57.955,3.305868
57.96,3.305653
57.965,3.305458
57.97,3.305281
57.975,3.305131
57.98,3.304978
57.985,3.304818
57.99,3.30464
57.995,3.304413
58,3.304133
58.005,3.303801
58.01,3.303408
58.015,3.30297
58.02,3.30251
58.025,3.302036
58.03,3.301579
58.035,3.301144
58.04,3.30073
58.045,3.30037
58.05,3.300057
58.055,3.299784
58.06,3.299527
58.065,3.299299
58.07,3.29909
58.075,3.298887
58.08,3.29871
58.085,3.298571
58.09,3.298436
58.095,3.298294
58.1,3.298164
58.105,3.298063
58.11,3.29799
58.115,3.2979
58.12,3.297785
58.125,3.297667
58.13,3.297571
58.135,3.297506
58.14,3.297474
58.145,3.297466
58.15,3.297472
58.155,3.297484
58.16,3.297495
58.165,3.297503
58.17,3.297506
58.175,3.297506
58.18,3.297504
58.185,3.297502
58.19,3.297501
58.195,3.297499
58.2,3.297499
58.205,3.297519
58.21,3.297595
58.215,3.297729
58.22,3.297927
58.225,3.298181
58.23,3.2985
58.235,3.29885
58.24,3.29917
58.245,3.299453
58.25,3.299694
58.255,3.299905
58.26,3.300107
58.265,3.300323
58.27,3.300607
58.275,3.300989
58.28,3.301474
58.285,3.302042
58.29,3.302627
58.295,3.303187
58.3,3.303699
58.305,3.304115
58.31,3.304439
58.315,3.30469
58.32,3.304876
58.325,3.305041
58.33,3.3052
58.335,3.305338
58.34,3.305459
58.345,3.305597
58.35,3.305742
58.355,3.305879
58.36,3.306033
58.365,3.306197
58.37,3.306355
58.375,3.306529
58.38,3.306706
58.385,3.306889
58.39,3.307085
58.395,3.307282
58.4,3.307493
58.405,3.307698
58.41,3.307865
58.415,3.307977
58.42,3.308036
58.425,3.308053
58.43,3.308045
58.435,3.308027
58.44,3.308035
58.445,3.308107
58.45,3.308222
58.455,3.308344
58.46,3.308443
58.465,3.308507
58.47,3.308536
58.475,3.30854
58.48,3.30853
58.485,3.308516
58.49,3.308503
58.495,3.308496
58.5,3.308477
58.505,3.308407
58.51,3.308295
58.515,3.308172
58.52,3.308047
58.525,3.307894
58.53,3.307691
58.535,3.30745
58.54,3.307175
58.545,3.306904
58.55,3.306677
58.555,3.306482
58.56,3.306305
58.565,3.306145
58.57,3.305975
58.575,3.305797
58.58,3.305598
58.585,3.305354
58.59,3.305065
58.595,3.304722
58.6,3.304329
58.605,3.303908
58.61,3.303474
58.615,3.303031
58.62,3.302603
58.625,3.302193
58.63,3.301793
58.635,3.301428
58.64,3.301095
58.645,3.3008
58.65,3.300526
58.655,3.300275
58.66,3.300028
58.665,3.299801
58.67,3.299584
58.675,3.299374
58.68,3.299194
58.685,3.299049
58.69,3.298904
58.695,3.298759
58.7,3.298633
58.705,3.298542
58.71,3.298488
58.715,3.298442
58.72,3.29836
58.725,3.298251
58.73,3.298141
58.735,3.298053
58.74,3.297996
58.745,3.29797
58.75,3.297966
58.755,3.297969
58.76,3.29793
58.765,3.297836
58.77,3.297717
58.775,3.297606
58.78,3.297525
58.785,3.297506
58.79,3.297574
58.795,3.297698
58.8,3.297833
58.805,3.297943
58.81,3.298012
58.815,3.298043
58.82,3.298048
58.825,3.298076
58.83,3.298156
58.835,3.298299
58.84,3.298506
58.845,3.29877
58.85,3.299062
58.855,3.299367
58.86,3.299648
58.865,3.299892
58.87,3.300113
58.875,3.300307
58.88,3.300501
58.885,3.300724
58.89,3.301024
58.895,3.301427
58.9,3.301925
58.905,3.302504
58.91,3.303105
58.915,3.303672
58.92,3.304175
58.925,3.304595
58.93,3.304944
58.935,3.305223
58.94,3.305461
58.945,3.305671
58.95,3.305854
58.955,3.30604
58.96,3.306219
58.965,3.306378
58.97,3.306544
58.975,3.306711
58.98,3.306857
58.985,3.307
58.99,3.307155
58.995,3.307309
59,3.30748
59.005,3.307662
59.01,3.307825
59.015,3.307945
59.02,3.308016
59.025,3.308045
59.03,3.308045
59.035,3.308031
59.04,3.308014
59.045,3.308001
59.05,3.307993
59.055,3.307991
59.06,3.307992
59.065,3.307995
59.07,3.307998
59.075,3.308
59.08,3.308001
59.085,3.308001
59.09,3.308001
59.095,3.308001
59.1,3.308
59.105,3.308
59.11,3.308
59.115,3.308
59.12,3.308
59.125,3.307986
59.13,3.307918
59.135,3.307797
59.14,3.307615
59.145,3.307402
59.15,3.307179
59.155,3.306949
59.16,3.306741
59.165,3.30656
59.17,3.306382
59.175,3.306221
59.18,3.306083
59.185,3.305937
59.19,3.305776
59.195,3.305579
59.2,3.305328
59.205,3.305019
59.21,3.304669
59.215,3.304284
59.22,3.303872
59.225,3.303458
59.23,3.303046
59.235,3.30264
59.24,3.302247
59.245,3.301883
59.25,3.301548
59.255,3.301268
59.26,3.301025
59.265,3.300813
59.27,3.300628
59.275,3.300441
59.28,3.300265
59.285,3.300102
59.29,3.299928
59.295,3.299759
59.3,3.29962
59.305,3.299521
59.31,3.299428
59.315,3.299315
59.32,3.299196
59.325,3.299093
59.33,3.299021
59.335,3.298981
59.34,3.298968
59.345,3.298971
59.35,3.298982
59.355,3.298993
59.36,3.299001
59.365,3.299005
59.37,3.299006
59.375,3.299005
59.38,3.299003
59.385,3.299001
59.39,3.299
59.395,3.298999
59.4,3.298999
59.405,3.299
59.41,3.29903
59.415,3.299117
59.42,3.299261
59.425,3.299466
59.43,3.299733
59.435,3.300047
59.44,3.300382
59.445,3.300684
59.45,3.300945
59.455,3.301172
59.46,3.301361
59.465,3.301554
59.47,3.301793
59.475,3.302096
59.48,3.30248
59.485,3.302945
59.49,3.303456
59.495,3.303972
59.5,3.304446
59.505,3.304862
59.51,3.305207
59.515,3.305501
59.52,3.305739
59.525,3.305938
59.53,3.306125
59.535,3.306289
59.54,3.306429
59.545,3.306579
59.55,3.306731
59.555,3.306864
59.56,3.306971
59.565,3.307089
59.57,3.307221
59.575,3.307346
59.58,3.307474
59.585,3.307624
59.59,3.307775
59.595,3.30793
59.6,3.308101
59.605,3.308267
59.61,3.308401
59.615,3.30849
59.62,3.308534
59.625,3.308545
59.63,3.308536
59.635,3.30852
59.64,3.308506
59.645,3.308496
59.65,3.308492
59.655,3.308492
59.66,3.308494
59.665,3.308497
59.67,3.308499
59.675,3.308501
59.68,3.308501
59.685,3.308501
59.69,3.308501
59.695,3.3085
59.7,3.3085
59.705,3.3085
59.71,3.3085
59.715,3.3085
59.72,3.3085
59.725,3.3085
59.73,3.308473
59.735,3.308389
59.74,3.308241
59.745,3.308034
59.75,3.307809
59.755,3.307571
59.76,3.307342
59.765,3.307146
59.77,3.306961
59.775,3.306785
59.78,3.306639
59.785,3.306501
59.79,3.306351
59.795,3.30618
59.8,3.305965
59.805,3.305695
59.81,3.305377
59.815,3.305023
59.82,3.304625
59.825,3.304209
59.83,3.303795
59.835,3.303379
59.84,3.302967
59.845,3.302573
59.85,3.302203
59.855,3.301883
59.86,3.30162
59.865,3.301392
59.87,3.301206
59.875,3.301042
59.88,3.300876
59.885,3.300721
59.89,3.300594
59.895,3.30047
59.9,3.30033
59.905,3.300194
59.91,3.300084
59.915,3.30001
59.92,3.299956
59.925,3.299874
59.93,3.299764
59.935,3.299652
59.94,3.299561
59.945,3.299501
59.95,3.299472
59.955,3.299466
59.96,3.299474
59.965,3.299486
59.97,3.299497
59.975,3.299531
59.98,3.299619
59.985,3.29974
59.99,3.29986
59.995,3.299954
60,3.300012
60.005,3.300037
60.01,3.300046
60.015,3.300093
60.02,3.300189
60.025,3.300346
60.03,3.300551
60.035,3.300798
60.04,3.301058
60.045,3.301303
60.05,3.30154
60.055,3.301753
60.06,3.301958
60.065,3.302165
60.07,3.302392
60.075,3.302648
60.08,3.302969
60.085,3.303368
60.09,3.303821
60.095,3.304315
60.1,3.304797
60.105,3.305233
60.11,3.305622
60.115,3.305966
60.12,3.306242
60.125,3.306463
60.13,3.306655
60.135,3.306814
60.14,3.306932
60.145,3.307045
60.15,3.307175
60.155,3.307304
60.16,3.307417
60.165,3.307541
60.17,3.307682
60.175,3.307825
60.18,3.307986
60.185,3.308162
60.19,3.308323
60.195,3.308485
60.2,3.308655
60.205,3.30881
60.21,3.308928
60.215,3.309002
60.22,3.309036
60.225,3.309041
60.23,3.309031
60.235,3.309016
60.24,3.309003
60.245,3.308995
60.25,3.308992
60.255,3.308993
60.26,3.308995
60.265,3.308998
60.27,3.309
60.275,3.309001
60.28,3.309001
60.285,3.309001
60.29,3.309001
60.295,3.309
60.3,3.309
60.305,3.309
60.31,3.309
60.315,3.309
60.32,3.309
60.325,3.309
60.33,3.308998
60.335,3.30896
60.34,3.308861
60.345,3.30869
60.35,3.30847
60.355,3.308224
60.36,3.307967
60.365,3.307739
60.37,3.30754
60.375,3.307352
60.38,3.307191
60.385,3.307056
60.39,3.306912
60.395,3.306761
60.4,3.30658
60.405,3.306337
60.41,3.306036
60.415,3.305689
60.42,3.305301
60.425,3.304877
60.43,3.304436
60.435,3.303995
60.44,3.303576
60.445,3.303186
60.45,3.302824
60.455,3.302497
60.46,3.302221
60.465,3.301975
60.47,3.301765
60.475,3.301601
60.48,3.301449
60.485,3.301297
60.49,3.301161
60.495,3.301059
60.5,3.300968
60.505,3.300854
60.51,3.300729
60.515,3.300617
60.52,3.300534
60.525,3.300486
60.53,3.300467
60.535,3.30045
60.54,3.300387
60.545,3.300282
60.55,3.300167
60.555,3.30007
60.56,3.300004
60.565,3.299971
60.57,3.299967
60.575,3.300023
60.58,3.300137
60.585,3.300274
60.59,3.300397
60.595,3.300484
60.6,3.300531
60.605,3.300545
60.61,3.30054
60.615,3.300558
60.62,3.300632
60.625,3.300764
60.63,3.300955
60.635,3.301165
60.64,3.301358
60.645,3.301549
60.65,3.301728
60.655,3.301874
60.66,3.301974
60.665,3.302054
60.67,3.302156
60.675,3.302271
60.68,3.302378
60.685,3.30246
60.69,3.302509
60.695,3.302534
